trial,1
timestamp,2026-03-11T16:58:46.512Z
mode,no-feedback

target_curve
index,target_x,target_y
0,60.00,336.46
1,61.50,331.70
2,63.00,326.48
3,64.50,320.91
4,66.00,315.10
5,67.50,309.16
6,69.00,303.19
7,70.50,297.29
8,72.00,291.54
9,73.50,286.02
10,75.00,280.79
11,76.50,275.91
12,78.00,271.41
13,79.50,267.32
14,81.00,263.66
15,82.50,260.42
16,84.00,257.59
17,85.50,255.15
18,87.00,253.04
19,88.50,251.22
20,90.00,249.64
21,91.50,248.21
22,93.00,246.86
23,94.50,245.52
24,96.00,244.09
25,97.50,242.49
26,99.00,240.63
27,100.50,238.42
28,102.00,235.79
29,103.50,232.64
30,105.00,228.93
31,106.50,224.58
32,108.00,219.54
33,109.50,213.79
34,111.00,207.29
35,112.50,200.02
36,114.00,192.01
37,115.50,183.26
38,117.00,173.80
39,118.50,163.68
40,120.00,152.97
41,121.50,141.74
42,123.00,130.09
43,124.50,118.10
44,126.00,105.89
45,127.50,93.59
46,129.00,81.32
47,130.50,69.22
48,132.00,57.42
49,133.50,46.06
50,135.00,42.00
51,136.50,42.00
52,138.00,42.00
53,139.50,42.00
54,141.00,42.00
55,142.50,42.00
56,144.00,42.00
57,145.50,42.00
58,147.00,42.00
59,148.50,42.00
60,150.00,42.00
61,151.50,42.00
62,153.00,42.00
63,154.50,42.00
64,156.00,42.00
65,157.50,42.00
66,159.00,42.00
67,160.50,42.00
68,162.00,47.02
69,163.50,60.30
70,165.00,74.47
71,166.50,89.39
72,168.00,104.91
73,169.50,120.89
74,171.00,137.17
75,172.50,153.58
76,174.00,169.97
77,175.50,186.19
78,177.00,202.09
79,178.50,217.52
80,180.00,232.35
81,181.50,246.45
82,183.00,259.72
83,184.50,272.05
84,186.00,283.37
85,187.50,293.60
86,189.00,302.70
87,190.50,310.62
88,192.00,317.35
89,193.50,322.89
90,195.00,327.24
91,196.50,330.45
92,198.00,332.55
93,199.50,333.60
94,201.00,333.68
95,202.50,332.85
96,204.00,331.22
97,205.50,328.88
98,207.00,325.93
99,208.50,322.47
100,210.00,318.62
101,211.50,314.48
102,213.00,310.15
103,214.50,305.73
104,216.00,301.33
105,217.50,297.02
106,219.00,292.88
107,220.50,288.98
108,222.00,285.37
109,223.50,282.10
110,225.00,279.19
111,226.50,276.66
112,228.00,274.52
113,229.50,272.75
114,231.00,271.33
115,232.50,270.23
116,234.00,269.38
117,235.50,268.75
118,237.00,268.25
119,238.50,267.81
120,240.00,267.35
121,241.50,266.78
122,243.00,266.01
123,244.50,264.96
124,246.00,263.52
125,247.50,261.62
126,249.00,259.18
127,250.50,256.10
128,252.00,252.34
129,253.50,247.83
130,255.00,242.52
131,256.50,236.39
132,258.00,229.40
133,259.50,221.57
134,261.00,212.88
135,262.50,203.38
136,264.00,193.09
137,265.50,182.08
138,267.00,170.41
139,268.50,158.17
140,270.00,145.45
141,271.50,132.35
142,273.00,119.01
143,274.50,105.55
144,276.00,92.09
145,277.50,78.79
146,279.00,65.78
147,280.50,53.21
148,282.00,42.00
149,283.50,42.00
150,285.00,42.00
151,286.50,42.00
152,288.00,42.00
153,289.50,42.00
154,291.00,42.00
155,292.50,42.00
156,294.00,42.00
157,295.50,42.00
158,297.00,42.00
159,298.50,42.00
160,300.00,42.00
161,301.50,42.00
162,303.00,42.00
163,304.50,42.00
164,306.00,42.00
165,307.50,42.00
166,309.00,42.00
167,310.50,46.82
168,312.00,60.21
169,313.50,74.37
170,315.00,89.18
171,316.50,104.47
172,318.00,120.09
173,319.50,135.88
174,321.00,151.69
175,322.50,167.38
176,324.00,182.79
177,325.50,197.78
178,327.00,212.23
179,328.50,226.01
180,330.00,239.02
181,331.50,251.17
182,333.00,262.37
183,334.50,272.57
184,336.00,281.70
185,337.50,289.76
186,339.00,296.70
187,340.50,302.55
188,342.00,307.31
189,343.50,311.02
190,345.00,313.71
191,346.50,315.46
192,348.00,316.32
193,349.50,316.38
194,351.00,315.72
195,352.50,314.45
196,354.00,312.65
197,355.50,310.43
198,357.00,307.89
199,358.50,305.13
200,360.00,302.25
201,361.50,299.34
202,363.00,296.49
203,364.50,293.77
204,366.00,291.25
205,367.50,288.99
206,369.00,287.03
207,370.50,285.41
208,372.00,284.14
209,373.50,283.24
210,375.00,282.69
211,376.50,282.47
212,378.00,282.55
213,379.50,282.88
214,381.00,283.41
215,382.50,284.07
216,384.00,284.78
217,385.50,285.46
218,387.00,286.02
219,388.50,286.37
220,390.00,286.41
221,391.50,286.06
222,393.00,285.21
223,394.50,283.79
224,396.00,281.70
225,397.50,278.87
226,399.00,275.24
227,400.50,270.75
228,402.00,265.35
229,403.50,259.03
230,405.00,251.75
231,406.50,243.52
232,408.00,234.36
233,409.50,224.29
234,411.00,213.36
235,412.50,201.63
236,414.00,189.18
237,415.50,176.09
238,417.00,162.47
239,418.50,148.44
240,420.00,134.12
241,421.50,119.64
242,423.00,105.14
243,424.50,90.78
244,426.00,76.69
245,427.50,63.02
246,429.00,49.93
247,430.50,42.00
248,432.00,42.00
249,433.50,42.00
250,435.00,42.00
251,436.50,42.00
252,438.00,42.00
253,439.50,42.00
254,441.00,42.00
255,442.50,42.00
256,444.00,42.00
257,445.50,42.00
258,447.00,42.00
259,448.50,42.00
260,450.00,42.00
261,451.50,42.00
262,453.00,42.00
263,454.50,42.00
264,456.00,42.00
265,457.50,42.00
266,459.00,48.13
267,460.50,61.40
268,462.00,75.32
269,463.50,89.75
270,465.00,104.54
271,466.50,119.53
272,468.00,134.58
273,469.50,149.54
274,471.00,164.26
275,472.50,178.63
276,474.00,192.50
277,475.50,205.76
278,477.00,218.32
279,478.50,230.08
280,480.00,240.98
281,481.50,250.94
282,483.00,259.94
283,484.50,267.94
284,486.00,274.93
285,487.50,280.91
286,489.00,285.90
287,490.50,289.95
288,492.00,293.09
289,493.50,295.38
290,495.00,296.89
291,496.50,297.71
292,498.00,297.91
293,499.50,297.59
294,501.00,296.85
295,502.50,295.77
296,504.00,294.47
297,505.50,293.02
298,507.00,291.53
299,508.50,290.07
300,510.00,288.73
301,511.50,287.57
302,513.00,286.66
303,514.50,286.03
304,516.00,285.73
305,517.50,285.77
306,519.00,286.17
307,520.50,286.92
308,522.00,288.01
309,523.50,289.39
310,525.00,291.03
311,526.50,292.88
312,528.00,294.86
313,529.50,296.91
314,531.00,298.93
315,532.50,300.84
316,534.00,302.54
317,535.50,303.93
318,537.00,304.92
319,538.50,305.41
320,540.00,305.30
321,541.50,304.51
322,543.00,302.94
323,544.50,300.53
324,546.00,297.20
325,547.50,292.91
326,549.00,287.61
327,550.50,281.27
328,552.00,273.89
329,553.50,265.46
330,555.00,256.01
331,556.50,245.56
332,558.00,234.18
333,559.50,221.92
334,561.00,208.88
335,562.50,195.14
336,564.00,180.81
337,565.50,166.01
338,567.00,150.88
339,568.50,135.55
340,570.00,120.17
341,571.50,104.89
342,573.00,89.87
343,574.50,75.24
344,576.00,61.17
345,577.50,47.81
346,579.00,42.00
347,580.50,42.00
348,582.00,42.00
349,583.50,42.00
350,585.00,42.00
351,586.50,42.00
352,588.00,42.00
353,589.50,42.00
354,591.00,42.00
355,592.50,42.00
356,594.00,42.00
357,595.50,42.00
358,597.00,42.00
359,598.50,42.00
360,600.00,42.00
361,601.50,42.00
362,603.00,42.00
363,604.50,42.00
364,606.00,42.00
365,607.50,50.76
366,609.00,63.65
367,610.50,77.07
368,612.00,90.87
369,613.50,104.90
370,615.00,119.01
371,616.50,133.06
372,618.00,146.93
373,619.50,160.47
374,621.00,173.57
375,622.50,186.13
376,624.00,198.04
377,625.50,209.23
378,627.00,219.62
379,628.50,229.17
380,630.00,237.83
381,631.50,245.59
382,633.00,252.43
383,634.50,258.37
384,636.00,263.42
385,637.50,267.64
386,639.00,271.05
387,640.50,273.73
388,642.00,275.75
389,643.50,277.17
390,645.00,278.10
391,646.50,278.61
392,648.00,278.79
393,649.50,278.75
394,651.00,278.58
395,652.50,278.35
396,654.00,278.16
397,655.50,278.08
398,657.00,278.19
399,658.50,278.54
400,660.00,279.18

user_path
index,user_x,user_y
0,59.00,336.20
1,60.00,334.20
2,60.00,333.20
3,62.00,331.20
4,63.00,329.20
5,63.00,329.20
6,64.00,328.20
7,64.00,328.20
8,64.00,327.20
9,65.00,327.20
10,65.00,327.20
11,65.00,327.20
12,65.00,326.20
13,65.00,326.20
14,65.00,326.20
15,65.00,326.20
16,65.00,325.20
17,65.00,325.20
18,65.00,325.20
19,65.00,324.20
20,65.00,324.20
21,65.00,323.20
22,65.00,323.20
23,65.00,322.20
24,65.00,322.20
25,65.00,322.20
26,65.00,322.20
27,65.00,321.20
28,65.00,321.20
29,65.00,320.20
30,66.00,320.20
31,66.00,320.20
32,66.00,319.20
33,66.00,319.20
34,66.00,318.20
35,66.00,317.20
36,66.00,317.20
37,66.00,316.20
38,66.00,315.20
39,66.00,315.20
40,66.00,314.20
41,66.00,314.20
42,66.00,314.20
43,66.00,314.20
44,66.00,313.20
45,66.00,313.20
46,66.00,313.20
47,66.00,313.20
48,66.00,312.20
49,66.00,312.20
50,66.00,312.20
51,66.00,311.20
52,66.00,311.20
53,66.00,311.20
54,66.00,311.20
55,66.00,310.20
56,66.00,310.20
57,66.00,310.20
58,66.00,310.20
59,66.00,309.20
60,66.00,309.20
61,66.00,309.20
62,66.00,309.20
63,67.00,308.20
64,67.00,308.20
65,67.00,307.20
66,67.00,307.20
67,67.00,307.20
68,67.00,306.20
69,67.00,306.20
70,67.00,305.20
71,67.00,305.20
72,67.00,305.20
73,67.00,304.20
74,68.00,304.20
75,68.00,304.20
76,68.00,304.20
77,68.00,303.20
78,68.00,303.20
79,68.00,303.20
80,68.00,303.20
81,68.00,302.20
82,68.00,302.20
83,68.00,302.20
84,68.00,302.20
85,68.00,302.20
86,68.00,301.20
87,68.00,301.20
88,68.00,301.20
89,68.00,301.20
90,69.00,301.20
91,69.00,300.20
92,69.00,300.20
93,69.00,300.20
94,69.00,299.20
95,69.00,299.20
96,70.00,299.20
97,70.00,298.20
98,70.00,298.20
99,70.00,298.20
100,70.00,297.20
101,70.00,296.20
102,70.00,296.20
103,70.00,296.20
104,70.00,296.20
105,70.00,295.20
106,70.00,295.20
107,70.00,295.20
108,70.00,295.20
109,70.00,295.20
110,70.00,294.20
111,70.00,294.20
112,70.00,294.20
113,70.00,294.20
114,70.00,293.20
115,71.00,293.20
116,71.00,293.20
117,71.00,293.20
118,71.00,293.20
119,71.00,292.20
120,71.00,292.20
121,71.00,292.20
122,71.00,292.20
123,71.00,291.20
124,71.00,291.20
125,71.00,291.20
126,72.00,291.20
127,72.00,291.20
128,72.00,290.20
129,72.00,290.20
130,72.00,290.20
131,72.00,290.20
132,72.00,289.20
133,72.00,289.20
134,72.00,288.20
135,72.00,288.20
136,72.00,288.20
137,73.00,287.20
138,73.00,287.20
139,73.00,287.20
140,73.00,286.20
141,73.00,286.20
142,73.00,286.20
143,73.00,286.20
144,73.00,285.20
145,73.00,285.20
146,74.00,285.20
147,74.00,284.20
148,74.00,284.20
149,74.00,284.20
150,74.00,283.20
151,74.00,283.20
152,74.00,283.20
153,74.00,283.20
154,74.00,282.20
155,74.00,282.20
156,74.00,282.20
157,74.00,281.20
158,74.00,281.20
159,74.00,281.20
160,74.00,281.20
161,75.00,281.20
162,75.00,280.20
163,75.00,280.20
164,75.00,279.20
165,75.00,279.20
166,75.00,279.20
167,75.00,279.20
168,75.00,279.20
169,75.00,278.20
170,75.00,278.20
171,76.00,277.20
172,76.00,277.20
173,76.00,276.20
174,76.00,276.20
175,76.00,275.20
176,76.00,275.20
177,76.00,274.20
178,76.00,274.20
179,76.00,273.20
180,76.00,272.20
181,77.00,272.20
182,77.00,272.20
183,77.00,271.20
184,77.00,271.20
185,77.00,271.20
186,77.00,271.20
187,77.00,271.20
188,77.00,270.20
189,77.00,270.20
190,77.00,270.20
191,77.00,270.20
192,77.00,270.20
193,77.00,269.20
194,78.00,269.20
195,78.00,269.20
196,78.00,269.20
197,78.00,268.20
198,78.00,268.20
199,79.00,268.20
200,79.00,267.20
201,79.00,267.20
202,79.00,267.20
203,79.00,267.20
204,79.00,266.20
205,80.00,266.20
206,80.00,266.20
207,80.00,266.20
208,80.00,265.20
209,80.00,265.20
210,80.00,265.20
211,80.00,264.20
212,80.00,264.20
213,80.00,264.20
214,80.00,264.20
215,80.00,263.20
216,81.00,263.20
217,81.00,263.20
218,81.00,263.20
219,81.00,262.20
220,81.00,262.20
221,81.00,261.20
222,82.00,261.20
223,82.00,261.20
224,82.00,260.20
225,82.00,260.20
226,82.00,260.20
227,83.00,259.20
228,83.00,259.20
229,83.00,259.20
230,83.00,259.20
231,83.00,259.20
232,84.00,258.20
233,84.00,258.20
234,84.00,258.20
235,84.00,258.20
236,84.00,257.20
237,85.00,256.20
238,85.00,256.20
239,85.00,256.20
240,85.00,255.20
241,85.00,255.20
242,85.00,255.20
243,86.00,255.20
244,86.00,255.20
245,86.00,254.20
246,86.00,254.20
247,86.00,254.20
248,86.00,254.20
249,86.00,253.20
250,87.00,253.20
251,87.00,253.20
252,87.00,253.20
253,87.00,253.20
254,87.00,253.20
255,87.00,253.20
256,87.00,253.20
257,87.00,252.20
258,87.00,252.20
259,87.00,252.20
260,87.00,252.20
261,87.00,252.20
262,88.00,252.20
263,88.00,252.20
264,88.00,251.20
265,88.00,251.20
266,88.00,251.20
267,88.00,251.20
268,88.00,251.20
269,88.00,251.20
270,88.00,251.20
271,88.00,251.20
272,88.00,251.20
273,89.00,251.20
274,89.00,250.20
275,89.00,250.20
276,89.00,250.20
277,89.00,250.20
278,90.00,250.20
279,90.00,249.20
280,91.00,249.20
281,91.00,249.20
282,91.00,248.20
283,91.00,248.20
284,91.00,248.20
285,91.00,248.20
286,91.00,248.20
287,92.00,248.20
288,92.00,247.20
289,92.00,247.20
290,92.00,247.20
291,92.00,247.20
292,92.00,247.20
293,92.00,247.20
294,92.00,246.20
295,93.00,246.20
296,93.00,246.20
297,93.00,246.20
298,93.00,246.20
299,93.00,246.20
300,93.00,246.20
301,93.00,246.20
302,93.00,245.20
303,93.00,245.20
304,93.00,245.20
305,94.00,245.20
306,94.00,245.20
307,94.00,245.20
308,94.00,245.20
309,94.00,245.20
310,95.00,244.20
311,95.00,244.20
312,95.00,244.20
313,95.00,243.20
314,95.00,243.20
315,96.00,243.20
316,96.00,243.20
317,96.00,242.20
318,96.00,242.20
319,96.00,242.20
320,96.00,242.20
321,97.00,242.20
322,97.00,241.20
323,97.00,241.20
324,97.00,241.20
325,97.00,241.20
326,97.00,241.20
327,98.00,241.20
328,98.00,240.20
329,98.00,240.20
330,98.00,240.20
331,98.00,240.20
332,98.00,240.20
333,98.00,240.20
334,98.00,239.20
335,98.00,239.20
336,98.00,239.20
337,99.00,239.20
338,99.00,238.20
339,99.00,238.20
340,99.00,238.20
341,99.00,237.20
342,100.00,237.20
343,100.00,237.20
344,100.00,236.20
345,100.00,236.20
346,100.00,236.20
347,100.00,236.20
348,101.00,236.20
349,101.00,235.20
350,101.00,235.20
351,101.00,235.20
352,101.00,235.20
353,101.00,234.20
354,101.00,234.20
355,101.00,234.20
356,102.00,234.20
357,102.00,233.20
358,102.00,233.20
359,102.00,232.20
360,102.00,232.20
361,103.00,231.20
362,103.00,230.20
363,104.00,230.20
364,104.00,229.20
365,104.00,229.20
366,104.00,228.20
367,104.00,228.20
368,104.00,228.20
369,105.00,228.20
370,105.00,227.20
371,105.00,227.20
372,105.00,227.20
373,105.00,227.20
374,105.00,226.20
375,105.00,226.20
376,105.00,226.20
377,106.00,225.20
378,106.00,225.20
379,106.00,225.20
380,106.00,225.20
381,106.00,224.20
382,106.00,224.20
383,106.00,224.20
384,106.00,224.20
385,106.00,223.20
386,106.00,223.20
387,106.00,222.20
388,106.00,222.20
389,107.00,222.20
390,107.00,221.20
391,107.00,221.20
392,107.00,220.20
393,107.00,220.20
394,107.00,220.20
395,108.00,218.20
396,108.00,217.20
397,108.00,217.20
398,108.00,217.20
399,108.00,216.20
400,108.00,214.20
401,108.00,213.20
402,109.00,213.20
403,109.00,212.20
404,109.00,211.20
405,109.00,210.20
406,109.00,210.20
407,110.00,209.20
408,110.00,209.20
409,110.00,209.20
410,110.00,208.20
411,110.00,208.20
412,110.00,207.20
413,110.00,207.20
414,110.00,207.20
415,110.00,207.20
416,111.00,206.20
417,111.00,206.20
418,111.00,206.20
419,111.00,204.20
420,111.00,201.20
421,111.00,200.20
422,111.00,200.20
423,111.00,199.20
424,111.00,199.20
425,111.00,199.20
426,112.00,198.20
427,112.00,198.20
428,112.00,198.20
429,112.00,197.20
430,112.00,197.20
431,112.00,196.20
432,112.00,196.20
433,112.00,196.20
434,113.00,195.20
435,113.00,195.20
436,113.00,195.20
437,113.00,194.20
438,113.00,194.20
439,113.00,193.20
440,113.00,193.20
441,113.00,193.20
442,113.00,192.20
443,113.00,192.20
444,113.00,192.20
445,113.00,191.20
446,113.00,191.20
447,113.00,191.20
448,113.00,190.20
449,114.00,190.20
450,114.00,190.20
451,114.00,189.20
452,114.00,189.20
453,114.00,187.20
454,114.00,186.20
455,114.00,186.20
456,114.00,185.20
457,114.00,185.20
458,114.00,184.20
459,115.00,184.20
460,115.00,183.20
461,115.00,183.20
462,115.00,183.20
463,115.00,183.20
464,115.00,182.20
465,115.00,182.20
466,115.00,181.20
467,115.00,181.20
468,115.00,180.20
469,115.00,180.20
470,115.00,179.20
471,115.00,179.20
472,115.00,178.20
473,115.00,178.20
474,115.00,178.20
475,115.00,177.20
476,116.00,177.20
477,116.00,177.20
478,116.00,177.20
479,116.00,177.20
480,116.00,176.20
481,116.00,175.20
482,116.00,175.20
483,116.00,175.20
484,116.00,174.20
485,116.00,174.20
486,116.00,174.20
487,117.00,174.20
488,117.00,173.20
489,117.00,172.20
490,117.00,172.20
491,117.00,172.20
492,117.00,172.20
493,117.00,171.20
494,117.00,171.20
495,117.00,170.20
496,117.00,170.20
497,117.00,169.20
498,117.00,169.20
499,118.00,169.20
500,118.00,168.20
501,118.00,168.20
502,118.00,168.20
503,118.00,168.20
504,118.00,167.20
505,118.00,166.20
506,118.00,164.20
507,118.00,163.20
508,118.00,163.20
509,118.00,162.20
510,118.00,162.20
511,119.00,161.20
512,119.00,161.20
513,119.00,161.20
514,119.00,161.20
515,119.00,160.20
516,119.00,160.20
517,119.00,160.20
518,120.00,159.20
519,120.00,159.20
520,120.00,159.20
521,120.00,158.20
522,120.00,158.20
523,120.00,158.20
524,120.00,158.20
525,120.00,158.20
526,120.00,157.20
527,120.00,157.20
528,120.00,156.20
529,120.00,156.20
530,120.00,156.20
531,120.00,156.20
532,120.00,156.20
533,120.00,155.20
534,120.00,155.20
535,120.00,155.20
536,120.00,155.20
537,120.00,153.20
538,120.00,153.20
539,120.00,152.20
540,120.00,152.20
541,120.00,152.20
542,120.00,152.20
543,120.00,151.20
544,120.00,151.20
545,120.00,151.20
546,120.00,151.20
547,120.00,150.20
548,120.00,150.20
549,120.00,150.20
550,120.00,150.20
551,121.00,149.20
552,121.00,148.20
553,121.00,147.20
554,121.00,146.20
555,121.00,145.20
556,121.00,144.20
557,121.00,144.20
558,121.00,143.20
559,121.00,143.20
560,121.00,143.20
561,121.00,143.20
562,121.00,142.20
563,121.00,142.20
564,121.00,142.20
565,121.00,141.20
566,121.00,141.20
567,121.00,141.20
568,122.00,141.20
569,122.00,140.20
570,122.00,139.20
571,122.00,138.20
572,122.00,137.20
573,122.00,137.20
574,122.00,136.20
575,122.00,136.20
576,122.00,136.20
577,122.00,135.20
578,122.00,135.20
579,122.00,135.20
580,122.00,134.20
581,122.00,134.20
582,122.00,134.20
583,122.00,133.20
584,123.00,133.20
585,123.00,132.20
586,123.00,131.20
587,123.00,130.20
588,123.00,129.20
589,123.00,129.20
590,123.00,128.20
591,123.00,127.20
592,123.00,127.20
593,123.00,126.20
594,123.00,126.20
595,124.00,126.20
596,124.00,126.20
597,124.00,124.20
598,124.00,123.20
599,124.00,122.20
600,124.00,122.20
601,124.00,121.20
602,124.00,120.20
603,124.00,119.20
604,124.00,118.20
605,125.00,115.20
606,125.00,113.20
607,126.00,112.20
608,126.00,111.20
609,126.00,110.20
610,126.00,110.20
611,126.00,110.20
612,126.00,110.20
613,127.00,109.20
614,127.00,108.20
615,127.00,108.20
616,127.00,108.20
617,127.00,107.20
618,127.00,106.20
619,127.00,106.20
620,127.00,106.20
621,127.00,106.20
622,127.00,105.20
623,127.00,105.20
624,127.00,104.20
625,127.00,104.20
626,127.00,103.20
627,127.00,103.20
628,128.00,102.20
629,128.00,102.20
630,128.00,101.20
631,128.00,99.20
632,128.00,97.20
633,128.00,95.20
634,128.00,94.20
635,128.00,93.20
636,128.00,92.20
637,128.00,91.20
638,128.00,90.20
639,128.00,89.20
640,128.00,88.20
641,128.00,88.20
642,128.00,88.20
643,128.00,88.20
644,129.00,87.20
645,129.00,86.20
646,129.00,85.20
647,129.00,83.20
648,129.00,83.20
649,129.00,82.20
650,129.00,82.20
651,129.00,82.20
652,129.00,81.20
653,129.00,81.20
654,129.00,80.20
655,129.00,80.20
656,129.00,79.20
657,129.00,79.20
658,129.00,79.20
659,129.00,78.20
660,129.00,77.20
661,129.00,76.20
662,129.00,75.20
663,129.00,73.20
664,130.00,72.20
665,130.00,70.20
666,131.00,68.20
667,131.00,68.20
668,131.00,67.20
669,132.00,67.20
670,132.00,66.20
671,132.00,65.20
672,132.00,63.20
673,132.00,62.20
674,132.00,61.20
675,132.00,60.20
676,132.00,59.20
677,132.00,59.20
678,132.00,58.20
679,132.00,58.20
680,132.00,57.20
681,132.00,56.20
682,132.00,56.20
683,132.00,55.20
684,132.00,55.20
685,133.00,54.20
686,133.00,54.20
687,133.00,53.20
688,133.00,52.20
689,133.00,51.20
690,133.00,50.20
691,133.00,50.20
692,133.00,49.20
693,133.00,49.20
694,133.00,49.20
695,133.00,48.20
696,133.00,48.20
697,133.00,48.20
698,133.00,47.20
699,133.00,46.20
700,134.00,45.20
701,134.00,45.20
702,134.00,45.20
703,134.00,45.20
704,134.00,44.20
705,134.00,44.20
706,134.00,43.20
707,134.00,42.20
708,134.00,42.20
709,134.00,42.20
710,134.00,42.20
711,134.00,41.20
712,135.00,41.20
713,135.00,41.20
714,135.00,41.20
715,135.00,41.20
716,135.00,41.20
717,135.00,41.20
718,136.00,41.20
719,136.00,41.20
720,136.00,41.20
721,136.00,41.20
722,137.00,41.20
723,137.00,41.20
724,137.00,41.20
725,137.00,41.20
726,137.00,41.20
727,138.00,41.20
728,138.00,41.20
729,138.00,41.20
730,138.00,41.20
731,138.00,41.20
732,139.00,41.20
733,139.00,41.20
734,139.00,41.20
735,139.00,41.20
736,139.00,41.20
737,139.00,41.20
738,140.00,41.20
739,140.00,41.20
740,140.00,41.20
741,140.00,41.20
742,140.00,41.20
743,140.00,41.20
744,141.00,41.20
745,141.00,41.20
746,141.00,41.20
747,141.00,41.20
748,141.00,41.20
749,142.00,41.20
750,142.00,41.20
751,142.00,41.20
752,142.00,41.20
753,142.00,41.20
754,143.00,41.20
755,143.00,41.20
756,143.00,41.20
757,143.00,41.20
758,143.00,41.20
759,144.00,41.20
760,144.00,41.20
761,144.00,41.20
762,144.00,41.20
763,144.00,41.20
764,144.00,41.20
765,145.00,41.20
766,145.00,41.20
767,146.00,41.20
768,147.00,41.20
769,147.00,41.20
770,148.00,41.20
771,148.00,41.20
772,148.00,41.20
773,149.00,41.20
774,149.00,41.20
775,149.00,41.20
776,149.00,41.20
777,149.00,41.20
778,150.00,41.20
779,150.00,41.20
780,150.00,41.20
781,150.00,41.20
782,150.00,41.20
783,151.00,41.20
784,151.00,41.20
785,151.00,41.20
786,151.00,41.20
787,151.00,41.20
788,152.00,41.20
789,152.00,41.20
790,152.00,41.20
791,152.00,41.20
792,152.00,41.20
793,152.00,41.20
794,153.00,41.20
795,153.00,41.20
796,153.00,41.20
797,153.00,41.20
798,153.00,41.20
799,154.00,41.20
800,154.00,41.20
801,154.00,41.20
802,154.00,41.20
803,154.00,41.20
804,154.00,41.20
805,155.00,41.20
806,155.00,41.20
807,155.00,41.20
808,155.00,41.20
809,155.00,41.20
810,156.00,41.20
811,156.00,41.20
812,156.00,41.20
813,156.00,41.20
814,156.00,41.20
815,157.00,41.20
816,157.00,41.20
817,157.00,41.20
818,157.00,41.20
819,157.00,41.20
820,158.00,41.20
821,158.00,41.20
822,158.00,41.20
823,158.00,41.20
824,158.00,41.20
825,159.00,41.20
826,159.00,41.20
827,159.00,41.20
828,159.00,41.20
829,159.00,41.20
830,159.00,41.20
831,160.00,41.20
832,160.00,41.20
833,160.00,41.20
834,160.00,41.20
835,160.00,41.20
836,160.00,42.20
837,160.00,42.20
838,160.00,42.20
839,161.00,43.20
840,161.00,43.20
841,161.00,44.20
842,161.00,44.20
843,161.00,44.20
844,161.00,44.20
845,161.00,44.20
846,161.00,45.20
847,161.00,45.20
848,161.00,45.20
849,161.00,46.20
850,161.00,46.20
851,161.00,47.20
852,161.00,47.20
853,161.00,47.20
854,161.00,47.20
855,161.00,47.20
856,161.00,48.20
857,161.00,48.20
858,161.00,48.20
859,161.00,48.20
860,161.00,49.20
861,161.00,49.20
862,161.00,50.20
863,161.00,51.20
864,161.00,51.20
865,161.00,52.20
866,161.00,52.20
867,161.00,53.20
868,161.00,53.20
869,161.00,53.20
870,161.00,54.20
871,161.00,54.20
872,161.00,54.20
873,161.00,54.20
874,161.00,55.20
875,161.00,55.20
876,161.00,55.20
877,161.00,55.20
878,161.00,55.20
879,161.00,56.20
880,161.00,56.20
881,161.00,57.20
882,161.00,57.20
883,162.00,58.20
884,162.00,59.20
885,162.00,60.20
886,162.00,60.20
887,162.00,61.20
888,163.00,61.20
889,163.00,62.20
890,163.00,62.20
891,163.00,63.20
892,163.00,65.20
893,163.00,66.20
894,163.00,67.20
895,163.00,67.20
896,163.00,68.20
897,163.00,68.20
898,163.00,69.20
899,163.00,69.20
900,163.00,69.20
901,163.00,69.20
902,163.00,70.20
903,163.00,70.20
904,163.00,71.20
905,163.00,71.20
906,163.00,72.20
907,163.00,72.20
908,163.00,72.20
909,163.00,73.20
910,163.00,73.20
911,163.00,73.20
912,163.00,75.20
913,163.00,78.20
914,164.00,79.20
915,164.00,80.20
916,164.00,81.20
917,164.00,81.20
918,164.00,82.20
919,164.00,82.20
920,164.00,82.20
921,164.00,83.20
922,164.00,83.20
923,164.00,83.20
924,164.00,83.20
925,164.00,83.20
926,164.00,84.20
927,164.00,84.20
928,165.00,84.20
929,165.00,85.20
930,165.00,85.20
931,165.00,85.20
932,165.00,85.20
933,165.00,86.20
934,165.00,86.20
935,165.00,86.20
936,165.00,87.20
937,165.00,89.20
938,165.00,90.20
939,165.00,90.20
940,165.00,91.20
941,165.00,92.20
942,165.00,93.20
943,165.00,93.20
944,165.00,94.20
945,166.00,94.20
946,166.00,95.20
947,166.00,95.20
948,166.00,95.20
949,166.00,96.20
950,166.00,96.20
951,166.00,97.20
952,166.00,97.20
953,166.00,98.20
954,166.00,98.20
955,166.00,99.20
956,166.00,99.20
957,166.00,100.20
958,166.00,100.20
959,166.00,101.20
960,167.00,101.20
961,167.00,102.20
962,167.00,103.20
963,167.00,104.20
964,167.00,105.20
965,167.00,105.20
966,167.00,106.20
967,168.00,106.20
968,168.00,107.20
969,168.00,107.20
970,168.00,108.20
971,168.00,108.20
972,168.00,108.20
973,168.00,109.20
974,168.00,109.20
975,168.00,109.20
976,168.00,110.20
977,169.00,110.20
978,169.00,111.20
979,169.00,112.20
980,169.00,112.20
981,169.00,112.20
982,169.00,113.20
983,169.00,113.20
984,169.00,114.20
985,169.00,116.20
986,169.00,117.20
987,169.00,118.20
988,169.00,118.20
989,169.00,119.20
990,169.00,119.20
991,169.00,120.20
992,169.00,120.20
993,169.00,120.20
994,169.00,121.20
995,169.00,121.20
996,169.00,122.20
997,169.00,122.20
998,169.00,122.20
999,169.00,123.20
1000,169.00,123.20
1001,169.00,123.20
1002,169.00,124.20
1003,169.00,126.20
1004,169.00,128.20
1005,169.00,130.20
1006,169.00,131.20
1007,169.00,132.20
1008,169.00,132.20
1009,169.00,133.20
1010,169.00,133.20
1011,169.00,134.20
1012,169.00,134.20
1013,169.00,135.20
1014,169.00,135.20
1015,169.00,135.20
1016,169.00,136.20
1017,169.00,136.20
1018,169.00,136.20
1019,169.00,136.20
1020,169.00,137.20
1021,169.00,138.20
1022,169.00,139.20
1023,169.00,140.20
1024,169.00,141.20
1025,169.00,141.20
1026,169.00,142.20
1027,169.00,142.20
1028,169.00,143.20
1029,169.00,143.20
1030,169.00,144.20
1031,169.00,144.20
1032,169.00,145.20
1033,169.00,145.20
1034,170.00,145.20
1035,170.00,146.20
1036,170.00,147.20
1037,170.00,148.20
1038,170.00,149.20
1039,170.00,150.20
1040,170.00,151.20
1041,170.00,151.20
1042,170.00,151.20
1043,171.00,151.20
1044,171.00,151.20
1045,171.00,153.20
1046,171.00,155.20
1047,171.00,156.20
1048,171.00,157.20
1049,171.00,158.20
1050,171.00,159.20
1051,171.00,159.20
1052,171.00,159.20
1053,171.00,160.20
1054,171.00,160.20
1055,171.00,161.20
1056,171.00,161.20
1057,171.00,162.20
1058,171.00,162.20
1059,171.00,162.20
1060,171.00,163.20
1061,171.00,163.20
1062,172.00,164.20
1063,172.00,164.20
1064,172.00,164.20
1065,172.00,164.20
1066,172.00,165.20
1067,172.00,165.20
1068,172.00,167.20
1069,172.00,169.20
1070,172.00,170.20
1071,172.00,171.20
1072,173.00,172.20
1073,173.00,172.20
1074,173.00,173.20
1075,173.00,173.20
1076,173.00,174.20
1077,173.00,175.20
1078,173.00,175.20
1079,173.00,175.20
1080,173.00,176.20
1081,173.00,176.20
1082,173.00,177.20
1083,173.00,177.20
1084,173.00,177.20
1085,173.00,177.20
1086,173.00,178.20
1087,173.00,178.20
1088,173.00,178.20
1089,173.00,178.20
1090,173.00,179.20
1091,173.00,179.20
1092,173.00,179.20
1093,173.00,180.20
1094,173.00,180.20
1095,174.00,180.20
1096,174.00,180.20
1097,174.00,180.20
1098,174.00,181.20
1099,174.00,181.20
1100,174.00,181.20
1101,174.00,181.20
1102,174.00,181.20
1103,174.00,183.20
1104,174.00,184.20
1105,174.00,184.20
1106,174.00,185.20
1107,174.00,185.20
1108,174.00,185.20
1109,174.00,186.20
1110,174.00,186.20
1111,174.00,186.20
1112,174.00,187.20
1113,174.00,187.20
1114,174.00,187.20
1115,174.00,187.20
1116,174.00,187.20
1117,174.00,188.20
1118,174.00,188.20
1119,174.00,188.20
1120,174.00,188.20
1121,175.00,189.20
1122,175.00,189.20
1123,175.00,189.20
1124,175.00,189.20
1125,175.00,190.20
1126,175.00,191.20
1127,175.00,191.20
1128,175.00,192.20
1129,175.00,192.20
1130,175.00,193.20
1131,175.00,193.20
1132,175.00,193.20
1133,175.00,194.20
1134,175.00,195.20
1135,175.00,195.20
1136,175.00,196.20
1137,175.00,196.20
1138,175.00,196.20
1139,175.00,197.20
1140,175.00,197.20
1141,175.00,197.20
1142,175.00,197.20
1143,175.00,198.20
1144,175.00,199.20
1145,175.00,200.20
1146,175.00,201.20
1147,175.00,201.20
1148,175.00,202.20
1149,175.00,202.20
1150,175.00,203.20
1151,175.00,203.20
1152,175.00,203.20
1153,175.00,203.20
1154,175.00,204.20
1155,175.00,204.20
1156,175.00,204.20
1157,175.00,205.20
1158,175.00,208.20
1159,175.00,210.20
1160,175.00,211.20
1161,175.00,212.20
1162,175.00,213.20
1163,175.00,213.20
1164,175.00,214.20
1165,175.00,214.20
1166,175.00,215.20
1167,175.00,215.20
1168,175.00,215.20
1169,175.00,215.20
1170,175.00,216.20
1171,175.00,217.20
1172,175.00,217.20
1173,176.00,218.20
1174,176.00,218.20
1175,176.00,218.20
1176,176.00,218.20
1177,176.00,219.20
1178,176.00,219.20
1179,176.00,219.20
1180,176.00,219.20
1181,176.00,219.20
1182,176.00,220.20
1183,176.00,220.20
1184,176.00,220.20
1185,176.00,221.20
1186,176.00,221.20
1187,176.00,221.20
1188,177.00,222.20
1189,177.00,222.20
1190,177.00,223.20
1191,177.00,223.20
1192,177.00,223.20
1193,177.00,224.20
1194,177.00,225.20
1195,177.00,227.20
1196,178.00,229.20
1197,179.00,231.20
1198,179.00,232.20
1199,179.00,233.20
1200,180.00,234.20
1201,180.00,234.20
1202,180.00,234.20
1203,180.00,234.20
1204,180.00,235.20
1205,180.00,235.20
1206,180.00,235.20
1207,180.00,235.20
1208,180.00,235.20
1209,180.00,235.20
1210,180.00,236.20
1211,180.00,236.20
1212,180.00,237.20
1213,180.00,237.20
1214,180.00,237.20
1215,180.00,237.20
1216,180.00,238.20
1217,180.00,241.20
1218,180.00,244.20
1219,181.00,245.20
1220,181.00,246.20
1221,181.00,246.20
1222,181.00,246.20
1223,181.00,247.20
1224,181.00,247.20
1225,181.00,247.20
1226,181.00,247.20
1227,181.00,247.20
1228,181.00,248.20
1229,181.00,248.20
1230,181.00,248.20
1231,181.00,249.20
1232,181.00,251.20
1233,181.00,252.20
1234,181.00,252.20
1235,181.00,253.20
1236,181.00,253.20
1237,181.00,254.20
1238,181.00,254.20
1239,181.00,254.20
1240,181.00,255.20
1241,181.00,255.20
1242,181.00,256.20
1243,181.00,256.20
1244,181.00,256.20
1245,181.00,256.20
1246,181.00,257.20
1247,181.00,257.20
1248,181.00,257.20
1249,181.00,257.20
1250,182.00,257.20
1251,182.00,257.20
1252,182.00,258.20
1253,182.00,259.20
1254,182.00,259.20
1255,182.00,259.20
1256,182.00,260.20
1257,182.00,260.20
1258,182.00,261.20
1259,182.00,261.20
1260,182.00,262.20
1261,182.00,262.20
1262,182.00,263.20
1263,182.00,263.20
1264,182.00,263.20
1265,182.00,264.20
1266,182.00,264.20
1267,183.00,265.20
1268,183.00,265.20
1269,183.00,266.20
1270,183.00,266.20
1271,183.00,266.20
1272,183.00,266.20
1273,183.00,269.20
1274,183.00,271.20
1275,183.00,272.20
1276,183.00,272.20
1277,183.00,273.20
1278,183.00,273.20
1279,183.00,273.20
1280,183.00,274.20
1281,183.00,274.20
1282,183.00,274.20
1283,183.00,275.20
1284,183.00,275.20
1285,183.00,275.20
1286,183.00,276.20
1287,183.00,276.20
1288,184.00,276.20
1289,184.00,277.20
1290,184.00,277.20
1291,184.00,277.20
1292,184.00,278.20
1293,184.00,278.20
1294,184.00,278.20
1295,184.00,278.20
1296,184.00,279.20
1297,184.00,280.20
1298,184.00,281.20
1299,184.00,282.20
1300,184.00,282.20
1301,184.00,282.20
1302,184.00,282.20
1303,184.00,283.20
1304,184.00,283.20
1305,184.00,283.20
1306,184.00,283.20
1307,184.00,283.20
1308,185.00,284.20
1309,185.00,284.20
1310,185.00,284.20
1311,185.00,285.20
1312,185.00,285.20
1313,185.00,285.20
1314,185.00,285.20
1315,185.00,286.20
1316,185.00,286.20
1317,185.00,287.20
1318,185.00,287.20
1319,185.00,287.20
1320,185.00,287.20
1321,185.00,287.20
1322,185.00,288.20
1323,185.00,288.20
1324,185.00,288.20
1325,185.00,289.20
1326,185.00,289.20
1327,185.00,290.20
1328,186.00,290.20
1329,186.00,290.20
1330,186.00,291.20
1331,186.00,291.20
1332,186.00,292.20
1333,186.00,292.20
1334,186.00,293.20
1335,187.00,293.20
1336,187.00,293.20
1337,187.00,294.20
1338,187.00,295.20
1339,187.00,295.20
1340,187.00,295.20
1341,187.00,296.20
1342,187.00,296.20
1343,187.00,296.20
1344,187.00,296.20
1345,187.00,296.20
1346,187.00,297.20
1347,187.00,298.20
1348,187.00,298.20
1349,187.00,299.20
1350,187.00,299.20
1351,187.00,299.20
1352,188.00,300.20
1353,188.00,300.20
1354,188.00,300.20
1355,188.00,301.20
1356,188.00,301.20
1357,188.00,301.20
1358,188.00,302.20
1359,188.00,302.20
1360,188.00,302.20
1361,188.00,302.20
1362,188.00,302.20
1363,188.00,303.20
1364,188.00,303.20
1365,188.00,303.20
1366,188.00,303.20
1367,188.00,303.20
1368,188.00,304.20
1369,188.00,304.20
1370,188.00,304.20
1371,188.00,304.20
1372,188.00,305.20
1373,188.00,306.20
1374,189.00,306.20
1375,189.00,307.20
1376,189.00,307.20
1377,189.00,308.20
1378,189.00,308.20
1379,189.00,308.20
1380,189.00,308.20
1381,189.00,309.20
1382,189.00,309.20
1383,189.00,309.20
1384,189.00,309.20
1385,189.00,310.20
1386,189.00,310.20
1387,189.00,310.20
1388,189.00,310.20
1389,190.00,310.20
1390,190.00,311.20
1391,190.00,312.20
1392,190.00,312.20
1393,190.00,313.20
1394,190.00,313.20
1395,190.00,314.20
1396,190.00,314.20
1397,190.00,314.20
1398,190.00,315.20
1399,190.00,315.20
1400,190.00,315.20
1401,191.00,316.20
1402,191.00,316.20
1403,191.00,316.20
1404,191.00,316.20
1405,191.00,316.20
1406,191.00,317.20
1407,191.00,317.20
1408,191.00,317.20
1409,191.00,317.20
1410,191.00,317.20
1411,191.00,317.20
1412,191.00,317.20
1413,191.00,318.20
1414,191.00,318.20
1415,191.00,318.20
1416,191.00,318.20
1417,191.00,318.20
1418,191.00,319.20
1419,191.00,319.20
1420,192.00,319.20
1421,192.00,319.20
1422,192.00,319.20
1423,192.00,320.20
1424,192.00,320.20
1425,192.00,320.20
1426,192.00,320.20
1427,192.00,320.20
1428,192.00,320.20
1429,192.00,320.20
1430,192.00,321.20
1431,192.00,321.20
1432,192.00,321.20
1433,192.00,321.20
1434,192.00,321.20
1435,192.00,322.20
1436,192.00,322.20
1437,192.00,322.20
1438,192.00,323.20
1439,193.00,323.20
1440,193.00,323.20
1441,193.00,323.20
1442,193.00,323.20
1443,193.00,324.20
1444,193.00,324.20
1445,193.00,324.20
1446,193.00,324.20
1447,193.00,325.20
1448,194.00,325.20
1449,194.00,325.20
1450,194.00,325.20
1451,194.00,325.20
1452,194.00,326.20
1453,194.00,326.20
1454,194.00,326.20
1455,194.00,326.20
1456,194.00,326.20
1457,194.00,327.20
1458,195.00,327.20
1459,195.00,327.20
1460,195.00,327.20
1461,195.00,327.20
1462,195.00,327.20
1463,195.00,328.20
1464,195.00,328.20
1465,195.00,328.20
1466,195.00,328.20
1467,195.00,328.20
1468,195.00,328.20
1469,195.00,328.20
1470,196.00,328.20
1471,196.00,329.20
1472,196.00,329.20
1473,196.00,329.20
1474,197.00,329.20
1475,197.00,329.20
1476,197.00,329.20
1477,197.00,329.20
1478,197.00,329.20
1479,197.00,330.20
1480,197.00,330.20
1481,197.00,330.20
1482,198.00,330.20
1483,198.00,330.20
1484,198.00,330.20
1485,198.00,330.20
1486,198.00,330.20
1487,198.00,331.20
1488,199.00,331.20
1489,199.00,331.20
1490,199.00,331.20
1491,199.00,331.20
1492,199.00,331.20
1493,199.00,331.20
1494,200.00,331.20
1495,200.00,331.20
1496,200.00,331.20
1497,200.00,331.20
1498,200.00,331.20
1499,200.00,331.20
1500,200.00,331.20
1501,201.00,331.20
1502,201.00,331.20
1503,201.00,331.20
1504,201.00,331.20
1505,201.00,331.20
1506,201.00,331.20
1507,201.00,331.20
1508,202.00,331.20
1509,202.00,331.20
1510,202.00,331.20
1511,202.00,331.20
1512,202.00,331.20
1513,202.00,331.20
1514,202.00,330.20
1515,203.00,330.20
1516,203.00,330.20
1517,203.00,330.20
1518,203.00,330.20
1519,203.00,330.20
1520,204.00,330.20
1521,204.00,329.20
1522,205.00,329.20
1523,205.00,328.20
1524,205.00,326.20
1525,205.00,325.20
1526,205.00,324.20
1527,206.00,323.20
1528,206.00,323.20
1529,206.00,322.20
1530,206.00,322.20
1531,206.00,321.20
1532,207.00,321.20
1533,207.00,321.20
1534,207.00,321.20
1535,207.00,320.20
1536,207.00,320.20
1537,207.00,320.20
1538,207.00,319.20
1539,208.00,319.20
1540,208.00,319.20
1541,208.00,319.20
1542,208.00,319.20
1543,208.00,319.20
1544,208.00,318.20
1545,208.00,318.20
1546,208.00,318.20
1547,208.00,318.20
1548,208.00,318.20
1549,208.00,318.20
1550,208.00,317.20
1551,208.00,317.20
1552,208.00,317.20
1553,208.00,317.20
1554,209.00,317.20
1555,209.00,316.20
1556,209.00,316.20
1557,209.00,314.20
1558,209.00,313.20
1559,209.00,312.20
1560,210.00,311.20
1561,210.00,311.20
1562,210.00,311.20
1563,210.00,310.20
1564,210.00,310.20
1565,211.00,310.20
1566,211.00,309.20
1567,211.00,309.20
1568,211.00,309.20
1569,211.00,309.20
1570,211.00,308.20
1571,211.00,308.20
1572,211.00,307.20
1573,212.00,307.20
1574,212.00,307.20
1575,212.00,307.20
1576,212.00,306.20
1577,212.00,306.20
1578,212.00,306.20
1579,212.00,305.20
1580,212.00,305.20
1581,213.00,304.20
1582,213.00,304.20
1583,213.00,303.20
1584,213.00,299.20
1585,214.00,296.20
1586,215.00,294.20
1587,215.00,292.20
1588,216.00,291.20
1589,216.00,291.20
1590,216.00,290.20
1591,216.00,290.20
1592,217.00,289.20
1593,217.00,289.20
1594,217.00,288.20
1595,217.00,288.20
1596,218.00,287.20
1597,218.00,287.20
1598,218.00,286.20
1599,218.00,286.20
1600,218.00,286.20
1601,218.00,285.20
1602,218.00,285.20
1603,219.00,285.20
1604,219.00,285.20
1605,219.00,284.20
1606,219.00,284.20
1607,220.00,283.20
1608,220.00,283.20
1609,221.00,283.20
1610,221.00,282.20
1611,222.00,282.20
1612,222.00,282.20
1613,222.00,282.20
1614,222.00,282.20
1615,222.00,281.20
1616,223.00,281.20
1617,224.00,280.20
1618,224.00,279.20
1619,224.00,279.20
1620,225.00,279.20
1621,225.00,279.20
1622,225.00,278.20
1623,226.00,278.20
1624,226.00,278.20
1625,226.00,278.20
1626,226.00,278.20
1627,226.00,278.20
1628,226.00,278.20
1629,227.00,278.20
1630,227.00,277.20
1631,227.00,277.20
1632,227.00,277.20
1633,227.00,277.20
1634,228.00,277.20
1635,228.00,277.20
1636,228.00,276.20
1637,229.00,276.20
1638,229.00,276.20
1639,229.00,275.20
1640,229.00,275.20
1641,229.00,275.20
1642,229.00,275.20
1643,230.00,275.20
1644,230.00,275.20
1645,230.00,275.20
1646,230.00,275.20
1647,230.00,275.20
1648,230.00,274.20
1649,230.00,274.20
1650,231.00,274.20
1651,231.00,274.20
1652,231.00,274.20
1653,231.00,274.20
1654,231.00,273.20
1655,231.00,273.20
1656,232.00,273.20
1657,232.00,273.20
1658,232.00,272.20
1659,232.00,272.20
1660,233.00,272.20
1661,233.00,271.20
1662,234.00,271.20
1663,234.00,270.20
1664,235.00,270.20
1665,236.00,269.20
1666,237.00,269.20
1667,238.00,268.20
1668,238.00,268.20
1669,238.00,268.20
1670,239.00,267.20
1671,239.00,267.20
1672,240.00,267.20
1673,240.00,267.20
1674,240.00,267.20
1675,240.00,266.20
1676,240.00,266.20
1677,240.00,266.20
1678,241.00,266.20
1679,241.00,266.20
1680,241.00,265.20
1681,241.00,265.20
1682,241.00,265.20
1683,241.00,265.20
1684,242.00,265.20
1685,242.00,265.20
1686,242.00,265.20
1687,242.00,265.20
1688,242.00,264.20
1689,242.00,264.20
1690,242.00,264.20
1691,242.00,264.20
1692,242.00,264.20
1693,243.00,264.20
1694,243.00,264.20
1695,243.00,263.20
1696,243.00,263.20
1697,243.00,263.20
1698,243.00,263.20
1699,244.00,262.20
1700,244.00,262.20
1701,244.00,261.20
1702,244.00,261.20
1703,244.00,260.20
1704,244.00,257.20
1705,245.00,255.20
1706,245.00,254.20
1707,246.00,253.20
1708,246.00,252.20
1709,246.00,251.20
1710,246.00,250.20
1711,247.00,250.20
1712,247.00,249.20
1713,247.00,249.20
1714,247.00,248.20
1715,247.00,248.20
1716,247.00,248.20
1717,247.00,247.20
1718,248.00,247.20
1719,248.00,247.20
1720,248.00,246.20
1721,248.00,246.20
1722,248.00,246.20
1723,248.00,246.20
1724,248.00,245.20
1725,248.00,245.20
1726,248.00,245.20
1727,249.00,244.20
1728,249.00,244.20
1729,249.00,244.20
1730,249.00,244.20
1731,249.00,244.20
1732,250.00,244.20
1733,250.00,245.20
1734,250.00,245.20
1735,250.00,245.20
1736,250.00,245.20
1737,250.00,245.20
1738,251.00,245.20
1739,251.00,245.20
1740,251.00,245.20
1741,251.00,245.20
1742,251.00,245.20
1743,251.00,245.20
1744,251.00,245.20
1745,251.00,245.20
1746,252.00,245.20
1747,252.00,245.20
1748,252.00,245.20
1749,252.00,245.20
1750,252.00,245.20
1751,252.00,245.20
1752,252.00,245.20
1753,252.00,245.20
1754,252.00,244.20
1755,252.00,244.20
1756,252.00,244.20
1757,252.00,243.20
1758,252.00,243.20
1759,252.00,243.20
1760,253.00,243.20
1761,253.00,243.20
1762,253.00,242.20
1763,253.00,242.20
1764,253.00,242.20
1765,253.00,242.20
1766,253.00,242.20
1767,253.00,242.20
1768,253.00,241.20
1769,253.00,241.20
1770,253.00,241.20
1771,253.00,241.20
1772,253.00,241.20
1773,253.00,240.20
1774,253.00,240.20
1775,253.00,240.20
1776,253.00,240.20
1777,254.00,239.20
1778,254.00,239.20
1779,254.00,239.20
1780,254.00,239.20
1781,254.00,238.20
1782,254.00,238.20
1783,254.00,238.20
1784,254.00,238.20
1785,254.00,238.20
1786,254.00,237.20
1787,254.00,237.20
1788,254.00,237.20
1789,254.00,237.20
1790,254.00,236.20
1791,254.00,236.20
1792,254.00,236.20
1793,254.00,236.20
1794,254.00,236.20
1795,254.00,235.20
1796,254.00,235.20
1797,255.00,235.20
1798,255.00,235.20
1799,255.00,234.20
1800,255.00,234.20
1801,255.00,234.20
1802,255.00,234.20
1803,255.00,234.20
1804,255.00,233.20
1805,255.00,233.20
1806,255.00,233.20
1807,255.00,233.20
1808,255.00,232.20
1809,255.00,231.20
1810,255.00,230.20
1811,256.00,229.20
1812,256.00,229.20
1813,256.00,229.20
1814,256.00,229.20
1815,256.00,228.20
1816,256.00,228.20
1817,256.00,228.20
1818,256.00,228.20
1819,256.00,228.20
1820,256.00,227.20
1821,256.00,227.20
1822,256.00,227.20
1823,257.00,227.20
1824,257.00,226.20
1825,257.00,226.20
1826,257.00,226.20
1827,257.00,225.20
1828,257.00,225.20
1829,257.00,224.20
1830,258.00,224.20
1831,258.00,223.20
1832,258.00,222.20
1833,258.00,221.20
1834,258.00,220.20
1835,258.00,220.20
1836,258.00,219.20
1837,258.00,219.20
1838,259.00,218.20
1839,259.00,217.20
1840,259.00,217.20
1841,259.00,216.20
1842,259.00,216.20
1843,259.00,216.20
1844,260.00,216.20
1845,260.00,215.20
1846,260.00,215.20
1847,260.00,215.20
1848,260.00,215.20
1849,260.00,214.20
1850,260.00,214.20
1851,260.00,214.20
1852,260.00,214.20
1853,260.00,213.20
1854,260.00,213.20
1855,260.00,213.20
1856,260.00,212.20
1857,260.00,211.20
1858,260.00,211.20
1859,260.00,210.20
1860,261.00,209.20
1861,261.00,208.20
1862,261.00,207.20
1863,261.00,207.20
1864,261.00,207.20
1865,261.00,206.20
1866,261.00,206.20
1867,261.00,206.20
1868,262.00,205.20
1869,262.00,204.20
1870,262.00,204.20
1871,262.00,204.20
1872,262.00,204.20
1873,262.00,203.20
1874,262.00,201.20
1875,262.00,199.20
1876,263.00,197.20
1877,263.00,196.20
1878,263.00,195.20
1879,263.00,194.20
1880,263.00,194.20
1881,263.00,194.20
1882,263.00,193.20
1883,263.00,193.20
1884,263.00,193.20
1885,263.00,193.20
1886,263.00,193.20
1887,264.00,192.20
1888,264.00,192.20
1889,264.00,191.20
1890,264.00,189.20
1891,264.00,188.20
1892,264.00,187.20
1893,264.00,186.20
1894,265.00,184.20
1895,265.00,183.20
1896,265.00,182.20
1897,265.00,181.20
1898,266.00,180.20
1899,266.00,180.20
1900,266.00,180.20
1901,266.00,179.20
1902,266.00,179.20
1903,266.00,179.20
1904,266.00,179.20
1905,266.00,178.20
1906,266.00,178.20
1907,266.00,176.20
1908,266.00,175.20
1909,266.00,174.20
1910,266.00,173.20
1911,267.00,173.20
1912,267.00,172.20
1913,267.00,172.20
1914,267.00,172.20
1915,267.00,172.20
1916,267.00,171.20
1917,267.00,170.20
1918,267.00,170.20
1919,267.00,169.20
1920,267.00,169.20
1921,268.00,169.20
1922,268.00,169.20
1923,268.00,169.20
1924,268.00,168.20
1925,268.00,167.20
1926,268.00,167.20
1927,268.00,166.20
1928,268.00,166.20
1929,268.00,166.20
1930,268.00,165.20
1931,268.00,165.20
1932,268.00,165.20
1933,268.00,165.20
1934,268.00,164.20
1935,268.00,164.20
1936,268.00,164.20
1937,268.00,163.20
1938,268.00,163.20
1939,269.00,163.20
1940,269.00,162.20
1941,269.00,162.20
1942,269.00,161.20
1943,269.00,160.20
1944,269.00,159.20
1945,270.00,159.20
1946,270.00,159.20
1947,270.00,159.20
1948,270.00,158.20
1949,270.00,158.20
1950,270.00,158.20
1951,270.00,158.20
1952,270.00,158.20
1953,270.00,157.20
1954,270.00,157.20
1955,271.00,156.20
1956,271.00,155.20
1957,271.00,155.20
1958,271.00,153.20
1959,271.00,151.20
1960,271.00,150.20
1961,271.00,149.20
1962,271.00,149.20
1963,271.00,149.20
1964,271.00,148.20
1965,271.00,148.20
1966,271.00,148.20
1967,271.00,147.20
1968,271.00,147.20
1969,271.00,147.20
1970,271.00,147.20
1971,271.00,146.20
1972,271.00,146.20
1973,271.00,146.20
1974,271.00,145.20
1975,271.00,145.20
1976,271.00,145.20
1977,271.00,144.20
1978,271.00,144.20
1979,271.00,144.20
1980,271.00,143.20
1981,271.00,143.20
1982,271.00,143.20
1983,271.00,142.20
1984,271.00,142.20
1985,271.00,140.20
1986,271.00,138.20
1987,271.00,135.20
1988,271.00,133.20
1989,271.00,132.20
1990,271.00,131.20
1991,271.00,130.20
1992,271.00,130.20
1993,271.00,129.20
1994,271.00,129.20
1995,271.00,128.20
1996,271.00,128.20
1997,271.00,128.20
1998,271.00,127.20
1999,271.00,127.20
2000,271.00,127.20
2001,271.00,127.20
2002,271.00,127.20
2003,271.00,126.20
2004,271.00,126.20
2005,271.00,124.20
2006,271.00,123.20
2007,271.00,120.20
2008,271.00,119.20
2009,271.00,118.20
2010,271.00,117.20
2011,271.00,116.20
2012,271.00,115.20
2013,271.00,115.20
2014,272.00,114.20
2015,272.00,113.20
2016,272.00,112.20
2017,272.00,112.20
2018,272.00,112.20
2019,272.00,112.20
2020,272.00,112.20
2021,272.00,111.20
2022,272.00,110.20
2023,272.00,109.20
2024,272.00,107.20
2025,273.00,106.20
2026,273.00,105.20
2027,273.00,105.20
2028,273.00,104.20
2029,273.00,104.20
2030,274.00,103.20
2031,274.00,102.20
2032,274.00,101.20
2033,274.00,100.20
2034,274.00,100.20
2035,274.00,100.20
2036,275.00,100.20
2037,275.00,99.20
2038,275.00,98.20
2039,275.00,96.20
2040,275.00,92.20
2041,275.00,89.20
2042,275.00,86.20
2043,275.00,84.20
2044,275.00,83.20
2045,275.00,82.20
2046,275.00,81.20
2047,275.00,81.20
2048,275.00,81.20
2049,275.00,81.20
2050,275.00,81.20
2051,275.00,80.20
2052,275.00,80.20
2053,275.00,78.20
2054,275.00,76.20
2055,276.00,75.20
2056,276.00,74.20
2057,276.00,73.20
2058,276.00,72.20
2059,276.00,71.20
2060,276.00,71.20
2061,277.00,71.20
2062,277.00,70.20
2063,277.00,70.20
2064,277.00,69.20
2065,277.00,69.20
2066,277.00,69.20
2067,277.00,69.20
2068,277.00,67.20
2069,277.00,65.20
2070,278.00,63.20
2071,278.00,61.20
2072,278.00,60.20
2073,278.00,60.20
2074,279.00,59.20
2075,279.00,59.20
2076,279.00,58.20
2077,279.00,58.20
2078,279.00,58.20
2079,279.00,57.20
2080,279.00,57.20
2081,279.00,56.20
2082,279.00,54.20
2083,279.00,53.20
2084,279.00,52.20
2085,279.00,51.20
2086,279.00,51.20
2087,279.00,51.20
2088,279.00,51.20
2089,280.00,50.20
2090,280.00,50.20
2091,280.00,50.20
2092,280.00,49.20
2093,280.00,49.20
2094,280.00,49.20
2095,280.00,49.20
2096,280.00,49.20
2097,280.00,49.20
2098,280.00,49.20
2099,280.00,48.20
2100,280.00,48.20
2101,280.00,48.20
2102,280.00,48.20
2103,280.00,48.20
2104,281.00,48.20
2105,281.00,48.20
2106,281.00,48.20
2107,281.00,47.20
2108,281.00,47.20
2109,281.00,47.20
2110,281.00,47.20
2111,281.00,46.20
2112,281.00,46.20
2113,281.00,46.20
2114,281.00,46.20
2115,282.00,46.20
2116,282.00,45.20
2117,282.00,45.20
2118,282.00,45.20
2119,282.00,45.20
2120,282.00,44.20
2121,282.00,44.20
2122,282.00,44.20
2123,282.00,43.20
2124,282.00,43.20
2125,282.00,43.20
2126,282.00,43.20
2127,282.00,43.20
2128,282.00,43.20
2129,283.00,43.20
2130,283.00,43.20
2131,284.00,42.20
2132,284.00,42.20
2133,285.00,42.20
2134,285.00,42.20
2135,285.00,42.20
2136,285.00,42.20
2137,285.00,42.20
2138,285.00,42.20
2139,286.00,42.20
2140,286.00,42.20
2141,286.00,42.20
2142,286.00,42.20
2143,287.00,42.20
2144,287.00,42.20
2145,287.00,42.20
2146,288.00,42.20
2147,288.00,42.20
2148,288.00,42.20
2149,288.00,42.20
2150,288.00,42.20
2151,289.00,42.20
2152,289.00,42.20
2153,289.00,42.20
2154,289.00,42.20
2155,290.00,41.20
2156,290.00,41.20
2157,290.00,41.20
2158,290.00,41.20
2159,291.00,41.20
2160,291.00,41.20
2161,291.00,41.20
2162,291.00,41.20
2163,291.00,41.20
2164,292.00,41.20
2165,292.00,41.20
2166,292.00,41.20
2167,292.00,41.20
2168,292.00,41.20
2169,293.00,41.20
2170,293.00,41.20
2171,294.00,41.20
2172,294.00,41.20
2173,295.00,41.20
2174,295.00,41.20
2175,295.00,41.20
2176,295.00,41.20
2177,295.00,41.20
2178,295.00,41.20
2179,296.00,41.20
2180,296.00,41.20
2181,296.00,41.20
2182,296.00,41.20
2183,297.00,41.20
2184,297.00,41.20
2185,297.00,41.20
2186,297.00,41.20
2187,297.00,41.20
2188,297.00,41.20
2189,297.00,41.20
2190,298.00,41.20
2191,298.00,41.20
2192,298.00,41.20
2193,298.00,41.20
2194,298.00,41.20
2195,299.00,41.20
2196,299.00,41.20
2197,299.00,40.20
2198,299.00,40.20
2199,299.00,40.20
2200,299.00,40.20
2201,299.00,40.20
2202,300.00,40.20
2203,300.00,40.20
2204,300.00,40.20
2205,301.00,40.20
2206,301.00,40.20
2207,301.00,40.20
2208,301.00,40.20
2209,301.00,40.20
2210,301.00,40.20
2211,302.00,40.20
2212,302.00,40.20
2213,302.00,40.20
2214,302.00,40.20
2215,302.00,40.20
2216,303.00,40.20
2217,303.00,40.20
2218,303.00,40.20
2219,303.00,40.20
2220,303.00,40.20
2221,303.00,40.20
2222,304.00,40.20
2223,304.00,40.20
2224,304.00,40.20
2225,304.00,40.20
2226,305.00,40.20
2227,305.00,40.20
2228,305.00,40.20
2229,306.00,40.20
2230,306.00,40.20
2231,306.00,40.20
2232,306.00,40.20
2233,306.00,40.20
2234,306.00,40.20
2235,307.00,40.20
2236,307.00,40.20
2237,307.00,40.20
2238,307.00,40.20
2239,308.00,40.20
2240,308.00,40.20
2241,308.00,40.20
2242,308.00,41.20
2243,308.00,41.20
2244,308.00,41.20
2245,308.00,41.20
2246,308.00,41.20
2247,308.00,42.20
2248,308.00,42.20
2249,309.00,42.20
2250,309.00,42.20
2251,309.00,42.20
2252,309.00,43.20
2253,309.00,43.20
2254,309.00,43.20
2255,309.00,43.20
2256,309.00,43.20
2257,309.00,43.20
2258,310.00,44.20
2259,310.00,44.20
2260,310.00,44.20
2261,310.00,44.20
2262,310.00,44.20
2263,310.00,45.20
2264,310.00,45.20
2265,310.00,45.20
2266,310.00,46.20
2267,310.00,46.20
2268,310.00,46.20
2269,311.00,46.20
2270,311.00,46.20
2271,311.00,47.20
2272,311.00,47.20
2273,311.00,47.20
2274,311.00,47.20
2275,311.00,48.20
2276,311.00,48.20
2277,311.00,48.20
2278,311.00,48.20
2279,311.00,49.20
2280,311.00,49.20
2281,311.00,49.20
2282,311.00,50.20
2283,311.00,50.20
2284,311.00,50.20
2285,311.00,51.20
2286,311.00,51.20
2287,311.00,52.20
2288,311.00,53.20
2289,312.00,53.20
2290,312.00,54.20
2291,312.00,54.20
2292,312.00,55.20
2293,312.00,55.20
2294,312.00,55.20
2295,312.00,55.20
2296,312.00,55.20
2297,312.00,57.20
2298,312.00,58.20
2299,312.00,59.20
2300,312.00,59.20
2301,312.00,60.20
2302,312.00,61.20
2303,313.00,61.20
2304,313.00,62.20
2305,313.00,62.20
2306,313.00,62.20
2307,313.00,62.20
2308,313.00,63.20
2309,313.00,63.20
2310,313.00,63.20
2311,313.00,63.20
2312,313.00,63.20
2313,313.00,64.20
2314,313.00,64.20
2315,313.00,64.20
2316,313.00,65.20
2317,313.00,65.20
2318,313.00,65.20
2319,313.00,65.20
2320,313.00,66.20
2321,313.00,66.20
2322,313.00,66.20
2323,314.00,66.20
2324,314.00,67.20
2325,314.00,67.20
2326,314.00,67.20
2327,314.00,67.20
2328,314.00,68.20
2329,314.00,68.20
2330,314.00,68.20
2331,314.00,68.20
2332,314.00,68.20
2333,314.00,69.20
2334,314.00,69.20
2335,314.00,69.20
2336,314.00,69.20
2337,314.00,70.20
2338,314.00,70.20
2339,314.00,70.20
2340,314.00,70.20
2341,314.00,71.20
2342,314.00,71.20
2343,314.00,71.20
2344,314.00,71.20
2345,314.00,71.20
2346,314.00,72.20
2347,314.00,72.20
2348,314.00,73.20
2349,314.00,73.20
2350,315.00,73.20
2351,315.00,74.20
2352,315.00,74.20
2353,315.00,75.20
2354,315.00,75.20
2355,315.00,76.20
2356,315.00,76.20
2357,315.00,77.20
2358,315.00,77.20
2359,315.00,78.20
2360,315.00,79.20
2361,315.00,79.20
2362,315.00,80.20
2363,315.00,81.20
2364,315.00,85.20
2365,315.00,87.20
2366,315.00,88.20
2367,315.00,89.20
2368,315.00,90.20
2369,315.00,91.20
2370,315.00,91.20
2371,316.00,92.20
2372,316.00,92.20
2373,316.00,93.20
2374,316.00,94.20
2375,316.00,94.20
2376,316.00,95.20
2377,316.00,95.20
2378,316.00,96.20
2379,316.00,96.20
2380,316.00,97.20
2381,316.00,98.20
2382,316.00,98.20
2383,317.00,99.20
2384,317.00,99.20
2385,317.00,100.20
2386,317.00,100.20
2387,317.00,101.20
2388,317.00,101.20
2389,317.00,101.20
2390,317.00,102.20
2391,317.00,102.20
2392,317.00,102.20
2393,317.00,103.20
2394,317.00,103.20
2395,317.00,104.20
2396,317.00,104.20
2397,317.00,104.20
2398,317.00,105.20
2399,317.00,105.20
2400,317.00,106.20
2401,317.00,106.20
2402,317.00,106.20
2403,317.00,107.20
2404,317.00,107.20
2405,317.00,108.20
2406,317.00,109.20
2407,318.00,109.20
2408,318.00,110.20
2409,318.00,111.20
2410,318.00,112.20
2411,318.00,114.20
2412,318.00,114.20
2413,318.00,115.20
2414,318.00,115.20
2415,318.00,115.20
2416,318.00,115.20
2417,318.00,117.20
2418,318.00,118.20
2419,318.00,120.20
2420,318.00,121.20
2421,318.00,122.20
2422,318.00,123.20
2423,318.00,124.20
2424,318.00,125.20
2425,318.00,125.20
2426,318.00,126.20
2427,318.00,127.20
2428,318.00,127.20
2429,318.00,128.20
2430,319.00,128.20
2431,319.00,129.20
2432,319.00,129.20
2433,319.00,129.20
2434,319.00,130.20
2435,319.00,130.20
2436,319.00,131.20
2437,319.00,131.20
2438,319.00,132.20
2439,319.00,132.20
2440,319.00,133.20
2441,319.00,133.20
2442,320.00,134.20
2443,320.00,134.20
2444,320.00,135.20
2445,320.00,135.20
2446,320.00,135.20
2447,320.00,136.20
2448,320.00,137.20
2449,320.00,137.20
2450,320.00,137.20
2451,320.00,138.20
2452,320.00,138.20
2453,320.00,138.20
2454,321.00,139.20
2455,321.00,139.20
2456,321.00,139.20
2457,321.00,140.20
2458,321.00,140.20
2459,321.00,140.20
2460,321.00,141.20
2461,321.00,141.20
2462,321.00,142.20
2463,321.00,142.20
2464,321.00,142.20
2465,321.00,143.20
2466,321.00,144.20
2467,321.00,145.20
2468,321.00,146.20
2469,321.00,147.20
2470,321.00,147.20
2471,321.00,148.20
2472,321.00,148.20
2473,321.00,150.20
2474,321.00,151.20
2475,321.00,152.20
2476,321.00,154.20
2477,321.00,155.20
2478,321.00,157.20
2479,321.00,158.20
2480,322.00,159.20
2481,322.00,160.20
2482,322.00,160.20
2483,322.00,161.20
2484,322.00,162.20
2485,322.00,162.20
2486,322.00,162.20
2487,322.00,163.20
2488,323.00,163.20
2489,323.00,163.20
2490,323.00,164.20
2491,323.00,164.20
2492,323.00,164.20
2493,323.00,165.20
2494,323.00,165.20
2495,323.00,165.20
2496,323.00,166.20
2497,323.00,167.20
2498,323.00,167.20
2499,324.00,167.20
2500,324.00,168.20
2501,324.00,168.20
2502,324.00,169.20
2503,324.00,169.20
2504,324.00,169.20
2505,324.00,170.20
2506,324.00,170.20
2507,324.00,170.20
2508,324.00,171.20
2509,324.00,171.20
2510,324.00,171.20
2511,324.00,172.20
2512,324.00,172.20
2513,324.00,172.20
2514,324.00,172.20
2515,324.00,172.20
2516,324.00,173.20
2517,324.00,173.20
2518,324.00,173.20
2519,324.00,173.20
2520,324.00,174.20
2521,324.00,174.20
2522,324.00,175.20
2523,324.00,175.20
2524,324.00,175.20
2525,324.00,176.20
2526,324.00,176.20
2527,324.00,176.20
2528,324.00,176.20
2529,324.00,177.20
2530,324.00,177.20
2531,324.00,177.20
2532,324.00,178.20
2533,324.00,178.20
2534,324.00,178.20
2535,324.00,179.20
2536,324.00,179.20
2537,324.00,180.20
2538,324.00,180.20
2539,325.00,180.20
2540,325.00,181.20
2541,325.00,181.20
2542,325.00,181.20
2543,325.00,181.20
2544,325.00,182.20
2545,325.00,182.20
2546,325.00,182.20
2547,325.00,182.20
2548,325.00,183.20
2549,325.00,183.20
2550,325.00,184.20
2551,325.00,185.20
2552,325.00,186.20
2553,325.00,187.20
2554,325.00,188.20
2555,325.00,188.20
2556,325.00,190.20
2557,325.00,191.20
2558,325.00,191.20
2559,325.00,192.20
2560,325.00,193.20
2561,325.00,193.20
2562,325.00,193.20
2563,325.00,195.20
2564,325.00,196.20
2565,325.00,198.20
2566,325.00,200.20
2567,325.00,202.20
2568,325.00,204.20
2569,325.00,205.20
2570,325.00,206.20
2571,325.00,207.20
2572,325.00,207.20
2573,325.00,208.20
2574,325.00,209.20
2575,325.00,209.20
2576,325.00,210.20
2577,325.00,210.20
2578,325.00,211.20
2579,325.00,211.20
2580,325.00,211.20
2581,325.00,212.20
2582,325.00,212.20
2583,325.00,212.20
2584,325.00,212.20
2585,325.00,213.20
2586,325.00,213.20
2587,325.00,213.20
2588,325.00,214.20
2589,325.00,214.20
2590,326.00,215.20
2591,326.00,215.20
2592,326.00,216.20
2593,326.00,216.20
2594,326.00,217.20
2595,326.00,217.20
2596,326.00,218.20
2597,326.00,218.20
2598,326.00,218.20
2599,327.00,219.20
2600,327.00,219.20
2601,327.00,220.20
2602,327.00,220.20
2603,327.00,220.20
2604,327.00,221.20
2605,327.00,221.20
2606,327.00,221.20
2607,327.00,222.20
2608,327.00,222.20
2609,327.00,222.20
2610,327.00,222.20
2611,327.00,223.20
2612,327.00,223.20
2613,327.00,223.20
2614,327.00,224.20
2615,327.00,224.20
2616,327.00,225.20
2617,327.00,225.20
2618,328.00,226.20
2619,328.00,226.20
2620,328.00,227.20
2621,328.00,227.20
2622,328.00,228.20
2623,328.00,229.20
2624,328.00,229.20
2625,328.00,230.20
2626,328.00,231.20
2627,328.00,232.20
2628,328.00,233.20
2629,329.00,234.20
2630,329.00,235.20
2631,329.00,235.20
2632,329.00,236.20
2633,329.00,237.20
2634,329.00,238.20
2635,329.00,238.20
2636,329.00,239.20
2637,329.00,239.20
2638,329.00,240.20
2639,329.00,240.20
2640,330.00,241.20
2641,330.00,241.20
2642,330.00,242.20
2643,330.00,242.20
2644,330.00,242.20
2645,330.00,243.20
2646,330.00,243.20
2647,330.00,244.20
2648,330.00,244.20
2649,330.00,244.20
2650,330.00,245.20
2651,330.00,245.20
2652,330.00,246.20
2653,330.00,247.20
2654,330.00,247.20
2655,330.00,247.20
2656,330.00,248.20
2657,330.00,248.20
2658,330.00,249.20
2659,330.00,250.20
2660,330.00,251.20
2661,330.00,252.20
2662,330.00,253.20
2663,330.00,253.20
2664,330.00,254.20
2665,330.00,254.20
2666,330.00,255.20
2667,330.00,255.20
2668,330.00,255.20
2669,330.00,255.20
2670,331.00,256.20
2671,331.00,256.20
2672,331.00,256.20
2673,331.00,257.20
2674,331.00,257.20
2675,331.00,257.20
2676,331.00,258.20
2677,331.00,258.20
2678,331.00,259.20
2679,331.00,259.20
2680,331.00,259.20
2681,331.00,259.20
2682,331.00,260.20
2683,331.00,260.20
2684,331.00,260.20
2685,332.00,260.20
2686,332.00,261.20
2687,332.00,261.20
2688,332.00,262.20
2689,332.00,262.20
2690,332.00,262.20
2691,332.00,263.20
2692,332.00,263.20
2693,333.00,263.20
2694,333.00,263.20
2695,333.00,264.20
2696,333.00,264.20
2697,333.00,265.20
2698,333.00,265.20
2699,333.00,265.20
2700,333.00,266.20
2701,333.00,267.20
2702,333.00,267.20
2703,334.00,267.20
2704,334.00,268.20
2705,334.00,268.20
2706,334.00,269.20
2707,334.00,269.20
2708,334.00,270.20
2709,334.00,271.20
2710,334.00,271.20
2711,334.00,272.20
2712,334.00,273.20
2713,335.00,273.20
2714,335.00,273.20
2715,335.00,274.20
2716,335.00,274.20
2717,335.00,275.20
2718,335.00,276.20
2719,335.00,276.20
2720,335.00,277.20
2721,335.00,278.20
2722,335.00,278.20
2723,336.00,279.20
2724,336.00,279.20
2725,336.00,280.20
2726,336.00,280.20
2727,336.00,281.20
2728,336.00,282.20
2729,336.00,283.20
2730,336.00,283.20
2731,336.00,284.20
2732,336.00,284.20
2733,336.00,285.20
2734,336.00,285.20
2735,336.00,286.20
2736,336.00,286.20
2737,337.00,287.20
2738,337.00,288.20
2739,337.00,288.20
2740,337.00,289.20
2741,337.00,290.20
2742,337.00,290.20
2743,337.00,291.20
2744,337.00,291.20
2745,337.00,291.20
2746,337.00,292.20
2747,337.00,292.20
2748,337.00,293.20
2749,338.00,293.20
2750,338.00,293.20
2751,338.00,294.20
2752,338.00,294.20
2753,338.00,295.20
2754,338.00,295.20
2755,338.00,295.20
2756,338.00,296.20
2757,338.00,296.20
2758,338.00,297.20
2759,339.00,297.20
2760,339.00,298.20
2761,339.00,298.20
2762,339.00,298.20
2763,339.00,298.20
2764,339.00,299.20
2765,339.00,299.20
2766,339.00,299.20
2767,339.00,300.20
2768,340.00,300.20
2769,340.00,301.20
2770,340.00,301.20
2771,340.00,302.20
2772,341.00,303.20
2773,341.00,303.20
2774,341.00,303.20
2775,341.00,303.20
2776,341.00,304.20
2777,341.00,304.20
2778,341.00,304.20
2779,341.00,304.20
2780,341.00,304.20
2781,341.00,304.20
2782,341.00,305.20
2783,341.00,305.20
2784,342.00,305.20
2785,342.00,305.20
2786,342.00,306.20
2787,342.00,306.20
2788,342.00,306.20
2789,342.00,306.20
2790,342.00,306.20
2791,342.00,307.20
2792,342.00,307.20
2793,342.00,307.20
2794,343.00,308.20
2795,343.00,308.20
2796,343.00,308.20
2797,343.00,309.20
2798,343.00,309.20
2799,343.00,309.20
2800,343.00,309.20
2801,343.00,309.20
2802,343.00,310.20
2803,343.00,310.20
2804,344.00,310.20
2805,344.00,310.20
2806,344.00,310.20
2807,344.00,311.20
2808,344.00,311.20
2809,344.00,311.20
2810,344.00,311.20
2811,344.00,311.20
2812,344.00,312.20
2813,345.00,312.20
2814,345.00,312.20
2815,345.00,312.20
2816,345.00,312.20
2817,345.00,312.20
2818,345.00,312.20
2819,345.00,312.20
2820,345.00,313.20
2821,345.00,313.20
2822,345.00,313.20
2823,346.00,313.20
2824,346.00,313.20
2825,346.00,313.20
2826,346.00,313.20
2827,346.00,313.20
2828,346.00,314.20
2829,346.00,314.20
2830,346.00,314.20
2831,346.00,314.20
2832,346.00,314.20
2833,346.00,314.20
2834,346.00,314.20
2835,347.00,314.20
2836,347.00,315.20
2837,347.00,315.20
2838,347.00,315.20
2839,347.00,315.20
2840,347.00,315.20
2841,347.00,315.20
2842,348.00,315.20
2843,348.00,315.20
2844,348.00,315.20
2845,348.00,315.20
2846,348.00,315.20
2847,348.00,315.20
2848,348.00,315.20
2849,349.00,315.20
2850,349.00,315.20
2851,349.00,315.20
2852,350.00,315.20
2853,350.00,315.20
2854,350.00,315.20
2855,350.00,315.20
2856,350.00,315.20
2857,351.00,315.20
2858,351.00,315.20
2859,351.00,315.20
2860,351.00,315.20
2861,351.00,315.20
2862,351.00,315.20
2863,351.00,315.20
2864,352.00,315.20
2865,352.00,315.20
2866,352.00,314.20
2867,352.00,314.20
2868,352.00,314.20
2869,352.00,314.20
2870,352.00,314.20
2871,352.00,314.20
2872,353.00,313.20
2873,353.00,313.20
2874,353.00,313.20
2875,353.00,313.20
2876,353.00,313.20
2877,353.00,313.20
2878,353.00,312.20
2879,353.00,312.20
2880,354.00,312.20
2881,354.00,312.20
2882,354.00,312.20
2883,354.00,312.20
2884,354.00,311.20
2885,354.00,311.20
2886,354.00,311.20
2887,355.00,311.20
2888,355.00,311.20
2889,355.00,311.20
2890,355.00,310.20
2891,355.00,310.20
2892,355.00,310.20
2893,355.00,310.20
2894,355.00,310.20
2895,355.00,310.20
2896,355.00,309.20
2897,355.00,309.20
2898,356.00,309.20
2899,356.00,309.20
2900,356.00,309.20
2901,356.00,309.20
2902,356.00,308.20
2903,356.00,308.20
2904,356.00,308.20
2905,356.00,308.20
2906,356.00,308.20
2907,357.00,308.20
2908,357.00,307.20
2909,357.00,307.20
2910,357.00,307.20
2911,357.00,307.20
2912,357.00,306.20
2913,357.00,306.20
2914,357.00,306.20
2915,357.00,306.20
2916,357.00,306.20
2917,357.00,305.20
2918,358.00,305.20
2919,358.00,305.20
2920,358.00,305.20
2921,358.00,304.20
2922,358.00,304.20
2923,358.00,304.20
2924,358.00,304.20
2925,358.00,304.20
2926,358.00,303.20
2927,358.00,303.20
2928,358.00,303.20
2929,359.00,303.20
2930,359.00,302.20
2931,359.00,302.20
2932,359.00,302.20
2933,359.00,302.20
2934,359.00,302.20
2935,359.00,302.20
2936,359.00,301.20
2937,359.00,301.20
2938,359.00,301.20
2939,359.00,301.20
2940,359.00,301.20
2941,359.00,301.20
2942,359.00,300.20
2943,360.00,300.20
2944,360.00,300.20
2945,360.00,300.20
2946,360.00,300.20
2947,360.00,300.20
2948,360.00,299.20
2949,360.00,299.20
2950,360.00,299.20
2951,361.00,298.20
2952,361.00,298.20
2953,361.00,297.20
2954,361.00,297.20
2955,361.00,297.20
2956,361.00,297.20
2957,361.00,296.20
2958,362.00,296.20
2959,362.00,296.20
2960,362.00,296.20
2961,362.00,295.20
2962,362.00,295.20
2963,362.00,295.20
2964,362.00,295.20
2965,362.00,294.20
2966,363.00,294.20
2967,363.00,294.20
2968,363.00,294.20
2969,363.00,293.20
2970,363.00,293.20
2971,363.00,293.20
2972,363.00,293.20
2973,363.00,293.20
2974,363.00,292.20
2975,363.00,292.20
2976,363.00,292.20
2977,363.00,292.20
2978,363.00,292.20
2979,364.00,291.20
2980,364.00,291.20
2981,364.00,290.20
2982,364.00,290.20
2983,364.00,290.20
2984,364.00,290.20
2985,364.00,289.20
2986,365.00,289.20
2987,365.00,289.20
2988,365.00,289.20
2989,365.00,289.20
2990,365.00,289.20
2991,365.00,288.20
2992,365.00,288.20
2993,365.00,288.20
2994,365.00,288.20
2995,366.00,288.20
2996,366.00,288.20
2997,366.00,288.20
2998,366.00,288.20
2999,366.00,288.20
3000,366.00,287.20
3001,366.00,287.20
3002,367.00,287.20
3003,367.00,287.20
3004,367.00,287.20
3005,367.00,287.20
3006,367.00,287.20
3007,367.00,286.20
3008,368.00,286.20
3009,368.00,286.20
3010,368.00,286.20
3011,368.00,286.20
3012,368.00,286.20
3013,368.00,286.20
3014,368.00,286.20
3015,369.00,286.20
3016,369.00,286.20
3017,369.00,286.20
3018,369.00,286.20
3019,370.00,286.20
3020,370.00,285.20
3021,371.00,285.20
3022,371.00,285.20
3023,371.00,285.20
3024,371.00,285.20
3025,371.00,285.20
3026,372.00,285.20
3027,372.00,285.20
3028,372.00,285.20
3029,372.00,285.20
3030,372.00,285.20
3031,373.00,285.20
3032,373.00,285.20
3033,373.00,284.20
3034,373.00,284.20
3035,373.00,284.20
3036,374.00,284.20
3037,374.00,284.20
3038,374.00,284.20
3039,375.00,284.20
3040,375.00,284.20
3041,375.00,283.20
3042,375.00,283.20
3043,376.00,283.20
3044,376.00,283.20
3045,376.00,283.20
3046,376.00,283.20
3047,376.00,283.20
3048,377.00,283.20
3049,377.00,283.20
3050,377.00,283.20
3051,377.00,283.20
3052,377.00,283.20
3053,378.00,283.20
3054,378.00,283.20
3055,378.00,283.20
3056,378.00,283.20
3057,378.00,283.20
3058,379.00,283.20
3059,379.00,283.20
3060,379.00,283.20
3061,379.00,283.20
3062,379.00,283.20
3063,380.00,283.20
3064,380.00,283.20
3065,380.00,283.20
3066,380.00,283.20
3067,380.00,283.20
3068,380.00,283.20
3069,381.00,283.20
3070,381.00,283.20
3071,381.00,283.20
3072,381.00,283.20
3073,381.00,283.20
3074,382.00,283.20
3075,382.00,283.20
3076,382.00,283.20
3077,382.00,283.20
3078,382.00,283.20
3079,383.00,283.20
3080,383.00,283.20
3081,383.00,283.20
3082,383.00,283.20
3083,384.00,283.20
3084,384.00,283.20
3085,384.00,283.20
3086,384.00,283.20
3087,385.00,283.20
3088,385.00,283.20
3089,385.00,283.20
3090,385.00,283.20
3091,385.00,283.20
3092,386.00,283.20
3093,386.00,283.20
3094,386.00,283.20
3095,386.00,283.20
3096,386.00,283.20
3097,387.00,283.20
3098,387.00,283.20
3099,387.00,283.20
3100,387.00,283.20
3101,388.00,283.20
3102,388.00,283.20
3103,388.00,283.20
3104,389.00,283.20
3105,389.00,283.20
3106,390.00,283.20
3107,390.00,283.20
3108,390.00,283.20
3109,391.00,283.20
3110,391.00,283.20
3111,391.00,283.20
3112,391.00,283.20
3113,392.00,283.20
3114,392.00,283.20
3115,392.00,282.20
3116,392.00,282.20
3117,393.00,282.20
3118,393.00,282.20
3119,393.00,282.20
3120,393.00,282.20
3121,393.00,282.20
3122,393.00,282.20
3123,394.00,282.20
3124,394.00,281.20
3125,394.00,281.20
3126,394.00,281.20
3127,394.00,281.20
3128,395.00,281.20
3129,395.00,281.20
3130,395.00,281.20
3131,395.00,280.20
3132,395.00,280.20
3133,396.00,280.20
3134,396.00,280.20
3135,396.00,279.20
3136,396.00,279.20
3137,397.00,279.20
3138,397.00,278.20
3139,397.00,278.20
3140,397.00,276.20
3141,397.00,275.20
3142,397.00,275.20
3143,398.00,274.20
3144,398.00,274.20
3145,398.00,274.20
3146,398.00,273.20
3147,398.00,272.20
3148,398.00,271.20
3149,399.00,270.20
3150,399.00,270.20
3151,399.00,269.20
3152,399.00,268.20
3153,399.00,267.20
3154,400.00,266.20
3155,400.00,265.20
3156,400.00,264.20
3157,400.00,263.20
3158,401.00,262.20
3159,401.00,261.20
3160,401.00,260.20
3161,401.00,260.20
3162,401.00,259.20
3163,401.00,259.20
3164,401.00,257.20
3165,401.00,256.20
3166,401.00,255.20
3167,401.00,254.20
3168,401.00,253.20
3169,402.00,253.20
3170,402.00,252.20
3171,402.00,251.20
3172,402.00,251.20
3173,402.00,250.20
3174,403.00,249.20
3175,403.00,249.20
3176,403.00,248.20
3177,403.00,248.20
3178,403.00,247.20
3179,403.00,247.20
3180,403.00,246.20
3181,404.00,245.20
3182,404.00,244.20
3183,404.00,244.20
3184,404.00,243.20
3185,404.00,242.20
3186,405.00,242.20
3187,405.00,241.20
3188,405.00,240.20
3189,405.00,240.20
3190,405.00,239.20
3191,405.00,238.20
3192,406.00,237.20
3193,406.00,236.20
3194,406.00,235.20
3195,406.00,234.20
3196,406.00,232.20
3197,407.00,229.20
3198,407.00,228.20
3199,407.00,226.20
3200,407.00,225.20
3201,408.00,224.20
3202,408.00,223.20
3203,408.00,222.20
3204,408.00,222.20
3205,409.00,221.20
3206,409.00,220.20
3207,409.00,219.20
3208,409.00,218.20
3209,410.00,216.20
3210,410.00,216.20
3211,410.00,215.20
3212,410.00,215.20
3213,410.00,214.20
3214,410.00,213.20
3215,411.00,211.20
3216,411.00,210.20
3217,411.00,210.20
3218,411.00,207.20
3219,411.00,206.20
3220,411.00,205.20
3221,412.00,204.20
3222,412.00,204.20
3223,412.00,203.20
3224,412.00,203.20
3225,412.00,202.20
3226,412.00,201.20
3227,412.00,201.20
3228,413.00,200.20
3229,413.00,200.20
3230,413.00,199.20
3231,413.00,199.20
3232,413.00,197.20
3233,413.00,195.20
3234,414.00,193.20
3235,414.00,192.20
3236,414.00,191.20
3237,415.00,190.20
3238,415.00,190.20
3239,415.00,188.20
3240,415.00,186.20
3241,415.00,182.20
3242,415.00,180.20
3243,415.00,179.20
3244,415.00,178.20
3245,415.00,177.20
3246,415.00,176.20
3247,415.00,175.20
3248,415.00,174.20
3249,415.00,174.20
3250,415.00,173.20
3251,416.00,170.20
3252,416.00,169.20
3253,416.00,168.20
3254,416.00,167.20
3255,416.00,167.20
3256,416.00,167.20
3257,416.00,166.20
3258,416.00,166.20
3259,416.00,165.20
3260,416.00,162.20
3261,416.00,160.20
3262,417.00,158.20
3263,417.00,155.20
3264,417.00,155.20
3265,417.00,153.20
3266,418.00,152.20
3267,418.00,151.20
3268,418.00,150.20
3269,418.00,150.20
3270,418.00,150.20
3271,418.00,149.20
3272,418.00,149.20
3273,419.00,148.20
3274,419.00,148.20
3275,419.00,147.20
3276,419.00,147.20
3277,419.00,147.20
3278,419.00,144.20
3279,419.00,141.20
3280,420.00,137.20
3281,420.00,135.20
3282,420.00,133.20
3283,420.00,132.20
3284,420.00,132.20
3285,420.00,131.20
3286,421.00,130.20
3287,421.00,129.20
3288,421.00,128.20
3289,421.00,128.20
3290,421.00,128.20
3291,421.00,128.20
3292,421.00,127.20
3293,421.00,123.20
3294,421.00,120.20
3295,421.00,118.20
3296,421.00,116.20
3297,421.00,115.20
3298,421.00,114.20
3299,421.00,113.20
3300,421.00,113.20
3301,421.00,112.20
3302,422.00,111.20
3303,422.00,111.20
3304,422.00,110.20
3305,422.00,110.20
3306,422.00,110.20
3307,422.00,110.20
3308,422.00,110.20
3309,422.00,109.20
3310,422.00,109.20
3311,422.00,106.20
3312,422.00,103.20
3313,423.00,99.20
3314,423.00,96.20
3315,424.00,93.20
3316,424.00,91.20
3317,424.00,90.20
3318,424.00,89.20
3319,425.00,88.20
3320,425.00,87.20
3321,425.00,85.20
3322,425.00,84.20
3323,426.00,83.20
3324,426.00,83.20
3325,426.00,83.20
3326,426.00,79.20
3327,426.00,76.20
3328,427.00,73.20
3329,427.00,71.20
3330,427.00,70.20
3331,427.00,69.20
3332,427.00,67.20
3333,427.00,66.20
3334,428.00,65.20
3335,428.00,64.20
3336,428.00,63.20
3337,428.00,61.20
3338,428.00,61.20
3339,428.00,60.20
3340,429.00,59.20
3341,429.00,59.20
3342,429.00,58.20
3343,429.00,58.20
3344,429.00,58.20
3345,429.00,58.20
3346,429.00,57.20
3347,429.00,56.20
3348,429.00,55.20
3349,429.00,52.20
3350,429.00,51.20
3351,430.00,50.20
3352,430.00,49.20
3353,430.00,49.20
3354,430.00,49.20
3355,430.00,49.20
3356,430.00,48.20
3357,430.00,48.20
3358,430.00,48.20
3359,430.00,48.20
3360,430.00,48.20
3361,430.00,48.20
3362,430.00,47.20
3363,430.00,47.20
3364,430.00,47.20
3365,430.00,47.20
3366,431.00,47.20
3367,431.00,46.20
3368,431.00,46.20
3369,431.00,45.20
3370,431.00,45.20
3371,431.00,45.20
3372,431.00,45.20
3373,431.00,44.20
3374,431.00,44.20
3375,431.00,44.20
3376,431.00,44.20
3377,431.00,44.20
3378,431.00,43.20
3379,431.00,43.20
3380,431.00,43.20
3381,431.00,43.20
3382,431.00,43.20
3383,431.00,43.20
3384,431.00,42.20
3385,431.00,42.20
3386,431.00,42.20
3387,431.00,42.20
3388,431.00,42.20
3389,431.00,42.20
3390,431.00,42.20
3391,431.00,41.20
3392,431.00,41.20
3393,431.00,41.20
3394,431.00,41.20
3395,431.00,41.20
3396,432.00,41.20
3397,432.00,41.20
3398,432.00,41.20
3399,432.00,41.20
3400,433.00,41.20
3401,433.00,41.20
3402,433.00,41.20
3403,433.00,41.20
3404,433.00,41.20
3405,434.00,41.20
3406,434.00,41.20
3407,434.00,41.20
3408,434.00,41.20
3409,435.00,41.20
3410,435.00,41.20
3411,436.00,41.20
3412,436.00,41.20
3413,437.00,41.20
3414,437.00,41.20
3415,438.00,41.20
3416,438.00,41.20
3417,438.00,41.20
3418,438.00,41.20
3419,439.00,41.20
3420,440.00,41.20
3421,441.00,41.20
3422,442.00,41.20
3423,443.00,41.20
3424,443.00,41.20
3425,444.00,41.20
3426,444.00,41.20
3427,444.00,41.20
3428,444.00,41.20
3429,445.00,41.20
3430,445.00,41.20
3431,445.00,41.20
3432,446.00,41.20
3433,446.00,41.20
3434,446.00,41.20
3435,447.00,41.20
3436,447.00,41.20
3437,447.00,41.20
3438,447.00,41.20
3439,447.00,41.20
3440,448.00,41.20
3441,448.00,41.20
3442,448.00,41.20
3443,448.00,41.20
3444,449.00,41.20
3445,449.00,41.20
3446,449.00,41.20
3447,450.00,41.20
3448,450.00,41.20
3449,450.00,41.20
3450,450.00,40.20
3451,450.00,40.20
3452,451.00,40.20
3453,451.00,40.20
3454,451.00,40.20
3455,452.00,40.20
3456,452.00,40.20
3457,452.00,40.20
3458,453.00,40.20
3459,453.00,40.20
3460,453.00,40.20
3461,453.00,40.20
3462,453.00,40.20
3463,453.00,40.20
3464,454.00,40.20
3465,454.00,40.20
3466,454.00,40.20
3467,454.00,40.20
3468,454.00,40.20
3469,455.00,40.20
3470,455.00,40.20
3471,455.00,40.20
3472,455.00,40.20
3473,455.00,41.20
3474,455.00,41.20
3475,455.00,41.20
3476,456.00,41.20
3477,456.00,41.20
3478,456.00,41.20
3479,456.00,41.20
3480,456.00,41.20
3481,457.00,42.20
3482,457.00,42.20
3483,457.00,42.20
3484,457.00,42.20
3485,457.00,42.20
3486,457.00,42.20
3487,457.00,42.20
3488,457.00,43.20
3489,457.00,43.20
3490,458.00,43.20
3491,458.00,44.20
3492,458.00,44.20
3493,458.00,44.20
3494,458.00,44.20
3495,458.00,45.20
3496,458.00,45.20
3497,458.00,46.20
3498,458.00,46.20
3499,458.00,47.20
3500,458.00,47.20
3501,458.00,48.20
3502,458.00,48.20
3503,459.00,49.20
3504,459.00,49.20
3505,459.00,50.20
3506,459.00,50.20
3507,459.00,50.20
3508,459.00,51.20
3509,459.00,51.20
3510,459.00,52.20
3511,459.00,52.20
3512,459.00,53.20
3513,459.00,54.20
3514,459.00,55.20
3515,459.00,56.20
3516,459.00,57.20
3517,459.00,59.20
3518,459.00,60.20
3519,459.00,61.20
3520,459.00,62.20
3521,459.00,63.20
3522,459.00,63.20
3523,459.00,64.20
3524,459.00,65.20
3525,459.00,66.20
3526,459.00,66.20
3527,460.00,67.20
3528,460.00,67.20
3529,460.00,68.20
3530,460.00,68.20
3531,460.00,69.20
3532,460.00,70.20
3533,460.00,71.20
3534,460.00,71.20
3535,460.00,71.20
3536,460.00,72.20
3537,461.00,73.20
3538,461.00,74.20
3539,461.00,75.20
3540,461.00,76.20
3541,461.00,77.20
3542,461.00,77.20
3543,461.00,77.20
3544,461.00,78.20
3545,461.00,79.20
3546,462.00,79.20
3547,462.00,80.20
3548,462.00,81.20
3549,462.00,82.20
3550,462.00,84.20
3551,462.00,86.20
3552,462.00,87.20
3553,462.00,88.20
3554,462.00,89.20
3555,462.00,90.20
3556,462.00,91.20
3557,462.00,92.20
3558,462.00,94.20
3559,462.00,95.20
3560,462.00,96.20
3561,462.00,96.20
3562,462.00,97.20
3563,462.00,97.20
3564,462.00,98.20
3565,462.00,98.20
3566,462.00,98.20
3567,463.00,99.20
3568,463.00,99.20
3569,463.00,100.20
3570,463.00,100.20
3571,463.00,101.20
3572,463.00,101.20
3573,463.00,102.20
3574,463.00,103.20
3575,463.00,104.20
3576,463.00,105.20
3577,463.00,106.20
3578,463.00,106.20
3579,463.00,107.20
3580,463.00,108.20
3581,463.00,109.20
3582,463.00,110.20
3583,464.00,112.20
3584,464.00,113.20
3585,464.00,114.20
3586,464.00,115.20
3587,464.00,115.20
3588,464.00,115.20
3589,464.00,116.20
3590,464.00,117.20
3591,464.00,121.20
3592,465.00,123.20
3593,465.00,125.20
3594,466.00,126.20
3595,466.00,127.20
3596,466.00,128.20
3597,467.00,129.20
3598,467.00,129.20
3599,467.00,130.20
3600,467.00,130.20
3601,467.00,130.20
3602,467.00,131.20
3603,468.00,132.20
3604,468.00,132.20
3605,468.00,133.20
3606,468.00,133.20
3607,468.00,133.20
3608,468.00,134.20
3609,468.00,134.20
3610,468.00,135.20
3611,469.00,136.20
3612,469.00,136.20
3613,469.00,137.20
3614,469.00,138.20
3615,469.00,139.20
3616,469.00,140.20
3617,469.00,140.20
3618,469.00,141.20
3619,469.00,142.20
3620,470.00,143.20
3621,470.00,144.20
3622,470.00,145.20
3623,470.00,146.20
3624,470.00,147.20
3625,470.00,148.20
3626,470.00,149.20
3627,471.00,150.20
3628,471.00,150.20
3629,471.00,150.20
3630,471.00,151.20
3631,471.00,152.20
3632,471.00,155.20
3633,471.00,159.20
3634,470.00,162.20
3635,470.00,165.20
3636,470.00,166.20
3637,470.00,167.20
3638,470.00,167.20
3639,470.00,168.20
3640,470.00,169.20
3641,470.00,170.20
3642,470.00,171.20
3643,470.00,172.20
3644,470.00,173.20
3645,470.00,174.20
3646,470.00,174.20
3647,470.00,175.20
3648,470.00,176.20
3649,470.00,177.20
3650,470.00,178.20
3651,470.00,179.20
3652,470.00,179.20
3653,470.00,180.20
3654,470.00,180.20
3655,470.00,182.20
3656,470.00,183.20
3657,471.00,184.20
3658,471.00,185.20
3659,471.00,187.20
3660,471.00,188.20
3661,471.00,188.20
3662,471.00,189.20
3663,471.00,189.20
3664,472.00,190.20
3665,472.00,190.20
3666,472.00,191.20
3667,472.00,191.20
3668,472.00,191.20
3669,472.00,192.20
3670,472.00,195.20
3671,472.00,198.20
3672,472.00,200.20
3673,472.00,202.20
3674,472.00,203.20
3675,472.00,204.20
3676,473.00,205.20
3677,473.00,207.20
3678,473.00,208.20
3679,473.00,209.20
3680,473.00,210.20
3681,473.00,211.20
3682,474.00,212.20
3683,474.00,213.20
3684,474.00,213.20
3685,474.00,214.20
3686,474.00,214.20
3687,474.00,215.20
3688,474.00,216.20
3689,474.00,216.20
3690,474.00,217.20
3691,475.00,218.20
3692,475.00,218.20
3693,475.00,219.20
3694,475.00,219.20
3695,475.00,219.20
3696,475.00,220.20
3697,475.00,220.20
3698,475.00,220.20
3699,475.00,221.20
3700,475.00,221.20
3701,475.00,222.20
3702,476.00,222.20
3703,476.00,223.20
3704,476.00,223.20
3705,476.00,223.20
3706,476.00,228.20
3707,476.00,230.20
3708,476.00,232.20
3709,476.00,233.20
3710,476.00,234.20
3711,476.00,235.20
3712,476.00,235.20
3713,477.00,236.20
3714,477.00,236.20
3715,477.00,237.20
3716,477.00,237.20
3717,477.00,238.20
3718,477.00,238.20
3719,477.00,239.20
3720,478.00,239.20
3721,478.00,240.20
3722,478.00,240.20
3723,478.00,241.20
3724,478.00,242.20
3725,479.00,242.20
3726,479.00,242.20
3727,479.00,243.20
3728,479.00,243.20
3729,479.00,244.20
3730,479.00,244.20
3731,479.00,245.20
3732,479.00,245.20
3733,480.00,246.20
3734,480.00,246.20
3735,480.00,246.20
3736,480.00,247.20
3737,480.00,247.20
3738,480.00,248.20
3739,480.00,250.20
3740,480.00,251.20
3741,480.00,252.20
3742,480.00,252.20
3743,481.00,253.20
3744,481.00,253.20
3745,481.00,253.20
3746,481.00,253.20
3747,481.00,255.20
3748,481.00,256.20
3749,481.00,256.20
3750,481.00,257.20
3751,481.00,258.20
3752,482.00,259.20
3753,482.00,259.20
3754,482.00,259.20
3755,482.00,260.20
3756,482.00,261.20
3757,483.00,261.20
3758,483.00,262.20
3759,483.00,262.20
3760,483.00,263.20
3761,483.00,263.20
3762,483.00,264.20
3763,483.00,264.20
3764,483.00,264.20
3765,483.00,265.20
3766,483.00,265.20
3767,484.00,265.20
3768,484.00,266.20
3769,484.00,266.20
3770,484.00,267.20
3771,484.00,267.20
3772,484.00,268.20
3773,485.00,268.20
3774,485.00,268.20
3775,485.00,269.20
3776,485.00,270.20
3777,485.00,270.20
3778,485.00,271.20
3779,486.00,271.20
3780,486.00,271.20
3781,486.00,272.20
3782,486.00,273.20
3783,486.00,273.20
3784,486.00,274.20
3785,486.00,274.20
3786,486.00,275.20
3787,486.00,276.20
3788,486.00,276.20
3789,487.00,276.20
3790,487.00,276.20
3791,487.00,278.20
3792,487.00,280.20
3793,487.00,281.20
3794,488.00,281.20
3795,488.00,282.20
3796,488.00,282.20
3797,488.00,283.20
3798,488.00,284.20
3799,489.00,284.20
3800,489.00,285.20
3801,489.00,285.20
3802,489.00,285.20
3803,489.00,286.20
3804,489.00,286.20
3805,489.00,286.20
3806,489.00,286.20
3807,489.00,287.20
3808,489.00,287.20
3809,489.00,287.20
3810,489.00,287.20
3811,490.00,287.20
3812,490.00,288.20
3813,490.00,288.20
3814,490.00,288.20
3815,490.00,288.20
3816,490.00,289.20
3817,491.00,289.20
3818,491.00,290.20
3819,491.00,290.20
3820,491.00,290.20
3821,491.00,291.20
3822,492.00,291.20
3823,492.00,291.20
3824,492.00,291.20
3825,492.00,291.20
3826,492.00,291.20
3827,492.00,292.20
3828,492.00,292.20
3829,492.00,292.20
3830,493.00,293.20
3831,493.00,293.20
3832,493.00,293.20
3833,493.00,293.20
3834,493.00,293.20
3835,493.00,293.20
3836,493.00,293.20
3837,493.00,293.20
3838,493.00,294.20
3839,494.00,294.20
3840,494.00,294.20
3841,494.00,294.20
3842,494.00,294.20
3843,494.00,294.20
3844,494.00,294.20
3845,494.00,294.20
3846,495.00,295.20
3847,495.00,295.20
3848,495.00,295.20
3849,495.00,295.20
3850,495.00,295.20
3851,496.00,295.20
3852,496.00,295.20
3853,496.00,295.20
3854,496.00,296.20
3855,496.00,296.20
3856,497.00,296.20
3857,497.00,296.20
3858,497.00,296.20
3859,498.00,296.20
3860,498.00,296.20
3861,498.00,296.20
3862,498.00,296.20
3863,499.00,296.20
3864,499.00,296.20
3865,499.00,296.20
3866,499.00,296.20
3867,499.00,296.20
3868,500.00,296.20
3869,500.00,296.20
3870,500.00,296.20
3871,500.00,296.20
3872,500.00,295.20
3873,501.00,295.20
3874,501.00,295.20
3875,501.00,295.20
3876,501.00,295.20
3877,501.00,295.20
3878,501.00,295.20
3879,501.00,295.20
3880,501.00,295.20
3881,502.00,295.20
3882,502.00,295.20
3883,502.00,294.20
3884,502.00,294.20
3885,502.00,294.20
3886,502.00,294.20
3887,503.00,294.20
3888,503.00,294.20
3889,503.00,294.20
3890,503.00,294.20
3891,503.00,293.20
3892,503.00,293.20
3893,503.00,293.20
3894,503.00,293.20
3895,504.00,293.20
3896,504.00,293.20
3897,504.00,293.20
3898,504.00,293.20
3899,504.00,292.20
3900,504.00,292.20
3901,505.00,292.20
3902,505.00,292.20
3903,505.00,292.20
3904,505.00,292.20
3905,505.00,292.20
3906,505.00,292.20
3907,506.00,292.20
3908,506.00,291.20
3909,506.00,291.20
3910,506.00,291.20
3911,506.00,291.20
3912,506.00,291.20
3913,506.00,291.20
3914,506.00,291.20
3915,507.00,291.20
3916,507.00,290.20
3917,507.00,290.20
3918,507.00,290.20
3919,507.00,290.20
3920,507.00,290.20
3921,507.00,290.20
3922,508.00,290.20
3923,508.00,290.20
3924,508.00,290.20
3925,508.00,289.20
3926,508.00,289.20
3927,509.00,289.20
3928,509.00,289.20
3929,509.00,289.20
3930,509.00,289.20
3931,509.00,289.20
3932,510.00,289.20
3933,510.00,288.20
3934,510.00,288.20
3935,510.00,288.20
3936,510.00,288.20
3937,510.00,288.20
3938,510.00,288.20
3939,511.00,288.20
3940,511.00,288.20
3941,511.00,288.20
3942,511.00,288.20
3943,511.00,288.20
3944,512.00,288.20
3945,512.00,287.20
3946,512.00,287.20
3947,512.00,287.20
3948,512.00,287.20
3949,512.00,287.20
3950,513.00,287.20
3951,513.00,287.20
3952,513.00,287.20
3953,513.00,287.20
3954,513.00,287.20
3955,514.00,287.20
3956,514.00,287.20
3957,514.00,287.20
3958,514.00,287.20
3959,514.00,287.20
3960,514.00,287.20
3961,515.00,287.20
3962,515.00,287.20
3963,515.00,287.20
3964,515.00,287.20
3965,515.00,287.20
3966,516.00,287.20
3967,516.00,287.20
3968,516.00,287.20
3969,516.00,287.20
3970,516.00,287.20
3971,516.00,287.20
3972,517.00,287.20
3973,517.00,287.20
3974,517.00,287.20
3975,517.00,287.20
3976,517.00,287.20
3977,518.00,287.20
3978,518.00,287.20
3979,518.00,287.20
3980,518.00,287.20
3981,519.00,287.20
3982,519.00,287.20
3983,520.00,287.20
3984,520.00,287.20
3985,520.00,288.20
3986,521.00,288.20
3987,521.00,288.20
3988,521.00,288.20
3989,521.00,288.20
3990,521.00,288.20
3991,521.00,288.20
3992,522.00,288.20
3993,522.00,289.20
3994,523.00,289.20
3995,523.00,289.20
3996,523.00,290.20
3997,524.00,290.20
3998,524.00,290.20
3999,524.00,291.20
4000,525.00,291.20
4001,525.00,291.20
4002,525.00,291.20
4003,525.00,291.20
4004,526.00,292.20
4005,526.00,292.20
4006,526.00,292.20
4007,526.00,292.20
4008,526.00,292.20
4009,526.00,292.20
4010,527.00,292.20
4011,527.00,293.20
4012,527.00,293.20
4013,527.00,293.20
4014,527.00,293.20
4015,527.00,294.20
4016,528.00,294.20
4017,528.00,294.20
4018,528.00,294.20
4019,528.00,294.20
4020,529.00,295.20
4021,529.00,295.20
4022,529.00,295.20
4023,529.00,295.20
4024,530.00,295.20
4025,530.00,296.20
4026,530.00,296.20
4027,530.00,296.20
4028,530.00,296.20
4029,530.00,296.20
4030,531.00,296.20
4031,531.00,297.20
4032,531.00,297.20
4033,531.00,297.20
4034,532.00,297.20
4035,532.00,297.20
4036,532.00,297.20
4037,532.00,298.20
4038,533.00,298.20
4039,533.00,298.20
4040,533.00,298.20
4041,533.00,298.20
4042,533.00,298.20
4043,534.00,298.20
4044,534.00,299.20
4045,534.00,299.20
4046,534.00,299.20
4047,534.00,299.20
4048,535.00,299.20
4049,535.00,299.20
4050,535.00,299.20
4051,535.00,300.20
4052,535.00,300.20
4053,535.00,300.20
4054,536.00,300.20
4055,536.00,300.20
4056,536.00,300.20
4057,536.00,300.20
4058,536.00,300.20
4059,537.00,300.20
4060,537.00,301.20
4061,537.00,301.20
4062,537.00,301.20
4063,537.00,301.20
4064,538.00,301.20
4065,538.00,301.20
4066,538.00,301.20
4067,538.00,301.20
4068,538.00,301.20
4069,538.00,301.20
4070,539.00,301.20
4071,539.00,301.20
4072,539.00,301.20
4073,539.00,302.20
4074,539.00,302.20
4075,539.00,302.20
4076,540.00,302.20
4077,540.00,302.20
4078,540.00,302.20
4079,540.00,302.20
4080,540.00,302.20
4081,540.00,302.20
4082,540.00,302.20
4083,540.00,302.20
4084,541.00,302.20
4085,541.00,302.20
4086,541.00,302.20
4087,541.00,302.20
4088,541.00,302.20
4089,542.00,302.20
4090,542.00,302.20
4091,542.00,302.20
4092,542.00,302.20
4093,542.00,302.20
4094,543.00,302.20
4095,543.00,302.20
4096,543.00,302.20
4097,543.00,302.20
4098,543.00,302.20
4099,543.00,302.20
4100,543.00,302.20
4101,544.00,301.20
4102,544.00,301.20
4103,544.00,301.20
4104,544.00,301.20
4105,545.00,299.20
4106,545.00,298.20
4107,545.00,298.20
4108,545.00,296.20
4109,545.00,295.20
4110,546.00,294.20
4111,546.00,294.20
4112,546.00,293.20
4113,547.00,293.20
4114,547.00,292.20
4115,547.00,292.20
4116,547.00,292.20
4117,548.00,291.20
4118,548.00,291.20
4119,548.00,291.20
4120,548.00,290.20
4121,548.00,290.20
4122,548.00,290.20
4123,549.00,289.20
4124,549.00,289.20
4125,549.00,289.20
4126,549.00,289.20
4127,549.00,288.20
4128,549.00,288.20
4129,549.00,288.20
4130,549.00,288.20
4131,549.00,287.20
4132,550.00,287.20
4133,550.00,287.20
4134,550.00,286.20
4135,550.00,285.20
4136,550.00,284.20
4137,550.00,284.20
4138,550.00,283.20
4139,551.00,282.20
4140,551.00,281.20
4141,551.00,281.20
4142,551.00,279.20
4143,551.00,277.20
4144,551.00,275.20
4145,552.00,273.20
4146,553.00,271.20
4147,553.00,269.20
4148,554.00,268.20
4149,554.00,267.20
4150,554.00,266.20
4151,554.00,265.20
4152,554.00,264.20
4153,555.00,263.20
4154,555.00,263.20
4155,555.00,262.20
4156,555.00,261.20
4157,556.00,260.20
4158,556.00,259.20
4159,556.00,259.20
4160,556.00,258.20
4161,556.00,258.20
4162,556.00,257.20
4163,556.00,256.20
4164,557.00,255.20
4165,557.00,254.20
4166,557.00,253.20
4167,557.00,253.20
4168,557.00,252.20
4169,557.00,250.20
4170,558.00,248.20
4171,558.00,247.20
4172,558.00,246.20
4173,558.00,244.20
4174,558.00,241.20
4175,558.00,239.20
4176,559.00,236.20
4177,559.00,233.20
4178,559.00,232.20
4179,559.00,231.20
4180,559.00,230.20
4181,560.00,229.20
4182,560.00,228.20
4183,560.00,226.20
4184,561.00,224.20
4185,561.00,222.20
4186,561.00,221.20
4187,561.00,220.20
4188,561.00,219.20
4189,561.00,217.20
4190,561.00,215.20
4191,561.00,212.20
4192,562.00,209.20
4193,562.00,208.20
4194,562.00,207.20
4195,562.00,205.20
4196,562.00,201.20
4197,563.00,197.20
4198,563.00,194.20
4199,563.00,191.20
4200,564.00,189.20
4201,564.00,187.20
4202,565.00,184.20
4203,565.00,181.20
4204,566.00,178.20
4205,566.00,177.20
4206,566.00,176.20
4207,566.00,175.20
4208,566.00,174.20
4209,567.00,172.20
4210,567.00,172.20
4211,567.00,169.20
4212,567.00,166.20
4213,567.00,161.20
4214,567.00,157.20
4215,568.00,155.20
4216,568.00,152.20
4217,568.00,149.20
4218,568.00,145.20
4219,568.00,143.20
4220,569.00,142.20
4221,569.00,140.20
4222,569.00,139.20
4223,569.00,138.20
4224,569.00,138.20
4225,569.00,137.20
4226,569.00,137.20
4227,569.00,136.20
4228,570.00,135.20
4229,570.00,133.20
4230,570.00,129.20
4231,570.00,125.20
4232,570.00,122.20
4233,570.00,119.20
4234,570.00,118.20
4235,570.00,117.20
4236,570.00,116.20
4237,570.00,115.20
4238,570.00,113.20
4239,571.00,111.20
4240,571.00,110.20
4241,571.00,108.20
4242,571.00,108.20
4243,571.00,106.20
4244,571.00,105.20
4245,571.00,105.20
4246,571.00,101.20
4247,571.00,97.20
4248,572.00,92.20
4249,573.00,87.20
4250,573.00,84.20
4251,573.00,81.20
4252,574.00,81.20
4253,574.00,81.20
4254,574.00,80.20
4255,574.00,79.20
4256,574.00,78.20
4257,574.00,77.20
4258,575.00,75.20
4259,575.00,73.20
4260,575.00,71.20
4261,576.00,68.20
4262,576.00,65.20
4263,577.00,64.20
4264,577.00,63.20
4265,577.00,63.20
4266,577.00,62.20
4267,577.00,62.20
4268,577.00,62.20
4269,577.00,61.20
4270,577.00,60.20
4271,577.00,60.20
4272,577.00,59.20
4273,577.00,58.20
4274,578.00,57.20
4275,578.00,57.20
4276,578.00,56.20
4277,578.00,55.20
4278,578.00,55.20
4279,578.00,55.20
4280,578.00,55.20
4281,578.00,54.20
4282,578.00,54.20
4283,578.00,53.20
4284,579.00,53.20
4285,579.00,52.20
4286,579.00,52.20
4287,579.00,52.20
4288,579.00,51.20
4289,579.00,51.20
4290,579.00,51.20
4291,579.00,51.20
4292,579.00,51.20
4293,579.00,50.20
4294,579.00,50.20
4295,579.00,50.20
4296,579.00,49.20
4297,579.00,49.20
4298,579.00,49.20
4299,579.00,48.20
4300,579.00,48.20
4301,579.00,48.20
4302,579.00,48.20
4303,579.00,48.20
4304,579.00,48.20
4305,579.00,47.20
4306,580.00,47.20
4307,580.00,47.20
4308,580.00,47.20
4309,580.00,47.20
4310,580.00,47.20
4311,580.00,46.20
4312,580.00,46.20
4313,580.00,46.20
4314,580.00,46.20
4315,580.00,46.20
4316,580.00,46.20
4317,580.00,46.20
4318,580.00,45.20
4319,580.00,45.20
4320,580.00,45.20
4321,580.00,45.20
4322,580.00,44.20
4323,580.00,44.20
4324,580.00,44.20
4325,580.00,44.20
4326,580.00,44.20
4327,580.00,43.20
4328,580.00,43.20
4329,580.00,43.20
4330,580.00,43.20
4331,580.00,42.20
4332,580.00,42.20
4333,580.00,42.20
4334,580.00,42.20
4335,580.00,42.20
4336,580.00,41.20
4337,581.00,41.20
4338,581.00,41.20
4339,581.00,41.20
4340,581.00,41.20
4341,581.00,41.20
4342,582.00,41.20
4343,582.00,41.20
4344,583.00,41.20
4345,583.00,41.20
4346,583.00,41.20
4347,584.00,41.20
4348,584.00,41.20
4349,585.00,41.20
4350,585.00,41.20
4351,585.00,41.20
4352,585.00,41.20
4353,586.00,41.20
4354,586.00,41.20
4355,586.00,41.20
4356,586.00,41.20
4357,586.00,41.20
4358,587.00,41.20
4359,587.00,41.20
4360,587.00,41.20
4361,587.00,41.20
4362,587.00,41.20
4363,588.00,41.20
4364,588.00,41.20
4365,588.00,41.20
4366,588.00,41.20
4367,589.00,41.20
4368,589.00,41.20
4369,589.00,41.20
4370,590.00,41.20
4371,590.00,41.20
4372,590.00,41.20
4373,591.00,41.20
4374,591.00,41.20
4375,591.00,41.20
4376,592.00,41.20
4377,592.00,41.20
4378,592.00,41.20
4379,593.00,41.20
4380,593.00,41.20
4381,593.00,41.20
4382,594.00,41.20
4383,594.00,41.20
4384,594.00,41.20
4385,594.00,41.20
4386,595.00,41.20
4387,595.00,41.20
4388,596.00,41.20
4389,596.00,41.20
4390,596.00,40.20
4391,596.00,40.20
4392,597.00,40.20
4393,597.00,40.20
4394,597.00,40.20
4395,597.00,40.20
4396,597.00,40.20
4397,598.00,40.20
4398,598.00,40.20
4399,598.00,40.20
4400,598.00,40.20
4401,598.00,40.20
4402,599.00,40.20
4403,599.00,40.20
4404,599.00,40.20
4405,599.00,40.20
4406,599.00,40.20
4407,600.00,40.20
4408,600.00,40.20
4409,600.00,40.20
4410,600.00,40.20
4411,600.00,40.20
4412,601.00,40.20
4413,601.00,40.20
4414,601.00,40.20
4415,601.00,40.20
4416,601.00,40.20
4417,601.00,40.20
4418,601.00,40.20
4419,601.00,41.20
4420,601.00,41.20
4421,601.00,41.20
4422,602.00,41.20
4423,602.00,41.20
4424,602.00,41.20
4425,602.00,42.20
4426,602.00,42.20
4427,603.00,42.20
4428,603.00,42.20
4429,603.00,42.20
4430,603.00,43.20
4431,603.00,43.20
4432,603.00,43.20
4433,603.00,43.20
4434,604.00,43.20
4435,604.00,43.20
4436,604.00,43.20
4437,604.00,44.20
4438,604.00,44.20
4439,604.00,44.20
4440,604.00,44.20
4441,604.00,44.20
4442,604.00,44.20
4443,605.00,44.20
4444,605.00,44.20
4445,605.00,44.20
4446,605.00,44.20
4447,605.00,45.20
4448,605.00,45.20
4449,605.00,45.20
4450,605.00,46.20
4451,605.00,46.20
4452,606.00,47.20
4453,606.00,47.20
4454,606.00,48.20
4455,606.00,48.20
4456,606.00,49.20
4457,606.00,49.20
4458,606.00,49.20
4459,606.00,50.20
4460,606.00,51.20
4461,606.00,52.20
4462,606.00,53.20
4463,606.00,54.20
4464,607.00,54.20
4465,607.00,56.20
4466,607.00,56.20
4467,607.00,57.20
4468,607.00,58.20
4469,607.00,58.20
4470,607.00,59.20
4471,607.00,60.20
4472,608.00,60.20
4473,608.00,60.20
4474,608.00,61.20
4475,608.00,61.20
4476,608.00,62.20
4477,608.00,62.20
4478,608.00,63.20
4479,608.00,63.20
4480,608.00,64.20
4481,608.00,64.20
4482,608.00,65.20
4483,608.00,65.20
4484,608.00,66.20
4485,608.00,66.20
4486,608.00,67.20
4487,609.00,68.20
4488,609.00,68.20
4489,609.00,69.20
4490,609.00,70.20
4491,609.00,70.20
4492,609.00,72.20
4493,609.00,73.20
4494,609.00,74.20
4495,609.00,74.20
4496,609.00,75.20
4497,609.00,75.20
4498,609.00,76.20
4499,609.00,77.20
4500,610.00,77.20
4501,610.00,78.20
4502,610.00,79.20
4503,610.00,79.20
4504,610.00,80.20
4505,610.00,80.20
4506,610.00,81.20
4507,610.00,81.20
4508,610.00,82.20
4509,610.00,82.20
4510,610.00,83.20
4511,611.00,84.20
4512,611.00,85.20
4513,611.00,86.20
4514,611.00,87.20
4515,611.00,88.20
4516,611.00,88.20
4517,611.00,89.20
4518,612.00,90.20
4519,612.00,92.20
4520,612.00,93.20
4521,612.00,95.20
4522,612.00,96.20
4523,612.00,98.20
4524,612.00,99.20
4525,612.00,100.20
4526,612.00,102.20
4527,612.00,102.20
4528,612.00,103.20
4529,612.00,105.20
4530,612.00,108.20
4531,612.00,113.20
4532,612.00,115.20
4533,612.00,116.20
4534,612.00,116.20
4535,612.00,117.20
4536,612.00,118.20
4537,612.00,119.20
4538,612.00,121.20
4539,613.00,123.20
4540,613.00,124.20
4541,613.00,125.20
4542,613.00,126.20
4543,613.00,127.20
4544,613.00,127.20
4545,613.00,128.20
4546,613.00,129.20
4547,613.00,130.20
4548,613.00,131.20
4549,613.00,132.20
4550,613.00,133.20
4551,613.00,134.20
4552,613.00,135.20
4553,614.00,136.20
4554,614.00,137.20
4555,614.00,138.20
4556,614.00,139.20
4557,614.00,140.20
4558,614.00,141.20
4559,614.00,142.20
4560,614.00,143.20
4561,614.00,144.20
4562,614.00,144.20
4563,614.00,144.20
4564,614.00,145.20
4565,614.00,145.20
4566,614.00,146.20
4567,614.00,146.20
4568,614.00,147.20
4569,614.00,147.20
4570,614.00,148.20
4571,614.00,149.20
4572,615.00,150.20
4573,615.00,150.20
4574,615.00,151.20
4575,615.00,151.20
4576,615.00,153.20
4577,615.00,154.20
4578,615.00,156.20
4579,616.00,158.20
4580,616.00,159.20
4581,616.00,160.20
4582,616.00,160.20
4583,616.00,161.20
4584,616.00,162.20
4585,616.00,163.20
4586,616.00,164.20
4587,616.00,165.20
4588,616.00,166.20
4589,616.00,167.20
4590,617.00,168.20
4591,617.00,170.20
4592,617.00,172.20
4593,618.00,174.20
4594,618.00,175.20
4595,619.00,176.20
4596,619.00,176.20
4597,619.00,177.20
4598,619.00,178.20
4599,619.00,179.20
4600,620.00,179.20
4601,620.00,180.20
4602,620.00,181.20
4603,620.00,181.20
4604,620.00,182.20
4605,620.00,182.20
4606,620.00,183.20
4607,620.00,184.20
4608,620.00,185.20
4609,621.00,186.20
4610,621.00,187.20
4611,621.00,188.20
4612,621.00,189.20
4613,621.00,190.20
4614,622.00,191.20
4615,622.00,192.20
4616,622.00,193.20
4617,622.00,193.20
4618,622.00,194.20
4619,622.00,194.20
4620,622.00,195.20
4621,622.00,197.20
4622,622.00,200.20
4623,622.00,203.20
4624,622.00,207.20
4625,622.00,209.20
4626,622.00,211.20
4627,623.00,213.20
4628,623.00,213.20
4629,623.00,215.20
4630,623.00,216.20
4631,623.00,217.20
4632,623.00,217.20
4633,623.00,218.20
4634,623.00,219.20
4635,623.00,219.20
4636,623.00,219.20
4637,623.00,219.20
4638,623.00,220.20
4639,623.00,220.20
4640,623.00,220.20
4641,624.00,221.20
4642,624.00,221.20
4643,624.00,222.20
4644,624.00,223.20
4645,624.00,223.20
4646,625.00,224.20
4647,625.00,224.20
4648,625.00,224.20
4649,625.00,224.20
4650,625.00,225.20
4651,625.00,225.20
4652,625.00,225.20
4653,626.00,226.20
4654,626.00,226.20
4655,626.00,226.20
4656,626.00,227.20
4657,626.00,227.20
4658,627.00,228.20
4659,627.00,228.20
4660,627.00,229.20
4661,627.00,229.20
4662,628.00,230.20
4663,628.00,231.20
4664,628.00,231.20
4665,628.00,232.20
4666,628.00,232.20
4667,628.00,232.20
4668,628.00,232.20
4669,628.00,234.20
4670,628.00,236.20
4671,628.00,238.20
4672,628.00,240.20
4673,628.00,242.20
4674,628.00,243.20
4675,629.00,243.20
4676,629.00,243.20
4677,629.00,244.20
4678,629.00,244.20
4679,629.00,245.20
4680,629.00,245.20
4681,629.00,245.20
4682,629.00,245.20
4683,629.00,246.20
4684,629.00,246.20
4685,629.00,246.20
4686,629.00,246.20
4687,630.00,247.20
4688,630.00,247.20
4689,630.00,248.20
4690,630.00,248.20
4691,630.00,248.20
4692,630.00,248.20
4693,630.00,249.20
4694,630.00,249.20
4695,631.00,249.20
4696,631.00,250.20
4697,631.00,250.20
4698,631.00,251.20
4699,631.00,251.20
4700,631.00,252.20
4701,632.00,252.20
4702,632.00,253.20
4703,632.00,253.20
4704,632.00,254.20
4705,632.00,255.20
4706,633.00,256.20
4707,633.00,257.20
4708,633.00,257.20
4709,633.00,258.20
4710,634.00,258.20
4711,634.00,259.20
4712,634.00,259.20
4713,634.00,260.20
4714,634.00,261.20
4715,635.00,261.20
4716,635.00,263.20
4717,635.00,263.20
4718,635.00,264.20
4719,635.00,264.20
4720,636.00,265.20
4721,636.00,265.20
4722,636.00,265.20
4723,636.00,265.20
4724,636.00,266.20
4725,636.00,266.20
4726,636.00,267.20
4727,636.00,267.20
4728,636.00,267.20
4729,637.00,267.20
4730,637.00,268.20
4731,637.00,268.20
4732,637.00,269.20
4733,638.00,269.20
4734,638.00,269.20
4735,638.00,270.20
4736,639.00,270.20
4737,639.00,271.20
4738,640.00,272.20
4739,640.00,272.20
4740,640.00,272.20
4741,640.00,272.20
4742,641.00,273.20

matched_data
index,target_x,target_y,user_x,user_y,offset_px
0,60.00,336.46,59.00,336.20,1.03
1,61.50,331.70,65.00,326.20,1.86
2,63.00,326.48,65.00,322.20,0.82
3,64.50,320.91,66.00,317.20,0.52
4,66.00,315.10,66.00,313.20,0.47
5,67.50,309.16,66.00,309.20,1.45
6,69.00,303.19,67.00,305.20,1.45
7,70.50,297.29,68.00,302.20,1.21
8,72.00,291.54,69.00,299.20,0.98
9,73.50,286.02,70.00,295.20,1.01
10,75.00,280.79,71.00,292.20,0.80
11,76.50,275.91,72.00,290.20,0.35
12,78.00,271.41,73.00,286.20,0.43
13,79.50,267.32,74.00,282.20,0.57
14,81.00,263.66,75.00,279.20,0.47
15,82.50,260.42,76.00,274.20,1.01
16,84.00,257.59,77.00,270.20,1.36
17,85.50,255.15,79.00,267.20,0.51
18,87.00,253.04,80.00,264.20,0.72
19,88.50,251.22,82.00,260.20,0.55
20,90.00,249.64,85.00,256.20,0.12
21,91.50,248.21,86.00,253.20,0.72
22,93.00,246.86,87.00,252.20,0.53
23,94.50,245.52,89.00,251.20,0.35
24,96.00,244.09,91.00,248.20,0.35
25,97.50,242.49,93.00,246.20,0.50
26,99.00,240.63,94.00,245.20,0.57
27,100.50,238.42,96.00,242.20,1.29
28,102.00,235.79,98.00,240.20,1.05
29,103.50,232.64,100.00,236.20,1.53
30,105.00,228.93,102.00,234.20,0.68
31,106.50,224.58,104.00,228.20,1.18
32,108.00,219.54,106.00,225.20,0.27
33,109.50,213.79,107.00,221.20,0.49
34,111.00,207.29,109.00,212.20,0.84
35,112.50,200.02,110.00,207.20,0.99
36,114.00,192.01,112.00,198.20,0.83
37,115.50,183.26,113.00,193.20,0.76
38,117.00,173.80,114.00,190.20,0.31
39,118.50,163.68,115.00,183.20,0.50
40,120.00,152.97,115.00,178.20,1.29
41,121.50,141.74,116.00,174.20,0.92
42,123.00,130.09,117.00,169.20,0.67
43,124.50,118.10,118.00,162.20,0.70
44,126.00,105.89,120.00,158.20,0.73
45,127.50,93.59,120.00,155.20,0.31
46,129.00,81.32,120.00,151.20,0.23
47,130.50,69.22,121.00,144.20,0.17
48,132.00,57.42,122.00,140.20,0.30
49,133.50,46.06,122.00,134.20,0.47
50,135.00,42.00,123.00,126.20,0.48
51,136.50,42.00,125.00,115.20,0.14
52,138.00,42.00,127.00,108.20,1.27
53,139.50,42.00,128.00,102.20,1.54
54,141.00,42.00,128.00,88.20,0.16
55,142.50,42.00,129.00,81.20,0.02
56,144.00,42.00,130.00,72.20,0.13
57,145.50,42.00,132.00,59.20,0.22
58,147.00,42.00,133.00,52.20,0.31
59,148.50,42.00,133.00,46.20,0.48
60,150.00,42.00,134.00,41.20,1.28
61,151.50,42.00,137.00,41.20,0.80
62,153.00,42.00,139.00,41.20,0.80
63,154.50,42.00,141.00,41.20,0.80
64,156.00,42.00,144.00,41.20,0.80
65,157.50,42.00,148.00,41.20,0.80
66,159.00,42.00,150.00,41.20,0.80
67,160.50,42.00,153.00,41.20,0.80
68,162.00,47.02,155.00,41.20,0.80
69,163.50,60.30,157.00,41.20,0.80
70,165.00,74.47,159.00,41.20,0.80
71,166.50,89.39,161.00,44.20,0.15
72,168.00,104.91,161.00,47.20,1.01
73,169.50,120.89,161.00,52.20,1.58
74,171.00,137.17,161.00,55.20,1.91
75,172.50,153.58,163.00,62.20,0.70
76,174.00,169.97,163.00,69.20,1.43
77,175.50,186.19,163.00,78.20,2.36
78,177.00,202.09,164.00,83.20,1.87
79,178.50,217.52,165.00,89.20,1.47
80,180.00,232.35,166.00,95.20,1.06
81,181.50,246.45,167.00,101.20,0.64
82,183.00,259.72,168.00,108.20,0.31
83,184.50,272.05,169.00,114.20,0.13
84,186.00,283.37,169.00,122.20,0.62
85,187.50,293.60,169.00,132.20,1.54
86,189.00,302.70,169.00,137.20,1.99
87,190.50,310.62,169.00,144.20,2.63
88,192.00,317.35,171.00,151.20,1.28
89,193.50,322.89,171.00,161.20,2.19
90,195.00,327.24,172.00,165.20,1.56
91,196.50,330.45,173.00,175.20,1.48
92,198.00,332.55,173.00,179.20,1.85
93,199.50,333.60,174.00,183.20,1.22
94,201.00,333.68,174.00,187.20,1.59
95,202.50,332.85,175.00,191.20,0.97
96,204.00,331.22,175.00,196.20,1.44
97,205.50,328.88,175.00,203.20,2.10
98,207.00,325.93,175.00,213.20,3.07
99,208.50,322.47,176.00,218.20,2.56
100,210.00,318.62,176.00,221.20,2.86
101,211.50,314.48,179.00,231.20,0.88
102,213.00,310.15,180.00,235.20,0.30
103,214.50,305.73,181.00,246.20,0.47
104,216.00,301.33,181.00,252.20,1.14
105,217.50,297.02,181.00,256.20,1.59
106,219.00,292.88,182.00,260.20,1.05
107,220.50,288.98,183.00,265.20,0.66
108,222.00,285.37,183.00,274.20,1.77
109,223.50,282.10,184.00,278.20,1.30
110,225.00,279.19,184.00,283.20,1.96
111,226.50,276.66,185.00,286.20,1.40
112,228.00,274.52,186.00,290.20,0.99
113,229.50,272.75,187.00,295.20,0.75
114,231.00,271.33,187.00,299.20,1.40
115,232.50,270.23,188.00,303.20,1.08
116,234.00,269.38,189.00,307.20,0.84
117,235.50,268.75,189.00,310.20,1.40
118,237.00,268.25,190.00,315.20,1.48
119,238.50,267.81,191.00,317.20,0.94
120,240.00,267.35,192.00,320.20,0.75
121,241.50,266.78,192.00,321.20,1.01
122,243.00,266.01,193.00,324.20,0.90
123,244.50,264.96,195.00,327.20,0.01
124,246.00,263.52,196.00,328.20,0.50
125,247.50,261.62,198.00,330.20,1.37
126,249.00,259.18,200.00,331.20,2.25
127,250.50,256.10,201.00,331.20,2.17
128,252.00,252.34,203.00,330.20,1.39
129,253.50,247.83,206.00,322.20,2.40
130,255.00,242.52,208.00,319.20,1.65
131,256.50,236.39,208.00,317.20,2.36
132,258.00,229.40,211.00,310.20,1.87
133,259.50,221.57,212.00,306.20,2.22
134,261.00,212.88,216.00,291.20,3.40
135,262.50,203.38,218.00,286.20,3.37
136,264.00,193.09,222.00,282.20,1.32
137,265.50,182.08,226.00,278.20,0.35
138,267.00,170.41,228.00,276.20,0.96
139,268.50,158.17,230.00,274.20,1.32
140,270.00,145.45,233.00,272.20,1.88
141,271.50,132.35,240.00,267.20,0.14
142,273.00,119.01,241.00,265.20,1.64
143,274.50,105.55,243.00,263.20,2.30
144,276.00,92.09,246.00,253.20,5.26
145,277.50,78.79,248.00,247.20,5.42
146,279.00,65.78,249.00,244.20,5.32
147,280.50,53.21,251.00,245.20,3.12
148,282.00,42.00,252.00,244.20,2.43
149,283.50,42.00,253.00,242.20,2.01
150,285.00,42.00,254.00,239.20,1.76
151,286.50,42.00,254.00,236.20,2.47
152,288.00,42.00,255.00,234.20,1.93
153,289.50,42.00,256.00,229.20,2.00
154,291.00,42.00,257.00,226.20,1.58
155,292.50,42.00,259.00,218.20,1.07
156,294.00,42.00,260.00,214.20,0.76
157,295.50,42.00,261.00,208.20,0.73
158,297.00,42.00,262.00,203.20,0.52
159,298.50,42.00,263.00,193.20,0.97
160,300.00,42.00,265.00,181.20,0.61
161,301.50,42.00,266.00,174.20,0.51
162,303.00,42.00,268.00,169.20,0.85
163,304.50,42.00,268.00,165.20,0.36
164,306.00,42.00,269.00,159.20,0.62
165,307.50,42.00,271.00,155.20,2.14
166,309.00,42.00,271.00,147.20,1.20
167,310.50,46.82,271.00,143.20,0.74
168,312.00,60.21,271.00,130.20,0.74
169,313.50,74.37,271.00,126.20,1.18
170,315.00,89.18,272.00,113.20,1.64
171,316.50,104.47,273.00,105.20,1.53
172,318.00,120.09,275.00,96.20,0.54
173,319.50,135.88,275.00,80.20,2.33
174,321.00,151.69,277.00,70.20,1.48
175,322.50,167.38,279.00,59.20,0.78
176,324.00,182.79,279.00,51.20,1.75
177,325.50,197.78,280.00,49.20,1.03
178,327.00,212.23,281.00,47.20,0.30
179,328.50,226.01,282.00,44.20,0.29
180,330.00,239.02,285.00,42.20,0.20
181,331.50,251.17,288.00,42.20,0.20
182,333.00,262.37,290.00,41.20,0.80
183,334.50,272.57,293.00,41.20,0.80
184,336.00,281.70,296.00,41.20,0.80
185,337.50,289.76,298.00,41.20,0.80
186,339.00,296.70,301.00,40.20,1.80
187,340.50,302.55,303.00,40.20,1.80
188,342.00,307.31,306.00,40.20,1.80
189,343.50,311.02,308.00,40.20,1.80
190,345.00,313.71,309.00,43.20,0.36
191,346.50,315.46,310.00,45.20,0.00
192,348.00,316.32,311.00,48.20,0.34
193,349.50,316.38,311.00,53.20,0.21
194,351.00,315.72,312.00,59.20,0.11
195,352.50,314.45,313.00,63.20,0.68
196,354.00,312.65,314.00,67.20,1.25
197,355.50,310.43,314.00,69.20,1.04
198,357.00,307.89,314.00,72.20,0.73
199,358.50,305.13,315.00,78.20,1.11
200,360.00,302.25,316.00,92.20,0.70
201,361.50,299.34,317.00,99.20,1.01
202,363.00,296.49,317.00,104.20,0.52
203,364.50,293.77,318.00,109.20,1.04
204,366.00,291.25,318.00,118.20,0.18
205,367.50,288.99,319.00,128.20,0.23
206,369.00,287.03,320.00,134.20,0.66
207,370.50,285.41,321.00,139.20,1.18
208,372.00,284.14,321.00,144.20,0.71
209,373.50,283.24,321.00,157.20,0.52
210,375.00,282.69,323.00,164.20,0.80
211,376.50,282.47,324.00,168.20,1.41
212,378.00,282.55,324.00,172.20,1.03
213,379.50,282.88,324.00,176.20,0.64
214,381.00,283.41,324.00,180.20,0.25
215,382.50,284.07,325.00,183.20,0.95
216,384.00,284.78,325.00,193.20,0.04
217,385.50,285.46,325.00,208.20,1.57
218,387.00,286.02,325.00,212.20,1.99
219,388.50,286.37,326.00,218.20,1.64
220,390.00,286.41,327.00,222.20,1.08
221,391.50,286.06,328.00,227.20,0.63
222,393.00,285.21,329.00,236.20,0.67
223,394.50,283.79,330.00,242.20,0.39
224,396.00,281.70,330.00,248.20,1.12
225,397.50,278.87,330.00,255.20,2.02
226,399.00,275.24,331.00,259.20,1.56
227,400.50,270.75,332.00,263.20,1.11
228,402.00,265.35,334.00,267.20,0.29
229,403.50,259.03,335.00,274.20,0.23
230,405.00,251.75,336.00,281.20,0.08
231,406.50,243.52,337.00,288.20,0.21
232,408.00,234.36,338.00,293.20,0.24
233,409.50,224.29,339.00,298.20,0.37
234,411.00,213.36,341.00,303.20,0.28
235,412.50,201.63,342.00,306.20,0.33
236,414.00,189.18,343.00,309.20,0.22
237,415.50,176.09,344.00,311.20,0.35
238,417.00,162.47,345.00,313.20,0.25
239,418.50,148.44,346.00,314.20,0.44
240,420.00,134.12,348.00,315.20,0.97
241,421.50,119.64,351.00,315.20,0.40
242,423.00,105.14,352.00,314.20,0.51
243,424.50,90.78,354.00,312.20,0.25
244,426.00,76.69,355.00,310.20,0.54
245,427.50,63.02,356.00,308.20,0.70
246,429.00,49.93,357.00,306.20,0.81
247,430.50,42.00,358.00,303.20,1.34
248,432.00,42.00,359.00,301.20,1.37
249,433.50,42.00,361.00,298.20,0.97
250,435.00,42.00,362.00,295.20,1.50
251,436.50,42.00,363.00,292.20,2.09
252,438.00,42.00,365.00,289.20,1.96
253,439.50,42.00,366.00,288.20,1.68
254,441.00,42.00,368.00,286.20,1.30
255,442.50,42.00,371.00,285.20,0.16
256,444.00,42.00,373.00,284.20,0.57
257,445.50,42.00,376.00,283.20,0.65
258,447.00,42.00,379.00,283.20,0.42
259,448.50,42.00,381.00,283.20,0.20
260,450.00,42.00,383.00,283.20,1.00
261,451.50,42.00,386.00,283.20,2.26
262,453.00,42.00,390.00,283.20,3.13
263,454.50,42.00,393.00,282.20,2.14
264,456.00,42.00,395.00,281.20,1.10
265,457.50,42.00,397.00,275.20,1.86
266,459.00,48.13,399.00,267.20,2.40
267,460.50,61.40,401.00,256.20,3.02
268,462.00,75.32,403.00,248.20,2.60
269,463.50,89.75,405.00,240.20,2.02
270,465.00,104.54,408.00,224.20,1.50
271,466.50,119.53,410.00,214.20,0.88
272,468.00,134.58,412.00,202.20,0.42
273,469.50,149.54,414.00,191.20,0.24
274,471.00,164.26,415.00,174.20,0.70
275,472.50,178.63,416.00,162.20,1.02
276,474.00,192.50,418.00,149.20,0.42
277,475.50,205.76,420.00,132.20,0.20
278,477.00,218.32,421.00,116.20,0.85
279,478.50,230.08,422.00,110.20,0.47
280,480.00,240.98,425.00,88.20,0.22
281,481.50,250.94,427.00,69.20,0.18
282,483.00,259.94,429.00,58.20,0.94
283,484.50,267.94,430.00,49.20,0.85
284,486.00,274.93,431.00,46.20,1.27
285,487.50,280.91,431.00,43.20,0.71
286,489.00,285.90,431.00,41.20,0.80
287,490.50,289.95,433.00,41.20,0.80
288,492.00,293.09,437.00,41.20,0.80
289,493.50,295.38,444.00,41.20,0.80
290,495.00,296.89,447.00,41.20,0.80
291,496.50,297.71,450.00,40.20,1.80
292,498.00,297.91,453.00,40.20,1.80
293,499.50,297.59,455.00,41.20,0.80
294,501.00,296.85,457.00,42.20,0.20
295,502.50,295.77,458.00,46.20,0.51
296,504.00,294.47,459.00,51.20,0.34
297,505.50,293.02,459.00,63.20,1.68
298,507.00,291.53,460.00,71.20,1.55
299,508.50,290.07,461.00,79.20,1.40
300,510.00,288.73,462.00,92.20,1.74
301,511.50,287.57,463.00,99.20,1.45
302,513.00,286.66,463.00,108.20,2.35
303,514.50,286.03,465.00,123.20,1.86
304,516.00,285.73,468.00,132.20,0.24
305,517.50,285.77,469.00,140.20,0.43
306,519.00,286.17,471.00,150.20,1.43
307,520.50,286.92,470.00,168.20,1.40
308,522.00,288.01,470.00,179.20,2.55
309,523.50,289.39,471.00,189.20,2.63
310,525.00,291.03,472.00,204.20,3.30
311,526.50,292.88,474.00,215.20,2.61
312,528.00,294.86,475.00,221.20,2.35
313,529.50,296.91,476.00,235.20,3.17
314,531.00,298.93,478.00,240.20,1.88
315,532.50,300.84,480.00,246.20,0.78
316,534.00,302.54,481.00,253.20,0.86
317,535.50,303.93,483.00,262.20,0.42
318,537.00,304.92,484.00,267.20,0.36
319,538.50,305.41,486.00,273.20,0.36
320,540.00,305.30,488.00,281.20,0.40
321,541.50,304.51,489.00,286.20,0.10
322,543.00,302.94,491.00,289.20,0.73
323,544.50,300.53,492.00,292.20,0.38
324,546.00,297.20,494.00,294.20,1.06
325,547.50,292.91,496.00,295.20,1.90
326,549.00,287.61,499.00,296.20,1.47
327,550.50,281.27,501.00,295.20,1.34
328,552.00,273.89,503.00,294.20,0.86
329,553.50,265.46,504.00,292.20,1.63
330,555.00,256.01,506.00,291.20,0.94
331,556.50,245.56,508.00,290.20,0.26
332,558.00,234.18,510.00,288.20,0.42
333,559.50,221.92,512.00,287.20,0.06
334,561.00,208.88,514.00,287.20,0.89
335,562.50,195.14,516.00,287.20,1.44
336,564.00,180.81,520.00,287.20,0.47
337,565.50,166.01,523.00,289.20,0.20
338,567.00,150.88,526.00,292.20,0.04
339,568.50,135.55,528.00,294.20,0.40
340,570.00,120.17,531.00,297.20,1.03
341,571.50,104.89,534.00,298.20,2.81
342,573.00,89.87,536.00,300.20,3.05
343,574.50,75.24,538.00,301.20,3.66
344,576.00,61.17,540.00,302.20,2.68
345,577.50,47.81,542.00,302.20,1.24
346,579.00,42.00,544.00,301.20,0.07
347,580.50,42.00,547.00,292.20,0.67
348,582.00,42.00,549.00,289.20,0.43
349,583.50,42.00,550.00,284.20,0.19
350,585.00,42.00,554.00,267.20,0.80
351,586.50,42.00,556.00,258.20,1.33
352,588.00,42.00,558.00,244.20,1.31
353,589.50,42.00,561.00,222.20,1.52
354,591.00,42.00,563.00,197.20,0.72
355,592.50,42.00,567.00,172.20,2.12
356,594.00,42.00,569.00,142.20,1.15
357,595.50,42.00,570.00,122.20,0.20
358,597.00,42.00,571.00,105.20,0.47
359,598.50,42.00,574.00,78.20,0.20
360,600.00,42.00,577.00,62.20,1.10
361,601.50,42.00,578.00,55.20,1.32
362,603.00,42.00,579.00,51.20,1.87
363,604.50,42.00,579.00,48.20,1.53
364,606.00,42.00,580.00,46.20,2.02
365,607.50,50.76,580.00,43.20,1.20
366,609.00,63.65,581.00,41.20,0.80
367,610.50,77.07,585.00,41.20,0.80
368,612.00,90.87,588.00,41.20,0.80
369,613.50,104.90,591.00,41.20,0.80
370,615.00,119.01,595.00,41.20,0.80
371,616.50,133.06,598.00,40.20,1.80
372,618.00,146.93,600.00,40.20,1.80
373,619.50,160.47,602.00,41.20,0.80
374,621.00,173.57,604.00,43.20,1.20
375,622.50,186.13,605.00,44.20,1.36
376,624.00,198.04,606.00,49.20,1.22
377,625.50,209.23,607.00,58.20,1.36
378,627.00,219.62,608.00,64.20,1.05
379,628.50,229.17,609.00,73.20,1.06
380,630.00,237.83,610.00,80.20,0.84
381,631.50,245.59,611.00,89.20,0.81
382,633.00,252.43,612.00,105.20,1.52
383,634.50,258.37,613.00,124.20,2.54
384,636.00,263.42,613.00,135.20,3.71
385,637.50,267.64,614.00,145.20,3.79
386,639.00,271.05,615.00,153.20,3.67
387,640.50,273.73,616.00,166.20,4.13
388,642.00,275.75,620.00,179.20,1.66
389,643.50,277.17,621.00,189.20,1.87
390,645.00,278.10,622.00,203.20,2.67
391,646.50,278.61,623.00,219.20,3.90
392,648.00,278.79,625.00,224.20,2.69
393,649.50,278.75,627.00,228.20,1.33
394,651.00,278.58,628.00,238.20,2.03
395,652.50,278.35,629.00,246.20,2.57
396,654.00,278.16,631.00,249.20,1.26
397,655.50,278.08,633.00,256.20,0.92
398,657.00,278.19,635.00,264.20,1.20
399,658.50,278.54,637.00,268.20,0.68
400,660.00,279.18,641.00,273.20,0.70