trial,2
timestamp,2026-03-11T17:01:33.362Z
mode,numerical

target_curve
index,target_x,target_y
0,60.00,336.46
1,61.50,331.70
2,63.00,326.48
3,64.50,320.91
4,66.00,315.10
5,67.50,309.16
6,69.00,303.19
7,70.50,297.29
8,72.00,291.54
9,73.50,286.02
10,75.00,280.79
11,76.50,275.91
12,78.00,271.41
13,79.50,267.32
14,81.00,263.66
15,82.50,260.42
16,84.00,257.59
17,85.50,255.15
18,87.00,253.04
19,88.50,251.22
20,90.00,249.64
21,91.50,248.21
22,93.00,246.86
23,94.50,245.52
24,96.00,244.09
25,97.50,242.49
26,99.00,240.63
27,100.50,238.42
28,102.00,235.79
29,103.50,232.64
30,105.00,228.93
31,106.50,224.58
32,108.00,219.54
33,109.50,213.79
34,111.00,207.29
35,112.50,200.02
36,114.00,192.01
37,115.50,183.26
38,117.00,173.80
39,118.50,163.68
40,120.00,152.97
41,121.50,141.74
42,123.00,130.09
43,124.50,118.10
44,126.00,105.89
45,127.50,93.59
46,129.00,81.32
47,130.50,69.22
48,132.00,57.42
49,133.50,46.06
50,135.00,42.00
51,136.50,42.00
52,138.00,42.00
53,139.50,42.00
54,141.00,42.00
55,142.50,42.00
56,144.00,42.00
57,145.50,42.00
58,147.00,42.00
59,148.50,42.00
60,150.00,42.00
61,151.50,42.00
62,153.00,42.00
63,154.50,42.00
64,156.00,42.00
65,157.50,42.00
66,159.00,42.00
67,160.50,42.00
68,162.00,47.02
69,163.50,60.30
70,165.00,74.47
71,166.50,89.39
72,168.00,104.91
73,169.50,120.89
74,171.00,137.17
75,172.50,153.58
76,174.00,169.97
77,175.50,186.19
78,177.00,202.09
79,178.50,217.52
80,180.00,232.35
81,181.50,246.45
82,183.00,259.72
83,184.50,272.05
84,186.00,283.37
85,187.50,293.60
86,189.00,302.70
87,190.50,310.62
88,192.00,317.35
89,193.50,322.89
90,195.00,327.24
91,196.50,330.45
92,198.00,332.55
93,199.50,333.60
94,201.00,333.68
95,202.50,332.85
96,204.00,331.22
97,205.50,328.88
98,207.00,325.93
99,208.50,322.47
100,210.00,318.62
101,211.50,314.48
102,213.00,310.15
103,214.50,305.73
104,216.00,301.33
105,217.50,297.02
106,219.00,292.88
107,220.50,288.98
108,222.00,285.37
109,223.50,282.10
110,225.00,279.19
111,226.50,276.66
112,228.00,274.52
113,229.50,272.75
114,231.00,271.33
115,232.50,270.23
116,234.00,269.38
117,235.50,268.75
118,237.00,268.25
119,238.50,267.81
120,240.00,267.35
121,241.50,266.78
122,243.00,266.01
123,244.50,264.96
124,246.00,263.52
125,247.50,261.62
126,249.00,259.18
127,250.50,256.10
128,252.00,252.34
129,253.50,247.83
130,255.00,242.52
131,256.50,236.39
132,258.00,229.40
133,259.50,221.57
134,261.00,212.88
135,262.50,203.38
136,264.00,193.09
137,265.50,182.08
138,267.00,170.41
139,268.50,158.17
140,270.00,145.45
141,271.50,132.35
142,273.00,119.01
143,274.50,105.55
144,276.00,92.09
145,277.50,78.79
146,279.00,65.78
147,280.50,53.21
148,282.00,42.00
149,283.50,42.00
150,285.00,42.00
151,286.50,42.00
152,288.00,42.00
153,289.50,42.00
154,291.00,42.00
155,292.50,42.00
156,294.00,42.00
157,295.50,42.00
158,297.00,42.00
159,298.50,42.00
160,300.00,42.00
161,301.50,42.00
162,303.00,42.00
163,304.50,42.00
164,306.00,42.00
165,307.50,42.00
166,309.00,42.00
167,310.50,46.82
168,312.00,60.21
169,313.50,74.37
170,315.00,89.18
171,316.50,104.47
172,318.00,120.09
173,319.50,135.88
174,321.00,151.69
175,322.50,167.38
176,324.00,182.79
177,325.50,197.78
178,327.00,212.23
179,328.50,226.01
180,330.00,239.02
181,331.50,251.17
182,333.00,262.37
183,334.50,272.57
184,336.00,281.70
185,337.50,289.76
186,339.00,296.70
187,340.50,302.55
188,342.00,307.31
189,343.50,311.02
190,345.00,313.71
191,346.50,315.46
192,348.00,316.32
193,349.50,316.38
194,351.00,315.72
195,352.50,314.45
196,354.00,312.65
197,355.50,310.43
198,357.00,307.89
199,358.50,305.13
200,360.00,302.25
201,361.50,299.34
202,363.00,296.49
203,364.50,293.77
204,366.00,291.25
205,367.50,288.99
206,369.00,287.03
207,370.50,285.41
208,372.00,284.14
209,373.50,283.24
210,375.00,282.69
211,376.50,282.47
212,378.00,282.55
213,379.50,282.88
214,381.00,283.41
215,382.50,284.07
216,384.00,284.78
217,385.50,285.46
218,387.00,286.02
219,388.50,286.37
220,390.00,286.41
221,391.50,286.06
222,393.00,285.21
223,394.50,283.79
224,396.00,281.70
225,397.50,278.87
226,399.00,275.24
227,400.50,270.75
228,402.00,265.35
229,403.50,259.03
230,405.00,251.75
231,406.50,243.52
232,408.00,234.36
233,409.50,224.29
234,411.00,213.36
235,412.50,201.63
236,414.00,189.18
237,415.50,176.09
238,417.00,162.47
239,418.50,148.44
240,420.00,134.12
241,421.50,119.64
242,423.00,105.14
243,424.50,90.78
244,426.00,76.69
245,427.50,63.02
246,429.00,49.93
247,430.50,42.00
248,432.00,42.00
249,433.50,42.00
250,435.00,42.00
251,436.50,42.00
252,438.00,42.00
253,439.50,42.00
254,441.00,42.00
255,442.50,42.00
256,444.00,42.00
257,445.50,42.00
258,447.00,42.00
259,448.50,42.00
260,450.00,42.00
261,451.50,42.00
262,453.00,42.00
263,454.50,42.00
264,456.00,42.00
265,457.50,42.00
266,459.00,48.13
267,460.50,61.40
268,462.00,75.32
269,463.50,89.75
270,465.00,104.54
271,466.50,119.53
272,468.00,134.58
273,469.50,149.54
274,471.00,164.26
275,472.50,178.63
276,474.00,192.50
277,475.50,205.76
278,477.00,218.32
279,478.50,230.08
280,480.00,240.98
281,481.50,250.94
282,483.00,259.94
283,484.50,267.94
284,486.00,274.93
285,487.50,280.91
286,489.00,285.90
287,490.50,289.95
288,492.00,293.09
289,493.50,295.38
290,495.00,296.89
291,496.50,297.71
292,498.00,297.91
293,499.50,297.59
294,501.00,296.85
295,502.50,295.77
296,504.00,294.47
297,505.50,293.02
298,507.00,291.53
299,508.50,290.07
300,510.00,288.73
301,511.50,287.57
302,513.00,286.66
303,514.50,286.03
304,516.00,285.73
305,517.50,285.77
306,519.00,286.17
307,520.50,286.92
308,522.00,288.01
309,523.50,289.39
310,525.00,291.03
311,526.50,292.88
312,528.00,294.86
313,529.50,296.91
314,531.00,298.93
315,532.50,300.84
316,534.00,302.54
317,535.50,303.93
318,537.00,304.92
319,538.50,305.41
320,540.00,305.30
321,541.50,304.51
322,543.00,302.94
323,544.50,300.53
324,546.00,297.20
325,547.50,292.91
326,549.00,287.61
327,550.50,281.27
328,552.00,273.89
329,553.50,265.46
330,555.00,256.01
331,556.50,245.56
332,558.00,234.18
333,559.50,221.92
334,561.00,208.88
335,562.50,195.14
336,564.00,180.81
337,565.50,166.01
338,567.00,150.88
339,568.50,135.55
340,570.00,120.17
341,571.50,104.89
342,573.00,89.87
343,574.50,75.24
344,576.00,61.17
345,577.50,47.81
346,579.00,42.00
347,580.50,42.00
348,582.00,42.00
349,583.50,42.00
350,585.00,42.00
351,586.50,42.00
352,588.00,42.00
353,589.50,42.00
354,591.00,42.00
355,592.50,42.00
356,594.00,42.00
357,595.50,42.00
358,597.00,42.00
359,598.50,42.00
360,600.00,42.00
361,601.50,42.00
362,603.00,42.00
363,604.50,42.00
364,606.00,42.00
365,607.50,50.76
366,609.00,63.65
367,610.50,77.07
368,612.00,90.87
369,613.50,104.90
370,615.00,119.01
371,616.50,133.06
372,618.00,146.93
373,619.50,160.47
374,621.00,173.57
375,622.50,186.13
376,624.00,198.04
377,625.50,209.23
378,627.00,219.62
379,628.50,229.17
380,630.00,237.83
381,631.50,245.59
382,633.00,252.43
383,634.50,258.37
384,636.00,263.42
385,637.50,267.64
386,639.00,271.05
387,640.50,273.73
388,642.00,275.75
389,643.50,277.17
390,645.00,278.10
391,646.50,278.61
392,648.00,278.79
393,649.50,278.75
394,651.00,278.58
395,652.50,278.35
396,654.00,278.16
397,655.50,278.08
398,657.00,278.19
399,658.50,278.54
400,660.00,279.18

user_path
index,user_x,user_y
0,60.00,339.20
1,60.00,339.20
2,60.00,339.20
3,60.00,339.20
4,60.00,339.20
5,60.00,338.20
6,60.00,338.20
7,60.00,338.20
8,61.00,338.20
9,61.00,337.20
10,61.00,337.20
11,61.00,337.20
12,61.00,337.20
13,61.00,336.20
14,61.00,336.20
15,61.00,335.20
16,61.00,335.20
17,61.00,334.20
18,61.00,334.20
19,61.00,333.20
20,61.00,333.20
21,61.00,333.20
22,61.00,332.20
23,61.00,332.20
24,61.00,332.20
25,61.00,331.20
26,61.00,331.20
27,61.00,331.20
28,61.00,331.20
29,61.00,331.20
30,61.00,330.20
31,61.00,330.20
32,61.00,330.20
33,61.00,330.20
34,62.00,330.20
35,62.00,329.20
36,62.00,329.20
37,62.00,329.20
38,62.00,329.20
39,62.00,329.20
40,62.00,329.20
41,62.00,328.20
42,62.00,328.20
43,62.00,328.20
44,62.00,328.20
45,62.00,328.20
46,62.00,328.20
47,62.00,327.20
48,62.00,327.20
49,62.00,327.20
50,62.00,327.20
51,63.00,326.20
52,63.00,326.20
53,63.00,326.20
54,63.00,326.20
55,63.00,325.20
56,63.00,325.20
57,63.00,324.20
58,63.00,324.20
59,63.00,323.20
60,63.00,323.20
61,63.00,323.20
62,63.00,323.20
63,63.00,322.20
64,63.00,322.20
65,63.00,322.20
66,63.00,321.20
67,63.00,321.20
68,63.00,321.20
69,63.00,320.20
70,64.00,320.20
71,64.00,320.20
72,64.00,319.20
73,64.00,319.20
74,64.00,319.20
75,64.00,319.20
76,64.00,319.20
77,64.00,318.20
78,64.00,318.20
79,64.00,318.20
80,64.00,318.20
81,64.00,318.20
82,64.00,317.20
83,64.00,317.20
84,64.00,317.20
85,64.00,317.20
86,64.00,316.20
87,64.00,316.20
88,64.00,316.20
89,64.00,316.20
90,64.00,316.20
91,64.00,315.20
92,64.00,315.20
93,65.00,315.20
94,65.00,315.20
95,65.00,315.20
96,65.00,314.20
97,66.00,314.20
98,66.00,313.20
99,66.00,312.20
100,66.00,311.20
101,66.00,310.20
102,66.00,309.20
103,66.00,308.20
104,66.00,308.20
105,66.00,308.20
106,66.00,307.20
107,66.00,307.20
108,66.00,307.20
109,66.00,307.20
110,67.00,307.20
111,67.00,306.20
112,67.00,306.20
113,67.00,306.20
114,67.00,306.20
115,67.00,305.20
116,67.00,305.20
117,67.00,305.20
118,67.00,305.20
119,67.00,304.20
120,67.00,304.20
121,67.00,304.20
122,68.00,304.20
123,68.00,303.20
124,68.00,303.20
125,68.00,302.20
126,68.00,302.20
127,69.00,301.20
128,69.00,301.20
129,69.00,301.20
130,69.00,301.20
131,69.00,301.20
132,69.00,300.20
133,69.00,300.20
134,69.00,300.20
135,69.00,299.20
136,69.00,299.20
137,69.00,299.20
138,69.00,299.20
139,69.00,298.20
140,69.00,298.20
141,69.00,298.20
142,70.00,298.20
143,70.00,297.20
144,70.00,297.20
145,70.00,297.20
146,70.00,296.20
147,70.00,296.20
148,70.00,296.20
149,71.00,295.20
150,71.00,295.20
151,71.00,295.20
152,71.00,294.20
153,71.00,294.20
154,71.00,293.20
155,71.00,293.20
156,71.00,292.20
157,72.00,292.20
158,72.00,292.20
159,72.00,292.20
160,72.00,291.20
161,72.00,290.20
162,72.00,289.20
163,72.00,289.20
164,72.00,288.20
165,72.00,288.20
166,72.00,287.20
167,72.00,287.20
168,72.00,287.20
169,73.00,286.20
170,73.00,286.20
171,73.00,285.20
172,73.00,285.20
173,73.00,285.20
174,73.00,284.20
175,73.00,284.20
176,73.00,284.20
177,73.00,283.20
178,73.00,283.20
179,73.00,283.20
180,73.00,283.20
181,73.00,282.20
182,74.00,282.20
183,74.00,282.20
184,74.00,282.20
185,74.00,282.20
186,74.00,281.20
187,74.00,281.20
188,74.00,280.20
189,74.00,278.20
190,74.00,277.20
191,75.00,276.20
192,75.00,275.20
193,75.00,275.20
194,75.00,275.20
195,75.00,274.20
196,75.00,274.20
197,75.00,274.20
198,76.00,274.20
199,76.00,274.20
200,76.00,273.20
201,76.00,273.20
202,76.00,273.20
203,76.00,272.20
204,76.00,272.20
205,76.00,272.20
206,76.00,271.20
207,77.00,271.20
208,77.00,271.20
209,77.00,271.20
210,77.00,270.20
211,77.00,270.20
212,77.00,270.20
213,77.00,270.20
214,77.00,270.20
215,77.00,270.20
216,77.00,270.20
217,78.00,269.20
218,78.00,269.20
219,78.00,268.20
220,78.00,267.20
221,78.00,267.20
222,79.00,266.20
223,79.00,265.20
224,80.00,265.20
225,80.00,264.20
226,80.00,264.20
227,80.00,264.20
228,80.00,264.20
229,80.00,263.20
230,80.00,263.20
231,81.00,263.20
232,81.00,263.20
233,81.00,263.20
234,81.00,263.20
235,81.00,262.20
236,81.00,262.20
237,81.00,262.20
238,81.00,262.20
239,81.00,262.20
240,81.00,261.20
241,81.00,261.20
242,81.00,261.20
243,81.00,261.20
244,82.00,260.20
245,82.00,260.20
246,82.00,259.20
247,82.00,258.20
248,82.00,258.20
249,82.00,258.20
250,83.00,258.20
251,83.00,257.20
252,83.00,257.20
253,83.00,257.20
254,83.00,257.20
255,84.00,257.20
256,84.00,256.20
257,84.00,256.20
258,84.00,256.20
259,85.00,255.20
260,85.00,255.20
261,85.00,255.20
262,85.00,255.20
263,85.00,254.20
264,85.00,254.20
265,85.00,254.20
266,86.00,254.20
267,86.00,253.20
268,86.00,253.20
269,86.00,253.20
270,86.00,253.20
271,86.00,253.20
272,86.00,253.20
273,87.00,253.20
274,87.00,252.20
275,87.00,252.20
276,87.00,252.20
277,87.00,252.20
278,87.00,252.20
279,87.00,251.20
280,87.00,251.20
281,87.00,251.20
282,87.00,251.20
283,88.00,250.20
284,88.00,250.20
285,88.00,250.20
286,88.00,250.20
287,88.00,250.20
288,88.00,249.20
289,88.00,249.20
290,88.00,249.20
291,89.00,249.20
292,89.00,248.20
293,89.00,248.20
294,89.00,248.20
295,89.00,248.20
296,89.00,248.20
297,89.00,248.20
298,90.00,247.20
299,90.00,247.20
300,90.00,247.20
301,90.00,247.20
302,90.00,247.20
303,90.00,247.20
304,90.00,247.20
305,91.00,246.20
306,91.00,246.20
307,91.00,246.20
308,91.00,246.20
309,91.00,246.20
310,91.00,246.20
311,92.00,246.20
312,92.00,245.20
313,92.00,245.20
314,92.00,245.20
315,93.00,245.20
316,93.00,244.20
317,94.00,244.20
318,95.00,243.20
319,95.00,243.20
320,95.00,243.20
321,95.00,243.20
322,95.00,242.20
323,96.00,242.20
324,96.00,242.20
325,96.00,242.20
326,96.00,242.20
327,96.00,241.20
328,97.00,241.20
329,97.00,241.20
330,97.00,240.20
331,97.00,240.20
332,97.00,240.20
333,98.00,239.20
334,98.00,239.20
335,98.00,239.20
336,98.00,239.20
337,98.00,239.20
338,98.00,239.20
339,98.00,239.20
340,98.00,238.20
341,99.00,238.20
342,99.00,238.20
343,99.00,238.20
344,99.00,238.20
345,99.00,238.20
346,99.00,237.20
347,99.00,237.20
348,99.00,236.20
349,99.00,236.20
350,99.00,236.20
351,99.00,236.20
352,100.00,236.20
353,100.00,235.20
354,100.00,235.20
355,100.00,235.20
356,100.00,235.20
357,101.00,235.20
358,101.00,234.20
359,101.00,234.20
360,101.00,234.20
361,101.00,234.20
362,101.00,233.20
363,102.00,233.20
364,102.00,233.20
365,102.00,232.20
366,102.00,232.20
367,103.00,232.20
368,103.00,232.20
369,103.00,232.20
370,103.00,231.20
371,103.00,231.20
372,103.00,231.20
373,103.00,231.20
374,103.00,231.20
375,103.00,230.20
376,103.00,230.20
377,104.00,230.20
378,104.00,230.20
379,104.00,229.20
380,104.00,228.20
381,104.00,228.20
382,104.00,227.20
383,104.00,227.20
384,104.00,227.20
385,104.00,227.20
386,104.00,226.20
387,104.00,226.20
388,105.00,226.20
389,105.00,226.20
390,105.00,225.20
391,105.00,225.20
392,105.00,225.20
393,105.00,225.20
394,105.00,224.20
395,105.00,224.20
396,105.00,224.20
397,105.00,223.20
398,106.00,223.20
399,106.00,223.20
400,106.00,223.20
401,106.00,223.20
402,106.00,223.20
403,106.00,222.20
404,106.00,222.20
405,106.00,222.20
406,106.00,222.20
407,106.00,222.20
408,106.00,221.20
409,106.00,221.20
410,106.00,221.20
411,106.00,221.20
412,107.00,221.20
413,107.00,221.20
414,107.00,220.20
415,107.00,220.20
416,107.00,220.20
417,107.00,220.20
418,107.00,220.20
419,107.00,219.20
420,107.00,219.20
421,107.00,218.20
422,107.00,218.20
423,107.00,218.20
424,107.00,217.20
425,107.00,217.20
426,108.00,217.20
427,108.00,216.20
428,108.00,216.20
429,108.00,214.20
430,108.00,213.20
431,108.00,213.20
432,108.00,212.20
433,108.00,212.20
434,109.00,211.20
435,109.00,211.20
436,109.00,210.20
437,109.00,210.20
438,109.00,209.20
439,109.00,209.20
440,110.00,208.20
441,110.00,208.20
442,110.00,207.20
443,110.00,207.20
444,110.00,207.20
445,110.00,206.20
446,110.00,206.20
447,110.00,206.20
448,110.00,205.20
449,110.00,205.20
450,110.00,205.20
451,110.00,205.20
452,110.00,205.20
453,110.00,204.20
454,110.00,204.20
455,110.00,204.20
456,110.00,204.20
457,111.00,204.20
458,111.00,203.20
459,111.00,203.20
460,111.00,203.20
461,111.00,203.20
462,111.00,203.20
463,111.00,202.20
464,111.00,202.20
465,111.00,202.20
466,111.00,201.20
467,111.00,201.20
468,111.00,200.20
469,112.00,200.20
470,112.00,200.20
471,112.00,198.20
472,112.00,196.20
473,112.00,194.20
474,112.00,193.20
475,112.00,191.20
476,112.00,191.20
477,112.00,190.20
478,112.00,190.20
479,112.00,189.20
480,112.00,189.20
481,112.00,189.20
482,112.00,188.20
483,112.00,188.20
484,112.00,188.20
485,112.00,188.20
486,112.00,187.20
487,113.00,187.20
488,113.00,187.20
489,113.00,187.20
490,113.00,186.20
491,113.00,186.20
492,113.00,186.20
493,113.00,186.20
494,113.00,185.20
495,113.00,185.20
496,113.00,185.20
497,113.00,184.20
498,113.00,184.20
499,113.00,184.20
500,113.00,184.20
501,114.00,183.20
502,114.00,183.20
503,114.00,180.20
504,114.00,179.20
505,114.00,177.20
506,114.00,176.20
507,114.00,175.20
508,114.00,174.20
509,114.00,174.20
510,115.00,173.20
511,115.00,172.20
512,115.00,172.20
513,115.00,171.20
514,115.00,171.20
515,115.00,170.20
516,115.00,170.20
517,115.00,169.20
518,115.00,169.20
519,115.00,168.20
520,116.00,168.20
521,116.00,167.20
522,116.00,167.20
523,116.00,167.20
524,116.00,167.20
525,116.00,166.20
526,116.00,166.20
527,116.00,166.20
528,116.00,165.20
529,116.00,165.20
530,116.00,164.20
531,116.00,164.20
532,116.00,164.20
533,116.00,163.20
534,116.00,163.20
535,117.00,162.20
536,117.00,162.20
537,117.00,161.20
538,117.00,161.20
539,117.00,161.20
540,117.00,161.20
541,117.00,160.20
542,117.00,160.20
543,117.00,160.20
544,117.00,160.20
545,117.00,159.20
546,117.00,159.20
547,117.00,159.20
548,117.00,158.20
549,117.00,158.20
550,118.00,157.20
551,118.00,157.20
552,118.00,156.20
553,118.00,156.20
554,118.00,156.20
555,118.00,155.20
556,118.00,155.20
557,119.00,155.20
558,119.00,154.20
559,119.00,154.20
560,119.00,153.20
561,119.00,153.20
562,119.00,153.20
563,119.00,153.20
564,119.00,152.20
565,119.00,152.20
566,119.00,152.20
567,119.00,152.20
568,119.00,152.20
569,120.00,151.20
570,120.00,151.20
571,120.00,150.20
572,120.00,149.20
573,120.00,148.20
574,120.00,147.20
575,120.00,147.20
576,120.00,147.20
577,120.00,147.20
578,120.00,146.20
579,120.00,146.20
580,120.00,146.20
581,120.00,146.20
582,120.00,145.20
583,120.00,145.20
584,120.00,145.20
585,120.00,145.20
586,120.00,145.20
587,120.00,145.20
588,120.00,144.20
589,120.00,144.20
590,120.00,144.20
591,120.00,144.20
592,121.00,143.20
593,121.00,142.20
594,121.00,141.20
595,122.00,140.20
596,122.00,140.20
597,122.00,139.20
598,122.00,139.20
599,122.00,137.20
600,122.00,137.20
601,122.00,136.20
602,122.00,135.20
603,122.00,135.20
604,122.00,135.20
605,122.00,135.20
606,122.00,134.20
607,122.00,134.20
608,122.00,134.20
609,122.00,134.20
610,122.00,133.20
611,123.00,133.20
612,123.00,133.20
613,123.00,132.20
614,123.00,132.20
615,123.00,131.20
616,123.00,131.20
617,123.00,131.20
618,123.00,131.20
619,123.00,131.20
620,123.00,130.20
621,123.00,129.20
622,123.00,128.20
623,123.00,127.20
624,123.00,125.20
625,123.00,124.20
626,123.00,124.20
627,123.00,123.20
628,123.00,123.20
629,123.00,123.20
630,124.00,123.20
631,124.00,123.20
632,124.00,122.20
633,124.00,122.20
634,124.00,122.20
635,124.00,122.20
636,124.00,122.20
637,124.00,121.20
638,124.00,121.20
639,124.00,121.20
640,124.00,121.20
641,124.00,120.20
642,124.00,120.20
643,124.00,120.20
644,125.00,119.20
645,125.00,118.20
646,125.00,117.20
647,125.00,117.20
648,125.00,116.20
649,125.00,115.20
650,125.00,114.20
651,125.00,113.20
652,125.00,113.20
653,125.00,112.20
654,125.00,112.20
655,125.00,111.20
656,125.00,111.20
657,125.00,110.20
658,125.00,110.20
659,125.00,110.20
660,125.00,110.20
661,125.00,110.20
662,125.00,109.20
663,125.00,109.20
664,125.00,109.20
665,125.00,109.20
666,125.00,109.20
667,126.00,108.20
668,126.00,107.20
669,126.00,107.20
670,126.00,106.20
671,126.00,105.20
672,126.00,103.20
673,126.00,102.20
674,126.00,101.20
675,126.00,101.20
676,126.00,101.20
677,126.00,100.20
678,126.00,100.20
679,126.00,99.20
680,126.00,99.20
681,126.00,99.20
682,127.00,98.20
683,127.00,98.20
684,127.00,98.20
685,127.00,97.20
686,127.00,97.20
687,127.00,97.20
688,127.00,97.20
689,127.00,97.20
690,127.00,96.20
691,127.00,96.20
692,127.00,95.20
693,127.00,94.20
694,127.00,93.20
695,127.00,92.20
696,127.00,91.20
697,127.00,91.20
698,127.00,90.20
699,128.00,90.20
700,128.00,89.20
701,128.00,89.20
702,128.00,88.20
703,128.00,87.20
704,129.00,85.20
705,129.00,84.20
706,129.00,82.20
707,129.00,82.20
708,129.00,82.20
709,130.00,81.20
710,130.00,81.20
711,130.00,80.20
712,130.00,79.20
713,130.00,78.20
714,130.00,78.20
715,130.00,77.20
716,130.00,77.20
717,130.00,76.20
718,130.00,74.20
719,131.00,73.20
720,131.00,72.20
721,131.00,72.20
722,131.00,71.20
723,131.00,71.20
724,131.00,71.20
725,131.00,70.20
726,131.00,70.20
727,131.00,69.20
728,131.00,69.20
729,131.00,69.20
730,131.00,68.20
731,131.00,68.20
732,131.00,67.20
733,132.00,67.20
734,132.00,66.20
735,132.00,66.20
736,132.00,64.20
737,132.00,63.20
738,132.00,62.20
739,132.00,62.20
740,132.00,61.20
741,132.00,61.20
742,132.00,61.20
743,132.00,60.20
744,132.00,60.20
745,132.00,58.20
746,132.00,57.20
747,132.00,57.20
748,132.00,56.20
749,132.00,55.20
750,132.00,55.20
751,132.00,55.20
752,132.00,55.20
753,132.00,54.20
754,133.00,54.20
755,133.00,54.20
756,133.00,54.20
757,133.00,54.20
758,133.00,53.20
759,133.00,53.20
760,133.00,53.20
761,133.00,53.20
762,133.00,52.20
763,133.00,52.20
764,133.00,51.20
765,133.00,50.20
766,134.00,49.20
767,134.00,49.20
768,134.00,48.20
769,134.00,48.20
770,134.00,48.20
771,134.00,48.20
772,134.00,48.20
773,134.00,48.20
774,134.00,47.20
775,134.00,47.20
776,134.00,47.20
777,134.00,47.20
778,134.00,47.20
779,134.00,47.20
780,134.00,46.20
781,135.00,46.20
782,135.00,46.20
783,135.00,46.20
784,135.00,46.20
785,135.00,45.20
786,135.00,45.20
787,135.00,45.20
788,135.00,45.20
789,135.00,43.20
790,135.00,43.20
791,136.00,43.20
792,136.00,43.20
793,137.00,43.20
794,137.00,43.20
795,137.00,43.20
796,138.00,43.20
797,138.00,43.20
798,139.00,43.20
799,139.00,43.20
800,139.00,43.20
801,139.00,43.20
802,140.00,43.20
803,140.00,43.20
804,140.00,43.20
805,140.00,43.20
806,140.00,43.20
807,140.00,43.20
808,141.00,43.20
809,141.00,43.20
810,141.00,43.20
811,141.00,43.20
812,141.00,43.20
813,141.00,43.20
814,142.00,43.20
815,142.00,42.20
816,142.00,42.20
817,142.00,42.20
818,142.00,42.20
819,142.00,42.20
820,143.00,42.20
821,143.00,42.20
822,143.00,42.20
823,143.00,42.20
824,143.00,41.20
825,144.00,41.20
826,144.00,41.20
827,144.00,41.20
828,144.00,41.20
829,145.00,41.20
830,145.00,41.20
831,145.00,41.20
832,145.00,41.20
833,145.00,41.20
834,146.00,41.20
835,146.00,41.20
836,146.00,41.20
837,146.00,41.20
838,146.00,41.20
839,147.00,41.20
840,147.00,41.20
841,147.00,41.20
842,147.00,41.20
843,148.00,41.20
844,148.00,41.20
845,148.00,41.20
846,148.00,41.20
847,148.00,41.20
848,149.00,41.20
849,149.00,41.20
850,149.00,41.20
851,149.00,41.20
852,149.00,41.20
853,150.00,41.20
854,150.00,41.20
855,150.00,41.20
856,150.00,41.20
857,150.00,41.20
858,151.00,41.20
859,151.00,41.20
860,151.00,41.20
861,151.00,41.20
862,151.00,41.20
863,151.00,41.20
864,152.00,41.20
865,152.00,41.20
866,152.00,41.20
867,152.00,41.20
868,152.00,41.20
869,153.00,41.20
870,153.00,41.20
871,153.00,41.20
872,153.00,41.20
873,153.00,41.20
874,154.00,41.20
875,154.00,41.20
876,154.00,41.20
877,154.00,41.20
878,154.00,41.20
879,155.00,41.20
880,155.00,41.20
881,155.00,41.20
882,155.00,41.20
883,156.00,41.20
884,156.00,41.20
885,156.00,41.20
886,156.00,41.20
887,157.00,41.20
888,157.00,41.20
889,157.00,41.20
890,157.00,41.20
891,157.00,41.20
892,158.00,41.20
893,158.00,41.20
894,158.00,41.20
895,158.00,42.20
896,158.00,42.20
897,159.00,42.20
898,159.00,42.20
899,159.00,42.20
900,159.00,42.20
901,159.00,43.20
902,160.00,43.20
903,160.00,43.20
904,160.00,43.20
905,160.00,43.20
906,160.00,43.20
907,160.00,44.20
908,161.00,44.20
909,161.00,44.20
910,161.00,44.20
911,161.00,44.20
912,161.00,44.20
913,161.00,45.20
914,161.00,45.20
915,161.00,45.20
916,161.00,45.20
917,161.00,45.20
918,161.00,46.20
919,162.00,46.20
920,162.00,46.20
921,162.00,46.20
922,162.00,47.20
923,162.00,47.20
924,162.00,48.20
925,162.00,49.20
926,162.00,50.20
927,162.00,50.20
928,162.00,50.20
929,162.00,51.20
930,162.00,52.20
931,162.00,52.20
932,162.00,54.20
933,162.00,54.20
934,162.00,54.20
935,162.00,55.20
936,162.00,55.20
937,162.00,55.20
938,162.00,55.20
939,162.00,56.20
940,162.00,56.20
941,162.00,57.20
942,162.00,57.20
943,162.00,58.20
944,162.00,59.20
945,162.00,59.20
946,163.00,59.20
947,163.00,60.20
948,163.00,61.20
949,163.00,63.20
950,163.00,64.20
951,164.00,65.20
952,164.00,65.20
953,164.00,66.20
954,165.00,66.20
955,165.00,67.20
956,165.00,67.20
957,165.00,68.20
958,165.00,68.20
959,165.00,68.20
960,166.00,68.20
961,166.00,69.20
962,166.00,69.20
963,166.00,69.20
964,166.00,70.20
965,166.00,70.20
966,166.00,70.20
967,166.00,70.20
968,166.00,71.20
969,166.00,71.20
970,166.00,72.20
971,166.00,72.20
972,166.00,72.20
973,166.00,73.20
974,166.00,73.20
975,166.00,73.20
976,166.00,73.20
977,167.00,74.20
978,167.00,74.20
979,167.00,75.20
980,167.00,75.20
981,167.00,75.20
982,167.00,75.20
983,167.00,76.20
984,167.00,76.20
985,167.00,76.20
986,167.00,76.20
987,167.00,77.20
988,167.00,77.20
989,167.00,77.20
990,167.00,77.20
991,167.00,78.20
992,167.00,78.20
993,167.00,79.20
994,168.00,79.20
995,168.00,79.20
996,168.00,80.20
997,168.00,80.20
998,168.00,81.20
999,168.00,81.20
1000,168.00,81.20
1001,168.00,82.20
1002,168.00,83.20
1003,168.00,83.20
1004,168.00,84.20
1005,168.00,85.20
1006,168.00,86.20
1007,168.00,86.20
1008,168.00,87.20
1009,168.00,87.20
1010,168.00,88.20
1011,168.00,88.20
1012,168.00,88.20
1013,168.00,89.20
1014,168.00,89.20
1015,168.00,90.20
1016,168.00,90.20
1017,168.00,90.20
1018,168.00,90.20
1019,168.00,91.20
1020,168.00,91.20
1021,168.00,91.20
1022,168.00,91.20
1023,168.00,92.20
1024,168.00,92.20
1025,168.00,92.20
1026,168.00,93.20
1027,168.00,95.20
1028,168.00,96.20
1029,168.00,97.20
1030,168.00,97.20
1031,168.00,98.20
1032,168.00,98.20
1033,168.00,98.20
1034,168.00,98.20
1035,168.00,98.20
1036,168.00,99.20
1037,168.00,99.20
1038,168.00,100.20
1039,168.00,100.20
1040,168.00,101.20
1041,168.00,101.20
1042,168.00,102.20
1043,168.00,102.20
1044,168.00,102.20
1045,169.00,103.20
1046,169.00,103.20
1047,169.00,103.20
1048,169.00,103.20
1049,169.00,104.20
1050,169.00,104.20
1051,169.00,104.20
1052,169.00,104.20
1053,169.00,105.20
1054,169.00,105.20
1055,170.00,106.20
1056,170.00,106.20
1057,170.00,106.20
1058,170.00,107.20
1059,170.00,107.20
1060,170.00,108.20
1061,170.00,108.20
1062,170.00,108.20
1063,170.00,109.20
1064,170.00,109.20
1065,170.00,110.20
1066,170.00,110.20
1067,170.00,111.20
1068,171.00,111.20
1069,171.00,112.20
1070,171.00,113.20
1071,171.00,113.20
1072,171.00,114.20
1073,171.00,114.20
1074,171.00,115.20
1075,171.00,115.20
1076,171.00,115.20
1077,171.00,115.20
1078,171.00,116.20
1079,171.00,116.20
1080,171.00,116.20
1081,171.00,116.20
1082,171.00,117.20
1083,171.00,117.20
1084,171.00,117.20
1085,171.00,117.20
1086,171.00,118.20
1087,171.00,118.20
1088,171.00,119.20
1089,171.00,119.20
1090,171.00,120.20
1091,171.00,120.20
1092,171.00,121.20
1093,171.00,121.20
1094,171.00,122.20
1095,171.00,122.20
1096,171.00,122.20
1097,171.00,123.20
1098,171.00,123.20
1099,171.00,123.20
1100,171.00,123.20
1101,171.00,123.20
1102,171.00,124.20
1103,171.00,124.20
1104,171.00,124.20
1105,171.00,124.20
1106,171.00,124.20
1107,171.00,125.20
1108,171.00,125.20
1109,171.00,125.20
1110,171.00,126.20
1111,171.00,126.20
1112,171.00,127.20
1113,171.00,127.20
1114,171.00,127.20
1115,171.00,128.20
1116,171.00,128.20
1117,171.00,128.20
1118,171.00,129.20
1119,171.00,129.20
1120,171.00,130.20
1121,171.00,130.20
1122,171.00,130.20
1123,171.00,131.20
1124,171.00,132.20
1125,171.00,132.20
1126,171.00,133.20
1127,171.00,133.20
1128,171.00,133.20
1129,171.00,133.20
1130,171.00,134.20
1131,171.00,134.20
1132,171.00,135.20
1133,171.00,135.20
1134,171.00,136.20
1135,171.00,136.20
1136,171.00,136.20
1137,171.00,137.20
1138,171.00,137.20
1139,171.00,137.20
1140,171.00,137.20
1141,171.00,139.20
1142,171.00,140.20
1143,171.00,140.20
1144,171.00,140.20
1145,171.00,141.20
1146,171.00,141.20
1147,171.00,142.20
1148,171.00,142.20
1149,171.00,143.20
1150,171.00,143.20
1151,171.00,144.20
1152,171.00,144.20
1153,171.00,145.20
1154,171.00,146.20
1155,171.00,146.20
1156,171.00,146.20
1157,171.00,147.20
1158,171.00,147.20
1159,171.00,148.20
1160,171.00,148.20
1161,171.00,148.20
1162,171.00,149.20
1163,171.00,149.20
1164,171.00,149.20
1165,171.00,150.20
1166,172.00,150.20
1167,172.00,151.20
1168,172.00,151.20
1169,172.00,152.20
1170,172.00,152.20
1171,172.00,152.20
1172,172.00,153.20
1173,172.00,153.20
1174,172.00,153.20
1175,172.00,154.20
1176,172.00,154.20
1177,172.00,155.20
1178,172.00,156.20
1179,172.00,156.20
1180,172.00,156.20
1181,172.00,157.20
1182,172.00,157.20
1183,172.00,158.20
1184,172.00,158.20
1185,172.00,159.20
1186,172.00,159.20
1187,172.00,160.20
1188,172.00,160.20
1189,172.00,160.20
1190,172.00,160.20
1191,172.00,161.20
1192,172.00,161.20
1193,172.00,161.20
1194,172.00,161.20
1195,172.00,162.20
1196,172.00,162.20
1197,172.00,162.20
1198,172.00,162.20
1199,172.00,163.20
1200,172.00,163.20
1201,172.00,163.20
1202,172.00,164.20
1203,172.00,164.20
1204,172.00,164.20
1205,172.00,165.20
1206,172.00,165.20
1207,172.00,165.20
1208,172.00,166.20
1209,173.00,167.20
1210,173.00,167.20
1211,173.00,168.20
1212,173.00,169.20
1213,173.00,169.20
1214,173.00,170.20
1215,173.00,170.20
1216,173.00,170.20
1217,173.00,171.20
1218,173.00,171.20
1219,173.00,171.20
1220,173.00,172.20
1221,173.00,173.20
1222,173.00,175.20
1223,174.00,176.20
1224,174.00,177.20
1225,175.00,178.20
1226,175.00,179.20
1227,175.00,179.20
1228,175.00,180.20
1229,175.00,180.20
1230,175.00,180.20
1231,175.00,181.20
1232,175.00,181.20
1233,176.00,182.20
1234,176.00,182.20
1235,176.00,182.20
1236,176.00,182.20
1237,176.00,182.20
1238,176.00,183.20
1239,176.00,183.20
1240,176.00,183.20
1241,176.00,183.20
1242,176.00,183.20
1243,176.00,184.20
1244,176.00,184.20
1245,176.00,184.20
1246,176.00,185.20
1247,176.00,185.20
1248,176.00,185.20
1249,176.00,186.20
1250,176.00,186.20
1251,176.00,186.20
1252,176.00,187.20
1253,176.00,187.20
1254,176.00,188.20
1255,176.00,188.20
1256,176.00,188.20
1257,176.00,189.20
1258,176.00,189.20
1259,176.00,190.20
1260,176.00,190.20
1261,176.00,191.20
1262,176.00,191.20
1263,176.00,192.20
1264,177.00,192.20
1265,177.00,192.20
1266,177.00,193.20
1267,177.00,193.20
1268,177.00,194.20
1269,177.00,195.20
1270,177.00,196.20
1271,177.00,196.20
1272,177.00,197.20
1273,177.00,198.20
1274,177.00,198.20
1275,177.00,199.20
1276,177.00,199.20
1277,177.00,200.20
1278,177.00,200.20
1279,177.00,201.20
1280,177.00,201.20
1281,177.00,202.20
1282,177.00,202.20
1283,177.00,202.20
1284,177.00,203.20
1285,177.00,203.20
1286,177.00,203.20
1287,177.00,203.20
1288,177.00,204.20
1289,177.00,204.20
1290,177.00,205.20
1291,177.00,205.20
1292,177.00,205.20
1293,177.00,206.20
1294,177.00,206.20
1295,177.00,207.20
1296,177.00,207.20
1297,177.00,208.20
1298,177.00,208.20
1299,177.00,209.20
1300,177.00,209.20
1301,177.00,209.20
1302,177.00,210.20
1303,177.00,210.20
1304,177.00,211.20
1305,177.00,211.20
1306,177.00,211.20
1307,177.00,212.20
1308,177.00,212.20
1309,177.00,212.20
1310,177.00,213.20
1311,177.00,214.20
1312,177.00,214.20
1313,177.00,215.20
1314,177.00,216.20
1315,177.00,217.20
1316,177.00,217.20
1317,177.00,218.20
1318,177.00,218.20
1319,177.00,219.20
1320,177.00,220.20
1321,177.00,220.20
1322,177.00,221.20
1323,177.00,221.20
1324,177.00,222.20
1325,177.00,222.20
1326,177.00,222.20
1327,177.00,223.20
1328,177.00,223.20
1329,177.00,223.20
1330,177.00,223.20
1331,177.00,224.20
1332,177.00,224.20
1333,177.00,224.20
1334,177.00,224.20
1335,177.00,225.20
1336,177.00,226.20
1337,177.00,226.20
1338,177.00,226.20
1339,177.00,226.20
1340,177.00,227.20
1341,177.00,227.20
1342,178.00,227.20
1343,178.00,227.20
1344,178.00,227.20
1345,178.00,228.20
1346,178.00,228.20
1347,178.00,228.20
1348,178.00,229.20
1349,178.00,230.20
1350,178.00,230.20
1351,178.00,230.20
1352,178.00,231.20
1353,178.00,232.20
1354,178.00,232.20
1355,178.00,233.20
1356,178.00,233.20
1357,178.00,233.20
1358,178.00,233.20
1359,178.00,234.20
1360,179.00,234.20
1361,179.00,234.20
1362,179.00,234.20
1363,179.00,235.20
1364,179.00,235.20
1365,179.00,236.20
1366,179.00,236.20
1367,179.00,236.20
1368,179.00,236.20
1369,179.00,237.20
1370,179.00,237.20
1371,179.00,237.20
1372,179.00,238.20
1373,179.00,239.20
1374,179.00,240.20
1375,179.00,241.20
1376,179.00,242.20
1377,179.00,242.20
1378,180.00,243.20
1379,180.00,243.20
1380,180.00,244.20
1381,180.00,244.20
1382,180.00,244.20
1383,180.00,245.20
1384,180.00,245.20
1385,180.00,245.20
1386,180.00,245.20
1387,180.00,246.20
1388,180.00,246.20
1389,180.00,246.20
1390,180.00,246.20
1391,180.00,247.20
1392,180.00,247.20
1393,180.00,248.20
1394,180.00,248.20
1395,180.00,248.20
1396,180.00,249.20
1397,180.00,249.20
1398,181.00,250.20
1399,181.00,251.20
1400,181.00,252.20
1401,181.00,254.20
1402,181.00,254.20
1403,181.00,255.20
1404,181.00,256.20
1405,181.00,256.20
1406,181.00,257.20
1407,181.00,257.20
1408,181.00,258.20
1409,181.00,258.20
1410,181.00,259.20
1411,181.00,259.20
1412,181.00,260.20
1413,181.00,260.20
1414,182.00,261.20
1415,182.00,261.20
1416,182.00,261.20
1417,182.00,261.20
1418,182.00,262.20
1419,182.00,262.20
1420,182.00,263.20
1421,182.00,263.20
1422,182.00,264.20
1423,182.00,265.20
1424,182.00,265.20
1425,182.00,265.20
1426,182.00,265.20
1427,182.00,266.20
1428,182.00,266.20
1429,182.00,267.20
1430,183.00,267.20
1431,183.00,267.20
1432,183.00,267.20
1433,183.00,268.20
1434,183.00,268.20
1435,183.00,268.20
1436,183.00,269.20
1437,183.00,269.20
1438,183.00,270.20
1439,183.00,270.20
1440,183.00,270.20
1441,183.00,271.20
1442,183.00,271.20
1443,183.00,272.20
1444,183.00,272.20
1445,184.00,273.20
1446,184.00,273.20
1447,184.00,274.20
1448,184.00,274.20
1449,184.00,275.20
1450,184.00,275.20
1451,184.00,275.20
1452,184.00,276.20
1453,185.00,276.20
1454,185.00,276.20
1455,185.00,277.20
1456,185.00,277.20
1457,185.00,278.20
1458,185.00,278.20
1459,185.00,279.20
1460,185.00,279.20
1461,185.00,279.20
1462,185.00,279.20
1463,185.00,280.20
1464,185.00,280.20
1465,185.00,282.20
1466,185.00,283.20
1467,185.00,284.20
1468,185.00,284.20
1469,185.00,285.20
1470,185.00,286.20
1471,186.00,287.20
1472,186.00,287.20
1473,186.00,288.20
1474,186.00,288.20
1475,186.00,289.20
1476,186.00,289.20
1477,186.00,290.20
1478,187.00,291.20
1479,187.00,291.20
1480,187.00,291.20
1481,187.00,292.20
1482,187.00,292.20
1483,187.00,293.20
1484,187.00,293.20
1485,187.00,293.20
1486,187.00,293.20
1487,187.00,294.20
1488,187.00,294.20
1489,187.00,294.20
1490,187.00,295.20
1491,187.00,295.20
1492,187.00,296.20
1493,187.00,296.20
1494,188.00,296.20
1495,188.00,297.20
1496,188.00,297.20
1497,188.00,298.20
1498,188.00,298.20
1499,188.00,299.20
1500,188.00,300.20
1501,188.00,300.20
1502,188.00,300.20
1503,188.00,301.20
1504,188.00,301.20
1505,188.00,301.20
1506,188.00,301.20
1507,188.00,302.20
1508,188.00,302.20
1509,188.00,302.20
1510,188.00,302.20
1511,188.00,303.20
1512,188.00,303.20
1513,189.00,304.20
1514,189.00,304.20
1515,189.00,304.20
1516,189.00,305.20
1517,189.00,305.20
1518,189.00,306.20
1519,189.00,306.20
1520,189.00,306.20
1521,189.00,307.20
1522,189.00,307.20
1523,189.00,307.20
1524,189.00,309.20
1525,190.00,310.20
1526,190.00,310.20
1527,190.00,310.20
1528,190.00,311.20
1529,190.00,311.20
1530,190.00,311.20
1531,190.00,312.20
1532,190.00,312.20
1533,190.00,312.20
1534,190.00,313.20
1535,190.00,313.20
1536,190.00,313.20
1537,190.00,314.20
1538,191.00,314.20
1539,191.00,315.20
1540,191.00,315.20
1541,191.00,316.20
1542,191.00,316.20
1543,191.00,316.20
1544,191.00,317.20
1545,192.00,317.20
1546,192.00,317.20
1547,192.00,318.20
1548,192.00,318.20
1549,192.00,318.20
1550,192.00,318.20
1551,192.00,319.20
1552,192.00,319.20
1553,192.00,319.20
1554,192.00,320.20
1555,192.00,320.20
1556,193.00,320.20
1557,193.00,321.20
1558,193.00,321.20
1559,193.00,321.20
1560,193.00,322.20
1561,193.00,322.20
1562,193.00,322.20
1563,193.00,323.20
1564,194.00,323.20
1565,194.00,324.20
1566,194.00,324.20
1567,194.00,324.20
1568,194.00,324.20
1569,194.00,325.20
1570,194.00,325.20
1571,194.00,325.20
1572,194.00,325.20
1573,194.00,326.20
1574,194.00,326.20
1575,194.00,326.20
1576,194.00,326.20
1577,195.00,326.20
1578,195.00,327.20
1579,195.00,327.20
1580,195.00,327.20
1581,195.00,327.20
1582,195.00,328.20
1583,195.00,328.20
1584,195.00,328.20
1585,195.00,328.20
1586,195.00,328.20
1587,195.00,328.20
1588,195.00,328.20
1589,196.00,328.20
1590,196.00,329.20
1591,196.00,329.20
1592,196.00,329.20
1593,196.00,329.20
1594,196.00,329.20
1595,196.00,329.20
1596,196.00,329.20
1597,196.00,330.20
1598,196.00,330.20
1599,196.00,330.20
1600,196.00,330.20
1601,197.00,330.20
1602,197.00,330.20
1603,197.00,330.20
1604,197.00,330.20
1605,197.00,331.20
1606,197.00,331.20
1607,197.00,331.20
1608,197.00,331.20
1609,197.00,331.20
1610,197.00,331.20
1611,197.00,331.20
1612,198.00,331.20
1613,198.00,332.20
1614,198.00,332.20
1615,198.00,332.20
1616,198.00,332.20
1617,198.00,332.20
1618,198.00,332.20
1619,198.00,332.20
1620,199.00,332.20
1621,199.00,333.20
1622,199.00,333.20
1623,199.00,333.20
1624,199.00,333.20
1625,200.00,333.20
1626,200.00,333.20
1627,200.00,333.20
1628,200.00,333.20
1629,200.00,333.20
1630,200.00,333.20
1631,200.00,333.20
1632,201.00,333.20
1633,201.00,333.20
1634,201.00,333.20
1635,201.00,333.20
1636,201.00,333.20
1637,202.00,333.20
1638,202.00,333.20
1639,202.00,333.20
1640,202.00,333.20
1641,202.00,332.20
1642,202.00,332.20
1643,202.00,332.20
1644,202.00,332.20
1645,202.00,332.20
1646,203.00,332.20
1647,203.00,332.20
1648,203.00,332.20
1649,203.00,332.20
1650,203.00,331.20
1651,203.00,331.20
1652,203.00,331.20
1653,203.00,331.20
1654,204.00,331.20
1655,204.00,331.20
1656,204.00,330.20
1657,204.00,330.20
1658,204.00,330.20
1659,204.00,330.20
1660,205.00,329.20
1661,205.00,329.20
1662,205.00,329.20
1663,205.00,329.20
1664,205.00,329.20
1665,205.00,328.20
1666,206.00,327.20
1667,206.00,327.20
1668,206.00,327.20
1669,206.00,327.20
1670,206.00,326.20
1671,206.00,326.20
1672,206.00,326.20
1673,206.00,326.20
1674,206.00,325.20
1675,206.00,325.20
1676,206.00,325.20
1677,206.00,325.20
1678,206.00,325.20
1679,206.00,324.20
1680,206.00,324.20
1681,207.00,323.20
1682,207.00,323.20
1683,207.00,323.20
1684,207.00,322.20
1685,207.00,322.20
1686,207.00,322.20
1687,208.00,321.20
1688,208.00,321.20
1689,208.00,321.20
1690,208.00,321.20
1691,208.00,320.20
1692,208.00,320.20
1693,208.00,319.20
1694,209.00,319.20
1695,209.00,318.20
1696,209.00,318.20
1697,210.00,317.20
1698,210.00,316.20
1699,210.00,315.20
1700,210.00,314.20
1701,210.00,313.20
1702,210.00,312.20
1703,211.00,312.20
1704,211.00,312.20
1705,211.00,311.20
1706,211.00,311.20
1707,211.00,311.20
1708,211.00,310.20
1709,211.00,310.20
1710,211.00,310.20
1711,211.00,309.20
1712,212.00,309.20
1713,212.00,308.20
1714,212.00,308.20
1715,212.00,308.20
1716,213.00,307.20
1717,213.00,307.20
1718,213.00,306.20
1719,213.00,306.20
1720,213.00,305.20
1721,213.00,305.20
1722,214.00,305.20
1723,214.00,304.20
1724,214.00,304.20
1725,214.00,303.20
1726,215.00,302.20
1727,215.00,301.20
1728,215.00,300.20
1729,215.00,299.20
1730,215.00,299.20
1731,215.00,299.20
1732,216.00,298.20
1733,216.00,297.20
1734,216.00,297.20
1735,216.00,296.20
1736,217.00,295.20
1737,217.00,295.20
1738,217.00,294.20
1739,217.00,294.20
1740,217.00,294.20
1741,218.00,293.20
1742,218.00,293.20
1743,218.00,292.20
1744,218.00,291.20
1745,219.00,291.20
1746,219.00,289.20
1747,220.00,288.20
1748,220.00,288.20
1749,221.00,287.20
1750,221.00,287.20
1751,221.00,287.20
1752,221.00,286.20
1753,221.00,285.20
1754,221.00,284.20
1755,222.00,283.20
1756,222.00,283.20
1757,222.00,282.20
1758,222.00,282.20
1759,222.00,282.20
1760,223.00,281.20
1761,223.00,281.20
1762,223.00,281.20
1763,223.00,281.20
1764,223.00,280.20
1765,223.00,280.20
1766,223.00,280.20
1767,223.00,280.20
1768,223.00,280.20
1769,224.00,280.20
1770,224.00,279.20
1771,224.00,279.20
1772,224.00,279.20
1773,224.00,278.20
1774,224.00,278.20
1775,224.00,278.20
1776,225.00,277.20
1777,225.00,277.20
1778,226.00,276.20
1779,226.00,275.20
1780,226.00,275.20
1781,227.00,274.20
1782,227.00,274.20
1783,227.00,272.20
1784,228.00,272.20
1785,228.00,272.20
1786,228.00,271.20
1787,228.00,271.20
1788,229.00,271.20
1789,229.00,271.20
1790,229.00,271.20
1791,229.00,270.20
1792,230.00,270.20
1793,230.00,269.20
1794,231.00,269.20
1795,232.00,268.20
1796,233.00,267.20
1797,233.00,267.20
1798,234.00,267.20
1799,234.00,267.20
1800,234.00,267.20
1801,234.00,267.20
1802,234.00,267.20
1803,234.00,267.20
1804,235.00,267.20
1805,235.00,267.20
1806,235.00,267.20
1807,235.00,267.20
1808,235.00,267.20
1809,236.00,267.20
1810,236.00,267.20
1811,236.00,267.20
1812,236.00,266.20
1813,237.00,266.20
1814,237.00,266.20
1815,237.00,266.20
1816,237.00,266.20
1817,237.00,266.20
1818,238.00,266.20
1819,238.00,266.20
1820,238.00,266.20
1821,238.00,266.20
1822,238.00,266.20
1823,239.00,266.20
1824,239.00,266.20
1825,239.00,266.20
1826,239.00,266.20
1827,239.00,266.20
1828,239.00,266.20
1829,240.00,266.20
1830,240.00,266.20
1831,240.00,266.20
1832,240.00,266.20
1833,240.00,265.20
1834,240.00,265.20
1835,241.00,265.20
1836,241.00,265.20
1837,241.00,265.20
1838,242.00,265.20
1839,243.00,264.20
1840,244.00,264.20
1841,244.00,264.20
1842,245.00,264.20
1843,245.00,264.20
1844,245.00,263.20
1845,245.00,263.20
1846,245.00,263.20
1847,245.00,263.20
1848,246.00,263.20
1849,246.00,263.20
1850,246.00,262.20
1851,246.00,262.20
1852,246.00,262.20
1853,246.00,262.20
1854,246.00,262.20
1855,247.00,262.20
1856,247.00,261.20
1857,247.00,261.20
1858,247.00,261.20
1859,247.00,261.20
1860,247.00,261.20
1861,247.00,261.20
1862,247.00,260.20
1863,247.00,260.20
1864,248.00,260.20
1865,248.00,260.20
1866,248.00,259.20
1867,248.00,259.20
1868,248.00,258.20
1869,249.00,258.20
1870,249.00,257.20
1871,249.00,256.20
1872,249.00,255.20
1873,250.00,255.20
1874,250.00,255.20
1875,250.00,254.20
1876,250.00,254.20
1877,250.00,253.20
1878,250.00,253.20
1879,251.00,253.20
1880,251.00,253.20
1881,251.00,252.20
1882,251.00,252.20
1883,251.00,251.20
1884,251.00,251.20
1885,252.00,251.20
1886,252.00,250.20
1887,252.00,250.20
1888,252.00,249.20
1889,252.00,249.20
1890,252.00,249.20
1891,253.00,248.20
1892,253.00,247.20
1893,253.00,246.20
1894,253.00,245.20
1895,253.00,245.20
1896,253.00,244.20
1897,254.00,243.20
1898,254.00,242.20
1899,254.00,241.20
1900,254.00,241.20
1901,254.00,240.20
1902,254.00,239.20
1903,254.00,238.20
1904,254.00,237.20
1905,254.00,237.20
1906,254.00,236.20
1907,254.00,236.20
1908,254.00,235.20
1909,255.00,235.20
1910,255.00,235.20
1911,255.00,234.20
1912,255.00,234.20
1913,255.00,233.20
1914,255.00,232.20
1915,256.00,232.20
1916,256.00,231.20
1917,256.00,231.20
1918,256.00,230.20
1919,256.00,230.20
1920,256.00,230.20
1921,256.00,230.20
1922,256.00,229.20
1923,256.00,228.20
1924,257.00,227.20
1925,258.00,226.20
1926,258.00,225.20
1927,258.00,224.20
1928,258.00,224.20
1929,258.00,223.20
1930,258.00,219.20
1931,258.00,217.20
1932,259.00,215.20
1933,259.00,213.20
1934,259.00,213.20
1935,259.00,212.20
1936,259.00,212.20
1937,259.00,212.20
1938,259.00,212.20
1939,260.00,211.20
1940,260.00,210.20
1941,260.00,210.20
1942,260.00,209.20
1943,260.00,209.20
1944,260.00,209.20
1945,260.00,209.20
1946,260.00,208.20
1947,260.00,208.20
1948,260.00,208.20
1949,260.00,208.20
1950,260.00,208.20
1951,260.00,207.20
1952,260.00,205.20
1953,261.00,204.20
1954,261.00,203.20
1955,262.00,202.20
1956,262.00,202.20
1957,262.00,202.20
1958,262.00,200.20
1959,262.00,199.20
1960,263.00,198.20
1961,263.00,197.20
1962,263.00,197.20
1963,263.00,196.20
1964,263.00,195.20
1965,264.00,193.20
1966,264.00,192.20
1967,264.00,191.20
1968,264.00,190.20
1969,264.00,190.20
1970,264.00,190.20
1971,264.00,187.20
1972,264.00,185.20
1973,264.00,183.20
1974,265.00,182.20
1975,265.00,182.20
1976,265.00,181.20
1977,265.00,181.20
1978,265.00,180.20
1979,265.00,179.20
1980,265.00,178.20
1981,265.00,177.20
1982,265.00,177.20
1983,265.00,176.20
1984,265.00,176.20
1985,266.00,175.20
1986,266.00,175.20
1987,266.00,174.20
1988,266.00,174.20
1989,266.00,173.20
1990,266.00,171.20
1991,266.00,168.20
1992,266.00,166.20
1993,266.00,165.20
1994,267.00,164.20
1995,267.00,163.20
1996,267.00,163.20
1997,267.00,162.20
1998,267.00,161.20
1999,267.00,160.20
2000,267.00,160.20
2001,267.00,160.20
2002,267.00,159.20
2003,268.00,158.20
2004,268.00,158.20
2005,268.00,157.20
2006,268.00,157.20
2007,268.00,156.20
2008,268.00,156.20
2009,268.00,156.20
2010,268.00,156.20
2011,268.00,154.20
2012,268.00,150.20
2013,269.00,147.20
2014,269.00,144.20
2015,270.00,143.20
2016,270.00,142.20
2017,270.00,141.20
2018,270.00,141.20
2019,270.00,141.20
2020,270.00,141.20
2021,270.00,140.20
2022,270.00,139.20
2023,270.00,139.20
2024,270.00,138.20
2025,270.00,138.20
2026,270.00,137.20
2027,270.00,137.20
2028,270.00,136.20
2029,270.00,135.20
2030,270.00,134.20
2031,271.00,133.20
2032,271.00,131.20
2033,271.00,131.20
2034,271.00,130.20
2035,272.00,130.20
2036,272.00,130.20
2037,272.00,130.20
2038,272.00,129.20
2039,272.00,129.20
2040,272.00,129.20
2041,272.00,129.20
2042,272.00,128.20
2043,272.00,128.20
2044,272.00,128.20
2045,272.00,126.20
2046,272.00,124.20
2047,272.00,123.20
2048,272.00,122.20
2049,272.00,122.20
2050,272.00,122.20
2051,272.00,122.20
2052,272.00,121.20
2053,272.00,121.20
2054,272.00,121.20
2055,272.00,120.20
2056,272.00,120.20
2057,272.00,120.20
2058,272.00,119.20
2059,272.00,119.20
2060,272.00,119.20
2061,272.00,118.20
2062,273.00,118.20
2063,273.00,117.20
2064,273.00,117.20
2065,273.00,117.20
2066,273.00,116.20
2067,273.00,116.20
2068,273.00,115.20
2069,273.00,113.20
2070,273.00,111.20
2071,273.00,110.20
2072,274.00,109.20
2073,274.00,109.20
2074,274.00,108.20
2075,274.00,107.20
2076,274.00,106.20
2077,274.00,106.20
2078,274.00,105.20
2079,274.00,105.20
2080,274.00,104.20
2081,275.00,104.20
2082,275.00,103.20
2083,275.00,103.20
2084,275.00,102.20
2085,275.00,102.20
2086,275.00,102.20
2087,275.00,102.20
2088,275.00,101.20
2089,275.00,101.20
2090,275.00,99.20
2091,275.00,97.20
2092,275.00,94.20
2093,275.00,92.20
2094,276.00,91.20
2095,276.00,90.20
2096,276.00,90.20
2097,276.00,90.20
2098,276.00,89.20
2099,276.00,89.20
2100,276.00,88.20
2101,276.00,87.20
2102,276.00,87.20
2103,277.00,87.20
2104,277.00,87.20
2105,277.00,86.20
2106,277.00,84.20
2107,277.00,82.20
2108,277.00,80.20
2109,277.00,79.20
2110,277.00,78.20
2111,277.00,77.20
2112,277.00,76.20
2113,278.00,76.20
2114,278.00,76.20
2115,278.00,75.20
2116,278.00,75.20
2117,278.00,74.20
2118,278.00,74.20
2119,278.00,73.20
2120,278.00,70.20
2121,278.00,67.20
2122,279.00,64.20
2123,279.00,62.20
2124,279.00,61.20
2125,279.00,61.20
2126,279.00,60.20
2127,280.00,59.20
2128,280.00,58.20
2129,280.00,57.20
2130,280.00,57.20
2131,280.00,56.20
2132,280.00,56.20
2133,280.00,56.20
2134,280.00,54.20
2135,280.00,51.20
2136,280.00,49.20
2137,281.00,48.20
2138,281.00,48.20
2139,281.00,47.20
2140,281.00,47.20
2141,281.00,47.20
2142,281.00,47.20
2143,281.00,47.20
2144,281.00,47.20
2145,281.00,46.20
2146,281.00,46.20
2147,281.00,46.20
2148,281.00,46.20
2149,281.00,46.20
2150,281.00,46.20
2151,281.00,46.20
2152,282.00,46.20
2153,282.00,45.20
2154,282.00,45.20
2155,282.00,45.20
2156,282.00,45.20
2157,282.00,45.20
2158,282.00,45.20
2159,282.00,45.20
2160,282.00,45.20
2161,283.00,45.20
2162,283.00,45.20
2163,283.00,45.20
2164,283.00,44.20
2165,283.00,44.20
2166,283.00,44.20
2167,283.00,44.20
2168,283.00,44.20
2169,284.00,44.20
2170,284.00,44.20
2171,284.00,44.20
2172,284.00,43.20
2173,284.00,43.20
2174,284.00,43.20
2175,284.00,43.20
2176,285.00,43.20
2177,285.00,43.20
2178,285.00,43.20
2179,285.00,43.20
2180,285.00,43.20
2181,285.00,43.20
2182,285.00,43.20
2183,286.00,42.20
2184,286.00,42.20
2185,286.00,42.20
2186,287.00,42.20
2187,287.00,42.20
2188,287.00,42.20
2189,288.00,42.20
2190,288.00,42.20
2191,288.00,42.20
2192,289.00,42.20
2193,289.00,42.20
2194,289.00,42.20
2195,290.00,41.20
2196,290.00,41.20
2197,290.00,41.20
2198,290.00,41.20
2199,290.00,41.20
2200,290.00,41.20
2201,291.00,41.20
2202,291.00,41.20
2203,291.00,41.20
2204,291.00,41.20
2205,292.00,41.20
2206,292.00,41.20
2207,292.00,41.20
2208,292.00,41.20
2209,293.00,41.20
2210,293.00,41.20
2211,294.00,41.20
2212,295.00,41.20
2213,296.00,41.20
2214,297.00,41.20
2215,297.00,41.20
2216,297.00,41.20
2217,297.00,41.20
2218,298.00,41.20
2219,298.00,41.20
2220,298.00,41.20
2221,298.00,41.20
2222,298.00,41.20
2223,298.00,41.20
2224,299.00,41.20
2225,299.00,41.20
2226,299.00,41.20
2227,299.00,41.20
2228,299.00,41.20
2229,300.00,41.20
2230,300.00,41.20
2231,300.00,41.20
2232,300.00,41.20
2233,300.00,41.20
2234,301.00,41.20
2235,301.00,41.20
2236,301.00,41.20
2237,302.00,41.20
2238,302.00,41.20
2239,302.00,41.20
2240,303.00,41.20
2241,303.00,41.20
2242,303.00,41.20
2243,303.00,41.20
2244,303.00,41.20
2245,303.00,41.20
2246,303.00,41.20
2247,304.00,41.20
2248,304.00,42.20
2249,304.00,42.20
2250,304.00,42.20
2251,304.00,42.20
2252,304.00,42.20
2253,304.00,42.20
2254,304.00,42.20
2255,305.00,42.20
2256,305.00,42.20
2257,305.00,43.20
2258,305.00,43.20
2259,305.00,43.20
2260,306.00,43.20
2261,306.00,43.20
2262,306.00,43.20
2263,306.00,43.20
2264,306.00,43.20
2265,306.00,44.20
2266,306.00,44.20
2267,306.00,44.20
2268,307.00,44.20
2269,307.00,45.20
2270,307.00,45.20
2271,307.00,45.20
2272,307.00,45.20
2273,307.00,46.20
2274,307.00,46.20
2275,308.00,46.20
2276,308.00,46.20
2277,308.00,47.20
2278,308.00,47.20
2279,308.00,47.20
2280,308.00,47.20
2281,309.00,48.20
2282,309.00,48.20
2283,309.00,48.20
2284,310.00,49.20
2285,310.00,49.20
2286,310.00,49.20
2287,310.00,50.20
2288,310.00,50.20
2289,310.00,50.20
2290,311.00,50.20
2291,311.00,51.20
2292,311.00,51.20
2293,311.00,51.20
2294,311.00,52.20
2295,311.00,52.20
2296,311.00,53.20
2297,311.00,53.20
2298,311.00,53.20
2299,311.00,53.20
2300,311.00,54.20
2301,311.00,55.20
2302,311.00,57.20
2303,311.00,58.20
2304,311.00,59.20
2305,311.00,60.20
2306,312.00,61.20
2307,312.00,63.20
2308,312.00,63.20
2309,312.00,64.20
2310,313.00,65.20
2311,313.00,65.20
2312,313.00,66.20
2313,313.00,66.20
2314,313.00,67.20
2315,313.00,67.20
2316,313.00,68.20
2317,313.00,68.20
2318,314.00,69.20
2319,314.00,69.20
2320,314.00,70.20
2321,314.00,70.20
2322,314.00,70.20
2323,314.00,70.20
2324,314.00,70.20
2325,314.00,71.20
2326,314.00,71.20
2327,314.00,71.20
2328,314.00,71.20
2329,314.00,71.20
2330,314.00,72.20
2331,314.00,72.20
2332,314.00,72.20
2333,314.00,73.20
2334,314.00,74.20
2335,314.00,74.20
2336,314.00,75.20
2337,314.00,75.20
2338,314.00,76.20
2339,314.00,76.20
2340,314.00,76.20
2341,314.00,77.20
2342,314.00,77.20
2343,314.00,77.20
2344,314.00,78.20
2345,314.00,78.20
2346,314.00,78.20
2347,314.00,79.20
2348,314.00,80.20
2349,314.00,80.20
2350,314.00,81.20
2351,314.00,81.20
2352,314.00,81.20
2353,314.00,81.20
2354,314.00,82.20
2355,314.00,82.20
2356,314.00,83.20
2357,314.00,84.20
2358,314.00,84.20
2359,314.00,85.20
2360,314.00,85.20
2361,314.00,86.20
2362,314.00,86.20
2363,315.00,87.20
2364,315.00,87.20
2365,315.00,88.20
2366,315.00,88.20
2367,315.00,89.20
2368,315.00,91.20
2369,316.00,92.20
2370,316.00,94.20
2371,316.00,94.20
2372,317.00,95.20
2373,317.00,95.20
2374,317.00,95.20
2375,317.00,95.20
2376,317.00,95.20
2377,317.00,97.20
2378,317.00,98.20
2379,317.00,99.20
2380,317.00,100.20
2381,317.00,100.20
2382,317.00,101.20
2383,317.00,101.20
2384,317.00,101.20
2385,317.00,102.20
2386,317.00,102.20
2387,317.00,102.20
2388,317.00,103.20
2389,317.00,103.20
2390,317.00,103.20
2391,317.00,104.20
2392,318.00,104.20
2393,318.00,104.20
2394,318.00,104.20
2395,318.00,105.20
2396,318.00,105.20
2397,318.00,105.20
2398,318.00,105.20
2399,318.00,106.20
2400,318.00,106.20
2401,318.00,106.20
2402,318.00,107.20
2403,318.00,108.20
2404,318.00,108.20
2405,318.00,110.20
2406,318.00,110.20
2407,318.00,111.20
2408,318.00,112.20
2409,318.00,113.20
2410,318.00,114.20
2411,318.00,114.20
2412,318.00,115.20
2413,318.00,115.20
2414,318.00,116.20
2415,318.00,116.20
2416,319.00,117.20
2417,319.00,117.20
2418,319.00,118.20
2419,319.00,119.20
2420,319.00,120.20
2421,319.00,121.20
2422,319.00,122.20
2423,319.00,122.20
2424,319.00,122.20
2425,319.00,123.20
2426,320.00,123.20
2427,320.00,124.20
2428,320.00,125.20
2429,320.00,126.20
2430,319.00,128.20
2431,319.00,130.20
2432,319.00,131.20
2433,319.00,133.20
2434,319.00,134.20
2435,319.00,135.20
2436,319.00,135.20
2437,319.00,136.20
2438,319.00,136.20
2439,319.00,137.20
2440,319.00,137.20
2441,319.00,137.20
2442,319.00,138.20
2443,319.00,138.20
2444,319.00,138.20
2445,319.00,138.20
2446,319.00,138.20
2447,319.00,139.20
2448,319.00,139.20
2449,319.00,140.20
2450,319.00,140.20
2451,320.00,141.20
2452,320.00,141.20
2453,320.00,142.20
2454,320.00,142.20
2455,320.00,144.20
2456,320.00,146.20
2457,320.00,148.20
2458,320.00,148.20
2459,320.00,149.20
2460,320.00,149.20
2461,320.00,150.20
2462,320.00,150.20
2463,320.00,151.20
2464,320.00,152.20
2465,320.00,153.20
2466,320.00,153.20
2467,320.00,153.20
2468,320.00,154.20
2469,320.00,154.20
2470,320.00,154.20
2471,320.00,155.20
2472,320.00,155.20
2473,320.00,155.20
2474,320.00,155.20
2475,320.00,155.20
2476,320.00,156.20
2477,320.00,156.20
2478,320.00,156.20
2479,320.00,157.20
2480,320.00,157.20
2481,320.00,157.20
2482,320.00,157.20
2483,320.00,158.20
2484,320.00,158.20
2485,320.00,159.20
2486,320.00,160.20
2487,320.00,161.20
2488,320.00,161.20
2489,321.00,162.20
2490,321.00,162.20
2491,321.00,163.20
2492,321.00,163.20
2493,321.00,164.20
2494,321.00,164.20
2495,321.00,165.20
2496,321.00,165.20
2497,321.00,165.20
2498,321.00,166.20
2499,321.00,166.20
2500,321.00,166.20
2501,321.00,167.20
2502,321.00,167.20
2503,321.00,168.20
2504,321.00,168.20
2505,321.00,168.20
2506,322.00,168.20
2507,322.00,168.20
2508,322.00,169.20
2509,322.00,170.20
2510,322.00,171.20
2511,323.00,172.20
2512,323.00,173.20
2513,323.00,173.20
2514,323.00,174.20
2515,324.00,174.20
2516,324.00,175.20
2517,324.00,175.20
2518,324.00,176.20
2519,324.00,176.20
2520,324.00,176.20
2521,324.00,177.20
2522,324.00,177.20
2523,324.00,178.20
2524,324.00,179.20
2525,324.00,179.20
2526,324.00,180.20
2527,324.00,180.20
2528,324.00,181.20
2529,324.00,181.20
2530,324.00,182.20
2531,324.00,182.20
2532,324.00,183.20
2533,324.00,183.20
2534,324.00,184.20
2535,324.00,184.20
2536,324.00,185.20
2537,324.00,185.20
2538,324.00,185.20
2539,324.00,185.20
2540,324.00,186.20
2541,324.00,188.20
2542,324.00,189.20
2543,324.00,190.20
2544,324.00,191.20
2545,324.00,191.20
2546,324.00,192.20
2547,325.00,192.20
2548,325.00,193.20
2549,325.00,193.20
2550,325.00,194.20
2551,325.00,194.20
2552,325.00,194.20
2553,325.00,194.20
2554,325.00,195.20
2555,325.00,195.20
2556,325.00,195.20
2557,325.00,195.20
2558,325.00,195.20
2559,325.00,196.20
2560,325.00,196.20
2561,325.00,196.20
2562,325.00,197.20
2563,325.00,197.20
2564,325.00,198.20
2565,325.00,198.20
2566,325.00,199.20
2567,325.00,199.20
2568,325.00,199.20
2569,325.00,200.20
2570,325.00,200.20
2571,325.00,200.20
2572,325.00,201.20
2573,325.00,201.20
2574,325.00,201.20
2575,325.00,201.20
2576,325.00,201.20
2577,325.00,202.20
2578,325.00,204.20
2579,325.00,206.20
2580,325.00,207.20
2581,325.00,208.20
2582,325.00,209.20
2583,326.00,210.20
2584,326.00,211.20
2585,326.00,213.20
2586,326.00,213.20
2587,326.00,214.20
2588,326.00,214.20
2589,326.00,215.20
2590,326.00,215.20
2591,326.00,215.20
2592,326.00,215.20
2593,326.00,216.20
2594,326.00,216.20
2595,326.00,216.20
2596,326.00,216.20
2597,326.00,216.20
2598,326.00,216.20
2599,326.00,217.20
2600,326.00,217.20
2601,327.00,217.20
2602,327.00,218.20
2603,327.00,218.20
2604,327.00,218.20
2605,327.00,218.20
2606,327.00,218.20
2607,327.00,219.20
2608,327.00,220.20
2609,327.00,220.20
2610,327.00,221.20
2611,327.00,222.20
2612,327.00,222.20
2613,327.00,223.20
2614,327.00,223.20
2615,327.00,224.20
2616,327.00,225.20
2617,327.00,225.20
2618,327.00,226.20
2619,327.00,226.20
2620,327.00,227.20
2621,327.00,227.20
2622,327.00,228.20
2623,327.00,228.20
2624,327.00,229.20
2625,327.00,229.20
2626,328.00,230.20
2627,328.00,231.20
2628,328.00,231.20
2629,328.00,232.20
2630,328.00,233.20
2631,328.00,234.20
2632,328.00,235.20
2633,328.00,235.20
2634,329.00,236.20
2635,329.00,237.20
2636,329.00,237.20
2637,329.00,238.20
2638,329.00,238.20
2639,329.00,239.20
2640,329.00,239.20
2641,329.00,240.20
2642,330.00,240.20
2643,330.00,241.20
2644,330.00,241.20
2645,330.00,242.20
2646,330.00,242.20
2647,330.00,243.20
2648,330.00,244.20
2649,331.00,244.20
2650,331.00,245.20
2651,331.00,245.20
2652,331.00,245.20
2653,331.00,246.20
2654,331.00,248.20
2655,331.00,251.20
2656,331.00,253.20
2657,331.00,255.20
2658,331.00,257.20
2659,331.00,258.20
2660,331.00,258.20
2661,331.00,259.20
2662,331.00,259.20
2663,331.00,260.20
2664,331.00,261.20
2665,332.00,261.20
2666,332.00,262.20
2667,332.00,262.20
2668,332.00,262.20
2669,332.00,262.20
2670,332.00,263.20
2671,332.00,263.20
2672,332.00,263.20
2673,332.00,263.20
2674,332.00,264.20
2675,332.00,264.20
2676,332.00,264.20
2677,332.00,265.20
2678,332.00,265.20
2679,332.00,266.20
2680,333.00,266.20
2681,333.00,267.20
2682,333.00,268.20
2683,333.00,268.20
2684,333.00,268.20
2685,333.00,270.20
2686,333.00,271.20
2687,333.00,272.20
2688,334.00,273.20
2689,334.00,273.20
2690,334.00,273.20
2691,334.00,274.20
2692,334.00,274.20
2693,334.00,274.20
2694,334.00,274.20
2695,335.00,275.20
2696,335.00,275.20
2697,335.00,275.20
2698,335.00,275.20
2699,335.00,275.20
2700,335.00,276.20
2701,335.00,276.20
2702,335.00,276.20
2703,335.00,277.20
2704,335.00,277.20
2705,335.00,277.20
2706,335.00,277.20
2707,336.00,278.20
2708,336.00,278.20
2709,336.00,279.20
2710,336.00,279.20
2711,336.00,280.20
2712,336.00,281.20
2713,336.00,282.20
2714,336.00,283.20
2715,337.00,283.20
2716,337.00,284.20
2717,337.00,284.20
2718,337.00,285.20
2719,337.00,286.20
2720,337.00,286.20
2721,337.00,287.20
2722,337.00,287.20
2723,337.00,287.20
2724,337.00,288.20
2725,337.00,288.20
2726,337.00,288.20
2727,337.00,288.20
2728,337.00,288.20
2729,337.00,289.20
2730,337.00,289.20
2731,337.00,289.20
2732,337.00,289.20
2733,338.00,289.20
2734,338.00,290.20
2735,338.00,290.20
2736,338.00,290.20
2737,338.00,291.20
2738,338.00,291.20
2739,338.00,292.20
2740,339.00,293.20
2741,339.00,293.20
2742,339.00,294.20
2743,339.00,295.20
2744,340.00,295.20
2745,340.00,295.20
2746,340.00,296.20
2747,340.00,296.20
2748,340.00,296.20
2749,340.00,297.20
2750,340.00,297.20
2751,340.00,298.20
2752,340.00,298.20
2753,341.00,298.20
2754,341.00,298.20
2755,341.00,299.20
2756,341.00,299.20
2757,341.00,299.20
2758,341.00,299.20
2759,341.00,299.20
2760,341.00,300.20
2761,341.00,300.20
2762,341.00,300.20
2763,341.00,300.20
2764,341.00,301.20
2765,341.00,301.20
2766,341.00,301.20
2767,341.00,301.20
2768,342.00,301.20
2769,342.00,302.20
2770,342.00,302.20
2771,342.00,302.20
2772,342.00,302.20
2773,342.00,302.20
2774,342.00,302.20
2775,342.00,303.20
2776,342.00,303.20
2777,342.00,303.20
2778,342.00,303.20
2779,342.00,303.20
2780,342.00,304.20
2781,342.00,304.20
2782,342.00,304.20
2783,343.00,304.20
2784,343.00,305.20
2785,343.00,305.20
2786,343.00,305.20
2787,343.00,306.20
2788,343.00,306.20
2789,343.00,306.20
2790,343.00,307.20
2791,343.00,307.20
2792,343.00,307.20
2793,344.00,308.20
2794,344.00,308.20
2795,344.00,309.20
2796,344.00,309.20
2797,344.00,310.20
2798,344.00,310.20
2799,344.00,311.20
2800,344.00,311.20
2801,345.00,311.20
2802,345.00,311.20
2803,345.00,311.20
2804,345.00,312.20
2805,345.00,312.20
2806,345.00,312.20
2807,345.00,312.20
2808,345.00,312.20
2809,345.00,312.20
2810,345.00,312.20
2811,346.00,312.20
2812,346.00,313.20
2813,346.00,313.20
2814,346.00,313.20
2815,346.00,313.20
2816,347.00,313.20
2817,347.00,314.20
2818,347.00,314.20
2819,347.00,314.20
2820,347.00,314.20
2821,347.00,314.20
2822,347.00,314.20
2823,347.00,314.20
2824,348.00,314.20
2825,348.00,314.20
2826,348.00,314.20
2827,348.00,314.20
2828,348.00,315.20
2829,348.00,315.20
2830,349.00,315.20
2831,349.00,315.20
2832,349.00,315.20
2833,349.00,315.20
2834,349.00,315.20
2835,349.00,315.20
2836,349.00,315.20
2837,350.00,315.20
2838,350.00,315.20
2839,350.00,315.20
2840,350.00,315.20
2841,350.00,315.20
2842,350.00,315.20
2843,350.00,314.20
2844,350.00,314.20
2845,350.00,314.20
2846,351.00,314.20
2847,351.00,314.20
2848,351.00,313.20
2849,352.00,313.20
2850,352.00,313.20
2851,352.00,312.20
2852,353.00,312.20
2853,353.00,311.20
2854,353.00,311.20
2855,353.00,311.20
2856,354.00,311.20
2857,354.00,311.20
2858,354.00,310.20
2859,354.00,310.20
2860,354.00,310.20
2861,354.00,310.20
2862,355.00,309.20
2863,355.00,309.20
2864,355.00,308.20
2865,355.00,307.20
2866,356.00,306.20
2867,357.00,305.20
2868,357.00,304.20
2869,358.00,304.20
2870,358.00,304.20
2871,358.00,303.20
2872,359.00,303.20
2873,359.00,303.20
2874,359.00,303.20
2875,359.00,302.20
2876,359.00,302.20
2877,360.00,302.20
2878,360.00,301.20
2879,360.00,301.20
2880,360.00,301.20
2881,361.00,300.20
2882,361.00,300.20
2883,361.00,300.20
2884,361.00,299.20
2885,361.00,299.20
2886,361.00,299.20
2887,361.00,299.20
2888,362.00,298.20
2889,362.00,298.20
2890,362.00,298.20
2891,362.00,297.20
2892,363.00,297.20
2893,363.00,296.20
2894,363.00,296.20
2895,363.00,296.20
2896,363.00,295.20
2897,363.00,295.20
2898,364.00,295.20
2899,364.00,295.20
2900,364.00,294.20
2901,364.00,294.20
2902,364.00,294.20
2903,364.00,294.20
2904,364.00,293.20
2905,365.00,293.20
2906,365.00,292.20
2907,366.00,291.20
2908,366.00,291.20
2909,367.00,290.20
2910,367.00,290.20
2911,367.00,289.20
2912,368.00,288.20
2913,368.00,288.20
2914,368.00,288.20
2915,368.00,288.20
2916,369.00,288.20
2917,369.00,288.20
2918,369.00,288.20
2919,369.00,287.20
2920,369.00,287.20
2921,369.00,287.20
2922,370.00,287.20
2923,370.00,287.20
2924,370.00,287.20
2925,370.00,287.20
2926,370.00,287.20
2927,370.00,286.20
2928,371.00,286.20
2929,371.00,286.20
2930,371.00,286.20
2931,371.00,286.20
2932,371.00,286.20
2933,372.00,286.20
2934,372.00,285.20
2935,372.00,285.20
2936,372.00,285.20
2937,373.00,285.20
2938,373.00,285.20
2939,373.00,285.20
2940,373.00,285.20
2941,373.00,285.20
2942,374.00,285.20
2943,374.00,285.20
2944,374.00,285.20
2945,374.00,285.20
2946,374.00,285.20
2947,375.00,285.20
2948,375.00,285.20
2949,375.00,285.20
2950,375.00,285.20
2951,375.00,285.20
2952,375.00,285.20
2953,376.00,285.20
2954,376.00,285.20
2955,376.00,285.20
2956,376.00,284.20
2957,376.00,284.20
2958,377.00,284.20
2959,377.00,284.20
2960,378.00,284.20
2961,378.00,284.20
2962,378.00,284.20
2963,378.00,284.20
2964,379.00,284.20
2965,380.00,284.20
2966,382.00,284.20
2967,382.00,284.20
2968,383.00,285.20
2969,383.00,285.20
2970,384.00,285.20
2971,384.00,285.20
2972,385.00,285.20
2973,385.00,285.20
2974,386.00,285.20
2975,386.00,285.20
2976,386.00,285.20
2977,386.00,285.20
2978,386.00,285.20
2979,387.00,285.20
2980,387.00,285.20
2981,387.00,285.20
2982,387.00,285.20
2983,388.00,285.20
2984,388.00,285.20
2985,388.00,285.20
2986,388.00,285.20
2987,388.00,285.20
2988,389.00,285.20
2989,389.00,285.20
2990,389.00,285.20
2991,389.00,285.20
2992,389.00,285.20
2993,390.00,284.20
2994,390.00,284.20
2995,390.00,284.20
2996,391.00,284.20
2997,391.00,283.20
2998,391.00,283.20
2999,391.00,283.20
3000,391.00,283.20
3001,392.00,282.20
3002,392.00,282.20
3003,392.00,280.20
3004,393.00,278.20
3005,394.00,277.20
3006,394.00,276.20
3007,395.00,276.20
3008,395.00,275.20
3009,395.00,275.20
3010,396.00,274.20
3011,396.00,274.20
3012,396.00,273.20
3013,396.00,273.20
3014,396.00,273.20
3015,396.00,272.20
3016,396.00,272.20
3017,397.00,272.20
3018,397.00,271.20
3019,397.00,271.20
3020,397.00,271.20
3021,398.00,270.20
3022,398.00,268.20
3023,398.00,267.20
3024,399.00,265.20
3025,400.00,264.20
3026,400.00,263.20
3027,401.00,262.20
3028,401.00,262.20
3029,401.00,262.20
3030,401.00,261.20
3031,402.00,261.20
3032,402.00,260.20
3033,402.00,259.20
3034,402.00,259.20
3035,403.00,258.20
3036,403.00,258.20
3037,403.00,257.20
3038,403.00,256.20
3039,403.00,255.20
3040,403.00,254.20
3041,403.00,253.20
3042,404.00,251.20
3043,404.00,250.20
3044,404.00,250.20
3045,404.00,250.20
3046,404.00,249.20
3047,404.00,249.20
3048,404.00,248.20
3049,404.00,246.20
3050,405.00,244.20
3051,405.00,242.20
3052,406.00,240.20
3053,407.00,238.20
3054,407.00,237.20
3055,407.00,236.20
3056,407.00,235.20
3057,408.00,235.20
3058,408.00,234.20
3059,408.00,233.20
3060,408.00,233.20
3061,408.00,232.20
3062,408.00,232.20
3063,408.00,231.20
3064,409.00,231.20
3065,409.00,229.20
3066,409.00,228.20
3067,409.00,226.20
3068,409.00,225.20
3069,409.00,224.20
3070,409.00,223.20
3071,409.00,223.20
3072,409.00,221.20
3073,410.00,221.20
3074,410.00,220.20
3075,410.00,219.20
3076,410.00,219.20
3077,410.00,218.20
3078,410.00,217.20
3079,410.00,216.20
3080,410.00,215.20
3081,410.00,213.20
3082,410.00,212.20
3083,410.00,211.20
3084,411.00,210.20
3085,411.00,210.20
3086,411.00,209.20
3087,411.00,208.20
3088,411.00,208.20
3089,411.00,206.20
3090,411.00,206.20
3091,411.00,205.20
3092,411.00,204.20
3093,411.00,204.20
3094,412.00,204.20
3095,412.00,203.20
3096,412.00,203.20
3097,412.00,200.20
3098,412.00,197.20
3099,412.00,195.20
3100,413.00,194.20
3101,413.00,192.20
3102,413.00,190.20
3103,413.00,190.20
3104,413.00,189.20
3105,413.00,189.20
3106,413.00,188.20
3107,414.00,187.20
3108,414.00,186.20
3109,414.00,186.20
3110,414.00,186.20
3111,414.00,184.20
3112,414.00,182.20
3113,414.00,179.20
3114,414.00,178.20
3115,414.00,177.20
3116,414.00,176.20
3117,414.00,175.20
3118,415.00,175.20
3119,415.00,174.20
3120,415.00,174.20
3121,415.00,174.20
3122,415.00,173.20
3123,415.00,173.20
3124,415.00,173.20
3125,415.00,172.20
3126,415.00,171.20
3127,415.00,165.20
3128,415.00,162.20
3129,416.00,160.20
3130,416.00,159.20
3131,416.00,158.20
3132,416.00,157.20
3133,416.00,155.20
3134,416.00,155.20
3135,416.00,154.20
3136,416.00,154.20
3137,417.00,154.20
3138,417.00,153.20
3139,417.00,151.20
3140,417.00,149.20
3141,417.00,148.20
3142,417.00,146.20
3143,417.00,145.20
3144,417.00,143.20
3145,418.00,141.20
3146,418.00,140.20
3147,418.00,138.20
3148,418.00,137.20
3149,418.00,137.20
3150,418.00,137.20
3151,418.00,137.20
3152,418.00,134.20
3153,418.00,130.20
3154,419.00,124.20
3155,420.00,118.20
3156,420.00,115.20
3157,421.00,112.20
3158,421.00,110.20
3159,421.00,108.20
3160,421.00,106.20
3161,422.00,105.20
3162,422.00,103.20
3163,422.00,102.20
3164,422.00,100.20
3165,422.00,96.20
3166,422.00,92.20
3167,422.00,90.20
3168,422.00,89.20
3169,422.00,88.20
3170,422.00,88.20
3171,422.00,87.20
3172,422.00,87.20
3173,422.00,87.20
3174,423.00,86.20
3175,423.00,86.20
3176,423.00,85.20
3177,423.00,83.20
3178,423.00,80.20
3179,423.00,79.20
3180,423.00,77.20
3181,424.00,77.20
3182,424.00,76.20
3183,424.00,75.20
3184,424.00,74.20
3185,424.00,73.20
3186,424.00,73.20
3187,424.00,72.20
3188,424.00,72.20
3189,424.00,72.20
3190,424.00,71.20
3191,424.00,68.20
3192,424.00,65.20
3193,425.00,63.20
3194,425.00,62.20
3195,425.00,61.20
3196,425.00,61.20
3197,426.00,60.20
3198,426.00,60.20
3199,426.00,60.20
3200,426.00,59.20
3201,426.00,58.20
3202,426.00,55.20
3203,426.00,51.20
3204,427.00,49.20
3205,427.00,48.20
3206,427.00,48.20
3207,427.00,47.20
3208,427.00,47.20
3209,427.00,47.20
3210,427.00,46.20
3211,427.00,46.20
3212,428.00,46.20
3213,428.00,46.20
3214,428.00,46.20
3215,428.00,46.20
3216,428.00,46.20
3217,428.00,46.20
3218,428.00,46.20
3219,429.00,46.20
3220,429.00,46.20
3221,429.00,45.20
3222,429.00,45.20
3223,429.00,45.20
3224,429.00,45.20
3225,429.00,45.20
3226,429.00,45.20
3227,430.00,45.20
3228,430.00,45.20
3229,430.00,44.20
3230,430.00,44.20
3231,431.00,44.20
3232,431.00,44.20
3233,431.00,44.20
3234,431.00,44.20
3235,431.00,44.20
3236,431.00,44.20
3237,432.00,44.20
3238,432.00,44.20
3239,432.00,44.20
3240,433.00,44.20
3241,433.00,44.20
3242,434.00,44.20
3243,434.00,44.20
3244,435.00,44.20
3245,435.00,44.20
3246,435.00,44.20
3247,436.00,44.20
3248,437.00,44.20
3249,438.00,44.20
3250,440.00,44.20
3251,441.00,44.20
3252,441.00,44.20
3253,442.00,44.20
3254,442.00,44.20
3255,443.00,44.20
3256,443.00,44.20
3257,443.00,44.20
3258,443.00,44.20
3259,444.00,44.20
3260,444.00,43.20
3261,444.00,43.20
3262,444.00,43.20
3263,444.00,43.20
3264,445.00,43.20
3265,445.00,43.20
3266,445.00,43.20
3267,445.00,43.20
3268,445.00,43.20
3269,446.00,43.20
3270,446.00,43.20
3271,446.00,43.20
3272,447.00,43.20
3273,447.00,43.20
3274,448.00,43.20
3275,448.00,43.20
3276,448.00,43.20
3277,448.00,43.20
3278,449.00,43.20
3279,449.00,43.20
3280,449.00,43.20
3281,449.00,43.20
3282,449.00,43.20
3283,449.00,43.20
3284,450.00,43.20
3285,450.00,43.20
3286,450.00,43.20
3287,450.00,43.20
3288,450.00,43.20
3289,451.00,43.20
3290,451.00,43.20
3291,451.00,43.20
3292,451.00,43.20
3293,452.00,43.20
3294,452.00,43.20
3295,452.00,43.20
3296,452.00,43.20
3297,453.00,43.20
3298,453.00,43.20
3299,453.00,43.20
3300,453.00,43.20
3301,453.00,43.20
3302,454.00,43.20
3303,454.00,43.20
3304,454.00,43.20
3305,454.00,43.20
3306,454.00,43.20
3307,455.00,43.20
3308,455.00,43.20
3309,455.00,43.20
3310,455.00,43.20
3311,455.00,43.20
3312,455.00,43.20
3313,456.00,43.20
3314,456.00,43.20
3315,456.00,43.20
3316,456.00,43.20
3317,456.00,44.20
3318,456.00,44.20
3319,457.00,44.20
3320,457.00,44.20
3321,457.00,45.20
3322,457.00,45.20
3323,457.00,45.20
3324,457.00,45.20
3325,457.00,45.20
3326,457.00,46.20
3327,457.00,46.20
3328,457.00,46.20
3329,457.00,47.20
3330,457.00,47.20
3331,457.00,47.20
3332,457.00,47.20
3333,457.00,48.20
3334,458.00,48.20
3335,458.00,49.20
3336,458.00,49.20
3337,458.00,49.20
3338,458.00,50.20
3339,458.00,50.20
3340,458.00,50.20
3341,458.00,50.20
3342,458.00,50.20
3343,458.00,51.20
3344,458.00,51.20
3345,459.00,51.20
3346,459.00,51.20
3347,459.00,52.20
3348,459.00,52.20
3349,459.00,52.20
3350,459.00,53.20
3351,459.00,53.20
3352,459.00,53.20
3353,459.00,54.20
3354,459.00,54.20
3355,460.00,54.20
3356,460.00,54.20
3357,460.00,55.20
3358,460.00,55.20
3359,460.00,56.20
3360,460.00,56.20
3361,460.00,57.20
3362,460.00,57.20
3363,460.00,58.20
3364,460.00,59.20
3365,460.00,59.20
3366,461.00,60.20
3367,461.00,61.20
3368,461.00,62.20
3369,461.00,62.20
3370,461.00,64.20
3371,461.00,65.20
3372,461.00,67.20
3373,461.00,67.20
3374,461.00,69.20
3375,461.00,69.20
3376,461.00,70.20
3377,461.00,70.20
3378,461.00,70.20
3379,461.00,72.20
3380,462.00,72.20
3381,462.00,73.20
3382,462.00,74.20
3383,463.00,75.20
3384,463.00,76.20
3385,463.00,76.20
3386,463.00,77.20
3387,463.00,77.20
3388,463.00,77.20
3389,464.00,78.20
3390,464.00,78.20
3391,464.00,79.20
3392,464.00,79.20
3393,464.00,79.20
3394,464.00,79.20
3395,464.00,80.20
3396,464.00,81.20
3397,464.00,81.20
3398,464.00,82.20
3399,464.00,82.20
3400,464.00,83.20
3401,464.00,84.20
3402,465.00,85.20
3403,465.00,85.20
3404,465.00,86.20
3405,465.00,87.20
3406,465.00,87.20
3407,465.00,88.20
3408,465.00,89.20
3409,465.00,89.20
3410,465.00,89.20
3411,465.00,90.20
3412,465.00,90.20
3413,465.00,90.20
3414,465.00,91.20
3415,465.00,91.20
3416,465.00,91.20
3417,465.00,92.20
3418,465.00,92.20
3419,465.00,93.20
3420,465.00,94.20
3421,465.00,95.20
3422,465.00,96.20
3423,465.00,97.20
3424,465.00,98.20
3425,465.00,98.20
3426,465.00,99.20
3427,465.00,99.20
3428,465.00,100.20
3429,465.00,100.20
3430,465.00,100.20
3431,465.00,101.20
3432,465.00,103.20
3433,465.00,105.20
3434,465.00,107.20
3435,465.00,108.20
3436,465.00,109.20
3437,465.00,110.20
3438,466.00,111.20
3439,466.00,112.20
3440,466.00,113.20
3441,466.00,113.20
3442,466.00,114.20
3443,466.00,114.20
3444,466.00,115.20
3445,466.00,115.20
3446,466.00,116.20
3447,466.00,116.20
3448,466.00,117.20
3449,466.00,118.20
3450,467.00,119.20
3451,467.00,120.20
3452,467.00,121.20
3453,467.00,121.20
3454,467.00,122.20
3455,467.00,123.20
3456,467.00,123.20
3457,467.00,124.20
3458,467.00,125.20
3459,467.00,126.20
3460,467.00,127.20
3461,467.00,127.20
3462,467.00,128.20
3463,467.00,128.20
3464,467.00,129.20
3465,467.00,129.20
3466,467.00,130.20
3467,467.00,131.20
3468,467.00,133.20
3469,467.00,134.20
3470,467.00,135.20
3471,468.00,136.20
3472,468.00,137.20
3473,468.00,138.20
3474,468.00,139.20
3475,468.00,139.20
3476,468.00,140.20
3477,468.00,140.20
3478,468.00,140.20
3479,468.00,141.20
3480,468.00,141.20
3481,468.00,142.20
3482,468.00,142.20
3483,468.00,143.20
3484,469.00,143.20
3485,469.00,143.20
3486,469.00,144.20
3487,469.00,144.20
3488,469.00,144.20
3489,469.00,145.20
3490,469.00,145.20
3491,469.00,146.20
3492,469.00,147.20
3493,469.00,147.20
3494,469.00,148.20
3495,469.00,149.20
3496,469.00,151.20
3497,469.00,151.20
3498,469.00,152.20
3499,469.00,153.20
3500,469.00,153.20
3501,469.00,154.20
3502,469.00,155.20
3503,469.00,155.20
3504,470.00,155.20
3505,470.00,155.20
3506,470.00,156.20
3507,470.00,157.20
3508,470.00,159.20
3509,470.00,160.20
3510,470.00,160.20
3511,470.00,162.20
3512,470.00,163.20
3513,470.00,164.20
3514,470.00,165.20
3515,471.00,165.20
3516,471.00,166.20
3517,471.00,167.20
3518,471.00,167.20
3519,471.00,167.20
3520,471.00,168.20
3521,471.00,168.20
3522,471.00,169.20
3523,471.00,170.20
3524,471.00,171.20
3525,471.00,171.20
3526,471.00,171.20
3527,472.00,172.20
3528,472.00,172.20
3529,472.00,173.20
3530,472.00,173.20
3531,472.00,174.20
3532,472.00,174.20
3533,472.00,175.20
3534,472.00,175.20
3535,472.00,176.20
3536,472.00,177.20
3537,472.00,178.20
3538,472.00,179.20
3539,472.00,179.20
3540,472.00,180.20
3541,472.00,180.20
3542,472.00,181.20
3543,472.00,181.20
3544,472.00,182.20
3545,472.00,183.20
3546,472.00,184.20
3547,472.00,185.20
3548,473.00,187.20
3549,473.00,188.20
3550,473.00,189.20
3551,474.00,190.20
3552,474.00,191.20
3553,474.00,192.20
3554,474.00,192.20
3555,474.00,193.20
3556,475.00,194.20
3557,475.00,194.20
3558,475.00,195.20
3559,475.00,196.20
3560,475.00,196.20
3561,475.00,197.20
3562,475.00,197.20
3563,475.00,198.20
3564,475.00,198.20
3565,476.00,200.20
3566,476.00,201.20
3567,476.00,201.20
3568,476.00,203.20
3569,476.00,203.20
3570,476.00,204.20
3571,476.00,206.20
3572,476.00,208.20
3573,476.00,209.20
3574,476.00,210.20
3575,476.00,211.20
3576,476.00,211.20
3577,476.00,212.20
3578,476.00,213.20
3579,476.00,214.20
3580,476.00,215.20
3581,476.00,216.20
3582,476.00,216.20
3583,476.00,216.20
3584,476.00,218.20
3585,477.00,221.20
3586,478.00,222.20
3587,478.00,223.20
3588,478.00,225.20
3589,479.00,226.20
3590,479.00,228.20
3591,479.00,229.20
3592,479.00,230.20
3593,480.00,231.20
3594,480.00,231.20
3595,480.00,232.20
3596,480.00,233.20
3597,480.00,235.20
3598,480.00,236.20
3599,481.00,237.20
3600,481.00,237.20
3601,481.00,237.20
3602,481.00,238.20
3603,481.00,238.20
3604,481.00,239.20
3605,481.00,239.20
3606,481.00,240.20
3607,481.00,240.20
3608,481.00,241.20
3609,481.00,242.20
3610,481.00,242.20
3611,481.00,244.20
3612,482.00,244.20
3613,482.00,245.20
3614,482.00,246.20
3615,482.00,247.20
3616,482.00,247.20
3617,482.00,248.20
3618,482.00,249.20
3619,482.00,249.20
3620,482.00,250.20
3621,482.00,250.20
3622,482.00,250.20
3623,482.00,251.20
3624,482.00,251.20
3625,482.00,251.20
3626,482.00,253.20
3627,482.00,255.20
3628,482.00,256.20
3629,482.00,257.20
3630,483.00,257.20
3631,483.00,257.20
3632,483.00,258.20
3633,483.00,258.20
3634,483.00,259.20
3635,483.00,259.20
3636,483.00,259.20
3637,483.00,260.20
3638,483.00,261.20
3639,484.00,261.20
3640,484.00,262.20
3641,484.00,262.20
3642,484.00,263.20
3643,484.00,263.20
3644,484.00,263.20
3645,484.00,263.20
3646,484.00,264.20
3647,484.00,264.20
3648,484.00,264.20
3649,484.00,266.20
3650,484.00,267.20
3651,485.00,267.20
3652,485.00,268.20
3653,485.00,268.20
3654,485.00,269.20
3655,485.00,269.20
3656,485.00,269.20
3657,485.00,270.20
3658,485.00,270.20
3659,485.00,271.20
3660,485.00,271.20
3661,485.00,271.20
3662,485.00,271.20
3663,485.00,272.20
3664,485.00,272.20
3665,485.00,273.20
3666,485.00,274.20
3667,486.00,274.20
3668,486.00,274.20
3669,486.00,276.20
3670,486.00,276.20
3671,486.00,277.20
3672,486.00,278.20
3673,486.00,278.20
3674,486.00,278.20
3675,487.00,279.20
3676,487.00,279.20
3677,487.00,280.20
3678,487.00,280.20
3679,487.00,280.20
3680,487.00,281.20
3681,487.00,281.20
3682,487.00,281.20
3683,487.00,282.20
3684,487.00,282.20
3685,487.00,283.20
3686,487.00,283.20
3687,487.00,284.20
3688,487.00,284.20
3689,487.00,284.20
3690,488.00,284.20
3691,488.00,285.20
3692,488.00,285.20
3693,488.00,285.20
3694,488.00,285.20
3695,488.00,286.20
3696,488.00,286.20
3697,488.00,286.20
3698,488.00,287.20
3699,488.00,287.20
3700,488.00,288.20
3701,489.00,288.20
3702,489.00,288.20
3703,489.00,288.20
3704,489.00,289.20
3705,489.00,289.20
3706,489.00,289.20
3707,489.00,290.20
3708,490.00,290.20
3709,490.00,290.20
3710,490.00,291.20
3711,490.00,291.20
3712,490.00,292.20
3713,490.00,292.20
3714,490.00,293.20
3715,490.00,293.20
3716,490.00,293.20
3717,490.00,294.20
3718,491.00,294.20
3719,491.00,294.20
3720,491.00,294.20
3721,491.00,294.20
3722,491.00,294.20
3723,491.00,294.20
3724,492.00,295.20
3725,492.00,295.20
3726,492.00,295.20
3727,492.00,295.20
3728,492.00,295.20
3729,492.00,295.20
3730,492.00,296.20
3731,493.00,296.20
3732,493.00,296.20
3733,493.00,296.20
3734,493.00,296.20
3735,494.00,296.20
3736,494.00,297.20
3737,494.00,297.20
3738,494.00,297.20
3739,494.00,297.20
3740,495.00,297.20
3741,495.00,297.20
3742,495.00,297.20
3743,495.00,297.20
3744,495.00,297.20
3745,495.00,297.20
3746,495.00,297.20
3747,496.00,297.20
3748,496.00,297.20
3749,496.00,297.20
3750,496.00,297.20
3751,496.00,297.20
3752,497.00,297.20
3753,497.00,297.20
3754,497.00,297.20
3755,497.00,297.20
3756,497.00,297.20
3757,498.00,297.20
3758,498.00,297.20
3759,498.00,297.20
3760,498.00,297.20
3761,498.00,297.20
3762,499.00,297.20
3763,499.00,297.20
3764,499.00,297.20
3765,500.00,297.20
3766,500.00,297.20
3767,500.00,296.20
3768,501.00,296.20
3769,501.00,296.20
3770,501.00,296.20
3771,501.00,295.20
3772,501.00,295.20
3773,502.00,295.20
3774,502.00,294.20
3775,502.00,294.20
3776,503.00,294.20
3777,504.00,294.20
3778,504.00,294.20
3779,505.00,293.20
3780,505.00,293.20
3781,506.00,293.20
3782,506.00,293.20
3783,506.00,292.20
3784,507.00,292.20
3785,507.00,292.20
3786,507.00,292.20
3787,508.00,292.20
3788,508.00,292.20
3789,508.00,291.20
3790,508.00,291.20
3791,508.00,291.20
3792,508.00,291.20
3793,508.00,290.20
3794,508.00,290.20
3795,509.00,290.20
3796,509.00,290.20
3797,509.00,290.20
3798,509.00,290.20
3799,509.00,290.20
3800,509.00,290.20
3801,510.00,290.20
3802,510.00,290.20
3803,510.00,290.20
3804,510.00,290.20
3805,510.00,290.20
3806,510.00,290.20
3807,511.00,289.20
3808,511.00,289.20
3809,511.00,289.20
3810,511.00,289.20
3811,512.00,289.20
3812,512.00,289.20
3813,512.00,289.20
3814,512.00,289.20
3815,512.00,289.20
3816,512.00,289.20
3817,512.00,288.20
3818,513.00,288.20
3819,513.00,288.20
3820,513.00,288.20
3821,513.00,288.20
3822,513.00,288.20
3823,513.00,288.20
3824,513.00,288.20
3825,514.00,288.20
3826,514.00,288.20
3827,514.00,287.20
3828,514.00,287.20
3829,514.00,287.20
3830,515.00,287.20
3831,515.00,287.20
3832,515.00,287.20
3833,515.00,287.20
3834,515.00,287.20
3835,515.00,287.20
3836,516.00,287.20
3837,516.00,287.20
3838,516.00,287.20
3839,516.00,287.20
3840,516.00,287.20
3841,517.00,287.20
3842,517.00,287.20
3843,517.00,287.20
3844,517.00,287.20
3845,517.00,287.20
3846,517.00,287.20
3847,518.00,288.20
3848,518.00,288.20
3849,518.00,288.20
3850,518.00,288.20
3851,518.00,288.20
3852,519.00,288.20
3853,519.00,288.20
3854,519.00,288.20
3855,519.00,288.20
3856,519.00,288.20
3857,519.00,288.20
3858,519.00,288.20
3859,520.00,288.20
3860,520.00,289.20
3861,520.00,289.20
3862,520.00,289.20
3863,520.00,289.20
3864,521.00,289.20
3865,521.00,289.20
3866,521.00,290.20
3867,521.00,290.20
3868,521.00,290.20
3869,521.00,290.20
3870,522.00,290.20
3871,522.00,291.20
3872,523.00,291.20
3873,523.00,291.20
3874,523.00,291.20
3875,523.00,292.20
3876,523.00,292.20
3877,524.00,292.20
3878,524.00,292.20
3879,524.00,292.20
3880,524.00,292.20
3881,524.00,293.20
3882,525.00,293.20
3883,525.00,293.20
3884,525.00,293.20
3885,525.00,293.20
3886,525.00,294.20
3887,526.00,294.20
3888,527.00,294.20
3889,528.00,295.20
3890,528.00,295.20
3891,528.00,295.20
3892,529.00,296.20
3893,529.00,296.20
3894,530.00,296.20
3895,530.00,297.20
3896,530.00,297.20
3897,530.00,297.20
3898,530.00,297.20
3899,531.00,298.20
3900,531.00,298.20
3901,531.00,298.20
3902,531.00,298.20
3903,531.00,298.20
3904,532.00,299.20
3905,532.00,299.20
3906,532.00,299.20
3907,532.00,299.20
3908,533.00,300.20
3909,533.00,300.20
3910,534.00,301.20
3911,534.00,301.20
3912,534.00,301.20
3913,534.00,301.20
3914,535.00,301.20
3915,535.00,301.20
3916,535.00,302.20
3917,535.00,302.20
3918,535.00,302.20
3919,535.00,302.20
3920,535.00,302.20
3921,536.00,302.20
3922,536.00,302.20
3923,536.00,302.20
3924,536.00,302.20
3925,537.00,303.20
3926,537.00,303.20
3927,537.00,303.20
3928,537.00,303.20
3929,537.00,303.20
3930,538.00,303.20
3931,538.00,303.20
3932,539.00,303.20
3933,539.00,303.20
3934,539.00,303.20
3935,539.00,303.20
3936,539.00,303.20
3937,540.00,303.20
3938,540.00,303.20
3939,540.00,303.20
3940,540.00,303.20
3941,540.00,303.20
3942,541.00,303.20
3943,541.00,303.20
3944,541.00,303.20
3945,541.00,303.20
3946,541.00,303.20
3947,542.00,303.20
3948,542.00,303.20
3949,542.00,303.20
3950,542.00,303.20
3951,542.00,302.20
3952,542.00,302.20
3953,542.00,302.20
3954,542.00,301.20
3955,542.00,300.20
3956,543.00,299.20
3957,543.00,298.20
3958,543.00,298.20
3959,544.00,297.20
3960,544.00,297.20
3961,544.00,296.20
3962,544.00,296.20
3963,544.00,295.20
3964,545.00,295.20
3965,545.00,294.20
3966,545.00,294.20
3967,545.00,293.20
3968,545.00,293.20
3969,545.00,292.20
3970,545.00,292.20
3971,545.00,292.20
3972,546.00,292.20
3973,546.00,291.20
3974,546.00,291.20
3975,546.00,291.20
3976,546.00,290.20
3977,546.00,290.20
3978,546.00,289.20
3979,546.00,289.20
3980,546.00,288.20
3981,546.00,288.20
3982,546.00,287.20
3983,547.00,287.20
3984,547.00,286.20
3985,547.00,285.20
3986,547.00,284.20
3987,548.00,283.20
3988,548.00,282.20
3989,548.00,281.20
3990,548.00,279.20
3991,548.00,277.20
3992,549.00,276.20
3993,549.00,275.20
3994,550.00,273.20
3995,550.00,271.20
3996,551.00,270.20
3997,551.00,268.20
3998,551.00,267.20
3999,551.00,266.20
4000,551.00,265.20
4001,552.00,263.20
4002,552.00,261.20
4003,552.00,260.20
4004,552.00,260.20
4005,553.00,259.20
4006,553.00,259.20
4007,553.00,256.20
4008,553.00,254.20
4009,553.00,252.20
4010,553.00,250.20
4011,554.00,249.20
4012,554.00,248.20
4013,554.00,247.20
4014,554.00,246.20
4015,554.00,244.20
4016,554.00,242.20
4017,555.00,241.20
4018,555.00,241.20
4019,555.00,240.20
4020,555.00,240.20
4021,556.00,239.20
4022,556.00,236.20
4023,556.00,233.20
4024,556.00,230.20
4025,557.00,227.20
4026,557.00,226.20
4027,557.00,225.20
4028,557.00,223.20
4029,557.00,222.20
4030,558.00,221.20
4031,558.00,220.20
4032,558.00,220.20
4033,558.00,219.20
4034,558.00,219.20
4035,558.00,218.20
4036,558.00,218.20
4037,558.00,217.20
4038,558.00,216.20
4039,558.00,215.20
4040,558.00,214.20
4041,558.00,214.20
4042,558.00,212.20
4043,558.00,208.20
4044,559.00,205.20
4045,559.00,202.20
4046,560.00,202.20
4047,560.00,201.20
4048,560.00,200.20
4049,560.00,199.20
4050,560.00,198.20
4051,560.00,197.20
4052,560.00,196.20
4053,560.00,196.20
4054,560.00,196.20
4055,561.00,195.20
4056,561.00,194.20
4057,561.00,193.20
4058,561.00,192.20
4059,561.00,191.20
4060,562.00,188.20
4061,562.00,186.20
4062,563.00,184.20
4063,563.00,182.20
4064,563.00,181.20
4065,563.00,180.20
4066,563.00,179.20
4067,563.00,178.20
4068,563.00,178.20
4069,564.00,178.20
4070,564.00,178.20
4071,564.00,177.20
4072,564.00,176.20
4073,564.00,176.20
4074,564.00,170.20
4075,564.00,167.20
4076,565.00,162.20
4077,565.00,158.20
4078,566.00,154.20
4079,566.00,152.20
4080,566.00,150.20
4081,566.00,148.20
4082,567.00,147.20
4083,567.00,146.20
4084,567.00,145.20
4085,567.00,144.20
4086,567.00,144.20
4087,567.00,144.20
4088,567.00,143.20
4089,567.00,142.20
4090,567.00,140.20
4091,567.00,139.20
4092,567.00,137.20
4093,567.00,136.20
4094,567.00,133.20
4095,567.00,131.20
4096,567.00,130.20
4097,567.00,129.20
4098,567.00,129.20
4099,567.00,129.20
4100,567.00,129.20
4101,568.00,128.20
4102,568.00,128.20
4103,568.00,124.20
4104,568.00,121.20
4105,568.00,118.20
4106,569.00,117.20
4107,569.00,116.20
4108,569.00,115.20
4109,569.00,114.20
4110,569.00,113.20
4111,570.00,112.20
4112,570.00,112.20
4113,570.00,111.20
4114,570.00,111.20
4115,570.00,110.20
4116,570.00,110.20
4117,570.00,109.20
4118,570.00,105.20
4119,570.00,102.20
4120,570.00,98.20
4121,570.00,96.20
4122,570.00,95.20
4123,571.00,94.20
4124,571.00,93.20
4125,571.00,92.20
4126,571.00,91.20
4127,571.00,90.20
4128,571.00,89.20
4129,571.00,89.20
4130,571.00,87.20
4131,571.00,84.20
4132,572.00,81.20
4133,572.00,80.20
4134,572.00,78.20
4135,573.00,76.20
4136,573.00,75.20
4137,573.00,74.20
4138,573.00,73.20
4139,573.00,73.20
4140,573.00,73.20
4141,573.00,72.20
4142,573.00,69.20
4143,573.00,64.20
4144,574.00,60.20
4145,574.00,57.20
4146,575.00,55.20
4147,575.00,54.20
4148,575.00,54.20
4149,575.00,54.20
4150,575.00,53.20
4151,575.00,53.20
4152,576.00,52.20
4153,576.00,51.20
4154,576.00,49.20
4155,576.00,47.20
4156,576.00,46.20
4157,576.00,45.20
4158,577.00,45.20
4159,577.00,45.20
4160,577.00,44.20
4161,577.00,44.20
4162,577.00,44.20
4163,577.00,44.20
4164,577.00,44.20
4165,577.00,44.20
4166,578.00,43.20
4167,578.00,43.20
4168,578.00,43.20
4169,578.00,43.20
4170,578.00,43.20
4171,578.00,43.20
4172,579.00,43.20
4173,579.00,42.20
4174,579.00,42.20
4175,579.00,42.20
4176,579.00,42.20
4177,580.00,42.20
4178,580.00,42.20
4179,580.00,42.20
4180,580.00,42.20
4181,581.00,42.20
4182,582.00,42.20
4183,582.00,41.20
4184,582.00,41.20
4185,583.00,41.20
4186,584.00,41.20
4187,584.00,41.20
4188,586.00,41.20
4189,586.00,41.20
4190,587.00,41.20
4191,588.00,41.20
4192,589.00,41.20
4193,589.00,41.20
4194,591.00,41.20
4195,591.00,41.20
4196,591.00,41.20
4197,592.00,41.20
4198,592.00,41.20
4199,593.00,41.20
4200,593.00,41.20
4201,593.00,41.20
4202,594.00,41.20
4203,594.00,41.20
4204,594.00,41.20
4205,595.00,41.20
4206,595.00,41.20
4207,595.00,41.20
4208,596.00,41.20
4209,596.00,41.20
4210,596.00,41.20
4211,596.00,41.20
4212,597.00,41.20
4213,597.00,41.20
4214,597.00,41.20
4215,598.00,41.20
4216,598.00,41.20
4217,598.00,41.20
4218,599.00,41.20
4219,599.00,41.20
4220,600.00,41.20
4221,600.00,41.20
4222,600.00,41.20
4223,600.00,41.20
4224,601.00,41.20
4225,601.00,41.20
4226,601.00,41.20
4227,601.00,41.20
4228,601.00,41.20
4229,601.00,41.20
4230,602.00,41.20
4231,602.00,41.20
4232,603.00,42.20
4233,603.00,42.20
4234,604.00,43.20
4235,605.00,43.20
4236,605.00,43.20
4237,606.00,43.20
4238,606.00,43.20
4239,606.00,43.20
4240,606.00,44.20
4241,606.00,44.20
4242,606.00,44.20
4243,607.00,44.20
4244,607.00,44.20
4245,607.00,44.20
4246,607.00,45.20
4247,607.00,45.20
4248,607.00,45.20
4249,607.00,46.20
4250,607.00,46.20
4251,607.00,46.20
4252,607.00,47.20
4253,607.00,47.20
4254,607.00,48.20
4255,607.00,48.20
4256,607.00,48.20
4257,607.00,48.20
4258,607.00,49.20
4259,607.00,49.20
4260,607.00,49.20
4261,607.00,50.20
4262,607.00,50.20
4263,607.00,51.20
4264,607.00,51.20
4265,607.00,52.20
4266,607.00,52.20
4267,607.00,53.20
4268,607.00,53.20
4269,608.00,53.20
4270,608.00,54.20
4271,608.00,54.20
4272,608.00,54.20
4273,608.00,55.20
4274,608.00,56.20
4275,608.00,56.20
4276,608.00,57.20
4277,608.00,57.20
4278,608.00,57.20
4279,608.00,59.20
4280,608.00,61.20
4281,608.00,63.20
4282,608.00,65.20
4283,608.00,66.20
4284,609.00,67.20
4285,609.00,68.20
4286,609.00,69.20
4287,609.00,70.20
4288,609.00,71.20
4289,609.00,72.20
4290,609.00,72.20
4291,610.00,73.20
4292,610.00,73.20
4293,610.00,74.20
4294,610.00,74.20
4295,610.00,75.20
4296,610.00,75.20
4297,610.00,76.20
4298,610.00,76.20
4299,610.00,76.20
4300,610.00,77.20
4301,610.00,77.20
4302,610.00,78.20
4303,610.00,79.20
4304,610.00,79.20
4305,610.00,80.20
4306,610.00,81.20
4307,610.00,82.20
4308,610.00,83.20
4309,610.00,85.20
4310,610.00,86.20
4311,610.00,87.20
4312,610.00,87.20
4313,611.00,87.20
4314,611.00,87.20
4315,611.00,88.20
4316,611.00,91.20
4317,611.00,94.20
4318,611.00,96.20
4319,611.00,97.20
4320,612.00,98.20
4321,612.00,100.20
4322,612.00,101.20
4323,612.00,103.20
4324,612.00,103.20
4325,613.00,104.20
4326,613.00,105.20
4327,613.00,106.20
4328,613.00,107.20
4329,613.00,108.20
4330,613.00,110.20
4331,613.00,111.20
4332,613.00,112.20
4333,614.00,112.20
4334,614.00,113.20
4335,614.00,113.20
4336,614.00,114.20
4337,614.00,115.20
4338,614.00,117.20
4339,614.00,118.20
4340,614.00,119.20
4341,614.00,120.20
4342,614.00,120.20
4343,614.00,121.20
4344,614.00,122.20
4345,615.00,122.20
4346,615.00,122.20
4347,615.00,124.20
4348,615.00,127.20
4349,615.00,131.20
4350,616.00,133.20
4351,616.00,135.20
4352,616.00,137.20
4353,616.00,139.20
4354,616.00,141.20
4355,617.00,143.20
4356,617.00,145.20
4357,617.00,147.20
4358,617.00,148.20
4359,617.00,149.20
4360,617.00,150.20
4361,617.00,152.20
4362,617.00,153.20
4363,617.00,154.20
4364,617.00,154.20
4365,617.00,155.20
4366,618.00,155.20
4367,618.00,155.20
4368,618.00,155.20
4369,618.00,157.20
4370,618.00,158.20
4371,618.00,160.20
4372,619.00,161.20
4373,619.00,163.20
4374,619.00,164.20
4375,620.00,166.20
4376,620.00,167.20
4377,620.00,169.20
4378,620.00,170.20
4379,620.00,173.20
4380,620.00,174.20
4381,620.00,176.20
4382,620.00,178.20
4383,620.00,179.20
4384,620.00,181.20
4385,620.00,181.20
4386,620.00,181.20
4387,620.00,181.20
4388,620.00,183.20
4389,621.00,186.20
4390,622.00,189.20
4391,622.00,191.20
4392,622.00,192.20
4393,623.00,194.20
4394,623.00,195.20
4395,623.00,197.20
4396,623.00,198.20
4397,623.00,199.20
4398,624.00,200.20
4399,624.00,203.20
4400,624.00,204.20
4401,625.00,206.20
4402,625.00,207.20
4403,625.00,209.20
4404,625.00,210.20
4405,625.00,210.20
4406,625.00,210.20
4407,626.00,210.20
4408,626.00,213.20
4409,626.00,215.20
4410,627.00,217.20
4411,627.00,219.20
4412,627.00,220.20
4413,628.00,222.20
4414,628.00,224.20
4415,628.00,226.20
4416,629.00,227.20
4417,629.00,228.20
4418,629.00,229.20
4419,629.00,231.20
4420,629.00,232.20
4421,629.00,233.20
4422,629.00,234.20
4423,630.00,236.20
4424,630.00,237.20
4425,630.00,238.20
4426,630.00,238.20
4427,630.00,238.20
4428,630.00,238.20
4429,630.00,239.20
4430,630.00,240.20
4431,631.00,241.20
4432,631.00,242.20
4433,631.00,243.20
4434,631.00,243.20
4435,632.00,244.20
4436,632.00,246.20
4437,633.00,247.20
4438,633.00,248.20
4439,633.00,248.20
4440,633.00,249.20
4441,633.00,249.20
4442,633.00,250.20
4443,633.00,250.20
4444,634.00,250.20
4445,634.00,251.20
4446,634.00,251.20
4447,634.00,251.20
4448,634.00,252.20
4449,634.00,252.20
4450,634.00,252.20
4451,634.00,252.20
4452,635.00,252.20
4453,635.00,253.20
4454,635.00,253.20
4455,635.00,253.20
4456,635.00,253.20
4457,635.00,254.20
4458,635.00,254.20
4459,635.00,255.20
4460,636.00,255.20
4461,636.00,255.20
4462,636.00,256.20
4463,636.00,256.20
4464,636.00,256.20
4465,636.00,256.20
4466,636.00,257.20
4467,637.00,257.20
4468,637.00,257.20
4469,637.00,258.20
4470,637.00,258.20
4471,637.00,258.20
4472,637.00,259.20
4473,637.00,260.20
4474,638.00,261.20
4475,638.00,261.20
4476,638.00,261.20
4477,638.00,261.20
4478,638.00,261.20
4479,638.00,262.20
4480,638.00,264.20
4481,638.00,266.20
4482,639.00,267.20
4483,639.00,268.20
4484,639.00,269.20
4485,639.00,269.20
4486,639.00,270.20
4487,639.00,270.20
4488,640.00,271.20
4489,640.00,271.20
4490,640.00,271.20
4491,640.00,272.20
4492,640.00,272.20
4493,641.00,273.20

matched_data
index,target_x,target_y,user_x,user_y,offset_px
0,60.00,336.46,60.00,339.20,2.74
1,61.50,331.70,61.00,337.20,1.24
2,63.00,326.48,61.00,332.20,0.33
3,64.50,320.91,62.00,330.20,0.07
4,66.00,315.10,62.00,328.20,0.49
5,67.50,309.16,63.00,325.20,0.33
6,69.00,303.19,63.00,321.20,1.37
7,70.50,297.29,64.00,318.20,1.16
8,72.00,291.54,64.00,316.20,1.66
9,73.50,286.02,66.00,310.20,1.20
10,75.00,280.79,67.00,306.20,1.21
11,76.50,275.91,68.00,303.20,0.97
12,78.00,271.41,69.00,299.20,0.98
13,79.50,267.32,70.00,296.20,0.76
14,81.00,263.66,72.00,292.20,0.17
15,82.50,260.42,72.00,287.20,1.14
16,84.00,257.59,73.00,283.20,1.26
17,85.50,255.15,75.00,276.20,1.35
18,87.00,253.04,76.00,273.20,1.33
19,88.50,251.22,77.00,270.20,1.36
20,90.00,249.64,80.00,264.20,0.72
21,91.50,248.21,81.00,262.20,0.61
22,93.00,246.86,82.00,258.20,1.48
23,94.50,245.52,84.00,256.20,0.73
24,96.00,244.09,86.00,253.20,0.72
25,97.50,242.49,87.00,251.20,1.17
26,99.00,240.63,89.00,248.20,1.73
27,100.50,238.42,90.00,247.20,1.76
28,102.00,235.79,93.00,245.20,1.24
29,103.50,232.64,96.00,242.20,1.29
30,105.00,228.93,98.00,239.20,1.63
31,106.50,224.58,99.00,236.20,2.40
32,108.00,219.54,101.00,234.20,1.59
33,109.50,213.79,103.00,231.20,1.00
34,111.00,207.29,104.00,227.20,1.51
35,112.50,200.02,105.00,225.20,1.22
36,114.00,192.01,106.00,222.20,1.16
37,115.50,183.26,107.00,220.20,0.77
38,117.00,173.80,108.00,216.20,0.84
39,118.50,163.68,109.00,209.20,1.52
40,120.00,152.97,110.00,205.20,1.40
41,121.50,141.74,111.00,203.20,0.83
42,123.00,130.09,112.00,196.20,1.19
43,124.50,118.10,112.00,188.20,2.61
44,126.00,105.89,113.00,185.20,2.14
45,127.50,93.59,114.00,177.20,2.43
46,129.00,81.32,115.00,169.20,2.65
47,130.50,69.22,116.00,165.20,2.25
48,132.00,57.42,117.00,161.20,1.83
49,133.50,46.06,118.00,157.20,1.39
50,135.00,42.00,119.00,153.20,0.96
51,136.50,42.00,120.00,148.20,0.63
52,138.00,42.00,120.00,145.20,1.03
53,139.50,42.00,122.00,140.20,0.30
54,141.00,42.00,122.00,134.20,0.47
55,142.50,42.00,123.00,131.20,0.14
56,144.00,42.00,123.00,123.20,0.85
57,145.50,42.00,124.00,121.20,0.11
58,147.00,42.00,125.00,113.20,0.10
59,148.50,42.00,125.00,109.20,0.59
60,150.00,42.00,126.00,101.20,0.57
61,151.50,42.00,127.00,97.20,0.06
62,153.00,42.00,127.00,91.20,0.79
63,154.50,42.00,129.00,82.20,0.11
64,156.00,42.00,131.00,73.20,0.99
65,157.50,42.00,131.00,68.20,0.37
66,159.00,42.00,132.00,61.20,0.48
67,160.50,42.00,132.00,54.20,0.42
68,162.00,47.02,133.00,51.20,0.18
69,163.50,60.30,134.00,47.20,0.64
70,165.00,74.47,135.00,45.20,1.11
71,166.50,89.39,139.00,43.20,1.20
72,168.00,104.91,141.00,43.20,1.20
73,169.50,120.89,143.00,42.20,0.20
74,171.00,137.17,145.00,41.20,0.80
75,172.50,153.58,147.00,41.20,0.80
76,174.00,169.97,150.00,41.20,0.80
77,175.50,186.19,152.00,41.20,0.80
78,177.00,202.09,154.00,41.20,0.80
79,178.50,217.52,157.00,41.20,0.80
80,180.00,232.35,159.00,42.20,0.20
81,181.50,246.45,161.00,44.20,0.15
82,183.00,259.72,162.00,46.20,0.23
83,184.50,272.05,162.00,54.20,0.81
84,186.00,283.37,162.00,59.20,1.37
85,187.50,293.60,165.00,67.20,0.76
86,189.00,302.70,166.00,70.20,1.44
87,190.50,310.62,167.00,74.20,2.02
88,192.00,317.35,167.00,77.20,1.72
89,193.50,322.89,168.00,81.20,2.31
90,195.00,327.24,168.00,88.20,1.61
91,196.50,330.45,168.00,91.20,1.32
92,198.00,332.55,168.00,98.20,0.65
93,199.50,333.60,169.00,103.20,1.16
94,201.00,333.68,170.00,106.20,1.87
95,202.50,332.85,170.00,111.20,1.40
96,204.00,331.22,171.00,116.20,1.93
97,205.50,328.88,171.00,120.20,1.56
98,207.00,325.93,171.00,123.20,1.28
99,208.50,322.47,171.00,127.20,0.91
100,210.00,318.62,171.00,131.20,0.55
101,211.50,314.48,171.00,136.20,0.09
102,213.00,310.15,171.00,141.20,0.37
103,214.50,305.73,171.00,147.20,0.91
104,216.00,301.33,172.00,151.20,0.28
105,217.50,297.02,172.00,156.20,0.74
106,219.00,292.88,172.00,161.20,1.19
107,220.50,288.98,172.00,164.20,1.47
108,222.00,285.37,173.00,169.20,0.93
109,223.50,282.10,174.00,177.20,0.67
110,225.00,279.19,176.00,182.20,0.87
111,226.50,276.66,176.00,185.20,0.59
112,228.00,274.52,176.00,189.20,0.22
113,229.50,272.75,177.00,195.20,0.65
114,231.00,271.33,177.00,202.20,0.01
115,232.50,270.23,177.00,205.20,0.30
116,234.00,269.38,177.00,210.20,0.78
117,235.50,268.75,177.00,216.20,1.37
118,237.00,268.25,177.00,222.20,1.96
119,238.50,267.81,177.00,226.20,2.37
120,240.00,267.35,178.00,229.20,1.67
121,241.50,266.78,178.00,234.20,2.18
122,243.00,266.01,179.00,237.20,1.51
123,244.50,264.96,180.00,244.20,1.25
124,246.00,263.52,180.00,248.20,1.69
125,247.50,261.62,181.00,256.20,1.59
126,249.00,259.18,182.00,261.20,1.17
127,250.50,256.10,182.00,266.20,1.77
128,252.00,252.34,183.00,270.20,1.27
129,253.50,247.83,184.00,275.20,0.91
130,255.00,242.52,185.00,279.20,0.44
131,256.50,236.39,186.00,287.20,0.56
132,258.00,229.40,187.00,293.20,0.44
133,259.50,221.57,188.00,296.20,0.07
134,261.00,212.88,188.00,301.20,0.74
135,262.50,203.38,189.00,305.20,0.47
136,264.00,193.09,190.00,311.20,0.61
137,265.50,182.08,191.00,315.20,0.51
138,267.00,170.41,192.00,318.20,0.22
139,268.50,158.17,193.00,322.20,0.30
140,270.00,145.45,194.00,326.20,0.61
141,271.50,132.35,195.00,328.20,0.41
142,273.00,119.01,196.00,329.20,0.08
143,274.50,105.55,197.00,331.20,0.03
144,276.00,92.09,198.00,332.20,0.20
145,277.50,78.79,200.00,333.20,0.43
146,279.00,65.78,202.00,333.20,0.06
147,280.50,53.21,203.00,331.20,0.75
148,282.00,42.00,205.00,329.20,0.25
149,283.50,42.00,206.00,325.20,1.21
150,285.00,42.00,207.00,322.20,1.48
151,286.50,42.00,209.00,318.20,1.08
152,288.00,42.00,211.00,311.20,1.55
153,289.50,42.00,213.00,306.20,1.27
154,291.00,42.00,215.00,299.20,1.64
155,292.50,42.00,218.00,293.20,0.83
156,294.00,42.00,221.00,286.20,0.60
157,295.50,42.00,223.00,280.20,1.31
158,297.00,42.00,224.00,278.20,1.36
159,298.50,42.00,228.00,271.20,2.16
160,300.00,42.00,233.00,267.20,2.40
161,301.50,42.00,235.00,267.20,1.63
162,303.00,42.00,238.00,266.20,1.69
163,304.50,42.00,240.00,266.20,1.07
164,306.00,42.00,245.00,264.20,0.20
165,307.50,42.00,246.00,262.20,0.82
166,309.00,42.00,248.00,260.20,0.32
167,310.50,46.82,250.00,254.20,1.17
168,312.00,60.21,252.00,250.20,0.68
169,313.50,74.37,254.00,242.20,1.05
170,315.00,89.18,255.00,235.20,1.72
171,316.50,104.47,256.00,230.20,1.79
172,318.00,120.09,259.00,215.20,1.58
173,319.50,135.88,260.00,209.20,1.56
174,321.00,151.69,261.00,203.20,1.51
175,322.50,167.38,264.00,192.20,0.12
176,324.00,182.79,265.00,181.20,0.61
177,325.50,197.78,266.00,174.20,0.51
178,327.00,212.23,267.00,160.20,1.24
179,328.50,226.01,268.00,154.20,0.96
180,330.00,239.02,270.00,139.20,0.71
181,331.50,251.17,271.00,131.20,0.63
182,333.00,262.37,272.00,128.20,0.03
183,334.50,272.57,272.00,120.20,0.86
184,336.00,281.70,273.00,116.20,0.31
185,337.50,289.76,274.00,105.20,0.54
186,339.00,296.70,275.00,101.20,0.02
187,340.50,302.55,276.00,88.20,0.44
188,342.00,307.31,277.00,76.20,0.79
189,343.50,311.02,279.00,62.20,0.42
190,345.00,313.71,280.00,54.20,0.38
191,346.50,315.46,281.00,46.20,0.43
192,348.00,316.32,282.00,45.20,0.42
193,349.50,316.38,283.00,44.20,1.28
194,351.00,315.72,285.00,43.20,1.20
195,352.50,314.45,288.00,42.20,0.20
196,354.00,312.65,291.00,41.20,0.80
197,355.50,310.43,296.00,41.20,0.80
198,357.00,307.89,299.00,41.20,0.80
199,358.50,305.13,301.00,41.20,0.80
200,360.00,302.25,304.00,41.20,0.80
201,361.50,299.34,305.00,43.20,1.20
202,363.00,296.49,307.00,45.20,2.86
203,364.50,293.77,308.00,47.20,2.50
204,366.00,291.25,311.00,51.20,0.01
205,367.50,288.99,311.00,58.20,0.77
206,369.00,287.03,313.00,67.20,0.26
207,370.50,285.41,314.00,71.20,0.83
208,372.00,284.14,314.00,75.20,0.41
209,373.50,283.24,314.00,80.20,0.09
210,375.00,282.69,314.00,85.20,0.59
211,376.50,282.47,316.00,94.20,0.50
212,378.00,282.55,317.00,100.20,0.91
213,379.50,282.88,318.00,104.20,1.52
214,381.00,283.41,318.00,108.20,1.14
215,382.50,284.07,318.00,116.20,0.37
216,384.00,284.78,320.00,123.20,1.70
217,385.50,285.46,319.00,136.20,0.53
218,387.00,286.02,319.00,140.20,0.91
219,388.50,286.37,320.00,149.20,0.76
220,390.00,286.41,320.00,155.20,1.33
221,391.50,286.06,320.00,157.20,1.52
222,393.00,285.21,321.00,164.20,1.19
223,394.50,283.79,321.00,168.20,1.57
224,396.00,281.70,324.00,175.20,0.74
225,397.50,278.87,324.00,180.20,0.25
226,399.00,275.24,324.00,185.20,0.24
227,400.50,270.75,325.00,194.20,0.14
228,402.00,265.35,325.00,196.20,0.34
229,403.50,259.03,325.00,201.20,0.85
230,405.00,251.75,326.00,210.20,0.79
231,406.50,243.52,326.00,216.20,1.42
232,408.00,234.36,327.00,218.20,0.65
233,409.50,224.29,327.00,225.20,1.40
234,411.00,213.36,328.00,231.20,1.09
235,412.50,201.63,329.00,239.20,1.01
236,414.00,189.18,331.00,245.20,0.24
237,415.50,176.09,331.00,259.20,1.56
238,417.00,162.47,332.00,263.20,1.11
239,418.50,148.44,333.00,270.20,1.14
240,420.00,134.12,335.00,275.20,0.07
241,421.50,119.64,336.00,278.20,0.57
242,423.00,105.14,337.00,285.20,0.34
243,424.50,90.78,337.00,289.20,0.39
244,426.00,76.69,339.00,293.20,0.74
245,427.50,63.02,340.00,298.20,0.60
246,429.00,49.93,341.00,300.20,1.07
247,430.50,42.00,342.00,302.20,1.54
248,432.00,42.00,343.00,305.20,1.59
249,433.50,42.00,344.00,310.20,0.77
250,435.00,42.00,345.00,312.20,0.74
251,436.50,42.00,347.00,314.20,1.20
252,438.00,42.00,349.00,315.20,1.16
253,439.50,42.00,350.00,315.20,0.88
254,441.00,42.00,353.00,311.20,1.64
255,442.50,42.00,355.00,308.20,1.56
256,444.00,42.00,359.00,302.20,0.91
257,445.50,42.00,361.00,299.20,0.51
258,447.00,42.00,364.00,295.20,0.25
259,448.50,42.00,367.00,290.20,0.25
260,450.00,42.00,369.00,287.20,0.10
261,451.50,42.00,371.00,286.20,0.90
262,453.00,42.00,374.00,285.20,1.94
263,454.50,42.00,376.00,285.20,2.63
264,456.00,42.00,380.00,284.20,1.08
265,457.50,42.00,386.00,285.20,0.41
266,459.00,48.13,389.00,285.20,1.18
267,460.50,61.40,391.00,283.20,2.73
268,462.00,75.32,396.00,274.20,3.17
269,463.50,89.75,398.00,268.20,3.09
270,465.00,104.54,402.00,259.20,1.42
271,466.50,119.53,404.00,250.20,1.26
272,468.00,134.58,407.00,236.20,0.69
273,469.50,149.54,409.00,228.20,0.08
274,471.00,164.26,410.00,217.20,0.47
275,472.50,178.63,411.00,206.20,0.91
276,474.00,192.50,413.00,194.20,0.39
277,475.50,205.76,414.00,184.20,0.57
278,477.00,218.32,415.00,173.20,0.81
279,478.50,230.08,416.00,155.20,1.77
280,480.00,240.98,418.00,141.20,1.25
281,481.50,250.94,420.00,115.20,1.95
282,483.00,259.94,422.00,89.20,2.65
283,484.50,267.94,423.00,79.20,2.72
284,486.00,274.93,424.00,71.20,2.59
285,487.50,280.91,426.00,58.20,2.04
286,489.00,285.90,428.00,46.20,1.68
287,490.50,289.95,429.00,45.20,0.88
288,492.00,293.09,431.00,44.20,0.90
289,493.50,295.38,435.00,44.20,2.20
290,495.00,296.89,443.00,44.20,2.20
291,496.50,297.71,446.00,43.20,1.20
292,498.00,297.91,449.00,43.20,1.20
293,499.50,297.59,451.00,43.20,1.20
294,501.00,296.85,454.00,43.20,1.20
295,502.50,295.77,456.00,43.20,1.20
296,504.00,294.47,457.00,45.20,1.25
297,505.50,293.02,458.00,49.20,1.11
298,507.00,291.53,459.00,52.20,0.46
299,508.50,290.07,460.00,56.20,0.09
300,510.00,288.73,461.00,64.20,0.20
301,511.50,287.57,462.00,73.20,0.23
302,513.00,286.66,464.00,79.20,1.59
303,514.50,286.03,465.00,85.20,1.96
304,516.00,285.73,465.00,91.20,1.35
305,517.50,285.77,465.00,99.20,0.54
306,519.00,286.17,465.00,110.20,0.56
307,520.50,286.92,466.00,117.20,0.27
308,522.00,288.01,467.00,127.20,0.26
309,523.50,289.39,468.00,136.20,0.16
310,525.00,291.03,468.00,142.20,0.76
311,526.50,292.88,469.00,147.20,0.26
312,528.00,294.86,470.00,155.20,0.08
313,529.50,296.91,471.00,166.20,0.20
314,531.00,298.93,472.00,172.20,0.17
315,532.50,300.84,472.00,179.20,0.56
316,534.00,302.54,473.00,188.20,0.53
317,535.50,303.93,475.00,197.20,0.47
318,537.00,304.92,476.00,208.20,0.21
319,538.50,305.41,476.00,216.20,0.74
320,540.00,305.30,480.00,231.20,1.33
321,541.50,304.51,481.00,240.20,1.10
322,543.00,302.94,482.00,248.20,0.90
323,544.50,300.53,482.00,256.20,0.37
324,546.00,297.20,484.00,261.20,0.75
325,547.50,292.91,485.00,267.20,0.63
326,549.00,287.61,485.00,271.20,0.20
327,550.50,281.27,486.00,278.20,0.80
328,552.00,273.89,487.00,282.20,0.85
329,553.50,265.46,488.00,286.20,1.04
330,555.00,256.01,489.00,290.20,1.49
331,556.50,245.56,491.00,294.20,1.45
332,558.00,234.18,492.00,295.20,1.16
333,559.50,221.92,495.00,297.20,0.27
334,561.00,208.88,497.00,297.20,0.57
335,562.50,195.14,499.00,297.20,0.49
336,564.00,180.81,502.00,294.20,1.51
337,565.50,166.01,507.00,292.20,0.48
338,567.00,150.88,509.00,290.20,0.43
339,568.50,135.55,511.00,289.20,0.98
340,570.00,120.17,513.00,288.20,1.32
341,571.50,104.89,515.00,287.20,1.24
342,573.00,89.87,517.00,287.20,1.44
343,574.50,75.24,519.00,288.20,1.81
344,576.00,61.17,521.00,289.20,1.55
345,577.50,47.81,523.00,292.20,2.26
346,579.00,42.00,525.00,294.20,1.99
347,580.50,42.00,530.00,297.20,0.23
348,582.00,42.00,533.00,300.20,0.79
349,583.50,42.00,535.00,302.20,0.93
350,585.00,42.00,538.00,303.20,1.95
351,586.50,42.00,541.00,303.20,1.27
352,588.00,42.00,542.00,301.20,1.77
353,589.50,42.00,545.00,294.20,1.93
354,591.00,42.00,546.00,290.20,2.18
355,592.50,42.00,548.00,282.20,2.22
356,594.00,42.00,551.00,266.20,2.33
357,595.50,42.00,553.00,250.20,2.81
358,597.00,42.00,556.00,239.20,1.33
359,598.50,42.00,558.00,220.20,1.69
360,600.00,42.00,559.00,205.20,2.39
361,601.50,42.00,561.00,195.20,1.48
362,603.00,42.00,563.00,179.20,1.16
363,604.50,42.00,565.00,158.20,1.27
364,606.00,42.00,567.00,142.20,0.85
365,607.50,50.76,567.00,129.20,2.11
366,609.00,63.65,570.00,112.20,0.78
367,610.50,77.07,570.00,95.20,2.46
368,612.00,90.87,572.00,78.20,2.19
369,613.50,104.90,574.00,57.20,2.43
370,615.00,119.01,576.00,46.20,1.85
371,616.50,133.06,578.00,43.20,0.67
372,618.00,146.93,580.00,42.20,0.20
373,619.50,160.47,587.00,41.20,0.80
374,621.00,173.57,593.00,41.20,0.80
375,622.50,186.13,597.00,41.20,0.80
376,624.00,198.04,600.00,41.20,0.80
377,625.50,209.23,605.00,43.20,1.19
378,627.00,219.62,607.00,45.20,0.45
379,628.50,229.17,607.00,48.20,0.06
380,630.00,237.83,607.00,53.20,0.78
381,631.50,245.59,608.00,61.20,0.71
382,633.00,252.43,610.00,73.20,0.07
383,634.50,258.37,610.00,78.20,0.62
384,636.00,263.42,611.00,87.20,0.60
385,637.50,267.64,613.00,104.20,0.42
386,639.00,271.05,614.00,114.20,0.49
387,640.50,273.73,615.00,124.20,0.55
388,642.00,275.75,617.00,148.20,1.13
389,643.50,277.17,618.00,157.20,1.13
390,645.00,278.10,620.00,176.20,1.30
391,646.50,278.61,622.00,192.20,1.25
392,648.00,278.79,625.00,209.20,0.49
393,649.50,278.75,628.00,224.20,0.28
394,651.00,278.58,630.00,238.20,0.07
395,652.50,278.35,633.00,247.20,1.12
396,654.00,278.16,634.00,252.20,1.03
397,655.50,278.08,635.00,255.20,1.26
398,657.00,278.19,637.00,258.20,2.44
399,658.50,278.54,639.00,267.20,1.55
400,660.00,279.18,641.00,273.20,0.70