trial,1
timestamp,2026-03-10T18:40:32.837Z
mode,spatial-color

target_curve
index,target_x,target_y
0,60.00,336.46
1,61.50,331.70
2,63.00,326.48
3,64.50,320.91
4,66.00,315.10
5,67.50,309.16
6,69.00,303.19
7,70.50,297.29
8,72.00,291.54
9,73.50,286.02
10,75.00,280.79
11,76.50,275.91
12,78.00,271.41
13,79.50,267.32
14,81.00,263.66
15,82.50,260.42
16,84.00,257.59
17,85.50,255.15
18,87.00,253.04
19,88.50,251.22
20,90.00,249.64
21,91.50,248.21
22,93.00,246.86
23,94.50,245.52
24,96.00,244.09
25,97.50,242.49
26,99.00,240.63
27,100.50,238.42
28,102.00,235.79
29,103.50,232.64
30,105.00,228.93
31,106.50,224.58
32,108.00,219.54
33,109.50,213.79
34,111.00,207.29
35,112.50,200.02
36,114.00,192.01
37,115.50,183.26
38,117.00,173.80
39,118.50,163.68
40,120.00,152.97
41,121.50,141.74
42,123.00,130.09
43,124.50,118.10
44,126.00,105.89
45,127.50,93.59
46,129.00,81.32
47,130.50,69.22
48,132.00,57.42
49,133.50,46.06
50,135.00,42.00
51,136.50,42.00
52,138.00,42.00
53,139.50,42.00
54,141.00,42.00
55,142.50,42.00
56,144.00,42.00
57,145.50,42.00
58,147.00,42.00
59,148.50,42.00
60,150.00,42.00
61,151.50,42.00
62,153.00,42.00
63,154.50,42.00
64,156.00,42.00
65,157.50,42.00
66,159.00,42.00
67,160.50,42.00
68,162.00,47.02
69,163.50,60.30
70,165.00,74.47
71,166.50,89.39
72,168.00,104.91
73,169.50,120.89
74,171.00,137.17
75,172.50,153.58
76,174.00,169.97
77,175.50,186.19
78,177.00,202.09
79,178.50,217.52
80,180.00,232.35
81,181.50,246.45
82,183.00,259.72
83,184.50,272.05
84,186.00,283.37
85,187.50,293.60
86,189.00,302.70
87,190.50,310.62
88,192.00,317.35
89,193.50,322.89
90,195.00,327.24
91,196.50,330.45
92,198.00,332.55
93,199.50,333.60
94,201.00,333.68
95,202.50,332.85
96,204.00,331.22
97,205.50,328.88
98,207.00,325.93
99,208.50,322.47
100,210.00,318.62
101,211.50,314.48
102,213.00,310.15
103,214.50,305.73
104,216.00,301.33
105,217.50,297.02
106,219.00,292.88
107,220.50,288.98
108,222.00,285.37
109,223.50,282.10
110,225.00,279.19
111,226.50,276.66
112,228.00,274.52
113,229.50,272.75
114,231.00,271.33
115,232.50,270.23
116,234.00,269.38
117,235.50,268.75
118,237.00,268.25
119,238.50,267.81
120,240.00,267.35
121,241.50,266.78
122,243.00,266.01
123,244.50,264.96
124,246.00,263.52
125,247.50,261.62
126,249.00,259.18
127,250.50,256.10
128,252.00,252.34
129,253.50,247.83
130,255.00,242.52
131,256.50,236.39
132,258.00,229.40
133,259.50,221.57
134,261.00,212.88
135,262.50,203.38
136,264.00,193.09
137,265.50,182.08
138,267.00,170.41
139,268.50,158.17
140,270.00,145.45
141,271.50,132.35
142,273.00,119.01
143,274.50,105.55
144,276.00,92.09
145,277.50,78.79
146,279.00,65.78
147,280.50,53.21
148,282.00,42.00
149,283.50,42.00
150,285.00,42.00
151,286.50,42.00
152,288.00,42.00
153,289.50,42.00
154,291.00,42.00
155,292.50,42.00
156,294.00,42.00
157,295.50,42.00
158,297.00,42.00
159,298.50,42.00
160,300.00,42.00
161,301.50,42.00
162,303.00,42.00
163,304.50,42.00
164,306.00,42.00
165,307.50,42.00
166,309.00,42.00
167,310.50,46.82
168,312.00,60.21
169,313.50,74.37
170,315.00,89.18
171,316.50,104.47
172,318.00,120.09
173,319.50,135.88
174,321.00,151.69
175,322.50,167.38
176,324.00,182.79
177,325.50,197.78
178,327.00,212.23
179,328.50,226.01
180,330.00,239.02
181,331.50,251.17
182,333.00,262.37
183,334.50,272.57
184,336.00,281.70
185,337.50,289.76
186,339.00,296.70
187,340.50,302.55
188,342.00,307.31
189,343.50,311.02
190,345.00,313.71
191,346.50,315.46
192,348.00,316.32
193,349.50,316.38
194,351.00,315.72
195,352.50,314.45
196,354.00,312.65
197,355.50,310.43
198,357.00,307.89
199,358.50,305.13
200,360.00,302.25
201,361.50,299.34
202,363.00,296.49
203,364.50,293.77
204,366.00,291.25
205,367.50,288.99
206,369.00,287.03
207,370.50,285.41
208,372.00,284.14
209,373.50,283.24
210,375.00,282.69
211,376.50,282.47
212,378.00,282.55
213,379.50,282.88
214,381.00,283.41
215,382.50,284.07
216,384.00,284.78
217,385.50,285.46
218,387.00,286.02
219,388.50,286.37
220,390.00,286.41
221,391.50,286.06
222,393.00,285.21
223,394.50,283.79
224,396.00,281.70
225,397.50,278.87
226,399.00,275.24
227,400.50,270.75
228,402.00,265.35
229,403.50,259.03
230,405.00,251.75
231,406.50,243.52
232,408.00,234.36
233,409.50,224.29
234,411.00,213.36
235,412.50,201.63
236,414.00,189.18
237,415.50,176.09
238,417.00,162.47
239,418.50,148.44
240,420.00,134.12
241,421.50,119.64
242,423.00,105.14
243,424.50,90.78
244,426.00,76.69
245,427.50,63.02
246,429.00,49.93
247,430.50,42.00
248,432.00,42.00
249,433.50,42.00
250,435.00,42.00
251,436.50,42.00
252,438.00,42.00
253,439.50,42.00
254,441.00,42.00
255,442.50,42.00
256,444.00,42.00
257,445.50,42.00
258,447.00,42.00
259,448.50,42.00
260,450.00,42.00
261,451.50,42.00
262,453.00,42.00
263,454.50,42.00
264,456.00,42.00
265,457.50,42.00
266,459.00,48.13
267,460.50,61.40
268,462.00,75.32
269,463.50,89.75
270,465.00,104.54
271,466.50,119.53
272,468.00,134.58
273,469.50,149.54
274,471.00,164.26
275,472.50,178.63
276,474.00,192.50
277,475.50,205.76
278,477.00,218.32
279,478.50,230.08
280,480.00,240.98
281,481.50,250.94
282,483.00,259.94
283,484.50,267.94
284,486.00,274.93
285,487.50,280.91
286,489.00,285.90
287,490.50,289.95
288,492.00,293.09
289,493.50,295.38
290,495.00,296.89
291,496.50,297.71
292,498.00,297.91
293,499.50,297.59
294,501.00,296.85
295,502.50,295.77
296,504.00,294.47
297,505.50,293.02
298,507.00,291.53
299,508.50,290.07
300,510.00,288.73
301,511.50,287.57
302,513.00,286.66
303,514.50,286.03
304,516.00,285.73
305,517.50,285.77
306,519.00,286.17
307,520.50,286.92
308,522.00,288.01
309,523.50,289.39
310,525.00,291.03
311,526.50,292.88
312,528.00,294.86
313,529.50,296.91
314,531.00,298.93
315,532.50,300.84
316,534.00,302.54
317,535.50,303.93
318,537.00,304.92
319,538.50,305.41
320,540.00,305.30
321,541.50,304.51
322,543.00,302.94
323,544.50,300.53
324,546.00,297.20
325,547.50,292.91
326,549.00,287.61
327,550.50,281.27
328,552.00,273.89
329,553.50,265.46
330,555.00,256.01
331,556.50,245.56
332,558.00,234.18
333,559.50,221.92
334,561.00,208.88
335,562.50,195.14
336,564.00,180.81
337,565.50,166.01
338,567.00,150.88
339,568.50,135.55
340,570.00,120.17
341,571.50,104.89
342,573.00,89.87
343,574.50,75.24
344,576.00,61.17
345,577.50,47.81
346,579.00,42.00
347,580.50,42.00
348,582.00,42.00
349,583.50,42.00
350,585.00,42.00
351,586.50,42.00
352,588.00,42.00
353,589.50,42.00
354,591.00,42.00
355,592.50,42.00
356,594.00,42.00
357,595.50,42.00
358,597.00,42.00
359,598.50,42.00
360,600.00,42.00
361,601.50,42.00
362,603.00,42.00
363,604.50,42.00
364,606.00,42.00
365,607.50,50.76
366,609.00,63.65
367,610.50,77.07
368,612.00,90.87
369,613.50,104.90
370,615.00,119.01
371,616.50,133.06
372,618.00,146.93
373,619.50,160.47
374,621.00,173.57
375,622.50,186.13
376,624.00,198.04
377,625.50,209.23
378,627.00,219.62
379,628.50,229.17
380,630.00,237.83
381,631.50,245.59
382,633.00,252.43
383,634.50,258.37
384,636.00,263.42
385,637.50,267.64
386,639.00,271.05
387,640.50,273.73
388,642.00,275.75
389,643.50,277.17
390,645.00,278.10
391,646.50,278.61
392,648.00,278.79
393,649.50,278.75
394,651.00,278.58
395,652.50,278.35
396,654.00,278.16
397,655.50,278.08
398,657.00,278.19
399,658.50,278.54
400,660.00,279.18

user_path
index,user_x,user_y
0,59.20,334.00
1,59.20,334.00
2,59.20,333.00
3,59.20,332.00
4,59.20,332.00
5,59.20,331.00
6,59.20,331.00
7,59.20,331.00
8,59.20,331.00
9,59.20,331.00
10,60.20,331.00
11,60.20,330.00
12,60.20,330.00
13,60.20,330.00
14,60.20,330.00
15,60.20,330.00
16,60.20,329.00
17,60.20,329.00
18,60.20,329.00
19,60.20,329.00
20,60.20,329.00
21,60.20,329.00
22,60.20,329.00
23,61.20,329.00
24,61.20,328.00
25,61.20,328.00
26,61.20,328.00
27,61.20,328.00
28,61.20,328.00
29,61.20,328.00
30,61.20,327.00
31,61.20,327.00
32,61.20,327.00
33,61.20,327.00
34,61.20,327.00
35,61.20,327.00
36,62.20,326.00
37,62.20,326.00
38,62.20,326.00
39,62.20,326.00
40,62.20,326.00
41,62.20,326.00
42,62.20,325.00
43,62.20,325.00
44,62.20,325.00
45,62.20,325.00
46,62.20,325.00
47,62.20,325.00
48,62.20,324.00
49,63.20,324.00
50,63.20,324.00
51,63.20,324.00
52,63.20,323.00
53,63.20,323.00
54,63.20,323.00
55,63.20,323.00
56,63.20,323.00
57,63.20,323.00
58,63.20,322.00
59,63.20,322.00
60,63.20,322.00
61,63.20,322.00
62,63.20,322.00
63,63.20,322.00
64,63.20,321.00
65,63.20,321.00
66,63.20,321.00
67,63.20,321.00
68,63.20,320.00
69,63.20,320.00
70,63.20,320.00
71,63.20,320.00
72,63.20,319.00
73,63.20,319.00
74,63.20,319.00
75,64.20,319.00
76,64.20,319.00
77,64.20,318.00
78,64.20,318.00
79,64.20,318.00
80,64.20,318.00
81,64.20,318.00
82,64.20,318.00
83,64.20,318.00
84,64.20,317.00
85,64.20,317.00
86,64.20,317.00
87,64.20,317.00
88,65.20,317.00
89,65.20,316.00
90,65.20,316.00
91,65.20,316.00
92,65.20,316.00
93,65.20,315.00
94,65.20,315.00
95,65.20,315.00
96,65.20,314.00
97,65.20,314.00
98,65.20,314.00
99,65.20,313.00
100,65.20,313.00
101,66.20,313.00
102,66.20,312.00
103,66.20,312.00
104,66.20,312.00
105,66.20,312.00
106,66.20,311.00
107,66.20,311.00
108,66.20,311.00
109,67.20,310.00
110,67.20,310.00
111,67.20,310.00
112,67.20,310.00
113,67.20,309.00
114,67.20,309.00
115,67.20,309.00
116,67.20,308.00
117,67.20,308.00
118,67.20,308.00
119,67.20,307.00
120,67.20,307.00
121,68.20,307.00
122,68.20,306.00
123,68.20,306.00
124,68.20,306.00
125,68.20,306.00
126,68.20,305.00
127,68.20,305.00
128,68.20,305.00
129,68.20,305.00
130,68.20,304.00
131,68.20,304.00
132,68.20,304.00
133,68.20,303.00
134,68.20,303.00
135,68.20,303.00
136,69.20,303.00
137,69.20,302.00
138,69.20,302.00
139,69.20,302.00
140,69.20,301.00
141,69.20,301.00
142,69.20,301.00
143,69.20,301.00
144,69.20,300.00
145,69.20,300.00
146,69.20,300.00
147,69.20,299.00
148,70.20,299.00
149,70.20,298.00
150,70.20,298.00
151,70.20,298.00
152,70.20,297.00
153,70.20,297.00
154,70.20,297.00
155,70.20,296.00
156,70.20,296.00
157,70.20,296.00
158,70.20,295.00
159,70.20,295.00
160,71.20,295.00
161,71.20,294.00
162,71.20,294.00
163,71.20,294.00
164,71.20,294.00
165,71.20,293.00
166,71.20,293.00
167,71.20,293.00
168,71.20,293.00
169,71.20,292.00
170,71.20,292.00
171,71.20,292.00
172,71.20,292.00
173,72.20,291.00
174,72.20,291.00
175,72.20,291.00
176,72.20,291.00
177,72.20,290.00
178,72.20,290.00
179,72.20,290.00
180,72.20,290.00
181,72.20,289.00
182,72.20,289.00
183,72.20,289.00
184,72.20,288.00
185,72.20,288.00
186,72.20,288.00
187,72.20,287.00
188,73.20,287.00
189,73.20,287.00
190,73.20,286.00
191,73.20,286.00
192,73.20,286.00
193,73.20,286.00
194,73.20,285.00
195,74.20,285.00
196,74.20,285.00
197,74.20,285.00
198,74.20,285.00
199,74.20,284.00
200,74.20,284.00
201,74.20,283.00
202,74.20,283.00
203,74.20,283.00
204,74.20,283.00
205,75.20,282.00
206,75.20,282.00
207,75.20,282.00
208,75.20,282.00
209,75.20,281.00
210,75.20,281.00
211,75.20,281.00
212,75.20,280.00
213,75.20,280.00
214,75.20,280.00
215,76.20,280.00
216,76.20,279.00
217,76.20,279.00
218,76.20,279.00
219,76.20,279.00
220,76.20,278.00
221,76.20,278.00
222,76.20,278.00
223,76.20,278.00
224,76.20,278.00
225,76.20,277.00
226,76.20,277.00
227,77.20,277.00
228,77.20,277.00
229,77.20,277.00
230,77.20,276.00
231,77.20,276.00
232,77.20,276.00
233,77.20,276.00
234,77.20,275.00
235,77.20,275.00
236,77.20,275.00
237,77.20,275.00
238,77.20,274.00
239,77.20,274.00
240,77.20,274.00
241,77.20,273.00
242,78.20,273.00
243,78.20,273.00
244,78.20,273.00
245,78.20,272.00
246,78.20,272.00
247,78.20,272.00
248,78.20,271.00
249,78.20,271.00
250,78.20,271.00
251,79.20,271.00
252,79.20,270.00
253,79.20,270.00
254,79.20,270.00
255,79.20,270.00
256,79.20,269.00
257,79.20,269.00
258,79.20,269.00
259,80.20,268.00
260,80.20,268.00
261,80.20,268.00
262,80.20,267.00
263,80.20,267.00
264,81.20,266.00
265,81.20,266.00
266,81.20,266.00
267,81.20,265.00
268,81.20,265.00
269,82.20,265.00
270,82.20,264.00
271,82.20,264.00
272,82.20,264.00
273,82.20,263.00
274,82.20,263.00
275,82.20,263.00
276,83.20,263.00
277,83.20,262.00
278,83.20,262.00
279,83.20,262.00
280,83.20,262.00
281,83.20,261.00
282,83.20,261.00
283,84.20,261.00
284,84.20,261.00
285,84.20,260.00
286,84.20,260.00
287,84.20,260.00
288,84.20,260.00
289,84.20,260.00
290,84.20,259.00
291,84.20,259.00
292,84.20,259.00
293,84.20,259.00
294,84.20,258.00
295,85.20,258.00
296,85.20,258.00
297,85.20,258.00
298,85.20,258.00
299,85.20,258.00
300,85.20,257.00
301,85.20,257.00
302,85.20,257.00
303,85.20,257.00
304,86.20,257.00
305,86.20,256.00
306,86.20,256.00
307,86.20,256.00
308,86.20,256.00
309,86.20,256.00
310,86.20,255.00
311,86.20,255.00
312,86.20,255.00
313,87.20,255.00
314,87.20,254.00
315,87.20,254.00
316,87.20,254.00
317,87.20,254.00
318,87.20,253.00
319,88.20,253.00
320,88.20,253.00
321,88.20,253.00
322,88.20,253.00
323,88.20,253.00
324,88.20,253.00
325,88.20,253.00
326,88.20,252.00
327,89.20,252.00
328,89.20,252.00
329,89.20,252.00
330,89.20,252.00
331,89.20,251.00
332,89.20,251.00
333,89.20,251.00
334,89.20,251.00
335,89.20,251.00
336,90.20,251.00
337,90.20,250.00
338,90.20,250.00
339,90.20,250.00
340,90.20,250.00
341,90.20,250.00
342,90.20,249.00
343,91.20,249.00
344,91.20,249.00
345,91.20,249.00
346,91.20,249.00
347,91.20,249.00
348,91.20,249.00
349,92.20,249.00
350,92.20,248.00
351,92.20,248.00
352,92.20,248.00
353,92.20,248.00
354,93.20,247.00
355,93.20,247.00
356,93.20,247.00
357,93.20,247.00
358,93.20,246.00
359,93.20,246.00
360,94.20,246.00
361,94.20,246.00
362,94.20,245.00
363,94.20,245.00
364,94.20,245.00
365,95.20,245.00
366,95.20,245.00
367,95.20,244.00
368,95.20,244.00
369,95.20,244.00
370,95.20,244.00
371,96.20,244.00
372,96.20,243.00
373,96.20,243.00
374,96.20,243.00
375,96.20,243.00
376,96.20,243.00
377,97.20,242.00
378,97.20,242.00
379,97.20,242.00
380,97.20,242.00
381,97.20,241.00
382,98.20,241.00
383,98.20,241.00
384,98.20,241.00
385,98.20,240.00
386,98.20,240.00
387,99.20,240.00
388,99.20,240.00
389,99.20,239.00
390,99.20,239.00
391,99.20,239.00
392,99.20,239.00
393,99.20,238.00
394,100.20,238.00
395,100.20,238.00
396,100.20,238.00
397,100.20,238.00
398,100.20,237.00
399,100.20,237.00
400,101.20,237.00
401,101.20,236.00
402,101.20,236.00
403,101.20,236.00
404,101.20,236.00
405,101.20,236.00
406,102.20,236.00
407,102.20,235.00
408,102.20,235.00
409,102.20,235.00
410,102.20,235.00
411,102.20,235.00
412,102.20,235.00
413,102.20,234.00
414,103.20,234.00
415,103.20,234.00
416,103.20,234.00
417,103.20,233.00
418,103.20,233.00
419,103.20,233.00
420,103.20,233.00
421,104.20,233.00
422,104.20,232.00
423,104.20,232.00
424,104.20,232.00
425,104.20,231.00
426,104.20,231.00
427,104.20,230.00
428,104.20,230.00
429,104.20,230.00
430,104.20,229.00
431,104.20,229.00
432,104.20,228.00
433,105.20,228.00
434,105.20,227.00
435,105.20,227.00
436,106.20,226.00
437,106.20,225.00
438,106.20,225.00
439,106.20,225.00
440,106.20,224.00
441,106.20,224.00
442,106.20,223.00
443,107.20,223.00
444,107.20,222.00
445,107.20,222.00
446,107.20,222.00
447,107.20,222.00
448,108.20,221.00
449,108.20,221.00
450,108.20,220.00
451,108.20,220.00
452,108.20,220.00
453,108.20,219.00
454,108.20,219.00
455,108.20,219.00
456,108.20,218.00
457,108.20,218.00
458,108.20,217.00
459,108.20,217.00
460,108.20,216.00
461,108.20,215.00
462,108.20,215.00
463,108.20,214.00
464,108.20,214.00
465,109.20,213.00
466,109.20,212.00
467,109.20,212.00
468,109.20,211.00
469,109.20,210.00
470,110.20,210.00
471,110.20,209.00
472,110.20,208.00
473,110.20,208.00
474,111.20,208.00
475,111.20,207.00
476,111.20,207.00
477,111.20,206.00
478,111.20,206.00
479,111.20,206.00
480,111.20,205.00
481,111.20,205.00
482,111.20,205.00
483,111.20,204.00
484,111.20,204.00
485,111.20,204.00
486,112.20,204.00
487,112.20,203.00
488,112.20,203.00
489,112.20,203.00
490,112.20,203.00
491,112.20,202.00
492,112.20,202.00
493,112.20,202.00
494,112.20,201.00
495,112.20,201.00
496,112.20,201.00
497,113.20,200.00
498,113.20,200.00
499,113.20,200.00
500,113.20,200.00
501,113.20,199.00
502,113.20,199.00
503,113.20,198.00
504,113.20,198.00
505,113.20,198.00
506,113.20,198.00
507,113.20,197.00
508,113.20,197.00
509,113.20,197.00
510,113.20,196.00
511,113.20,196.00
512,113.20,196.00
513,113.20,195.00
514,114.20,195.00
515,114.20,195.00
516,114.20,195.00
517,114.20,194.00
518,114.20,194.00
519,114.20,194.00
520,114.20,193.00
521,114.20,193.00
522,114.20,193.00
523,114.20,193.00
524,114.20,193.00
525,114.20,192.00
526,114.20,192.00
527,115.20,192.00
528,115.20,192.00
529,115.20,191.00
530,115.20,191.00
531,115.20,191.00
532,115.20,190.00
533,115.20,190.00
534,115.20,189.00
535,115.20,189.00
536,115.20,188.00
537,115.20,188.00
538,115.20,188.00
539,116.20,187.00
540,116.20,187.00
541,116.20,186.00
542,116.20,186.00
543,116.20,186.00
544,116.20,185.00
545,116.20,185.00
546,116.20,184.00
547,117.20,184.00
548,117.20,184.00
549,117.20,183.00
550,117.20,183.00
551,117.20,183.00
552,117.20,183.00
553,117.20,182.00
554,117.20,182.00
555,117.20,182.00
556,118.20,181.00
557,118.20,181.00
558,118.20,181.00
559,118.20,181.00
560,118.20,180.00
561,118.20,180.00
562,118.20,180.00
563,118.20,180.00
564,118.20,179.00
565,118.20,179.00
566,118.20,178.00
567,118.20,178.00
568,118.20,178.00
569,118.20,178.00
570,118.20,178.00
571,118.20,177.00
572,118.20,177.00
573,118.20,177.00
574,118.20,177.00
575,118.20,176.00
576,118.20,176.00
577,118.20,176.00
578,118.20,175.00
579,118.20,175.00
580,118.20,175.00
581,119.20,175.00
582,119.20,174.00
583,119.20,174.00
584,119.20,174.00
585,119.20,174.00
586,119.20,173.00
587,119.20,173.00
588,119.20,173.00
589,119.20,172.00
590,119.20,172.00
591,119.20,172.00
592,119.20,172.00
593,119.20,171.00
594,119.20,171.00
595,119.20,171.00
596,119.20,171.00
597,119.20,171.00
598,119.20,170.00
599,119.20,170.00
600,119.20,170.00
601,119.20,170.00
602,119.20,170.00
603,119.20,169.00
604,119.20,169.00
605,119.20,169.00
606,119.20,169.00
607,119.20,168.00
608,119.20,168.00
609,120.20,168.00
610,120.20,168.00
611,120.20,168.00
612,120.20,167.00
613,120.20,167.00
614,120.20,167.00
615,120.20,166.00
616,120.20,166.00
617,120.20,166.00
618,120.20,165.00
619,120.20,165.00
620,120.20,165.00
621,120.20,165.00
622,120.20,165.00
623,120.20,164.00
624,120.20,164.00
625,120.20,164.00
626,121.20,163.00
627,121.20,163.00
628,121.20,163.00
629,121.20,163.00
630,121.20,162.00
631,121.20,162.00
632,121.20,162.00
633,121.20,162.00
634,121.20,162.00
635,121.20,161.00
636,121.20,161.00
637,121.20,161.00
638,121.20,161.00
639,121.20,161.00
640,121.20,160.00
641,121.20,160.00
642,121.20,160.00
643,121.20,159.00
644,121.20,159.00
645,121.20,159.00
646,121.20,159.00
647,121.20,158.00
648,121.20,158.00
649,121.20,158.00
650,121.20,158.00
651,121.20,158.00
652,121.20,157.00
653,121.20,157.00
654,121.20,157.00
655,121.20,157.00
656,121.20,157.00
657,121.20,156.00
658,121.20,156.00
659,121.20,156.00
660,122.20,156.00
661,122.20,156.00
662,122.20,155.00
663,122.20,155.00
664,122.20,155.00
665,122.20,155.00
666,122.20,155.00
667,122.20,154.00
668,122.20,154.00
669,122.20,154.00
670,122.20,154.00
671,122.20,154.00
672,122.20,153.00
673,122.20,153.00
674,122.20,153.00
675,122.20,153.00
676,122.20,153.00
677,122.20,152.00
678,122.20,152.00
679,122.20,152.00
680,122.20,152.00
681,122.20,152.00
682,122.20,152.00
683,122.20,151.00
684,122.20,151.00
685,122.20,151.00
686,122.20,150.00
687,122.20,150.00
688,122.20,150.00
689,122.20,149.00
690,122.20,149.00
691,122.20,149.00
692,122.20,149.00
693,122.20,149.00
694,122.20,148.00
695,122.20,148.00
696,122.20,148.00
697,122.20,148.00
698,122.20,148.00
699,122.20,147.00
700,122.20,147.00
701,122.20,147.00
702,122.20,147.00
703,122.20,147.00
704,122.20,147.00
705,122.20,146.00
706,122.20,146.00
707,122.20,146.00
708,122.20,146.00
709,122.20,146.00
710,122.20,146.00
711,122.20,145.00
712,122.20,145.00
713,122.20,145.00
714,122.20,145.00
715,122.20,145.00
716,122.20,144.00
717,122.20,144.00
718,122.20,143.00
719,122.20,143.00
720,122.20,143.00
721,122.20,142.00
722,122.20,142.00
723,122.20,142.00
724,122.20,141.00
725,122.20,141.00
726,122.20,140.00
727,122.20,140.00
728,122.20,140.00
729,122.20,139.00
730,122.20,139.00
731,122.20,139.00
732,122.20,139.00
733,122.20,138.00
734,122.20,138.00
735,122.20,137.00
736,122.20,137.00
737,122.20,137.00
738,122.20,136.00
739,122.20,136.00
740,122.20,135.00
741,122.20,135.00
742,122.20,135.00
743,122.20,134.00
744,122.20,134.00
745,123.20,134.00
746,123.20,133.00
747,123.20,133.00
748,123.20,133.00
749,123.20,132.00
750,123.20,132.00
751,123.20,131.00
752,123.20,130.00
753,123.20,130.00
754,123.20,129.00
755,123.20,129.00
756,123.20,129.00
757,123.20,128.00
758,123.20,128.00
759,123.20,127.00
760,123.20,127.00
761,123.20,127.00
762,123.20,126.00
763,123.20,126.00
764,123.20,125.00
765,123.20,125.00
766,123.20,125.00
767,123.20,125.00
768,123.20,125.00
769,123.20,124.00
770,124.20,124.00
771,124.20,124.00
772,124.20,124.00
773,124.20,123.00
774,124.20,123.00
775,124.20,122.00
776,124.20,122.00
777,124.20,122.00
778,124.20,121.00
779,124.20,121.00
780,124.20,120.00
781,124.20,120.00
782,124.20,120.00
783,124.20,119.00
784,124.20,119.00
785,124.20,119.00
786,124.20,118.00
787,124.20,118.00
788,124.20,118.00
789,124.20,117.00
790,124.20,117.00
791,124.20,117.00
792,124.20,116.00
793,124.20,116.00
794,125.20,116.00
795,125.20,116.00
796,125.20,116.00
797,125.20,115.00
798,125.20,115.00
799,125.20,115.00
800,125.20,114.00
801,125.20,114.00
802,125.20,114.00
803,125.20,113.00
804,125.20,113.00
805,125.20,113.00
806,125.20,113.00
807,125.20,112.00
808,125.20,112.00
809,125.20,112.00
810,125.20,111.00
811,125.20,111.00
812,126.20,111.00
813,126.20,110.00
814,126.20,110.00
815,126.20,110.00
816,126.20,110.00
817,126.20,109.00
818,126.20,109.00
819,126.20,108.00
820,126.20,108.00
821,126.20,107.00
822,126.20,107.00
823,126.20,107.00
824,126.20,107.00
825,126.20,106.00
826,126.20,106.00
827,126.20,106.00
828,127.20,106.00
829,127.20,106.00
830,127.20,105.00
831,127.20,105.00
832,127.20,105.00
833,127.20,105.00
834,127.20,105.00
835,127.20,104.00
836,127.20,104.00
837,127.20,104.00
838,127.20,104.00
839,127.20,104.00
840,127.20,103.00
841,127.20,103.00
842,127.20,103.00
843,127.20,103.00
844,127.20,102.00
845,127.20,102.00
846,127.20,102.00
847,127.20,101.00
848,127.20,101.00
849,127.20,101.00
850,127.20,101.00
851,127.20,100.00
852,127.20,100.00
853,127.20,100.00
854,127.20,99.00
855,127.20,99.00
856,127.20,99.00
857,127.20,99.00
858,127.20,98.00
859,127.20,98.00
860,127.20,98.00
861,127.20,98.00
862,127.20,97.00
863,127.20,97.00
864,127.20,97.00
865,128.20,96.00
866,128.20,96.00
867,128.20,96.00
868,128.20,96.00
869,128.20,95.00
870,128.20,95.00
871,128.20,95.00
872,128.20,95.00
873,128.20,94.00
874,128.20,94.00
875,128.20,94.00
876,128.20,94.00
877,128.20,93.00
878,128.20,93.00
879,128.20,93.00
880,128.20,93.00
881,128.20,92.00
882,128.20,92.00
883,128.20,92.00
884,128.20,92.00
885,128.20,91.00
886,128.20,91.00
887,128.20,91.00
888,129.20,91.00
889,129.20,90.00
890,129.20,90.00
891,129.20,89.00
892,129.20,89.00
893,129.20,89.00
894,129.20,88.00
895,129.20,88.00
896,129.20,88.00
897,129.20,87.00
898,129.20,87.00
899,129.20,87.00
900,129.20,87.00
901,129.20,86.00
902,129.20,86.00
903,129.20,86.00
904,129.20,86.00
905,129.20,85.00
906,129.20,85.00
907,129.20,85.00
908,129.20,85.00
909,129.20,85.00
910,129.20,84.00
911,129.20,84.00
912,129.20,84.00
913,129.20,84.00
914,129.20,83.00
915,129.20,83.00
916,129.20,83.00
917,129.20,82.00
918,129.20,82.00
919,129.20,82.00
920,129.20,81.00
921,129.20,81.00
922,129.20,81.00
923,129.20,81.00
924,129.20,81.00
925,129.20,80.00
926,129.20,80.00
927,129.20,80.00
928,129.20,80.00
929,129.20,79.00
930,129.20,79.00
931,129.20,79.00
932,129.20,78.00
933,129.20,78.00
934,129.20,78.00
935,129.20,77.00
936,129.20,77.00
937,129.20,77.00
938,129.20,77.00
939,129.20,77.00
940,129.20,76.00
941,129.20,76.00
942,129.20,76.00
943,129.20,76.00
944,129.20,76.00
945,129.20,76.00
946,130.20,76.00
947,130.20,75.00
948,130.20,75.00
949,130.20,75.00
950,130.20,75.00
951,130.20,75.00
952,130.20,75.00
953,130.20,74.00
954,130.20,74.00
955,130.20,74.00
956,130.20,74.00
957,131.20,74.00
958,131.20,74.00
959,131.20,73.00
960,131.20,73.00
961,131.20,73.00
962,131.20,73.00
963,131.20,73.00
964,131.20,73.00
965,131.20,72.00
966,131.20,72.00
967,131.20,72.00
968,131.20,72.00
969,131.20,72.00
970,131.20,71.00
971,131.20,71.00
972,131.20,71.00
973,131.20,70.00
974,131.20,70.00
975,131.20,69.00
976,131.20,69.00
977,131.20,69.00
978,131.20,68.00
979,131.20,68.00
980,131.20,68.00
981,131.20,67.00
982,131.20,67.00
983,131.20,66.00
984,131.20,66.00
985,131.20,66.00
986,131.20,65.00
987,131.20,65.00
988,131.20,64.00
989,131.20,64.00
990,131.20,64.00
991,131.20,63.00
992,131.20,63.00
993,131.20,63.00
994,131.20,62.00
995,131.20,62.00
996,131.20,62.00
997,131.20,61.00
998,131.20,61.00
999,131.20,61.00
1000,131.20,60.00
1001,131.20,60.00
1002,131.20,60.00
1003,131.20,59.00
1004,131.20,59.00
1005,131.20,58.00
1006,131.20,58.00
1007,131.20,58.00
1008,131.20,57.00
1009,131.20,57.00
1010,131.20,57.00
1011,131.20,56.00
1012,131.20,56.00
1013,131.20,56.00
1014,131.20,55.00
1015,131.20,55.00
1016,131.20,55.00
1017,131.20,54.00
1018,131.20,54.00
1019,131.20,53.00
1020,131.20,53.00
1021,132.20,53.00
1022,132.20,53.00
1023,132.20,52.00
1024,132.20,52.00
1025,132.20,52.00
1026,132.20,51.00
1027,132.20,51.00
1028,132.20,51.00
1029,132.20,50.00
1030,132.20,50.00
1031,132.20,50.00
1032,132.20,50.00
1033,132.20,50.00
1034,132.20,49.00
1035,132.20,49.00
1036,132.20,49.00
1037,132.20,49.00
1038,132.20,49.00
1039,133.20,49.00
1040,133.20,48.00
1041,133.20,48.00
1042,133.20,48.00
1043,133.20,48.00
1044,133.20,48.00
1045,133.20,48.00
1046,133.20,48.00
1047,133.20,47.00
1048,133.20,47.00
1049,133.20,47.00
1050,133.20,47.00
1051,133.20,47.00
1052,133.20,47.00
1053,133.20,46.00
1054,134.20,46.00
1055,134.20,46.00
1056,134.20,46.00
1057,134.20,46.00
1058,134.20,45.00
1059,134.20,45.00
1060,134.20,45.00
1061,134.20,45.00
1062,134.20,45.00
1063,134.20,45.00
1064,134.20,45.00
1065,134.20,45.00
1066,134.20,44.00
1067,134.20,44.00
1068,135.20,44.00
1069,135.20,44.00
1070,135.20,44.00
1071,135.20,44.00
1072,135.20,44.00
1073,135.20,43.00
1074,135.20,43.00
1075,135.20,43.00
1076,135.20,43.00
1077,135.20,43.00
1078,136.20,43.00
1079,136.20,42.00
1080,136.20,42.00
1081,136.20,42.00
1082,136.20,42.00
1083,136.20,42.00
1084,137.20,42.00
1085,137.20,42.00
1086,137.20,42.00
1087,137.20,42.00
1088,137.20,42.00
1089,137.20,42.00
1090,137.20,42.00
1091,137.20,42.00
1092,138.20,42.00
1093,138.20,41.00
1094,138.20,41.00
1095,138.20,41.00
1096,138.20,41.00
1097,138.20,41.00
1098,138.20,41.00
1099,139.20,41.00
1100,139.20,41.00
1101,139.20,41.00
1102,139.20,41.00
1103,139.20,41.00
1104,140.20,41.00
1105,140.20,41.00
1106,140.20,41.00
1107,140.20,41.00
1108,140.20,41.00
1109,140.20,41.00
1110,141.20,41.00
1111,141.20,41.00
1112,141.20,41.00
1113,141.20,41.00
1114,141.20,41.00
1115,141.20,41.00
1116,142.20,41.00
1117,142.20,41.00
1118,142.20,41.00
1119,142.20,41.00
1120,142.20,41.00
1121,142.20,41.00
1122,143.20,41.00
1123,143.20,41.00
1124,143.20,41.00
1125,143.20,41.00
1126,143.20,41.00
1127,144.20,41.00
1128,144.20,41.00
1129,144.20,40.00
1130,144.20,40.00
1131,144.20,40.00
1132,145.20,40.00
1133,145.20,40.00
1134,145.20,40.00
1135,145.20,40.00
1136,146.20,40.00
1137,146.20,40.00
1138,146.20,40.00
1139,146.20,40.00
1140,147.20,40.00
1141,147.20,40.00
1142,147.20,40.00
1143,147.20,40.00
1144,148.20,40.00
1145,148.20,40.00
1146,149.20,40.00
1147,149.20,40.00
1148,149.20,40.00
1149,150.20,40.00
1150,150.20,40.00
1151,150.20,40.00
1152,150.20,40.00
1153,151.20,40.00
1154,151.20,40.00
1155,151.20,40.00
1156,151.20,40.00
1157,152.20,40.00
1158,152.20,40.00
1159,152.20,40.00
1160,152.20,40.00
1161,152.20,40.00
1162,153.20,40.00
1163,153.20,40.00
1164,153.20,40.00
1165,154.20,40.00
1166,154.20,40.00
1167,154.20,40.00
1168,154.20,40.00
1169,155.20,40.00
1170,155.20,40.00
1171,155.20,40.00
1172,155.20,40.00
1173,156.20,40.00
1174,156.20,40.00
1175,156.20,40.00
1176,156.20,40.00
1177,156.20,40.00
1178,157.20,40.00
1179,157.20,40.00
1180,157.20,40.00
1181,157.20,40.00
1182,158.20,40.00
1183,158.20,40.00
1184,158.20,40.00
1185,158.20,40.00
1186,158.20,40.00
1187,159.20,40.00
1188,159.20,40.00
1189,159.20,41.00
1190,159.20,41.00
1191,159.20,41.00
1192,160.20,41.00
1193,160.20,41.00
1194,160.20,41.00
1195,160.20,42.00
1196,160.20,42.00
1197,160.20,42.00
1198,160.20,42.00
1199,160.20,42.00
1200,160.20,43.00
1201,160.20,43.00
1202,160.20,43.00
1203,160.20,43.00
1204,160.20,43.00
1205,160.20,44.00
1206,160.20,44.00
1207,160.20,44.00
1208,160.20,44.00
1209,161.20,44.00
1210,161.20,44.00
1211,161.20,45.00
1212,161.20,45.00
1213,161.20,45.00
1214,161.20,45.00
1215,161.20,45.00
1216,161.20,45.00
1217,161.20,46.00
1218,161.20,46.00
1219,161.20,46.00
1220,161.20,46.00
1221,161.20,46.00
1222,162.20,47.00
1223,162.20,47.00
1224,162.20,47.00
1225,162.20,47.00
1226,162.20,47.00
1227,162.20,48.00
1228,162.20,48.00
1229,162.20,48.00
1230,162.20,48.00
1231,162.20,48.00
1232,162.20,49.00
1233,162.20,49.00
1234,162.20,49.00
1235,162.20,49.00
1236,162.20,49.00
1237,162.20,49.00
1238,163.20,50.00
1239,163.20,50.00
1240,163.20,50.00
1241,163.20,50.00
1242,163.20,51.00
1243,163.20,51.00
1244,163.20,52.00
1245,163.20,52.00
1246,163.20,52.00
1247,163.20,53.00
1248,163.20,53.00
1249,163.20,53.00
1250,163.20,53.00
1251,163.20,54.00
1252,163.20,54.00
1253,163.20,54.00
1254,163.20,54.00
1255,163.20,55.00
1256,164.20,55.00
1257,164.20,55.00
1258,164.20,55.00
1259,164.20,55.00
1260,164.20,56.00
1261,164.20,56.00
1262,164.20,56.00
1263,164.20,56.00
1264,164.20,56.00
1265,164.20,56.00
1266,164.20,57.00
1267,164.20,57.00
1268,164.20,57.00
1269,164.20,57.00
1270,164.20,58.00
1271,164.20,58.00
1272,164.20,58.00
1273,164.20,58.00
1274,164.20,58.00
1275,164.20,59.00
1276,164.20,59.00
1277,164.20,59.00
1278,164.20,59.00
1279,164.20,59.00
1280,164.20,60.00
1281,164.20,60.00
1282,164.20,60.00
1283,165.20,61.00
1284,165.20,61.00
1285,165.20,61.00
1286,165.20,61.00
1287,165.20,62.00
1288,165.20,62.00
1289,165.20,62.00
1290,165.20,62.00
1291,165.20,63.00
1292,165.20,63.00
1293,165.20,64.00
1294,165.20,64.00
1295,165.20,64.00
1296,165.20,65.00
1297,165.20,65.00
1298,165.20,65.00
1299,165.20,65.00
1300,165.20,66.00
1301,165.20,66.00
1302,165.20,66.00
1303,165.20,66.00
1304,165.20,67.00
1305,165.20,67.00
1306,166.20,68.00
1307,166.20,68.00
1308,166.20,69.00
1309,166.20,69.00
1310,166.20,69.00
1311,166.20,69.00
1312,166.20,70.00
1313,166.20,70.00
1314,166.20,70.00
1315,166.20,71.00
1316,166.20,71.00
1317,166.20,71.00
1318,166.20,72.00
1319,166.20,72.00
1320,166.20,72.00
1321,166.20,73.00
1322,166.20,73.00
1323,166.20,73.00
1324,166.20,73.00
1325,166.20,74.00
1326,166.20,74.00
1327,166.20,74.00
1328,166.20,75.00
1329,166.20,75.00
1330,166.20,75.00
1331,166.20,75.00
1332,166.20,76.00
1333,166.20,76.00
1334,166.20,76.00
1335,166.20,76.00
1336,166.20,77.00
1337,166.20,77.00
1338,166.20,77.00
1339,166.20,77.00
1340,166.20,78.00
1341,166.20,79.00
1342,166.20,79.00
1343,166.20,79.00
1344,166.20,79.00
1345,166.20,80.00
1346,166.20,80.00
1347,166.20,80.00
1348,166.20,80.00
1349,167.20,81.00
1350,167.20,81.00
1351,167.20,81.00
1352,167.20,81.00
1353,167.20,82.00
1354,167.20,82.00
1355,167.20,82.00
1356,167.20,83.00
1357,167.20,83.00
1358,167.20,83.00
1359,167.20,84.00
1360,167.20,84.00
1361,167.20,84.00
1362,168.20,84.00
1363,168.20,85.00
1364,168.20,85.00
1365,168.20,85.00
1366,168.20,86.00
1367,168.20,86.00
1368,168.20,86.00
1369,168.20,87.00
1370,168.20,87.00
1371,168.20,87.00
1372,168.20,87.00
1373,168.20,87.00
1374,168.20,88.00
1375,168.20,88.00
1376,168.20,89.00
1377,168.20,89.00
1378,168.20,89.00
1379,168.20,90.00
1380,168.20,90.00
1381,168.20,91.00
1382,168.20,91.00
1383,168.20,91.00
1384,168.20,92.00
1385,168.20,92.00
1386,168.20,92.00
1387,168.20,93.00
1388,168.20,94.00
1389,168.20,94.00
1390,168.20,95.00
1391,168.20,95.00
1392,168.20,96.00
1393,168.20,96.00
1394,168.20,96.00
1395,168.20,97.00
1396,168.20,97.00
1397,168.20,98.00
1398,168.20,98.00
1399,168.20,98.00
1400,168.20,99.00
1401,168.20,99.00
1402,168.20,99.00
1403,168.20,100.00
1404,168.20,100.00
1405,168.20,100.00
1406,168.20,101.00
1407,168.20,101.00
1408,168.20,101.00
1409,168.20,101.00
1410,168.20,102.00
1411,168.20,102.00
1412,168.20,102.00
1413,168.20,102.00
1414,168.20,102.00
1415,168.20,103.00
1416,168.20,103.00
1417,168.20,103.00
1418,168.20,103.00
1419,168.20,104.00
1420,168.20,104.00
1421,168.20,104.00
1422,168.20,104.00
1423,168.20,105.00
1424,168.20,105.00
1425,168.20,105.00
1426,169.20,106.00
1427,169.20,106.00
1428,169.20,106.00
1429,169.20,107.00
1430,169.20,107.00
1431,169.20,107.00
1432,169.20,107.00
1433,169.20,108.00
1434,169.20,108.00
1435,169.20,109.00
1436,169.20,109.00
1437,169.20,109.00
1438,169.20,110.00
1439,169.20,110.00
1440,169.20,110.00
1441,169.20,110.00
1442,169.20,110.00
1443,169.20,111.00
1444,169.20,112.00
1445,169.20,112.00
1446,169.20,112.00
1447,169.20,113.00
1448,169.20,113.00
1449,169.20,113.00
1450,169.20,114.00
1451,169.20,114.00
1452,169.20,114.00
1453,169.20,115.00
1454,169.20,115.00
1455,169.20,115.00
1456,169.20,116.00
1457,169.20,116.00
1458,169.20,116.00
1459,169.20,116.00
1460,169.20,117.00
1461,169.20,117.00
1462,169.20,117.00
1463,169.20,118.00
1464,169.20,118.00
1465,169.20,118.00
1466,169.20,119.00
1467,169.20,119.00
1468,169.20,119.00
1469,169.20,120.00
1470,169.20,120.00
1471,169.20,120.00
1472,169.20,120.00
1473,169.20,120.00
1474,169.20,121.00
1475,169.20,121.00
1476,169.20,121.00
1477,169.20,121.00
1478,169.20,121.00
1479,169.20,122.00
1480,169.20,122.00
1481,170.20,122.00
1482,170.20,122.00
1483,170.20,123.00
1484,170.20,123.00
1485,170.20,123.00
1486,170.20,123.00
1487,170.20,124.00
1488,170.20,124.00
1489,170.20,124.00
1490,170.20,124.00
1491,170.20,125.00
1492,170.20,125.00
1493,170.20,126.00
1494,170.20,126.00
1495,170.20,126.00
1496,170.20,127.00
1497,170.20,127.00
1498,170.20,127.00
1499,170.20,127.00
1500,170.20,127.00
1501,170.20,128.00
1502,170.20,128.00
1503,170.20,128.00
1504,170.20,129.00
1505,170.20,129.00
1506,170.20,129.00
1507,171.20,129.00
1508,171.20,130.00
1509,171.20,130.00
1510,171.20,131.00
1511,171.20,131.00
1512,171.20,131.00
1513,171.20,131.00
1514,171.20,132.00
1515,171.20,132.00
1516,171.20,133.00
1517,171.20,133.00
1518,171.20,133.00
1519,171.20,133.00
1520,171.20,134.00
1521,171.20,134.00
1522,171.20,134.00
1523,171.20,134.00
1524,171.20,134.00
1525,171.20,135.00
1526,171.20,135.00
1527,171.20,135.00
1528,171.20,135.00
1529,171.20,135.00
1530,171.20,136.00
1531,171.20,136.00
1532,171.20,136.00
1533,171.20,136.00
1534,171.20,137.00
1535,171.20,137.00
1536,172.20,137.00
1537,172.20,137.00
1538,172.20,137.00
1539,172.20,138.00
1540,172.20,138.00
1541,172.20,138.00
1542,172.20,139.00
1543,172.20,139.00
1544,172.20,140.00
1545,172.20,140.00
1546,172.20,140.00
1547,172.20,140.00
1548,172.20,141.00
1549,172.20,141.00
1550,172.20,141.00
1551,172.20,142.00
1552,172.20,142.00
1553,172.20,143.00
1554,172.20,143.00
1555,172.20,143.00
1556,172.20,144.00
1557,172.20,144.00
1558,172.20,144.00
1559,172.20,145.00
1560,172.20,145.00
1561,172.20,145.00
1562,172.20,145.00
1563,172.20,146.00
1564,172.20,146.00
1565,172.20,146.00
1566,172.20,146.00
1567,172.20,146.00
1568,172.20,146.00
1569,172.20,147.00
1570,172.20,147.00
1571,172.20,147.00
1572,172.20,148.00
1573,172.20,148.00
1574,173.20,148.00
1575,173.20,149.00
1576,173.20,149.00
1577,173.20,149.00
1578,173.20,150.00
1579,173.20,150.00
1580,173.20,150.00
1581,173.20,151.00
1582,173.20,151.00
1583,173.20,151.00
1584,173.20,152.00
1585,173.20,152.00
1586,173.20,153.00
1587,173.20,153.00
1588,173.20,154.00
1589,173.20,154.00
1590,173.20,154.00
1591,173.20,155.00
1592,173.20,155.00
1593,173.20,155.00
1594,173.20,156.00
1595,173.20,156.00
1596,173.20,157.00
1597,173.20,157.00
1598,173.20,158.00
1599,173.20,158.00
1600,173.20,159.00
1601,173.20,159.00
1602,173.20,160.00
1603,173.20,160.00
1604,173.20,160.00
1605,173.20,161.00
1606,173.20,161.00
1607,173.20,161.00
1608,173.20,162.00
1609,173.20,163.00
1610,173.20,163.00
1611,173.20,163.00
1612,173.20,164.00
1613,173.20,164.00
1614,173.20,164.00
1615,173.20,165.00
1616,174.20,165.00
1617,174.20,165.00
1618,174.20,166.00
1619,174.20,166.00
1620,174.20,167.00
1621,174.20,167.00
1622,174.20,168.00
1623,174.20,168.00
1624,174.20,168.00
1625,174.20,168.00
1626,174.20,169.00
1627,174.20,169.00
1628,174.20,170.00
1629,174.20,170.00
1630,174.20,170.00
1631,174.20,170.00
1632,174.20,171.00
1633,174.20,171.00
1634,174.20,172.00
1635,174.20,172.00
1636,174.20,172.00
1637,174.20,172.00
1638,174.20,173.00
1639,174.20,173.00
1640,174.20,173.00
1641,174.20,174.00
1642,174.20,174.00
1643,174.20,174.00
1644,174.20,175.00
1645,174.20,175.00
1646,174.20,175.00
1647,174.20,175.00
1648,174.20,175.00
1649,174.20,175.00
1650,174.20,176.00
1651,174.20,176.00
1652,174.20,176.00
1653,174.20,176.00
1654,175.20,176.00
1655,175.20,177.00
1656,175.20,177.00
1657,175.20,177.00
1658,175.20,178.00
1659,175.20,178.00
1660,175.20,178.00
1661,175.20,178.00
1662,175.20,179.00
1663,175.20,179.00
1664,175.20,179.00
1665,175.20,179.00
1666,175.20,180.00
1667,175.20,180.00
1668,175.20,180.00
1669,175.20,180.00
1670,175.20,181.00
1671,175.20,181.00
1672,175.20,182.00
1673,175.20,182.00
1674,175.20,182.00
1675,175.20,182.00
1676,175.20,182.00
1677,175.20,183.00
1678,175.20,183.00
1679,175.20,183.00
1680,175.20,183.00
1681,175.20,183.00
1682,175.20,183.00
1683,175.20,184.00
1684,175.20,184.00
1685,175.20,184.00
1686,175.20,185.00
1687,175.20,185.00
1688,175.20,185.00
1689,175.20,185.00
1690,175.20,186.00
1691,175.20,186.00
1692,175.20,186.00
1693,175.20,187.00
1694,176.20,187.00
1695,176.20,187.00
1696,176.20,188.00
1697,176.20,188.00
1698,176.20,188.00
1699,176.20,188.00
1700,176.20,189.00
1701,176.20,189.00
1702,176.20,189.00
1703,176.20,189.00
1704,176.20,190.00
1705,176.20,190.00
1706,176.20,190.00
1707,176.20,190.00
1708,176.20,191.00
1709,176.20,191.00
1710,176.20,191.00
1711,176.20,191.00
1712,176.20,191.00
1713,176.20,192.00
1714,176.20,192.00
1715,176.20,192.00
1716,176.20,192.00
1717,176.20,193.00
1718,176.20,193.00
1719,176.20,193.00
1720,176.20,193.00
1721,177.20,193.00
1722,177.20,194.00
1723,177.20,194.00
1724,177.20,194.00
1725,177.20,194.00
1726,177.20,194.00
1727,177.20,195.00
1728,177.20,195.00
1729,177.20,195.00
1730,177.20,195.00
1731,177.20,195.00
1732,177.20,196.00
1733,177.20,196.00
1734,177.20,196.00
1735,177.20,196.00
1736,177.20,196.00
1737,177.20,197.00
1738,177.20,197.00
1739,177.20,197.00
1740,177.20,197.00
1741,177.20,197.00
1742,177.20,198.00
1743,177.20,198.00
1744,177.20,198.00
1745,177.20,198.00
1746,177.20,198.00
1747,177.20,199.00
1748,177.20,199.00
1749,177.20,199.00
1750,177.20,199.00
1751,177.20,200.00
1752,177.20,200.00
1753,177.20,200.00
1754,177.20,200.00
1755,177.20,200.00
1756,177.20,201.00
1757,177.20,201.00
1758,177.20,201.00
1759,177.20,201.00
1760,177.20,201.00
1761,177.20,202.00
1762,177.20,202.00
1763,177.20,202.00
1764,177.20,202.00
1765,177.20,202.00
1766,177.20,203.00
1767,177.20,203.00
1768,177.20,203.00
1769,177.20,204.00
1770,177.20,204.00
1771,177.20,204.00
1772,177.20,205.00
1773,177.20,205.00
1774,177.20,205.00
1775,177.20,206.00
1776,177.20,206.00
1777,177.20,207.00
1778,177.20,207.00
1779,177.20,207.00
1780,177.20,208.00
1781,177.20,208.00
1782,177.20,208.00
1783,177.20,209.00
1784,177.20,209.00
1785,177.20,209.00
1786,177.20,210.00
1787,178.20,210.00
1788,178.20,210.00
1789,178.20,210.00
1790,178.20,211.00
1791,178.20,211.00
1792,178.20,211.00
1793,178.20,211.00
1794,178.20,212.00
1795,178.20,212.00
1796,178.20,212.00
1797,178.20,212.00
1798,178.20,213.00
1799,178.20,213.00
1800,178.20,213.00
1801,178.20,213.00
1802,178.20,213.00
1803,178.20,214.00
1804,178.20,214.00
1805,178.20,214.00
1806,179.20,215.00
1807,179.20,215.00
1808,179.20,216.00
1809,179.20,216.00
1810,179.20,216.00
1811,179.20,217.00
1812,179.20,217.00
1813,179.20,217.00
1814,179.20,218.00
1815,179.20,218.00
1816,179.20,218.00
1817,179.20,218.00
1818,179.20,218.00
1819,179.20,219.00
1820,179.20,219.00
1821,179.20,219.00
1822,179.20,219.00
1823,179.20,219.00
1824,179.20,220.00
1825,179.20,220.00
1826,179.20,220.00
1827,179.20,220.00
1828,179.20,221.00
1829,179.20,221.00
1830,179.20,221.00
1831,179.20,221.00
1832,179.20,221.00
1833,179.20,222.00
1834,179.20,222.00
1835,179.20,222.00
1836,179.20,222.00
1837,179.20,222.00
1838,179.20,223.00
1839,179.20,223.00
1840,180.20,223.00
1841,180.20,223.00
1842,180.20,224.00
1843,180.20,224.00
1844,180.20,224.00
1845,180.20,225.00
1846,180.20,225.00
1847,180.20,226.00
1848,180.20,226.00
1849,180.20,226.00
1850,180.20,227.00
1851,180.20,227.00
1852,180.20,227.00
1853,180.20,227.00
1854,180.20,228.00
1855,180.20,228.00
1856,180.20,228.00
1857,180.20,228.00
1858,180.20,229.00
1859,180.20,229.00
1860,180.20,229.00
1861,180.20,229.00
1862,180.20,229.00
1863,180.20,230.00
1864,180.20,230.00
1865,180.20,230.00
1866,180.20,230.00
1867,180.20,230.00
1868,180.20,231.00
1869,180.20,231.00
1870,180.20,231.00
1871,181.20,232.00
1872,181.20,232.00
1873,181.20,232.00
1874,181.20,233.00
1875,181.20,233.00
1876,181.20,233.00
1877,181.20,234.00
1878,181.20,234.00
1879,181.20,234.00
1880,181.20,235.00
1881,181.20,235.00
1882,181.20,235.00
1883,181.20,236.00
1884,181.20,236.00
1885,181.20,236.00
1886,181.20,236.00
1887,181.20,236.00
1888,181.20,237.00
1889,181.20,237.00
1890,181.20,237.00
1891,181.20,237.00
1892,181.20,237.00
1893,181.20,238.00
1894,181.20,238.00
1895,181.20,238.00
1896,182.20,238.00
1897,182.20,239.00
1898,182.20,239.00
1899,182.20,239.00
1900,182.20,240.00
1901,182.20,240.00
1902,182.20,240.00
1903,182.20,240.00
1904,182.20,240.00
1905,182.20,241.00
1906,182.20,241.00
1907,182.20,241.00
1908,182.20,241.00
1909,182.20,241.00
1910,182.20,242.00
1911,182.20,242.00
1912,182.20,242.00
1913,182.20,243.00
1914,182.20,243.00
1915,182.20,243.00
1916,182.20,243.00
1917,182.20,244.00
1918,182.20,244.00
1919,182.20,244.00
1920,182.20,245.00
1921,182.20,245.00
1922,182.20,245.00
1923,182.20,246.00
1924,182.20,246.00
1925,182.20,246.00
1926,182.20,246.00
1927,182.20,247.00
1928,182.20,247.00
1929,182.20,247.00
1930,182.20,247.00
1931,182.20,248.00
1932,182.20,248.00
1933,182.20,249.00
1934,182.20,249.00
1935,182.20,249.00
1936,183.20,250.00
1937,183.20,250.00
1938,183.20,250.00
1939,183.20,251.00
1940,183.20,251.00
1941,183.20,252.00
1942,183.20,252.00
1943,183.20,252.00
1944,183.20,253.00
1945,183.20,253.00
1946,183.20,254.00
1947,183.20,254.00
1948,183.20,254.00
1949,183.20,255.00
1950,183.20,255.00
1951,183.20,256.00
1952,183.20,256.00
1953,183.20,257.00
1954,184.20,258.00
1955,184.20,259.00
1956,184.20,259.00
1957,184.20,260.00
1958,184.20,261.00
1959,184.20,261.00
1960,184.20,262.00
1961,184.20,263.00
1962,185.20,264.00
1963,185.20,264.00
1964,185.20,265.00
1965,185.20,265.00
1966,185.20,266.00
1967,185.20,266.00
1968,185.20,267.00
1969,185.20,267.00
1970,185.20,268.00
1971,185.20,268.00
1972,186.20,269.00
1973,186.20,269.00
1974,186.20,270.00
1975,186.20,270.00
1976,186.20,271.00
1977,186.20,272.00
1978,186.20,272.00
1979,186.20,272.00
1980,186.20,273.00
1981,186.20,273.00
1982,186.20,274.00
1983,186.20,274.00
1984,186.20,274.00
1985,187.20,274.00
1986,187.20,275.00
1987,187.20,275.00
1988,187.20,275.00
1989,187.20,276.00
1990,187.20,276.00
1991,187.20,277.00
1992,187.20,277.00
1993,187.20,278.00
1994,187.20,278.00
1995,187.20,279.00
1996,188.20,280.00
1997,188.20,280.00
1998,188.20,281.00
1999,188.20,282.00
2000,188.20,283.00
2001,188.20,283.00
2002,188.20,284.00
2003,188.20,284.00
2004,188.20,285.00
2005,189.20,285.00
2006,189.20,285.00
2007,189.20,286.00
2008,189.20,286.00
2009,189.20,286.00
2010,189.20,286.00
2011,189.20,286.00
2012,189.20,287.00
2013,189.20,287.00
2014,189.20,287.00
2015,189.20,287.00
2016,189.20,288.00
2017,189.20,288.00
2018,189.20,288.00
2019,189.20,289.00
2020,189.20,289.00
2021,189.20,290.00
2022,189.20,290.00
2023,189.20,291.00
2024,189.20,291.00
2025,189.20,292.00
2026,189.20,292.00
2027,189.20,292.00
2028,189.20,293.00
2029,190.20,293.00
2030,190.20,294.00
2031,190.20,294.00
2032,190.20,294.00
2033,190.20,295.00
2034,190.20,295.00
2035,190.20,296.00
2036,190.20,297.00
2037,190.20,297.00
2038,190.20,298.00
2039,190.20,298.00
2040,190.20,299.00
2041,190.20,299.00
2042,190.20,299.00
2043,190.20,300.00
2044,190.20,300.00
2045,190.20,300.00
2046,190.20,301.00
2047,190.20,301.00
2048,190.20,302.00
2049,190.20,302.00
2050,190.20,303.00
2051,190.20,303.00
2052,190.20,303.00
2053,191.20,303.00
2054,191.20,304.00
2055,191.20,304.00
2056,191.20,304.00
2057,191.20,304.00
2058,191.20,304.00
2059,191.20,305.00
2060,191.20,305.00
2061,191.20,305.00
2062,191.20,305.00
2063,191.20,306.00
2064,191.20,306.00
2065,191.20,306.00
2066,191.20,306.00
2067,191.20,306.00
2068,191.20,307.00
2069,191.20,307.00
2070,191.20,307.00
2071,191.20,307.00
2072,191.20,307.00
2073,191.20,308.00
2074,191.20,308.00
2075,191.20,308.00
2076,191.20,309.00
2077,191.20,309.00
2078,191.20,309.00
2079,191.20,309.00
2080,191.20,310.00
2081,191.20,310.00
2082,192.20,310.00
2083,192.20,310.00
2084,192.20,311.00
2085,192.20,311.00
2086,192.20,311.00
2087,192.20,311.00
2088,192.20,312.00
2089,192.20,312.00
2090,192.20,313.00
2091,192.20,313.00
2092,193.20,313.00
2093,193.20,314.00
2094,193.20,314.00
2095,193.20,315.00
2096,193.20,315.00
2097,193.20,315.00
2098,193.20,315.00
2099,193.20,316.00
2100,193.20,316.00
2101,193.20,316.00
2102,193.20,316.00
2103,193.20,316.00
2104,193.20,317.00
2105,193.20,317.00
2106,193.20,317.00
2107,193.20,318.00
2108,193.20,318.00
2109,193.20,319.00
2110,194.20,319.00
2111,194.20,319.00
2112,194.20,320.00
2113,194.20,320.00
2114,194.20,320.00
2115,194.20,321.00
2116,194.20,321.00
2117,195.20,322.00
2118,195.20,322.00
2119,195.20,322.00
2120,195.20,322.00
2121,195.20,322.00
2122,195.20,323.00
2123,195.20,323.00
2124,195.20,323.00
2125,195.20,323.00
2126,195.20,323.00
2127,196.20,324.00
2128,196.20,324.00
2129,196.20,324.00
2130,196.20,325.00
2131,196.20,325.00
2132,196.20,325.00
2133,196.20,325.00
2134,196.20,325.00
2135,197.20,326.00
2136,197.20,326.00
2137,197.20,326.00
2138,197.20,326.00
2139,197.20,326.00
2140,197.20,327.00
2141,197.20,327.00
2142,197.20,327.00
2143,197.20,327.00
2144,197.20,328.00
2145,197.20,328.00
2146,198.20,328.00
2147,198.20,328.00
2148,198.20,328.00
2149,198.20,329.00
2150,198.20,329.00
2151,198.20,329.00
2152,198.20,329.00
2153,198.20,329.00
2154,199.20,329.00
2155,199.20,329.00
2156,199.20,329.00
2157,199.20,330.00
2158,199.20,330.00
2159,199.20,330.00
2160,199.20,330.00
2161,199.20,330.00
2162,200.20,330.00
2163,200.20,330.00
2164,200.20,330.00
2165,200.20,330.00
2166,200.20,331.00
2167,200.20,331.00
2168,200.20,331.00
2169,200.20,331.00
2170,201.20,331.00
2171,201.20,331.00
2172,201.20,331.00
2173,201.20,331.00
2174,201.20,331.00
2175,201.20,331.00
2176,201.20,331.00
2177,202.20,331.00
2178,202.20,331.00
2179,202.20,331.00
2180,202.20,331.00
2181,202.20,331.00
2182,203.20,331.00
2183,203.20,331.00
2184,203.20,331.00
2185,203.20,331.00
2186,203.20,331.00
2187,204.20,331.00
2188,204.20,331.00
2189,204.20,331.00
2190,204.20,331.00
2191,204.20,331.00
2192,205.20,331.00
2193,205.20,331.00
2194,205.20,330.00
2195,205.20,330.00
2196,205.20,330.00
2197,205.20,329.00
2198,205.20,329.00
2199,205.20,329.00
2200,205.20,328.00
2201,206.20,328.00
2202,206.20,327.00
2203,206.20,327.00
2204,206.20,327.00
2205,206.20,327.00
2206,206.20,326.00
2207,206.20,326.00
2208,206.20,326.00
2209,206.20,326.00
2210,207.20,325.00
2211,207.20,325.00
2212,207.20,325.00
2213,207.20,325.00
2214,207.20,325.00
2215,207.20,324.00
2216,207.20,324.00
2217,207.20,324.00
2218,208.20,323.00
2219,208.20,323.00
2220,208.20,323.00
2221,208.20,323.00
2222,208.20,322.00
2223,208.20,322.00
2224,208.20,322.00
2225,208.20,322.00
2226,208.20,321.00
2227,209.20,321.00
2228,209.20,321.00
2229,209.20,320.00
2230,209.20,320.00
2231,209.20,320.00
2232,209.20,319.00
2233,209.20,319.00
2234,209.20,319.00
2235,209.20,318.00
2236,210.20,318.00
2237,210.20,317.00
2238,210.20,317.00
2239,210.20,316.00
2240,210.20,316.00
2241,210.20,315.00
2242,210.20,315.00
2243,211.20,314.00
2244,211.20,314.00
2245,211.20,314.00
2246,211.20,313.00
2247,211.20,313.00
2248,211.20,312.00
2249,211.20,312.00
2250,212.20,311.00
2251,212.20,310.00
2252,212.20,310.00
2253,212.20,310.00
2254,212.20,309.00
2255,212.20,309.00
2256,212.20,308.00
2257,213.20,308.00
2258,213.20,308.00
2259,213.20,308.00
2260,213.20,307.00
2261,213.20,307.00
2262,213.20,307.00
2263,213.20,306.00
2264,213.20,306.00
2265,213.20,306.00
2266,213.20,305.00
2267,214.20,305.00
2268,214.20,305.00
2269,214.20,304.00
2270,214.20,304.00
2271,214.20,304.00
2272,214.20,304.00
2273,214.20,303.00
2274,214.20,303.00
2275,215.20,302.00
2276,215.20,302.00
2277,215.20,302.00
2278,215.20,301.00
2279,215.20,301.00
2280,215.20,301.00
2281,215.20,301.00
2282,215.20,300.00
2283,215.20,300.00
2284,215.20,300.00
2285,215.20,299.00
2286,215.20,299.00
2287,216.20,299.00
2288,216.20,299.00
2289,216.20,298.00
2290,216.20,298.00
2291,216.20,298.00
2292,216.20,298.00
2293,216.20,297.00
2294,216.20,297.00
2295,216.20,297.00
2296,216.20,297.00
2297,216.20,296.00
2298,217.20,296.00
2299,217.20,296.00
2300,217.20,296.00
2301,217.20,295.00
2302,217.20,295.00
2303,217.20,295.00
2304,217.20,294.00
2305,218.20,294.00
2306,218.20,294.00
2307,218.20,294.00
2308,218.20,293.00
2309,218.20,293.00
2310,218.20,292.00
2311,218.20,292.00
2312,219.20,292.00
2313,219.20,291.00
2314,219.20,291.00
2315,219.20,290.00
2316,219.20,290.00
2317,219.20,289.00
2318,220.20,289.00
2319,220.20,289.00
2320,220.20,288.00
2321,220.20,288.00
2322,220.20,287.00
2323,221.20,286.00
2324,221.20,286.00
2325,221.20,286.00
2326,221.20,285.00
2327,221.20,285.00
2328,222.20,285.00
2329,222.20,284.00
2330,222.20,284.00
2331,222.20,284.00
2332,222.20,284.00
2333,222.20,284.00
2334,222.20,283.00
2335,223.20,283.00
2336,223.20,283.00
2337,223.20,282.00
2338,223.20,282.00
2339,223.20,282.00
2340,223.20,282.00
2341,224.20,282.00
2342,224.20,281.00
2343,224.20,281.00
2344,224.20,281.00
2345,224.20,281.00
2346,224.20,280.00
2347,225.20,280.00
2348,225.20,280.00
2349,225.20,279.00
2350,225.20,279.00
2351,225.20,279.00
2352,226.20,279.00
2353,226.20,279.00
2354,226.20,278.00
2355,226.20,278.00
2356,226.20,278.00
2357,227.20,278.00
2358,227.20,278.00
2359,227.20,277.00
2360,227.20,277.00
2361,227.20,277.00
2362,228.20,277.00
2363,228.20,277.00
2364,228.20,276.00
2365,228.20,276.00
2366,228.20,276.00
2367,229.20,276.00
2368,229.20,275.00
2369,229.20,275.00
2370,229.20,275.00
2371,229.20,275.00
2372,229.20,274.00
2373,230.20,274.00
2374,230.20,274.00
2375,230.20,274.00
2376,230.20,274.00
2377,230.20,274.00
2378,230.20,274.00
2379,231.20,274.00
2380,231.20,273.00
2381,231.20,273.00
2382,231.20,273.00
2383,232.20,273.00
2384,232.20,273.00
2385,232.20,273.00
2386,232.20,273.00
2387,232.20,272.00
2388,233.20,272.00
2389,233.20,272.00
2390,233.20,272.00
2391,233.20,272.00
2392,234.20,272.00
2393,234.20,272.00
2394,235.20,271.00
2395,235.20,271.00
2396,235.20,271.00
2397,236.20,271.00
2398,236.20,271.00
2399,237.20,270.00
2400,237.20,270.00
2401,237.20,270.00
2402,238.20,270.00
2403,238.20,269.00
2404,239.20,269.00
2405,239.20,269.00
2406,239.20,269.00
2407,240.20,269.00
2408,240.20,269.00
2409,240.20,268.00
2410,241.20,268.00
2411,241.20,268.00
2412,241.20,268.00
2413,242.20,268.00
2414,242.20,268.00
2415,242.20,267.00
2416,243.20,267.00
2417,243.20,267.00
2418,243.20,267.00
2419,243.20,267.00
2420,243.20,266.00
2421,244.20,266.00
2422,244.20,266.00
2423,244.20,266.00
2424,244.20,266.00
2425,244.20,265.00
2426,245.20,265.00
2427,245.20,265.00
2428,245.20,265.00
2429,245.20,264.00
2430,246.20,264.00
2431,246.20,264.00
2432,246.20,264.00
2433,246.20,263.00
2434,247.20,263.00
2435,247.20,263.00
2436,247.20,263.00
2437,247.20,262.00
2438,247.20,262.00
2439,247.20,261.00
2440,248.20,261.00
2441,248.20,261.00
2442,248.20,261.00
2443,248.20,260.00
2444,248.20,260.00
2445,248.20,259.00
2446,248.20,259.00
2447,248.20,259.00
2448,249.20,258.00
2449,249.20,258.00
2450,249.20,257.00
2451,249.20,257.00
2452,249.20,256.00
2453,250.20,256.00
2454,250.20,256.00
2455,250.20,255.00
2456,250.20,255.00
2457,250.20,254.00
2458,250.20,254.00
2459,251.20,253.00
2460,251.20,253.00
2461,251.20,252.00
2462,251.20,252.00
2463,252.20,251.00
2464,252.20,251.00
2465,252.20,250.00
2466,252.20,250.00
2467,252.20,249.00
2468,253.20,249.00
2469,253.20,248.00
2470,253.20,248.00
2471,253.20,247.00
2472,253.20,247.00
2473,253.20,246.00
2474,253.20,246.00
2475,254.20,245.00
2476,254.20,245.00
2477,254.20,244.00
2478,254.20,244.00
2479,254.20,243.00
2480,255.20,243.00
2481,255.20,242.00
2482,255.20,241.00
2483,255.20,241.00
2484,255.20,240.00
2485,256.20,240.00
2486,256.20,240.00
2487,256.20,239.00
2488,256.20,239.00
2489,256.20,239.00
2490,256.20,238.00
2491,256.20,238.00
2492,256.20,237.00
2493,256.20,236.00
2494,256.20,236.00
2495,256.20,235.00
2496,256.20,234.00
2497,257.20,234.00
2498,257.20,233.00
2499,257.20,232.00
2500,257.20,232.00
2501,257.20,231.00
2502,258.20,230.00
2503,258.20,229.00
2504,258.20,229.00
2505,258.20,228.00
2506,258.20,227.00
2507,258.20,226.00
2508,258.20,225.00
2509,259.20,225.00
2510,259.20,224.00
2511,259.20,224.00
2512,259.20,223.00
2513,259.20,223.00
2514,259.20,222.00
2515,260.20,222.00
2516,260.20,221.00
2517,260.20,221.00
2518,260.20,221.00
2519,260.20,220.00
2520,260.20,220.00
2521,260.20,220.00
2522,260.20,219.00
2523,260.20,219.00
2524,260.20,218.00
2525,260.20,218.00
2526,261.20,217.00
2527,261.20,217.00
2528,261.20,216.00
2529,261.20,215.00
2530,261.20,215.00
2531,261.20,214.00
2532,261.20,214.00
2533,261.20,213.00
2534,262.20,212.00
2535,262.20,212.00
2536,262.20,211.00
2537,262.20,210.00
2538,262.20,209.00
2539,262.20,208.00
2540,262.20,207.00
2541,263.20,207.00
2542,263.20,206.00
2543,263.20,205.00
2544,263.20,204.00
2545,263.20,204.00
2546,264.20,203.00
2547,264.20,203.00
2548,264.20,202.00
2549,264.20,202.00
2550,264.20,202.00
2551,265.20,201.00
2552,265.20,201.00
2553,265.20,201.00
2554,265.20,200.00
2555,265.20,200.00
2556,265.20,200.00
2557,265.20,199.00
2558,265.20,199.00
2559,265.20,198.00
2560,265.20,197.00
2561,265.20,197.00
2562,265.20,196.00
2563,265.20,195.00
2564,265.20,194.00
2565,266.20,194.00
2566,266.20,193.00
2567,266.20,192.00
2568,266.20,192.00
2569,266.20,191.00
2570,266.20,190.00
2571,266.20,190.00
2572,266.20,189.00
2573,266.20,189.00
2574,266.20,188.00
2575,267.20,187.00
2576,267.20,187.00
2577,267.20,187.00
2578,267.20,186.00
2579,267.20,186.00
2580,267.20,185.00
2581,267.20,185.00
2582,267.20,184.00
2583,268.20,184.00
2584,268.20,183.00
2585,268.20,183.00
2586,268.20,182.00
2587,268.20,181.00
2588,268.20,181.00
2589,268.20,180.00
2590,268.20,180.00
2591,269.20,179.00
2592,269.20,178.00
2593,269.20,178.00
2594,269.20,177.00
2595,269.20,176.00
2596,269.20,175.00
2597,269.20,174.00
2598,269.20,173.00
2599,269.20,173.00
2600,269.20,172.00
2601,269.20,172.00
2602,269.20,171.00
2603,269.20,171.00
2604,269.20,170.00
2605,269.20,170.00
2606,270.20,170.00
2607,270.20,169.00
2608,270.20,169.00
2609,270.20,168.00
2610,270.20,168.00
2611,270.20,167.00
2612,270.20,167.00
2613,270.20,167.00
2614,270.20,166.00
2615,270.20,165.00
2616,270.20,165.00
2617,270.20,164.00
2618,270.20,164.00
2619,270.20,163.00
2620,270.20,163.00
2621,270.20,162.00
2622,270.20,162.00
2623,270.20,161.00
2624,270.20,160.00
2625,270.20,160.00
2626,270.20,159.00
2627,270.20,159.00
2628,270.20,158.00
2629,270.20,158.00
2630,270.20,158.00
2631,270.20,157.00
2632,270.20,157.00
2633,270.20,157.00
2634,270.20,156.00
2635,270.20,156.00
2636,270.20,156.00
2637,270.20,155.00
2638,270.20,155.00
2639,270.20,154.00
2640,270.20,154.00
2641,270.20,153.00
2642,270.20,153.00
2643,270.20,153.00
2644,270.20,152.00
2645,270.20,152.00
2646,270.20,151.00
2647,270.20,151.00
2648,271.20,150.00
2649,271.20,150.00
2650,271.20,149.00
2651,271.20,149.00
2652,271.20,148.00
2653,271.20,148.00
2654,271.20,147.00
2655,271.20,147.00
2656,271.20,146.00
2657,271.20,146.00
2658,271.20,145.00
2659,271.20,144.00
2660,271.20,144.00
2661,271.20,144.00
2662,272.20,143.00
2663,272.20,143.00
2664,272.20,143.00
2665,272.20,142.00
2666,272.20,142.00
2667,272.20,141.00
2668,272.20,141.00
2669,272.20,140.00
2670,272.20,139.00
2671,272.20,139.00
2672,272.20,138.00
2673,272.20,138.00
2674,272.20,137.00
2675,272.20,137.00
2676,272.20,137.00
2677,272.20,136.00
2678,272.20,136.00
2679,272.20,135.00
2680,273.20,135.00
2681,273.20,135.00
2682,273.20,135.00
2683,273.20,134.00
2684,273.20,134.00
2685,273.20,134.00
2686,273.20,134.00
2687,273.20,134.00
2688,273.20,134.00
2689,273.20,133.00
2690,273.20,133.00
2691,273.20,133.00
2692,273.20,133.00
2693,273.20,133.00
2694,273.20,132.00
2695,273.20,132.00
2696,273.20,132.00
2697,273.20,132.00
2698,273.20,131.00
2699,273.20,131.00
2700,273.20,131.00
2701,273.20,130.00
2702,273.20,130.00
2703,273.20,130.00
2704,273.20,129.00
2705,273.20,128.00
2706,273.20,128.00
2707,273.20,128.00
2708,273.20,128.00
2709,273.20,127.00
2710,273.20,127.00
2711,273.20,127.00
2712,273.20,126.00
2713,273.20,126.00
2714,273.20,126.00
2715,273.20,125.00
2716,273.20,125.00
2717,273.20,124.00
2718,273.20,124.00
2719,273.20,124.00
2720,273.20,123.00
2721,273.20,122.00
2722,273.20,122.00
2723,273.20,121.00
2724,273.20,121.00
2725,273.20,121.00
2726,273.20,120.00
2727,273.20,120.00
2728,273.20,119.00
2729,273.20,119.00
2730,273.20,119.00
2731,273.20,119.00
2732,273.20,118.00
2733,273.20,118.00
2734,273.20,118.00
2735,273.20,118.00
2736,273.20,117.00
2737,273.20,117.00
2738,273.20,117.00
2739,273.20,116.00
2740,273.20,116.00
2741,273.20,116.00
2742,273.20,115.00
2743,273.20,115.00
2744,273.20,114.00
2745,273.20,114.00
2746,273.20,114.00
2747,273.20,113.00
2748,273.20,113.00
2749,273.20,113.00
2750,273.20,112.00
2751,273.20,112.00
2752,273.20,111.00
2753,273.20,111.00
2754,273.20,110.00
2755,273.20,110.00
2756,273.20,109.00
2757,274.20,109.00
2758,274.20,108.00
2759,274.20,107.00
2760,274.20,107.00
2761,274.20,107.00
2762,274.20,106.00
2763,274.20,106.00
2764,274.20,105.00
2765,274.20,105.00
2766,274.20,104.00
2767,274.20,104.00
2768,275.20,103.00
2769,275.20,103.00
2770,275.20,102.00
2771,275.20,101.00
2772,275.20,101.00
2773,275.20,101.00
2774,276.20,100.00
2775,276.20,100.00
2776,276.20,99.00
2777,276.20,99.00
2778,276.20,98.00
2779,276.20,98.00
2780,276.20,97.00
2781,276.20,97.00
2782,277.20,96.00
2783,277.20,96.00
2784,277.20,96.00
2785,277.20,95.00
2786,277.20,95.00
2787,277.20,94.00
2788,277.20,93.00
2789,277.20,93.00
2790,277.20,92.00
2791,278.20,92.00
2792,278.20,91.00
2793,278.20,91.00
2794,278.20,90.00
2795,278.20,89.00
2796,278.20,89.00
2797,278.20,88.00
2798,278.20,87.00
2799,278.20,86.00
2800,278.20,86.00
2801,278.20,85.00
2802,278.20,84.00
2803,278.20,83.00
2804,278.20,83.00
2805,278.20,82.00
2806,279.20,81.00
2807,279.20,81.00
2808,279.20,80.00
2809,279.20,80.00
2810,279.20,79.00
2811,279.20,79.00
2812,279.20,78.00
2813,279.20,78.00
2814,279.20,77.00
2815,279.20,77.00
2816,279.20,76.00
2817,279.20,76.00
2818,279.20,76.00
2819,279.20,75.00
2820,279.20,75.00
2821,279.20,75.00
2822,279.20,75.00
2823,280.20,74.00
2824,280.20,74.00
2825,280.20,74.00
2826,280.20,73.00
2827,280.20,73.00
2828,280.20,73.00
2829,280.20,72.00
2830,280.20,72.00
2831,280.20,72.00
2832,280.20,71.00
2833,280.20,71.00
2834,280.20,71.00
2835,280.20,70.00
2836,280.20,69.00
2837,280.20,69.00
2838,280.20,69.00
2839,280.20,68.00
2840,280.20,68.00
2841,280.20,68.00
2842,280.20,67.00
2843,280.20,67.00
2844,280.20,67.00
2845,280.20,67.00
2846,280.20,67.00
2847,280.20,66.00
2848,280.20,66.00
2849,280.20,66.00
2850,280.20,66.00
2851,280.20,65.00
2852,280.20,65.00
2853,280.20,65.00
2854,280.20,65.00
2855,280.20,65.00
2856,280.20,64.00
2857,280.20,64.00
2858,280.20,64.00
2859,280.20,63.00
2860,280.20,63.00
2861,280.20,62.00
2862,280.20,62.00
2863,280.20,61.00
2864,280.20,60.00
2865,280.20,59.00
2866,280.20,59.00
2867,280.20,58.00
2868,280.20,58.00
2869,280.20,57.00
2870,280.20,57.00
2871,280.20,57.00
2872,280.20,56.00
2873,280.20,56.00
2874,280.20,56.00
2875,280.20,56.00
2876,280.20,56.00
2877,280.20,55.00
2878,280.20,55.00
2879,280.20,55.00
2880,280.20,55.00
2881,280.20,55.00
2882,280.20,54.00
2883,280.20,54.00
2884,280.20,54.00
2885,280.20,53.00
2886,280.20,53.00
2887,280.20,52.00
2888,280.20,52.00
2889,280.20,52.00
2890,281.20,51.00
2891,281.20,51.00
2892,281.20,51.00
2893,281.20,50.00
2894,281.20,50.00
2895,281.20,49.00
2896,281.20,49.00
2897,282.20,49.00
2898,282.20,49.00
2899,282.20,49.00
2900,282.20,48.00
2901,282.20,48.00
2902,282.20,48.00
2903,282.20,47.00
2904,282.20,47.00
2905,282.20,47.00
2906,282.20,46.00
2907,282.20,46.00
2908,282.20,46.00
2909,283.20,45.00
2910,283.20,45.00
2911,283.20,45.00
2912,283.20,45.00
2913,283.20,45.00
2914,283.20,44.00
2915,283.20,44.00
2916,283.20,44.00
2917,283.20,44.00
2918,283.20,44.00
2919,284.20,44.00
2920,284.20,43.00
2921,284.20,43.00
2922,284.20,43.00
2923,284.20,43.00
2924,284.20,43.00
2925,285.20,43.00
2926,285.20,43.00
2927,285.20,43.00
2928,285.20,43.00
2929,285.20,43.00
2930,285.20,43.00
2931,286.20,43.00
2932,286.20,43.00
2933,286.20,43.00
2934,286.20,42.00
2935,286.20,42.00
2936,287.20,42.00
2937,287.20,42.00
2938,287.20,42.00
2939,287.20,42.00
2940,287.20,42.00
2941,288.20,42.00
2942,288.20,42.00
2943,288.20,41.00
2944,288.20,41.00
2945,288.20,41.00
2946,288.20,41.00
2947,289.20,41.00
2948,289.20,41.00
2949,289.20,41.00
2950,289.20,41.00
2951,289.20,41.00
2952,290.20,41.00
2953,290.20,41.00
2954,290.20,41.00
2955,290.20,41.00
2956,290.20,41.00
2957,291.20,41.00
2958,291.20,41.00
2959,291.20,41.00
2960,291.20,41.00
2961,292.20,41.00
2962,292.20,41.00
2963,292.20,41.00
2964,292.20,41.00
2965,293.20,41.00
2966,293.20,41.00
2967,293.20,41.00
2968,293.20,41.00
2969,294.20,41.00
2970,294.20,41.00
2971,294.20,41.00
2972,295.20,41.00
2973,295.20,41.00
2974,296.20,41.00
2975,296.20,41.00
2976,296.20,41.00
2977,297.20,40.00
2978,297.20,40.00
2979,298.20,40.00
2980,298.20,40.00
2981,298.20,40.00
2982,299.20,40.00
2983,299.20,40.00
2984,299.20,40.00
2985,300.20,40.00
2986,300.20,40.00
2987,301.20,40.00
2988,301.20,40.00
2989,301.20,40.00
2990,302.20,40.00
2991,302.20,40.00
2992,302.20,40.00
2993,302.20,40.00
2994,302.20,40.00
2995,303.20,40.00
2996,303.20,40.00
2997,303.20,40.00
2998,303.20,40.00
2999,304.20,40.00
3000,304.20,40.00
3001,304.20,40.00
3002,304.20,40.00
3003,305.20,41.00
3004,305.20,41.00
3005,305.20,41.00
3006,305.20,41.00
3007,305.20,41.00
3008,306.20,41.00
3009,306.20,42.00
3010,306.20,42.00
3011,306.20,42.00
3012,306.20,42.00
3013,306.20,42.00
3014,306.20,42.00
3015,307.20,42.00
3016,307.20,42.00
3017,307.20,43.00
3018,307.20,43.00
3019,307.20,43.00
3020,307.20,43.00
3021,308.20,43.00
3022,308.20,43.00
3023,308.20,43.00
3024,308.20,43.00
3025,308.20,43.00
3026,308.20,44.00
3027,308.20,44.00
3028,309.20,44.00
3029,309.20,45.00
3030,309.20,45.00
3031,309.20,45.00
3032,309.20,45.00
3033,309.20,46.00
3034,309.20,46.00
3035,309.20,46.00
3036,309.20,46.00
3037,310.20,47.00
3038,310.20,47.00
3039,310.20,47.00
3040,310.20,47.00
3041,310.20,47.00
3042,310.20,48.00
3043,310.20,48.00
3044,310.20,48.00
3045,310.20,48.00
3046,311.20,48.00
3047,311.20,49.00
3048,311.20,49.00
3049,311.20,49.00
3050,311.20,49.00
3051,311.20,50.00
3052,311.20,50.00
3053,311.20,50.00
3054,311.20,51.00
3055,311.20,51.00
3056,311.20,51.00
3057,311.20,52.00
3058,311.20,52.00
3059,311.20,52.00
3060,311.20,52.00
3061,311.20,53.00
3062,311.20,53.00
3063,311.20,53.00
3064,311.20,53.00
3065,311.20,54.00
3066,311.20,54.00
3067,311.20,54.00
3068,311.20,54.00
3069,311.20,54.00
3070,312.20,55.00
3071,312.20,55.00
3072,312.20,55.00
3073,312.20,55.00
3074,312.20,55.00
3075,312.20,56.00
3076,312.20,56.00
3077,312.20,56.00
3078,312.20,56.00
3079,312.20,56.00
3080,312.20,57.00
3081,312.20,57.00
3082,312.20,57.00
3083,312.20,57.00
3084,312.20,57.00
3085,312.20,58.00
3086,312.20,58.00
3087,312.20,58.00
3088,312.20,59.00
3089,312.20,59.00
3090,312.20,60.00
3091,312.20,60.00
3092,312.20,61.00
3093,312.20,61.00
3094,313.20,62.00
3095,313.20,62.00
3096,313.20,62.00
3097,313.20,63.00
3098,313.20,63.00
3099,313.20,63.00
3100,313.20,63.00
3101,313.20,64.00
3102,314.20,64.00
3103,314.20,64.00
3104,314.20,64.00
3105,314.20,65.00
3106,314.20,65.00
3107,314.20,65.00
3108,314.20,65.00
3109,314.20,66.00
3110,314.20,66.00
3111,314.20,66.00
3112,314.20,66.00
3113,315.20,67.00
3114,315.20,67.00
3115,315.20,67.00
3116,315.20,67.00
3117,315.20,68.00
3118,315.20,68.00
3119,315.20,68.00
3120,315.20,68.00
3121,315.20,69.00
3122,315.20,69.00
3123,315.20,69.00
3124,315.20,70.00
3125,315.20,70.00
3126,315.20,70.00
3127,315.20,71.00
3128,315.20,71.00
3129,315.20,71.00
3130,315.20,72.00
3131,315.20,72.00
3132,315.20,73.00
3133,315.20,73.00
3134,315.20,73.00
3135,315.20,74.00
3136,315.20,74.00
3137,315.20,74.00
3138,315.20,75.00
3139,316.20,75.00
3140,316.20,76.00
3141,316.20,76.00
3142,316.20,76.00
3143,316.20,77.00
3144,316.20,77.00
3145,316.20,78.00
3146,316.20,78.00
3147,316.20,78.00
3148,316.20,79.00
3149,316.20,79.00
3150,316.20,79.00
3151,316.20,80.00
3152,316.20,80.00
3153,316.20,80.00
3154,316.20,80.00
3155,316.20,81.00
3156,316.20,81.00
3157,316.20,81.00
3158,316.20,81.00
3159,316.20,82.00
3160,316.20,82.00
3161,316.20,82.00
3162,316.20,82.00
3163,316.20,83.00
3164,316.20,83.00
3165,316.20,84.00
3166,316.20,84.00
3167,316.20,85.00
3168,316.20,85.00
3169,316.20,85.00
3170,316.20,86.00
3171,316.20,86.00
3172,316.20,87.00
3173,316.20,87.00
3174,316.20,87.00
3175,316.20,88.00
3176,316.20,88.00
3177,316.20,88.00
3178,316.20,89.00
3179,316.20,89.00
3180,316.20,89.00
3181,316.20,90.00
3182,316.20,90.00
3183,316.20,90.00
3184,316.20,91.00
3185,316.20,91.00
3186,316.20,92.00
3187,316.20,92.00
3188,316.20,93.00
3189,316.20,93.00
3190,316.20,94.00
3191,316.20,94.00
3192,316.20,94.00
3193,316.20,94.00
3194,316.20,95.00
3195,316.20,95.00
3196,316.20,96.00
3197,316.20,96.00
3198,316.20,97.00
3199,316.20,97.00
3200,316.20,98.00
3201,316.20,98.00
3202,316.20,98.00
3203,316.20,98.00
3204,316.20,99.00
3205,316.20,99.00
3206,316.20,99.00
3207,316.20,99.00
3208,316.20,100.00
3209,316.20,100.00
3210,316.20,100.00
3211,316.20,101.00
3212,316.20,101.00
3213,316.20,101.00
3214,316.20,102.00
3215,316.20,102.00
3216,316.20,102.00
3217,316.20,102.00
3218,316.20,102.00
3219,316.20,103.00
3220,316.20,103.00
3221,316.20,103.00
3222,316.20,104.00
3223,316.20,104.00
3224,316.20,104.00
3225,316.20,105.00
3226,316.20,105.00
3227,316.20,105.00
3228,316.20,106.00
3229,316.20,106.00
3230,316.20,107.00
3231,317.20,107.00
3232,317.20,107.00
3233,317.20,108.00
3234,317.20,109.00
3235,317.20,109.00
3236,317.20,109.00
3237,317.20,110.00
3238,317.20,110.00
3239,317.20,111.00
3240,317.20,111.00
3241,317.20,112.00
3242,317.20,112.00
3243,317.20,112.00
3244,317.20,113.00
3245,317.20,113.00
3246,317.20,113.00
3247,317.20,114.00
3248,317.20,114.00
3249,317.20,114.00
3250,317.20,114.00
3251,317.20,115.00
3252,317.20,115.00
3253,317.20,116.00
3254,317.20,116.00
3255,317.20,117.00
3256,317.20,117.00
3257,317.20,118.00
3258,317.20,118.00
3259,317.20,118.00
3260,317.20,119.00
3261,318.20,119.00
3262,318.20,119.00
3263,318.20,120.00
3264,318.20,120.00
3265,318.20,120.00
3266,318.20,121.00
3267,318.20,121.00
3268,318.20,121.00
3269,318.20,121.00
3270,318.20,122.00
3271,318.20,122.00
3272,318.20,123.00
3273,318.20,123.00
3274,318.20,123.00
3275,318.20,124.00
3276,318.20,124.00
3277,318.20,125.00
3278,318.20,125.00
3279,318.20,125.00
3280,318.20,125.00
3281,319.20,126.00
3282,319.20,126.00
3283,319.20,127.00
3284,319.20,127.00
3285,319.20,127.00
3286,319.20,128.00
3287,319.20,128.00
3288,319.20,128.00
3289,319.20,129.00
3290,319.20,129.00
3291,319.20,130.00
3292,319.20,130.00
3293,319.20,130.00
3294,320.20,132.00
3295,320.20,132.00
3296,320.20,132.00
3297,320.20,133.00
3298,320.20,133.00
3299,320.20,134.00
3300,320.20,134.00
3301,320.20,135.00
3302,320.20,135.00
3303,320.20,136.00
3304,320.20,136.00
3305,320.20,137.00
3306,320.20,138.00
3307,321.20,138.00
3308,321.20,139.00
3309,321.20,140.00
3310,321.20,140.00
3311,321.20,141.00
3312,321.20,142.00
3313,321.20,142.00
3314,321.20,142.00
3315,321.20,143.00
3316,321.20,144.00
3317,321.20,144.00
3318,321.20,145.00
3319,321.20,145.00
3320,321.20,145.00
3321,321.20,146.00
3322,321.20,146.00
3323,321.20,146.00
3324,321.20,147.00
3325,321.20,147.00
3326,321.20,147.00
3327,321.20,147.00
3328,321.20,148.00
3329,321.20,148.00
3330,321.20,148.00
3331,321.20,148.00
3332,321.20,148.00
3333,322.20,148.00
3334,322.20,149.00
3335,322.20,151.00
3336,322.20,152.00
3337,322.20,153.00
3338,322.20,154.00
3339,322.20,154.00
3340,322.20,155.00
3341,322.20,155.00
3342,322.20,156.00
3343,322.20,156.00
3344,322.20,156.00
3345,322.20,157.00
3346,322.20,157.00
3347,322.20,158.00
3348,322.20,158.00
3349,322.20,159.00
3350,322.20,159.00
3351,322.20,159.00
3352,322.20,160.00
3353,322.20,160.00
3354,322.20,160.00
3355,322.20,161.00
3356,322.20,161.00
3357,322.20,162.00
3358,322.20,162.00
3359,322.20,163.00
3360,322.20,163.00
3361,322.20,164.00
3362,322.20,164.00
3363,322.20,164.00
3364,322.20,165.00
3365,322.20,165.00
3366,322.20,165.00
3367,322.20,166.00
3368,322.20,166.00
3369,322.20,166.00
3370,322.20,167.00
3371,322.20,167.00
3372,322.20,168.00
3373,322.20,168.00
3374,322.20,169.00
3375,322.20,169.00
3376,322.20,169.00
3377,322.20,170.00
3378,322.20,170.00
3379,322.20,171.00
3380,323.20,171.00
3381,323.20,171.00
3382,323.20,172.00
3383,323.20,172.00
3384,323.20,172.00
3385,323.20,173.00
3386,323.20,173.00
3387,323.20,174.00
3388,323.20,174.00
3389,323.20,174.00
3390,323.20,175.00
3391,323.20,175.00
3392,323.20,175.00
3393,323.20,175.00
3394,323.20,176.00
3395,323.20,176.00
3396,324.20,176.00
3397,324.20,177.00
3398,324.20,177.00
3399,324.20,178.00
3400,324.20,178.00
3401,324.20,178.00
3402,324.20,178.00
3403,324.20,179.00
3404,324.20,179.00
3405,324.20,179.00
3406,324.20,180.00
3407,325.20,180.00
3408,325.20,180.00
3409,325.20,181.00
3410,325.20,181.00
3411,325.20,182.00
3412,325.20,182.00
3413,325.20,183.00
3414,325.20,184.00
3415,325.20,184.00
3416,325.20,185.00
3417,325.20,185.00
3418,325.20,185.00
3419,325.20,186.00
3420,325.20,187.00
3421,325.20,188.00
3422,325.20,188.00
3423,325.20,189.00
3424,325.20,189.00
3425,325.20,190.00
3426,326.20,191.00
3427,326.20,191.00
3428,326.20,191.00
3429,326.20,192.00
3430,326.20,192.00
3431,326.20,193.00
3432,326.20,193.00
3433,326.20,194.00
3434,326.20,194.00
3435,326.20,195.00
3436,326.20,195.00
3437,326.20,195.00
3438,326.20,196.00
3439,326.20,196.00
3440,326.20,197.00
3441,326.20,197.00
3442,326.20,197.00
3443,326.20,198.00
3444,326.20,199.00
3445,326.20,199.00
3446,326.20,199.00
3447,326.20,200.00
3448,326.20,200.00
3449,326.20,200.00
3450,326.20,201.00
3451,326.20,201.00
3452,326.20,201.00
3453,326.20,202.00
3454,327.20,202.00
3455,327.20,202.00
3456,327.20,203.00
3457,327.20,203.00
3458,327.20,204.00
3459,327.20,204.00
3460,327.20,205.00
3461,327.20,205.00
3462,327.20,205.00
3463,327.20,206.00
3464,327.20,206.00
3465,327.20,207.00
3466,327.20,207.00
3467,327.20,208.00
3468,327.20,208.00
3469,327.20,209.00
3470,327.20,209.00
3471,327.20,209.00
3472,327.20,209.00
3473,327.20,210.00
3474,327.20,210.00
3475,327.20,210.00
3476,327.20,210.00
3477,327.20,211.00
3478,327.20,211.00
3479,327.20,212.00
3480,327.20,213.00
3481,327.20,214.00
3482,327.20,214.00
3483,327.20,215.00
3484,327.20,216.00
3485,327.20,216.00
3486,327.20,217.00
3487,327.20,217.00
3488,327.20,217.00
3489,327.20,218.00
3490,327.20,218.00
3491,327.20,218.00
3492,327.20,219.00
3493,327.20,219.00
3494,327.20,219.00
3495,327.20,219.00
3496,327.20,219.00
3497,327.20,220.00
3498,327.20,220.00
3499,327.20,220.00
3500,327.20,220.00
3501,327.20,221.00
3502,327.20,221.00
3503,327.20,221.00
3504,327.20,221.00
3505,327.20,221.00
3506,327.20,222.00
3507,328.20,222.00
3508,328.20,222.00
3509,328.20,222.00
3510,328.20,223.00
3511,328.20,223.00
3512,328.20,224.00
3513,328.20,224.00
3514,328.20,224.00
3515,328.20,225.00
3516,328.20,225.00
3517,328.20,226.00
3518,328.20,226.00
3519,328.20,226.00
3520,328.20,227.00
3521,328.20,227.00
3522,329.20,228.00
3523,329.20,228.00
3524,329.20,229.00
3525,329.20,229.00
3526,329.20,230.00
3527,329.20,230.00
3528,329.20,231.00
3529,329.20,231.00
3530,329.20,232.00
3531,329.20,232.00
3532,330.20,232.00
3533,330.20,233.00
3534,330.20,234.00
3535,330.20,235.00
3536,330.20,235.00
3537,330.20,236.00
3538,330.20,236.00
3539,330.20,237.00
3540,330.20,237.00
3541,330.20,237.00
3542,330.20,238.00
3543,331.20,238.00
3544,331.20,239.00
3545,331.20,240.00
3546,331.20,241.00
3547,331.20,241.00
3548,331.20,242.00
3549,331.20,242.00
3550,331.20,243.00
3551,331.20,243.00
3552,331.20,244.00
3553,331.20,244.00
3554,331.20,244.00
3555,331.20,245.00
3556,331.20,245.00
3557,332.20,246.00
3558,332.20,247.00
3559,332.20,247.00
3560,332.20,248.00
3561,332.20,248.00
3562,332.20,249.00
3563,332.20,249.00
3564,332.20,250.00
3565,333.20,251.00
3566,333.20,251.00
3567,333.20,252.00
3568,333.20,253.00
3569,333.20,253.00
3570,333.20,254.00
3571,333.20,255.00
3572,333.20,255.00
3573,333.20,255.00
3574,334.20,256.00
3575,334.20,256.00
3576,334.20,257.00
3577,334.20,258.00
3578,334.20,258.00
3579,334.20,259.00
3580,334.20,259.00
3581,334.20,260.00
3582,334.20,261.00
3583,334.20,261.00
3584,334.20,262.00
3585,334.20,262.00
3586,334.20,263.00
3587,335.20,263.00
3588,335.20,264.00
3589,335.20,264.00
3590,335.20,265.00
3591,335.20,265.00
3592,335.20,266.00
3593,335.20,266.00
3594,335.20,267.00
3595,335.20,268.00
3596,335.20,268.00
3597,335.20,268.00
3598,335.20,269.00
3599,335.20,269.00
3600,335.20,270.00
3601,335.20,270.00
3602,335.20,271.00
3603,336.20,272.00
3604,336.20,272.00
3605,336.20,273.00
3606,336.20,274.00
3607,336.20,275.00
3608,336.20,276.00
3609,336.20,276.00
3610,336.20,277.00
3611,336.20,278.00
3612,336.20,278.00
3613,337.20,279.00
3614,337.20,279.00
3615,337.20,280.00
3616,338.20,286.00
3617,338.20,286.00
3618,338.20,286.00
3619,338.20,287.00
3620,338.20,287.00
3621,338.20,288.00
3622,338.20,288.00
3623,338.20,288.00
3624,338.20,288.00
3625,338.20,288.00
3626,338.20,289.00
3627,338.20,289.00
3628,338.20,290.00
3629,338.20,290.00
3630,338.20,290.00
3631,338.20,291.00
3632,338.20,291.00
3633,338.20,291.00
3634,338.20,292.00
3635,338.20,292.00
3636,339.20,292.00
3637,339.20,293.00
3638,339.20,294.00
3639,339.20,295.00
3640,339.20,295.00
3641,339.20,295.00
3642,339.20,296.00
3643,339.20,296.00
3644,339.20,296.00
3645,340.20,296.00
3646,340.20,297.00
3647,340.20,297.00
3648,340.20,297.00
3649,340.20,298.00
3650,340.20,298.00
3651,340.20,298.00
3652,340.20,298.00
3653,340.20,299.00
3654,340.20,300.00
3655,341.20,300.00
3656,341.20,300.00
3657,341.20,301.00
3658,341.20,301.00
3659,341.20,301.00
3660,341.20,302.00
3661,341.20,302.00
3662,341.20,302.00
3663,341.20,302.00
3664,341.20,303.00
3665,342.20,303.00
3666,342.20,303.00
3667,342.20,304.00
3668,342.20,304.00
3669,342.20,304.00
3670,342.20,304.00
3671,342.20,305.00
3672,342.20,306.00
3673,343.20,306.00
3674,343.20,306.00
3675,343.20,306.00
3676,343.20,307.00
3677,343.20,307.00
3678,343.20,308.00
3679,343.20,308.00
3680,343.20,309.00
3681,344.20,309.00
3682,344.20,309.00
3683,344.20,310.00
3684,344.20,310.00
3685,344.20,310.00
3686,344.20,310.00
3687,344.20,311.00
3688,344.20,311.00
3689,345.20,311.00
3690,345.20,311.00
3691,345.20,311.00
3692,345.20,312.00
3693,345.20,312.00
3694,345.20,312.00
3695,345.20,312.00
3696,345.20,312.00
3697,345.20,312.00
3698,346.20,312.00
3699,346.20,313.00
3700,346.20,313.00
3701,346.20,313.00
3702,346.20,313.00
3703,346.20,313.00
3704,346.20,313.00
3705,347.20,313.00
3706,347.20,314.00
3707,347.20,314.00
3708,347.20,314.00
3709,347.20,314.00
3710,347.20,314.00
3711,347.20,314.00
3712,348.20,314.00
3713,348.20,315.00
3714,348.20,315.00
3715,348.20,315.00
3716,348.20,315.00
3717,348.20,315.00
3718,349.20,315.00
3719,349.20,315.00
3720,349.20,315.00
3721,349.20,315.00
3722,349.20,315.00
3723,349.20,315.00
3724,350.20,315.00
3725,350.20,315.00
3726,350.20,315.00
3727,350.20,315.00
3728,350.20,315.00
3729,351.20,315.00
3730,351.20,315.00
3731,351.20,315.00
3732,351.20,315.00
3733,351.20,315.00
3734,352.20,315.00
3735,352.20,315.00
3736,352.20,315.00
3737,352.20,315.00
3738,352.20,314.00
3739,352.20,314.00
3740,352.20,314.00
3741,352.20,314.00
3742,353.20,314.00
3743,353.20,314.00
3744,353.20,313.00
3745,353.20,313.00
3746,353.20,313.00
3747,353.20,313.00
3748,353.20,313.00
3749,353.20,312.00
3750,353.20,312.00
3751,354.20,312.00
3752,354.20,312.00
3753,354.20,311.00
3754,354.20,311.00
3755,354.20,311.00
3756,354.20,311.00
3757,354.20,311.00
3758,354.20,311.00
3759,354.20,310.00
3760,355.20,310.00
3761,355.20,310.00
3762,355.20,310.00
3763,355.20,310.00
3764,355.20,309.00
3765,355.20,309.00
3766,355.20,309.00
3767,355.20,309.00
3768,355.20,308.00
3769,355.20,308.00
3770,355.20,308.00
3771,356.20,307.00
3772,356.20,307.00
3773,356.20,307.00
3774,356.20,306.00
3775,356.20,306.00
3776,356.20,305.00
3777,356.20,305.00
3778,357.20,305.00
3779,357.20,305.00
3780,357.20,305.00
3781,357.20,304.00
3782,357.20,304.00
3783,357.20,304.00
3784,357.20,303.00
3785,358.20,303.00
3786,358.20,303.00
3787,358.20,303.00
3788,358.20,303.00
3789,358.20,302.00
3790,358.20,302.00
3791,358.20,302.00
3792,358.20,302.00
3793,359.20,301.00
3794,359.20,301.00
3795,359.20,301.00
3796,359.20,301.00
3797,359.20,300.00
3798,359.20,300.00
3799,359.20,300.00
3800,360.20,299.00
3801,360.20,299.00
3802,360.20,299.00
3803,360.20,299.00
3804,360.20,298.00
3805,360.20,298.00
3806,361.20,298.00
3807,361.20,298.00
3808,361.20,297.00
3809,361.20,297.00
3810,361.20,297.00
3811,361.20,297.00
3812,361.20,296.00
3813,362.20,296.00
3814,362.20,296.00
3815,362.20,296.00
3816,362.20,295.00
3817,363.20,295.00
3818,363.20,295.00
3819,363.20,295.00
3820,363.20,294.00
3821,363.20,294.00
3822,363.20,294.00
3823,364.20,293.00
3824,364.20,293.00
3825,365.20,292.00
3826,365.20,292.00
3827,365.20,292.00
3828,365.20,292.00
3829,365.20,291.00
3830,366.20,291.00
3831,366.20,291.00
3832,366.20,291.00
3833,366.20,290.00
3834,366.20,290.00
3835,366.20,290.00
3836,366.20,290.00
3837,367.20,290.00
3838,367.20,289.00
3839,367.20,289.00
3840,367.20,289.00
3841,367.20,289.00
3842,367.20,289.00
3843,368.20,289.00
3844,368.20,288.00
3845,368.20,288.00
3846,368.20,288.00
3847,369.20,288.00
3848,369.20,288.00
3849,369.20,288.00
3850,369.20,288.00
3851,369.20,287.00
3852,369.20,287.00
3853,370.20,287.00
3854,370.20,287.00
3855,370.20,287.00
3856,370.20,286.00
3857,370.20,286.00
3858,370.20,286.00
3859,371.20,286.00
3860,371.20,286.00
3861,371.20,286.00
3862,371.20,285.00
3863,371.20,285.00
3864,372.20,285.00
3865,372.20,285.00
3866,372.20,285.00
3867,372.20,285.00
3868,373.20,284.00
3869,373.20,284.00
3870,373.20,284.00
3871,374.20,284.00
3872,374.20,284.00
3873,374.20,284.00
3874,374.20,284.00
3875,375.20,284.00
3876,375.20,284.00
3877,375.20,284.00
3878,375.20,284.00
3879,376.20,284.00
3880,376.20,284.00
3881,376.20,284.00
3882,376.20,284.00
3883,377.20,284.00
3884,377.20,284.00
3885,378.20,284.00
3886,378.20,284.00
3887,378.20,284.00
3888,379.20,284.00
3889,379.20,284.00
3890,380.20,284.00
3891,380.20,284.00
3892,381.20,284.00
3893,381.20,284.00
3894,382.20,284.00
3895,382.20,284.00
3896,382.20,284.00
3897,383.20,284.00
3898,383.20,283.00
3899,383.20,283.00
3900,384.20,283.00
3901,384.20,283.00
3902,384.20,283.00
3903,384.20,283.00
3904,384.20,283.00
3905,385.20,283.00
3906,385.20,283.00
3907,385.20,283.00
3908,385.20,283.00
3909,386.20,283.00
3910,386.20,283.00
3911,386.20,283.00
3912,386.20,283.00
3913,386.20,283.00
3914,387.20,283.00
3915,387.20,283.00
3916,387.20,283.00
3917,388.20,283.00
3918,388.20,283.00
3919,388.20,283.00
3920,389.20,283.00
3921,389.20,283.00
3922,389.20,284.00
3923,389.20,284.00
3924,390.20,284.00
3925,390.20,284.00
3926,390.20,284.00
3927,391.20,284.00
3928,391.20,284.00
3929,391.20,284.00
3930,391.20,284.00
3931,392.20,284.00
3932,392.20,284.00
3933,392.20,284.00
3934,393.20,284.00
3935,393.20,284.00
3936,393.20,284.00
3937,393.20,284.00
3938,393.20,284.00
3939,394.20,284.00
3940,394.20,284.00
3941,394.20,284.00
3942,394.20,284.00
3943,394.20,284.00
3944,395.20,284.00
3945,395.20,284.00
3946,395.20,284.00
3947,395.20,284.00
3948,395.20,284.00
3949,396.20,284.00
3950,396.20,283.00
3951,396.20,283.00
3952,396.20,283.00
3953,396.20,283.00
3954,396.20,283.00
3955,396.20,282.00
3956,396.20,282.00
3957,396.20,281.00
3958,396.20,280.00
3959,397.20,280.00
3960,397.20,279.00
3961,397.20,279.00
3962,397.20,278.00
3963,397.20,278.00
3964,398.20,277.00
3965,398.20,276.00
3966,399.20,276.00
3967,399.20,275.00
3968,399.20,275.00
3969,400.20,274.00
3970,400.20,274.00
3971,400.20,273.00
3972,400.20,273.00
3973,400.20,272.00
3974,401.20,272.00
3975,401.20,272.00
3976,401.20,271.00
3977,401.20,271.00
3978,402.20,270.00
3979,402.20,270.00
3980,402.20,270.00
3981,402.20,269.00
3982,402.20,269.00
3983,402.20,268.00
3984,403.20,268.00
3985,403.20,268.00
3986,403.20,267.00
3987,403.20,267.00
3988,403.20,266.00
3989,404.20,265.00
3990,404.20,265.00
3991,404.20,264.00
3992,404.20,264.00
3993,404.20,263.00
3994,405.20,263.00
3995,405.20,262.00
3996,405.20,262.00
3997,405.20,261.00
3998,405.20,261.00
3999,405.20,260.00
4000,405.20,260.00
4001,405.20,259.00
4002,406.20,259.00
4003,406.20,258.00
4004,406.20,258.00
4005,406.20,257.00
4006,406.20,257.00
4007,406.20,256.00
4008,406.20,256.00
4009,406.20,255.00
4010,406.20,255.00
4011,406.20,255.00
4012,407.20,254.00
4013,407.20,254.00
4014,407.20,253.00
4015,407.20,253.00
4016,407.20,253.00
4017,407.20,252.00
4018,407.20,252.00
4019,407.20,251.00
4020,407.20,251.00
4021,407.20,250.00
4022,407.20,250.00
4023,407.20,249.00
4024,408.20,248.00
4025,408.20,248.00
4026,408.20,247.00
4027,408.20,246.00
4028,408.20,246.00
4029,408.20,245.00
4030,408.20,245.00
4031,408.20,244.00
4032,408.20,243.00
4033,408.20,243.00
4034,408.20,242.00
4035,408.20,241.00
4036,408.20,241.00
4037,408.20,240.00
4038,408.20,240.00
4039,408.20,240.00
4040,408.20,239.00
4041,408.20,239.00
4042,408.20,238.00
4043,409.20,238.00
4044,409.20,238.00
4045,409.20,237.00
4046,409.20,237.00
4047,409.20,237.00
4048,409.20,236.00
4049,409.20,236.00
4050,409.20,236.00
4051,409.20,236.00
4052,409.20,236.00
4053,409.20,235.00
4054,409.20,235.00
4055,409.20,235.00
4056,409.20,235.00
4057,409.20,234.00
4058,410.20,234.00
4059,410.20,233.00
4060,410.20,233.00
4061,410.20,232.00
4062,410.20,232.00
4063,410.20,231.00
4064,410.20,231.00
4065,410.20,230.00
4066,410.20,230.00
4067,410.20,230.00
4068,410.20,229.00
4069,410.20,229.00
4070,410.20,228.00
4071,410.20,228.00
4072,410.20,227.00
4073,410.20,227.00
4074,410.20,226.00
4075,410.20,226.00
4076,410.20,225.00
4077,410.20,225.00
4078,410.20,225.00
4079,411.20,224.00
4080,411.20,224.00
4081,411.20,223.00
4082,411.20,223.00
4083,411.20,222.00
4084,411.20,222.00
4085,411.20,222.00
4086,411.20,221.00
4087,411.20,221.00
4088,411.20,220.00
4089,411.20,220.00
4090,411.20,219.00
4091,411.20,219.00
4092,411.20,218.00
4093,411.20,217.00
4094,411.20,217.00
4095,411.20,216.00
4096,411.20,215.00
4097,411.20,215.00
4098,411.20,214.00
4099,411.20,213.00
4100,411.20,213.00
4101,411.20,212.00
4102,411.20,212.00
4103,412.20,211.00
4104,412.20,211.00
4105,412.20,211.00
4106,412.20,210.00
4107,412.20,210.00
4108,412.20,210.00
4109,412.20,209.00
4110,412.20,209.00
4111,413.20,209.00
4112,413.20,208.00
4113,413.20,208.00
4114,413.20,208.00
4115,413.20,208.00
4116,413.20,207.00
4117,413.20,207.00
4118,413.20,206.00
4119,413.20,206.00
4120,413.20,205.00
4121,413.20,205.00
4122,413.20,204.00
4123,413.20,204.00
4124,413.20,203.00
4125,413.20,203.00
4126,413.20,202.00
4127,413.20,202.00
4128,413.20,201.00
4129,413.20,200.00
4130,413.20,200.00
4131,414.20,199.00
4132,414.20,199.00
4133,414.20,199.00
4134,414.20,199.00
4135,414.20,198.00
4136,414.20,198.00
4137,414.20,198.00
4138,414.20,198.00
4139,414.20,197.00
4140,414.20,197.00
4141,414.20,196.00
4142,414.20,196.00
4143,414.20,196.00
4144,414.20,196.00
4145,414.20,195.00
4146,414.20,195.00
4147,414.20,195.00
4148,414.20,195.00
4149,414.20,194.00
4150,414.20,194.00
4151,414.20,193.00
4152,414.20,193.00
4153,414.20,192.00
4154,414.20,192.00
4155,414.20,191.00
4156,415.20,191.00
4157,415.20,190.00
4158,415.20,190.00
4159,415.20,190.00
4160,415.20,189.00
4161,415.20,189.00
4162,415.20,189.00
4163,415.20,189.00
4164,415.20,189.00
4165,415.20,188.00
4166,415.20,188.00
4167,415.20,188.00
4168,415.20,188.00
4169,415.20,187.00
4170,415.20,187.00
4171,415.20,187.00
4172,415.20,187.00
4173,415.20,186.00
4174,415.20,186.00
4175,415.20,186.00
4176,415.20,185.00
4177,415.20,185.00
4178,415.20,185.00
4179,416.20,185.00
4180,416.20,185.00
4181,416.20,184.00
4182,416.20,184.00
4183,416.20,184.00
4184,416.20,183.00
4185,416.20,182.00
4186,416.20,182.00
4187,416.20,181.00
4188,416.20,181.00
4189,416.20,181.00
4190,416.20,181.00
4191,415.20,181.00
4192,415.20,181.00
4193,415.20,180.00
4194,415.20,180.00
4195,415.20,179.00
4196,415.20,178.00
4197,415.20,178.00
4198,415.20,177.00
4199,415.20,177.00
4200,415.20,177.00
4201,415.20,176.00
4202,415.20,176.00
4203,415.20,175.00
4204,415.20,175.00
4205,415.20,174.00
4206,416.20,174.00
4207,416.20,173.00
4208,416.20,173.00
4209,416.20,172.00
4210,416.20,172.00
4211,416.20,171.00
4212,416.20,170.00
4213,416.20,170.00
4214,417.20,169.00
4215,417.20,169.00
4216,417.20,168.00
4217,417.20,168.00
4218,417.20,167.00
4219,417.20,167.00
4220,417.20,167.00
4221,417.20,166.00
4222,417.20,166.00
4223,417.20,165.00
4224,417.20,164.00
4225,417.20,164.00
4226,417.20,164.00
4227,417.20,163.00
4228,417.20,163.00
4229,417.20,162.00
4230,417.20,162.00
4231,418.20,161.00
4232,418.20,161.00
4233,418.20,160.00
4234,418.20,160.00
4235,418.20,160.00
4236,418.20,159.00
4237,418.20,159.00
4238,418.20,158.00
4239,418.20,158.00
4240,418.20,157.00
4241,418.20,156.00
4242,418.20,156.00
4243,418.20,155.00
4244,418.20,155.00
4245,418.20,154.00
4246,418.20,154.00
4247,418.20,153.00
4248,418.20,153.00
4249,418.20,152.00
4250,418.20,151.00
4251,418.20,151.00
4252,418.20,150.00
4253,419.20,150.00
4254,419.20,150.00
4255,419.20,149.00
4256,419.20,149.00
4257,419.20,148.00
4258,419.20,147.00
4259,419.20,147.00
4260,419.20,147.00
4261,419.20,146.00
4262,419.20,146.00
4263,419.20,145.00
4264,419.20,145.00
4265,419.20,144.00
4266,419.20,144.00
4267,420.20,143.00
4268,420.20,143.00
4269,420.20,142.00
4270,420.20,142.00
4271,420.20,142.00
4272,420.20,141.00
4273,420.20,141.00
4274,420.20,141.00
4275,420.20,140.00
4276,420.20,140.00
4277,420.20,140.00
4278,420.20,139.00
4279,420.20,139.00
4280,420.20,139.00
4281,420.20,138.00
4282,420.20,138.00
4283,420.20,137.00
4284,420.20,137.00
4285,421.20,137.00
4286,421.20,137.00
4287,421.20,136.00
4288,421.20,136.00
4289,421.20,135.00
4290,421.20,135.00
4291,421.20,135.00
4292,421.20,134.00
4293,421.20,134.00
4294,421.20,133.00
4295,421.20,133.00
4296,421.20,133.00
4297,421.20,133.00
4298,421.20,132.00
4299,421.20,132.00
4300,421.20,131.00
4301,421.20,131.00
4302,421.20,131.00
4303,421.20,130.00
4304,421.20,130.00
4305,421.20,129.00
4306,421.20,129.00
4307,421.20,128.00
4308,422.20,128.00
4309,422.20,127.00
4310,422.20,127.00
4311,422.20,126.00
4312,422.20,126.00
4313,422.20,126.00
4314,422.20,125.00
4315,422.20,125.00
4316,422.20,124.00
4317,422.20,124.00
4318,422.20,124.00
4319,422.20,123.00
4320,422.20,123.00
4321,422.20,122.00
4322,422.20,122.00
4323,422.20,122.00
4324,422.20,121.00
4325,422.20,121.00
4326,422.20,121.00
4327,422.20,120.00
4328,422.20,120.00
4329,422.20,120.00
4330,422.20,119.00
4331,423.20,119.00
4332,423.20,119.00
4333,423.20,118.00
4334,423.20,118.00
4335,423.20,117.00
4336,423.20,117.00
4337,423.20,117.00
4338,423.20,116.00
4339,423.20,116.00
4340,423.20,116.00
4341,423.20,115.00
4342,423.20,114.00
4343,423.20,114.00
4344,423.20,114.00
4345,423.20,114.00
4346,423.20,113.00
4347,423.20,113.00
4348,423.20,113.00
4349,423.20,112.00
4350,423.20,112.00
4351,423.20,111.00
4352,423.20,111.00
4353,423.20,110.00
4354,423.20,110.00
4355,423.20,109.00
4356,423.20,109.00
4357,423.20,109.00
4358,423.20,108.00
4359,423.20,108.00
4360,423.20,107.00
4361,423.20,107.00
4362,423.20,107.00
4363,423.20,106.00
4364,423.20,106.00
4365,423.20,106.00
4366,423.20,105.00
4367,423.20,105.00
4368,423.20,105.00
4369,423.20,104.00
4370,423.20,104.00
4371,423.20,104.00
4372,423.20,104.00
4373,423.20,103.00
4374,423.20,103.00
4375,423.20,103.00
4376,423.20,103.00
4377,423.20,102.00
4378,424.20,102.00
4379,424.20,102.00
4380,424.20,102.00
4381,424.20,101.00
4382,424.20,101.00
4383,424.20,101.00
4384,424.20,101.00
4385,424.20,101.00
4386,424.20,100.00
4387,424.20,100.00
4388,424.20,100.00
4389,424.20,100.00
4390,424.20,99.00
4391,424.20,99.00
4392,424.20,99.00
4393,424.20,99.00
4394,425.20,98.00
4395,425.20,98.00
4396,425.20,97.00
4397,425.20,97.00
4398,425.20,97.00
4399,425.20,96.00
4400,425.20,96.00
4401,425.20,95.00
4402,425.20,95.00
4403,425.20,95.00
4404,425.20,94.00
4405,425.20,94.00
4406,425.20,94.00
4407,425.20,93.00
4408,425.20,93.00
4409,425.20,92.00
4410,425.20,92.00
4411,425.20,91.00
4412,425.20,91.00
4413,425.20,91.00
4414,425.20,91.00
4415,425.20,90.00
4416,425.20,90.00
4417,425.20,90.00
4418,425.20,90.00
4419,425.20,89.00
4420,425.20,89.00
4421,425.20,88.00
4422,425.20,88.00
4423,425.20,87.00
4424,425.20,87.00
4425,425.20,87.00
4426,425.20,86.00
4427,425.20,86.00
4428,425.20,86.00
4429,425.20,85.00
4430,425.20,85.00
4431,425.20,84.00
4432,425.20,84.00
4433,425.20,83.00
4434,425.20,83.00
4435,425.20,83.00
4436,425.20,82.00
4437,425.20,82.00
4438,425.20,81.00
4439,425.20,81.00
4440,425.20,80.00
4441,425.20,80.00
4442,425.20,79.00
4443,425.20,79.00
4444,425.20,79.00
4445,425.20,78.00
4446,425.20,78.00
4447,425.20,77.00
4448,425.20,77.00
4449,426.20,77.00
4450,426.20,76.00
4451,426.20,76.00
4452,426.20,75.00
4453,426.20,74.00
4454,426.20,74.00
4455,426.20,73.00
4456,426.20,73.00
4457,426.20,72.00
4458,426.20,72.00
4459,426.20,71.00
4460,426.20,71.00
4461,427.20,70.00
4462,427.20,70.00
4463,427.20,69.00
4464,427.20,69.00
4465,427.20,68.00
4466,427.20,68.00
4467,427.20,67.00
4468,427.20,67.00
4469,427.20,66.00
4470,427.20,66.00
4471,427.20,65.00
4472,427.20,65.00
4473,427.20,64.00
4474,427.20,64.00
4475,427.20,64.00
4476,427.20,63.00
4477,427.20,63.00
4478,428.20,62.00
4479,428.20,61.00
4480,428.20,61.00
4481,428.20,60.00
4482,428.20,60.00
4483,428.20,60.00
4484,428.20,59.00
4485,428.20,59.00
4486,428.20,58.00
4487,428.20,58.00
4488,428.20,57.00
4489,428.20,57.00
4490,428.20,56.00
4491,428.20,56.00
4492,428.20,55.00
4493,428.20,54.00
4494,428.20,54.00
4495,428.20,53.00
4496,428.20,53.00
4497,428.20,53.00
4498,428.20,52.00
4499,428.20,52.00
4500,428.20,51.00
4501,428.20,51.00
4502,428.20,50.00
4503,428.20,50.00
4504,429.20,50.00
4505,429.20,49.00
4506,429.20,49.00
4507,429.20,49.00
4508,429.20,48.00
4509,429.20,48.00
4510,429.20,48.00
4511,429.20,47.00
4512,429.20,47.00
4513,429.20,47.00
4514,429.20,46.00
4515,430.20,46.00
4516,430.20,46.00
4517,430.20,46.00
4518,430.20,45.00
4519,430.20,45.00
4520,430.20,45.00
4521,430.20,45.00
4522,430.20,45.00
4523,430.20,45.00
4524,430.20,44.00
4525,430.20,44.00
4526,430.20,44.00
4527,431.20,44.00
4528,431.20,44.00
4529,431.20,44.00
4530,431.20,44.00
4531,431.20,44.00
4532,431.20,43.00
4533,431.20,43.00
4534,431.20,43.00
4535,432.20,43.00
4536,432.20,43.00
4537,432.20,43.00
4538,432.20,42.00
4539,432.20,42.00
4540,432.20,42.00
4541,432.20,42.00
4542,432.20,42.00
4543,432.20,42.00
4544,433.20,42.00
4545,433.20,41.00
4546,433.20,41.00
4547,433.20,41.00
4548,433.20,41.00
4549,433.20,41.00
4550,433.20,41.00
4551,434.20,41.00
4552,434.20,41.00
4553,434.20,41.00
4554,434.20,41.00
4555,434.20,41.00
4556,435.20,41.00
4557,435.20,41.00
4558,435.20,41.00
4559,435.20,41.00
4560,436.20,41.00
4561,436.20,41.00
4562,436.20,41.00
4563,436.20,41.00
4564,436.20,41.00
4565,437.20,41.00
4566,437.20,41.00
4567,438.20,41.00
4568,438.20,41.00
4569,439.20,41.00
4570,439.20,41.00
4571,440.20,41.00
4572,440.20,41.00
4573,440.20,41.00
4574,441.20,41.00
4575,441.20,41.00
4576,442.20,41.00
4577,442.20,41.00
4578,442.20,40.00
4579,443.20,40.00
4580,443.20,40.00
4581,444.20,40.00
4582,444.20,40.00
4583,445.20,40.00
4584,445.20,40.00
4585,445.20,40.00
4586,446.20,40.00
4587,446.20,40.00
4588,446.20,40.00
4589,447.20,40.00
4590,447.20,40.00
4591,447.20,40.00
4592,447.20,40.00
4593,448.20,40.00
4594,448.20,40.00
4595,448.20,40.00
4596,449.20,40.00
4597,449.20,40.00
4598,449.20,40.00
4599,449.20,40.00
4600,450.20,40.00
4601,450.20,40.00
4602,450.20,40.00
4603,451.20,40.00
4604,451.20,40.00
4605,451.20,40.00
4606,452.20,40.00
4607,452.20,40.00
4608,453.20,40.00
4609,453.20,40.00
4610,453.20,40.00
4611,453.20,40.00
4612,454.20,40.00
4613,454.20,40.00
4614,454.20,40.00
4615,454.20,40.00
4616,455.20,40.00
4617,455.20,40.00
4618,455.20,40.00
4619,456.20,40.00
4620,456.20,40.00
4621,456.20,40.00
4622,456.20,40.00
4623,456.20,40.00
4624,456.20,40.00
4625,457.20,40.00
4626,457.20,40.00
4627,457.20,40.00
4628,457.20,40.00
4629,457.20,41.00
4630,457.20,41.00
4631,457.20,41.00
4632,457.20,42.00
4633,458.20,42.00
4634,458.20,42.00
4635,458.20,42.00
4636,458.20,43.00
4637,458.20,43.00
4638,458.20,43.00
4639,458.20,44.00
4640,458.20,44.00
4641,458.20,44.00
4642,459.20,45.00
4643,459.20,45.00
4644,459.20,45.00
4645,459.20,45.00
4646,459.20,45.00
4647,459.20,45.00
4648,459.20,46.00
4649,459.20,46.00
4650,460.20,46.00
4651,460.20,46.00
4652,460.20,47.00
4653,460.20,47.00
4654,460.20,47.00
4655,460.20,48.00
4656,460.20,48.00
4657,460.20,48.00
4658,460.20,48.00
4659,460.20,48.00
4660,460.20,49.00
4661,460.20,49.00
4662,460.20,50.00
4663,460.20,50.00
4664,461.20,50.00
4665,461.20,50.00
4666,461.20,51.00
4667,461.20,51.00
4668,461.20,51.00
4669,461.20,51.00
4670,461.20,51.00
4671,461.20,52.00
4672,461.20,52.00
4673,461.20,52.00
4674,461.20,53.00
4675,461.20,53.00
4676,461.20,54.00
4677,461.20,54.00
4678,461.20,54.00
4679,461.20,54.00
4680,461.20,54.00
4681,461.20,55.00
4682,461.20,55.00
4683,461.20,55.00
4684,461.20,55.00
4685,461.20,56.00
4686,461.20,56.00
4687,461.20,56.00
4688,461.20,57.00
4689,461.20,57.00
4690,461.20,58.00
4691,461.20,58.00
4692,461.20,58.00
4693,461.20,59.00
4694,461.20,59.00
4695,461.20,60.00
4696,461.20,60.00
4697,461.20,60.00
4698,461.20,61.00
4699,461.20,61.00
4700,462.20,62.00
4701,462.20,62.00
4702,462.20,63.00
4703,462.20,63.00
4704,462.20,64.00
4705,462.20,64.00
4706,462.20,64.00
4707,462.20,64.00
4708,462.20,65.00
4709,462.20,65.00
4710,462.20,65.00
4711,463.20,65.00
4712,463.20,66.00
4713,463.20,66.00
4714,463.20,66.00
4715,463.20,67.00
4716,463.20,67.00
4717,463.20,67.00
4718,463.20,68.00
4719,463.20,68.00
4720,463.20,68.00
4721,463.20,69.00
4722,463.20,69.00
4723,463.20,69.00
4724,463.20,69.00
4725,463.20,70.00
4726,463.20,70.00
4727,463.20,70.00
4728,463.20,71.00
4729,463.20,71.00
4730,463.20,72.00
4731,463.20,72.00
4732,463.20,72.00
4733,463.20,73.00
4734,463.20,73.00
4735,463.20,73.00
4736,463.20,74.00
4737,463.20,74.00
4738,463.20,74.00
4739,463.20,74.00
4740,463.20,75.00
4741,463.20,75.00
4742,463.20,75.00
4743,463.20,76.00
4744,463.20,76.00
4745,463.20,77.00
4746,463.20,77.00
4747,463.20,77.00
4748,463.20,78.00
4749,463.20,78.00
4750,464.20,79.00
4751,464.20,79.00
4752,464.20,80.00
4753,464.20,80.00
4754,464.20,81.00
4755,464.20,81.00
4756,464.20,82.00
4757,464.20,82.00
4758,464.20,82.00
4759,464.20,83.00
4760,464.20,84.00
4761,464.20,84.00
4762,464.20,84.00
4763,464.20,85.00
4764,464.20,85.00
4765,464.20,86.00
4766,464.20,86.00
4767,464.20,86.00
4768,464.20,86.00
4769,464.20,87.00
4770,464.20,87.00
4771,464.20,87.00
4772,464.20,88.00
4773,464.20,88.00
4774,464.20,89.00
4775,464.20,89.00
4776,464.20,90.00
4777,464.20,91.00
4778,464.20,91.00
4779,464.20,91.00
4780,464.20,92.00
4781,464.20,92.00
4782,464.20,93.00
4783,464.20,93.00
4784,464.20,94.00
4785,464.20,94.00
4786,464.20,94.00
4787,464.20,95.00
4788,464.20,95.00
4789,465.20,95.00
4790,465.20,96.00
4791,465.20,96.00
4792,465.20,97.00
4793,465.20,97.00
4794,465.20,97.00
4795,465.20,97.00
4796,465.20,98.00
4797,465.20,98.00
4798,465.20,98.00
4799,465.20,98.00
4800,465.20,99.00
4801,465.20,99.00
4802,465.20,100.00
4803,465.20,100.00
4804,465.20,100.00
4805,465.20,101.00
4806,465.20,101.00
4807,465.20,102.00
4808,466.20,102.00
4809,466.20,102.00
4810,466.20,103.00
4811,466.20,103.00
4812,466.20,104.00
4813,466.20,104.00
4814,466.20,105.00
4815,466.20,105.00
4816,466.20,106.00
4817,466.20,106.00
4818,466.20,107.00
4819,466.20,107.00
4820,466.20,108.00
4821,466.20,108.00
4822,467.20,108.00
4823,467.20,109.00
4824,467.20,109.00
4825,467.20,110.00
4826,467.20,110.00
4827,467.20,111.00
4828,467.20,111.00
4829,467.20,111.00
4830,467.20,112.00
4831,467.20,113.00
4832,467.20,113.00
4833,467.20,114.00
4834,467.20,114.00
4835,467.20,115.00
4836,467.20,115.00
4837,467.20,116.00
4838,467.20,117.00
4839,468.20,117.00
4840,468.20,118.00
4841,468.20,118.00
4842,468.20,119.00
4843,468.20,120.00
4844,468.20,120.00
4845,468.20,121.00
4846,468.20,122.00
4847,468.20,122.00
4848,468.20,123.00
4849,468.20,124.00
4850,468.20,124.00
4851,468.20,125.00
4852,468.20,126.00
4853,468.20,126.00
4854,469.20,127.00
4855,469.20,128.00
4856,469.20,128.00
4857,469.20,128.00
4858,469.20,129.00
4859,469.20,130.00
4860,469.20,130.00
4861,469.20,131.00
4862,469.20,131.00
4863,469.20,131.00
4864,469.20,132.00
4865,469.20,132.00
4866,469.20,133.00
4867,469.20,133.00
4868,469.20,134.00
4869,469.20,134.00
4870,469.20,135.00
4871,470.20,136.00
4872,470.20,136.00
4873,470.20,137.00
4874,470.20,137.00
4875,470.20,138.00
4876,470.20,139.00
4877,470.20,140.00
4878,470.20,141.00
4879,470.20,142.00
4880,470.20,143.00
4881,470.20,143.00
4882,471.20,144.00
4883,471.20,145.00
4884,471.20,146.00
4885,471.20,146.00
4886,471.20,147.00
4887,471.20,147.00
4888,471.20,147.00
4889,471.20,148.00
4890,471.20,148.00
4891,471.20,149.00
4892,471.20,149.00
4893,471.20,150.00
4894,471.20,150.00
4895,471.20,151.00
4896,471.20,151.00
4897,471.20,152.00
4898,472.20,152.00
4899,472.20,153.00
4900,472.20,153.00
4901,472.20,154.00
4902,472.20,154.00
4903,472.20,154.00
4904,472.20,155.00
4905,472.20,155.00
4906,472.20,155.00
4907,472.20,155.00
4908,472.20,156.00
4909,472.20,156.00
4910,472.20,156.00
4911,472.20,157.00
4912,472.20,157.00
4913,472.20,157.00
4914,472.20,158.00
4915,472.20,158.00
4916,472.20,158.00
4917,472.20,158.00
4918,472.20,159.00
4919,472.20,160.00
4920,472.20,160.00
4921,472.20,160.00
4922,472.20,161.00
4923,472.20,161.00
4924,472.20,162.00
4925,472.20,162.00
4926,472.20,162.00
4927,472.20,163.00
4928,472.20,163.00
4929,472.20,164.00
4930,472.20,164.00
4931,472.20,165.00
4932,472.20,165.00
4933,472.20,166.00
4934,472.20,166.00
4935,472.20,167.00
4936,472.20,168.00
4937,472.20,168.00
4938,473.20,169.00
4939,473.20,169.00
4940,473.20,170.00
4941,473.20,171.00
4942,473.20,171.00
4943,473.20,172.00
4944,473.20,172.00
4945,473.20,173.00
4946,473.20,173.00
4947,473.20,173.00
4948,473.20,174.00
4949,473.20,175.00
4950,473.20,175.00
4951,473.20,176.00
4952,473.20,176.00
4953,473.20,177.00
4954,473.20,177.00
4955,473.20,178.00
4956,473.20,178.00
4957,473.20,178.00
4958,474.20,178.00
4959,474.20,179.00
4960,474.20,179.00
4961,474.20,179.00
4962,474.20,180.00
4963,474.20,180.00
4964,474.20,180.00
4965,474.20,180.00
4966,474.20,180.00
4967,474.20,180.00
4968,474.20,181.00
4969,474.20,182.00
4970,474.20,182.00
4971,474.20,183.00
4972,474.20,183.00
4973,474.20,184.00
4974,474.20,184.00
4975,474.20,184.00
4976,474.20,185.00
4977,474.20,185.00
4978,474.20,186.00
4979,474.20,186.00
4980,474.20,186.00
4981,474.20,187.00
4982,474.20,187.00
4983,474.20,187.00
4984,474.20,188.00
4985,474.20,188.00
4986,474.20,188.00
4987,474.20,189.00
4988,474.20,189.00
4989,474.20,190.00
4990,474.20,190.00
4991,474.20,190.00
4992,474.20,190.00
4993,474.20,191.00
4994,474.20,191.00
4995,474.20,192.00
4996,474.20,192.00
4997,474.20,193.00
4998,474.20,193.00
4999,474.20,194.00
5000,474.20,194.00
5001,475.20,195.00
5002,475.20,195.00
5003,475.20,196.00
5004,475.20,197.00
5005,475.20,197.00
5006,475.20,198.00
5007,475.20,198.00
5008,475.20,199.00
5009,475.20,199.00
5010,475.20,199.00
5011,475.20,200.00
5012,475.20,200.00
5013,475.20,201.00
5014,475.20,201.00
5015,476.20,201.00
5016,476.20,202.00
5017,476.20,202.00
5018,476.20,203.00
5019,476.20,203.00
5020,476.20,204.00
5021,476.20,204.00
5022,476.20,205.00
5023,476.20,205.00
5024,476.20,206.00
5025,477.20,207.00
5026,477.20,208.00
5027,477.20,208.00
5028,477.20,209.00
5029,477.20,210.00
5030,477.20,210.00
5031,477.20,211.00
5032,477.20,212.00
5033,478.20,212.00
5034,478.20,213.00
5035,478.20,213.00
5036,478.20,214.00
5037,478.20,215.00
5038,478.20,216.00
5039,478.20,216.00
5040,478.20,217.00
5041,478.20,217.00
5042,478.20,218.00
5043,478.20,219.00
5044,478.20,219.00
5045,478.20,220.00
5046,478.20,221.00
5047,478.20,221.00
5048,479.20,222.00
5049,479.20,223.00
5050,479.20,224.00
5051,479.20,225.00
5052,479.20,225.00
5053,479.20,226.00
5054,479.20,227.00
5055,479.20,227.00
5056,479.20,228.00
5057,480.20,229.00
5058,480.20,229.00
5059,480.20,230.00
5060,480.20,230.00
5061,480.20,231.00
5062,480.20,232.00
5063,480.20,232.00
5064,480.20,233.00
5065,480.20,234.00
5066,480.20,235.00
5067,481.20,236.00
5068,481.20,237.00
5069,481.20,238.00
5070,481.20,239.00
5071,481.20,240.00
5072,481.20,241.00
5073,481.20,242.00
5074,482.20,243.00
5075,482.20,243.00
5076,482.20,244.00
5077,482.20,245.00
5078,482.20,246.00
5079,483.20,247.00
5080,483.20,248.00
5081,483.20,249.00
5082,483.20,250.00
5083,483.20,251.00
5084,484.20,251.00
5085,484.20,252.00
5086,484.20,253.00
5087,484.20,254.00
5088,485.20,255.00
5089,485.20,255.00
5090,485.20,256.00
5091,485.20,257.00
5092,485.20,258.00
5093,485.20,258.00
5094,485.20,259.00
5095,485.20,259.00
5096,486.20,260.00
5097,486.20,260.00
5098,486.20,261.00
5099,486.20,262.00
5100,486.20,262.00
5101,487.20,262.00
5102,487.20,263.00
5103,487.20,263.00
5104,487.20,264.00
5105,487.20,265.00
5106,487.20,265.00
5107,487.20,265.00
5108,488.20,267.00
5109,488.20,267.00
5110,488.20,268.00
5111,488.20,268.00
5112,488.20,269.00
5113,488.20,269.00
5114,488.20,270.00
5115,488.20,270.00
5116,488.20,271.00
5117,489.20,272.00
5118,489.20,272.00
5119,489.20,272.00
5120,489.20,273.00
5121,489.20,274.00
5122,489.20,274.00
5123,489.20,275.00
5124,489.20,275.00
5125,489.20,276.00
5126,489.20,276.00
5127,489.20,276.00
5128,489.20,277.00
5129,489.20,277.00
5130,489.20,278.00
5131,489.20,278.00
5132,489.20,279.00
5133,489.20,280.00
5134,489.20,280.00
5135,489.20,281.00
5136,489.20,281.00
5137,489.20,281.00
5138,489.20,282.00
5139,489.20,282.00
5140,489.20,283.00
5141,490.20,283.00
5142,490.20,283.00
5143,490.20,283.00
5144,490.20,284.00
5145,490.20,284.00
5146,490.20,285.00
5147,490.20,285.00
5148,490.20,285.00
5149,490.20,286.00
5150,490.20,286.00
5151,490.20,286.00
5152,491.20,287.00
5153,491.20,287.00
5154,491.20,287.00
5155,491.20,288.00
5156,491.20,288.00
5157,491.20,288.00
5158,491.20,288.00
5159,491.20,289.00
5160,491.20,289.00
5161,492.20,289.00
5162,492.20,289.00
5163,492.20,289.00
5164,492.20,290.00
5165,492.20,290.00
5166,492.20,290.00
5167,492.20,290.00
5168,492.20,290.00
5169,492.20,291.00
5170,492.20,291.00
5171,492.20,291.00
5172,492.20,291.00
5173,493.20,291.00
5174,493.20,292.00
5175,493.20,292.00
5176,493.20,292.00
5177,493.20,292.00
5178,493.20,292.00
5179,493.20,293.00
5180,493.20,293.00
5181,494.20,293.00
5182,494.20,294.00
5183,494.20,294.00
5184,494.20,294.00
5185,494.20,294.00
5186,495.20,295.00
5187,495.20,295.00
5188,495.20,295.00
5189,495.20,295.00
5190,495.20,295.00
5191,495.20,296.00
5192,496.20,296.00
5193,496.20,296.00
5194,496.20,296.00
5195,496.20,296.00
5196,496.20,296.00
5197,496.20,296.00
5198,497.20,296.00
5199,497.20,296.00
5200,497.20,296.00
5201,497.20,296.00
5202,498.20,296.00
5203,498.20,296.00
5204,498.20,296.00
5205,498.20,296.00
5206,498.20,296.00
5207,498.20,296.00
5208,499.20,296.00
5209,499.20,296.00
5210,499.20,296.00
5211,499.20,296.00
5212,499.20,296.00
5213,500.20,296.00
5214,500.20,296.00
5215,500.20,296.00
5216,500.20,296.00
5217,500.20,296.00
5218,501.20,296.00
5219,501.20,296.00
5220,501.20,296.00
5221,501.20,295.00
5222,501.20,295.00
5223,501.20,295.00
5224,502.20,295.00
5225,502.20,295.00
5226,502.20,295.00
5227,503.20,294.00
5228,503.20,294.00
5229,503.20,294.00
5230,503.20,294.00
5231,503.20,294.00
5232,503.20,294.00
5233,504.20,294.00
5234,504.20,294.00
5235,504.20,294.00
5236,504.20,293.00
5237,505.20,293.00
5238,505.20,293.00
5239,505.20,293.00
5240,505.20,293.00
5241,506.20,293.00
5242,506.20,292.00
5243,506.20,292.00
5244,506.20,292.00
5245,507.20,292.00
5246,507.20,292.00
5247,507.20,291.00
5248,508.20,291.00
5249,508.20,291.00
5250,509.20,291.00
5251,509.20,291.00
5252,510.20,290.00
5253,510.20,290.00
5254,511.20,290.00
5255,511.20,290.00
5256,511.20,290.00
5257,512.20,290.00
5258,512.20,290.00
5259,513.20,290.00
5260,513.20,290.00
5261,513.20,290.00
5262,513.20,290.00
5263,514.20,290.00
5264,514.20,290.00
5265,515.20,290.00
5266,515.20,290.00
5267,516.20,290.00
5268,516.20,290.00
5269,516.20,290.00
5270,516.20,290.00
5271,517.20,290.00
5272,517.20,290.00
5273,518.20,290.00
5274,519.20,290.00
5275,519.20,290.00
5276,520.20,290.00
5277,520.20,290.00
5278,521.20,290.00
5279,521.20,291.00
5280,521.20,291.00
5281,522.20,291.00
5282,522.20,291.00
5283,523.20,292.00
5284,523.20,292.00
5285,524.20,292.00
5286,524.20,292.00
5287,524.20,292.00
5288,525.20,293.00
5289,525.20,293.00
5290,525.20,293.00
5291,526.20,293.00
5292,526.20,293.00
5293,526.20,293.00
5294,526.20,293.00
5295,526.20,293.00
5296,527.20,294.00
5297,527.20,294.00
5298,528.20,294.00
5299,528.20,294.00
5300,528.20,295.00
5301,529.20,295.00
5302,529.20,295.00
5303,530.20,295.00
5304,530.20,296.00
5305,531.20,296.00
5306,531.20,296.00
5307,531.20,297.00
5308,532.20,297.00
5309,532.20,297.00
5310,532.20,298.00
5311,533.20,298.00
5312,533.20,298.00
5313,533.20,298.00
5314,533.20,298.00
5315,534.20,299.00
5316,534.20,299.00
5317,534.20,299.00
5318,534.20,299.00
5319,535.20,299.00
5320,535.20,300.00
5321,535.20,300.00
5322,535.20,300.00
5323,536.20,300.00
5324,536.20,300.00
5325,536.20,300.00
5326,536.20,300.00
5327,536.20,300.00
5328,537.20,301.00
5329,537.20,301.00
5330,537.20,301.00
5331,537.20,301.00
5332,537.20,301.00
5333,538.20,301.00
5334,538.20,301.00
5335,538.20,302.00
5336,538.20,302.00
5337,538.20,302.00
5338,538.20,302.00
5339,538.20,302.00
5340,539.20,303.00
5341,539.20,303.00
5342,539.20,303.00
5343,539.20,303.00
5344,540.20,303.00
5345,540.20,303.00
5346,540.20,303.00
5347,540.20,303.00
5348,540.20,303.00
5349,540.20,303.00
5350,541.20,303.00
5351,541.20,303.00
5352,541.20,303.00
5353,542.20,303.00
5354,542.20,303.00
5355,542.20,303.00
5356,542.20,303.00
5357,543.20,303.00
5358,543.20,303.00
5359,543.20,303.00
5360,543.20,303.00
5361,543.20,303.00
5362,544.20,303.00
5363,544.20,303.00
5364,544.20,303.00
5365,545.20,303.00
5366,545.20,303.00
5367,545.20,302.00
5368,545.20,302.00
5369,545.20,302.00
5370,546.20,302.00
5371,546.20,301.00
5372,546.20,301.00
5373,546.20,301.00
5374,546.20,300.00
5375,546.20,300.00
5376,547.20,300.00
5377,547.20,300.00
5378,547.20,299.00
5379,547.20,299.00
5380,547.20,299.00
5381,547.20,299.00
5382,547.20,298.00
5383,547.20,298.00
5384,547.20,298.00
5385,547.20,297.00
5386,547.20,297.00
5387,547.20,296.00
5388,547.20,296.00
5389,548.20,296.00
5390,548.20,295.00
5391,548.20,295.00
5392,548.20,294.00
5393,548.20,293.00
5394,548.20,293.00
5395,548.20,292.00
5396,549.20,292.00
5397,549.20,291.00
5398,549.20,291.00
5399,549.20,290.00
5400,549.20,289.00
5401,549.20,289.00
5402,549.20,288.00
5403,549.20,288.00
5404,549.20,288.00
5405,550.20,287.00
5406,550.20,287.00
5407,550.20,287.00
5408,550.20,286.00
5409,550.20,286.00
5410,550.20,286.00
5411,550.20,285.00
5412,550.20,285.00
5413,550.20,285.00
5414,550.20,285.00
5415,550.20,284.00
5416,550.20,284.00
5417,550.20,284.00
5418,550.20,283.00
5419,550.20,283.00
5420,551.20,283.00
5421,551.20,283.00
5422,551.20,282.00
5423,551.20,282.00
5424,551.20,282.00
5425,551.20,281.00
5426,551.20,281.00
5427,551.20,281.00
5428,551.20,281.00
5429,551.20,280.00
5430,551.20,280.00
5431,551.20,280.00
5432,551.20,280.00
5433,551.20,279.00
5434,551.20,279.00
5435,551.20,279.00
5436,552.20,278.00
5437,552.20,278.00
5438,552.20,278.00
5439,552.20,278.00
5440,552.20,277.00
5441,552.20,277.00
5442,552.20,277.00
5443,552.20,277.00
5444,552.20,276.00
5445,552.20,276.00
5446,552.20,276.00
5447,552.20,276.00
5448,552.20,276.00
5449,552.20,275.00
5450,552.20,275.00
5451,552.20,275.00
5452,552.20,275.00
5453,552.20,275.00
5454,552.20,274.00
5455,552.20,274.00
5456,553.20,274.00
5457,553.20,274.00
5458,553.20,273.00
5459,553.20,273.00
5460,553.20,273.00
5461,553.20,273.00
5462,553.20,272.00
5463,553.20,272.00
5464,553.20,272.00
5465,553.20,271.00
5466,553.20,271.00
5467,553.20,271.00
5468,553.20,270.00
5469,553.20,270.00
5470,553.20,270.00
5471,553.20,270.00
5472,553.20,269.00
5473,554.20,269.00
5474,554.20,269.00
5475,554.20,269.00
5476,554.20,268.00
5477,554.20,268.00
5478,554.20,268.00
5479,554.20,267.00
5480,554.20,267.00
5481,554.20,267.00
5482,554.20,267.00
5483,554.20,266.00
5484,554.20,266.00
5485,554.20,266.00
5486,554.20,266.00
5487,554.20,266.00
5488,554.20,265.00
5489,554.20,265.00
5490,554.20,265.00
5491,554.20,265.00
5492,554.20,265.00
5493,554.20,264.00
5494,554.20,264.00
5495,554.20,264.00
5496,554.20,264.00
5497,554.20,264.00
5498,554.20,263.00
5499,554.20,263.00
5500,554.20,263.00
5501,554.20,263.00
5502,554.20,262.00
5503,554.20,262.00
5504,554.20,262.00
5505,554.20,261.00
5506,554.20,261.00
5507,554.20,261.00
5508,554.20,260.00
5509,554.20,260.00
5510,554.20,259.00
5511,554.20,259.00
5512,554.20,259.00
5513,554.20,259.00
5514,554.20,258.00
5515,554.20,258.00
5516,554.20,258.00
5517,554.20,258.00
5518,554.20,258.00
5519,554.20,257.00
5520,554.20,257.00
5521,554.20,256.00
5522,554.20,256.00
5523,554.20,255.00
5524,554.20,255.00
5525,555.20,254.00
5526,555.20,254.00
5527,555.20,253.00
5528,555.20,252.00
5529,555.20,252.00
5530,555.20,251.00
5531,556.20,250.00
5532,556.20,250.00
5533,556.20,249.00
5534,556.20,248.00
5535,557.20,248.00
5536,557.20,247.00
5537,557.20,246.00
5538,557.20,246.00
5539,557.20,245.00
5540,558.20,245.00
5541,558.20,244.00
5542,558.20,244.00
5543,558.20,243.00
5544,558.20,243.00
5545,558.20,243.00
5546,558.20,242.00
5547,558.20,242.00
5548,558.20,242.00
5549,558.20,241.00
5550,558.20,241.00
5551,558.20,241.00
5552,558.20,241.00
5553,558.20,240.00
5554,558.20,240.00
5555,558.20,240.00
5556,558.20,239.00
5557,558.20,239.00
5558,558.20,239.00
5559,558.20,238.00
5560,558.20,238.00
5561,558.20,237.00
5562,558.20,236.00
5563,558.20,236.00
5564,558.20,235.00
5565,558.20,235.00
5566,558.20,234.00
5567,558.20,234.00
5568,558.20,233.00
5569,558.20,233.00
5570,558.20,232.00
5571,558.20,231.00
5572,558.20,231.00
5573,559.20,230.00
5574,559.20,230.00
5575,559.20,229.00
5576,559.20,228.00
5577,559.20,228.00
5578,559.20,227.00
5579,559.20,227.00
5580,559.20,226.00
5581,559.20,226.00
5582,559.20,226.00
5583,559.20,225.00
5584,559.20,225.00
5585,559.20,224.00
5586,559.20,224.00
5587,559.20,224.00
5588,559.20,223.00
5589,559.20,223.00
5590,559.20,222.00
5591,559.20,222.00
5592,560.20,222.00
5593,560.20,221.00
5594,560.20,221.00
5595,560.20,220.00
5596,560.20,220.00
5597,560.20,219.00
5598,560.20,218.00
5599,560.20,218.00
5600,560.20,217.00
5601,560.20,217.00
5602,560.20,216.00
5603,560.20,216.00
5604,560.20,215.00
5605,561.20,215.00
5606,561.20,214.00
5607,561.20,214.00
5608,561.20,214.00
5609,561.20,213.00
5610,561.20,213.00
5611,561.20,212.00
5612,561.20,212.00
5613,561.20,212.00
5614,561.20,212.00
5615,561.20,211.00
5616,561.20,211.00
5617,561.20,211.00
5618,561.20,211.00
5619,561.20,210.00
5620,561.20,210.00
5621,562.20,210.00
5622,562.20,209.00
5623,562.20,209.00
5624,562.20,208.00
5625,562.20,208.00
5626,562.20,207.00
5627,562.20,207.00
5628,562.20,207.00
5629,562.20,206.00
5630,562.20,206.00
5631,562.20,205.00
5632,562.20,205.00
5633,562.20,204.00
5634,562.20,204.00
5635,562.20,204.00
5636,562.20,203.00
5637,562.20,203.00
5638,562.20,203.00
5639,562.20,203.00
5640,562.20,202.00
5641,562.20,202.00
5642,562.20,202.00
5643,562.20,201.00
5644,562.20,201.00
5645,562.20,201.00
5646,562.20,201.00
5647,562.20,200.00
5648,562.20,200.00
5649,562.20,199.00
5650,562.20,199.00
5651,562.20,198.00
5652,562.20,198.00
5653,563.20,197.00
5654,563.20,197.00
5655,563.20,197.00
5656,563.20,196.00
5657,563.20,196.00
5658,563.20,195.00
5659,563.20,195.00
5660,563.20,195.00
5661,563.20,194.00
5662,563.20,194.00
5663,563.20,193.00
5664,563.20,193.00
5665,563.20,193.00
5666,564.20,192.00
5667,564.20,192.00
5668,564.20,192.00
5669,564.20,191.00
5670,564.20,191.00
5671,564.20,191.00
5672,564.20,190.00
5673,564.20,190.00
5674,564.20,189.00
5675,564.20,189.00
5676,564.20,189.00
5677,564.20,189.00
5678,564.20,188.00
5679,564.20,188.00
5680,564.20,188.00
5681,564.20,188.00
5682,564.20,188.00
5683,564.20,187.00
5684,564.20,187.00
5685,564.20,186.00
5686,564.20,186.00
5687,564.20,186.00
5688,564.20,185.00
5689,564.20,185.00
5690,564.20,185.00
5691,564.20,184.00
5692,564.20,184.00
5693,564.20,184.00
5694,564.20,183.00
5695,564.20,183.00
5696,564.20,182.00
5697,564.20,182.00
5698,564.20,182.00
5699,564.20,181.00
5700,564.20,181.00
5701,564.20,181.00
5702,564.20,181.00
5703,564.20,180.00
5704,565.20,180.00
5705,565.20,180.00
5706,565.20,179.00
5707,565.20,179.00
5708,565.20,179.00
5709,565.20,179.00
5710,565.20,179.00
5711,565.20,178.00
5712,565.20,178.00
5713,565.20,178.00
5714,565.20,178.00
5715,565.20,178.00
5716,565.20,177.00
5717,565.20,177.00
5718,565.20,177.00
5719,565.20,176.00
5720,565.20,176.00
5721,565.20,176.00
5722,565.20,176.00
5723,565.20,175.00
5724,565.20,175.00
5725,565.20,174.00
5726,565.20,174.00
5727,565.20,174.00
5728,565.20,173.00
5729,565.20,173.00
5730,565.20,172.00
5731,565.20,172.00
5732,565.20,171.00
5733,565.20,171.00
5734,565.20,170.00
5735,565.20,170.00
5736,565.20,169.00
5737,565.20,169.00
5738,565.20,168.00
5739,565.20,167.00
5740,565.20,167.00
5741,565.20,166.00
5742,565.20,165.00
5743,565.20,164.00
5744,566.20,164.00
5745,566.20,163.00
5746,566.20,163.00
5747,566.20,162.00
5748,566.20,161.00
5749,566.20,161.00
5750,566.20,160.00
5751,566.20,160.00
5752,566.20,159.00
5753,566.20,159.00
5754,566.20,158.00
5755,567.20,157.00
5756,567.20,157.00
5757,567.20,156.00
5758,567.20,156.00
5759,567.20,155.00
5760,567.20,155.00
5761,567.20,155.00
5762,567.20,154.00
5763,567.20,154.00
5764,567.20,153.00
5765,567.20,152.00
5766,567.20,151.00
5767,567.20,150.00
5768,567.20,149.00
5769,567.20,148.00
5770,567.20,148.00
5771,567.20,147.00
5772,567.20,146.00
5773,567.20,146.00
5774,567.20,145.00
5775,567.20,145.00
5776,567.20,145.00
5777,567.20,145.00
5778,567.20,144.00
5779,567.20,144.00
5780,567.20,143.00
5781,567.20,143.00
5782,567.20,143.00
5783,567.20,142.00
5784,567.20,142.00
5785,567.20,142.00
5786,567.20,141.00
5787,567.20,141.00
5788,567.20,141.00
5789,567.20,141.00
5790,567.20,140.00
5791,567.20,140.00
5792,567.20,140.00
5793,567.20,140.00
5794,567.20,139.00
5795,567.20,139.00
5796,567.20,139.00
5797,568.20,138.00
5798,568.20,138.00
5799,568.20,138.00
5800,568.20,137.00
5801,568.20,137.00
5802,568.20,137.00
5803,568.20,136.00
5804,568.20,136.00
5805,568.20,136.00
5806,568.20,135.00
5807,568.20,134.00
5808,568.20,134.00
5809,568.20,133.00
5810,568.20,132.00
5811,568.20,131.00
5812,568.20,131.00
5813,568.20,130.00
5814,568.20,129.00
5815,568.20,128.00
5816,569.20,127.00
5817,569.20,127.00
5818,569.20,126.00
5819,569.20,125.00
5820,569.20,124.00
5821,569.20,123.00
5822,570.20,122.00
5823,570.20,121.00
5824,570.20,120.00
5825,570.20,119.00
5826,570.20,118.00
5827,570.20,117.00
5828,570.20,116.00
5829,570.20,115.00
5830,570.20,114.00
5831,570.20,113.00
5832,570.20,112.00
5833,570.20,111.00
5834,570.20,110.00
5835,570.20,109.00
5836,570.20,108.00
5837,570.20,107.00
5838,570.20,106.00
5839,570.20,105.00
5840,570.20,105.00
5841,570.20,104.00
5842,570.20,103.00
5843,570.20,102.00
5844,570.20,101.00
5845,571.20,101.00
5846,571.20,100.00
5847,571.20,99.00
5848,571.20,98.00
5849,571.20,97.00
5850,571.20,96.00
5851,571.20,96.00
5852,571.20,95.00
5853,571.20,94.00
5854,571.20,94.00
5855,571.20,93.00
5856,571.20,92.00
5857,571.20,91.00
5858,571.20,90.00
5859,571.20,89.00
5860,571.20,88.00
5861,571.20,87.00
5862,572.20,87.00
5863,572.20,85.00
5864,572.20,85.00
5865,572.20,84.00
5866,572.20,84.00
5867,573.20,83.00
5868,573.20,83.00
5869,573.20,82.00
5870,573.20,82.00
5871,573.20,81.00
5872,573.20,81.00
5873,573.20,80.00
5874,573.20,80.00
5875,574.20,79.00
5876,574.20,78.00
5877,574.20,78.00
5878,574.20,77.00
5879,574.20,77.00
5880,574.20,76.00
5881,574.20,75.00
5882,575.20,74.00
5883,575.20,73.00
5884,575.20,72.00
5885,575.20,72.00
5886,575.20,71.00
5887,575.20,70.00
5888,575.20,69.00
5889,576.20,69.00
5890,576.20,68.00
5891,576.20,68.00
5892,576.20,67.00
5893,576.20,67.00
5894,576.20,66.00
5895,576.20,66.00
5896,576.20,66.00
5897,577.20,65.00
5898,577.20,64.00
5899,577.20,64.00
5900,577.20,63.00
5901,577.20,63.00
5902,577.20,62.00
5903,577.20,62.00
5904,577.20,61.00
5905,578.20,61.00
5906,578.20,61.00
5907,578.20,60.00
5908,578.20,60.00
5909,578.20,60.00
5910,578.20,59.00
5911,578.20,59.00
5912,578.20,58.00
5913,578.20,58.00
5914,578.20,58.00
5915,578.20,57.00
5916,578.20,57.00
5917,578.20,56.00
5918,579.20,56.00
5919,579.20,55.00
5920,579.20,55.00
5921,579.20,54.00
5922,579.20,54.00
5923,579.20,53.00
5924,579.20,53.00
5925,579.20,52.00
5926,579.20,52.00
5927,579.20,51.00
5928,579.20,51.00
5929,579.20,50.00
5930,579.20,50.00
5931,579.20,50.00
5932,579.20,49.00
5933,580.20,49.00
5934,580.20,48.00
5935,580.20,48.00
5936,580.20,48.00
5937,580.20,47.00
5938,580.20,47.00
5939,580.20,47.00
5940,580.20,47.00
5941,580.20,46.00
5942,580.20,46.00
5943,581.20,46.00
5944,581.20,46.00
5945,581.20,46.00
5946,581.20,45.00
5947,581.20,45.00
5948,581.20,45.00
5949,581.20,45.00
5950,581.20,44.00
5951,581.20,44.00
5952,581.20,44.00
5953,581.20,44.00
5954,581.20,44.00
5955,581.20,44.00
5956,581.20,44.00
5957,581.20,44.00
5958,582.20,44.00
5959,582.20,43.00
5960,582.20,43.00
5961,582.20,43.00
5962,583.20,43.00
5963,583.20,43.00
5964,583.20,43.00
5965,583.20,43.00
5966,583.20,43.00
5967,584.20,43.00
5968,584.20,42.00
5969,584.20,42.00
5970,585.20,42.00
5971,585.20,42.00
5972,585.20,42.00
5973,585.20,42.00
5974,586.20,42.00
5975,586.20,42.00
5976,587.20,42.00
5977,587.20,42.00
5978,588.20,42.00
5979,588.20,42.00
5980,589.20,42.00
5981,589.20,42.00
5982,590.20,42.00
5983,591.20,42.00
5984,591.20,42.00
5985,591.20,42.00
5986,592.20,41.00
5987,592.20,41.00
5988,593.20,41.00
5989,593.20,41.00
5990,593.20,41.00
5991,594.20,41.00
5992,594.20,41.00
5993,594.20,41.00
5994,594.20,41.00
5995,595.20,41.00
5996,595.20,41.00
5997,595.20,41.00
5998,596.20,41.00
5999,596.20,41.00
6000,596.20,41.00
6001,597.20,41.00
6002,597.20,41.00
6003,597.20,41.00
6004,597.20,41.00
6005,598.20,41.00
6006,598.20,41.00
6007,598.20,41.00
6008,598.20,41.00
6009,599.20,41.00
6010,599.20,41.00
6011,599.20,41.00
6012,599.20,41.00
6013,600.20,41.00
6014,600.20,41.00
6015,600.20,41.00
6016,601.20,41.00
6017,601.20,41.00
6018,601.20,41.00
6019,602.20,41.00
6020,602.20,41.00
6021,602.20,41.00
6022,602.20,41.00
6023,603.20,41.00
6024,603.20,41.00
6025,603.20,41.00
6026,603.20,42.00
6027,603.20,42.00
6028,604.20,42.00
6029,604.20,42.00
6030,604.20,42.00
6031,604.20,43.00
6032,604.20,43.00
6033,604.20,43.00
6034,604.20,43.00
6035,605.20,44.00
6036,605.20,44.00
6037,605.20,44.00
6038,605.20,45.00
6039,605.20,45.00
6040,605.20,45.00
6041,605.20,45.00
6042,606.20,45.00
6043,606.20,45.00
6044,606.20,46.00
6045,606.20,46.00
6046,606.20,46.00
6047,606.20,47.00
6048,606.20,47.00
6049,606.20,47.00
6050,606.20,48.00
6051,607.20,48.00
6052,607.20,48.00
6053,607.20,49.00
6054,607.20,49.00
6055,607.20,50.00
6056,607.20,50.00
6057,607.20,50.00
6058,607.20,51.00
6059,607.20,51.00
6060,607.20,52.00
6061,607.20,52.00
6062,607.20,53.00
6063,607.20,53.00
6064,607.20,54.00
6065,607.20,54.00
6066,607.20,54.00
6067,608.20,55.00
6068,608.20,55.00
6069,608.20,56.00
6070,608.20,56.00
6071,608.20,56.00
6072,608.20,57.00
6073,608.20,57.00
6074,608.20,58.00
6075,608.20,58.00
6076,608.20,58.00
6077,608.20,59.00
6078,608.20,59.00
6079,608.20,59.00
6080,608.20,60.00
6081,608.20,60.00
6082,608.20,61.00
6083,608.20,61.00
6084,608.20,62.00
6085,608.20,62.00
6086,608.20,63.00
6087,608.20,63.00
6088,609.20,64.00
6089,609.20,64.00
6090,609.20,65.00
6091,609.20,65.00
6092,609.20,66.00
6093,609.20,66.00
6094,609.20,66.00
6095,609.20,67.00
6096,609.20,67.00
6097,609.20,68.00
6098,609.20,68.00
6099,609.20,69.00
6100,609.20,69.00
6101,609.20,69.00
6102,609.20,70.00
6103,609.20,70.00
6104,609.20,71.00
6105,609.20,72.00
6106,609.20,73.00
6107,610.20,74.00
6108,610.20,75.00
6109,610.20,76.00
6110,610.20,76.00
6111,610.20,77.00
6112,610.20,78.00
6113,610.20,78.00
6114,610.20,79.00
6115,611.20,80.00
6116,611.20,80.00
6117,611.20,81.00
6118,611.20,82.00
6119,611.20,82.00
6120,611.20,83.00
6121,611.20,84.00
6122,611.20,85.00
6123,611.20,85.00
6124,611.20,86.00
6125,611.20,86.00
6126,612.20,87.00
6127,612.20,87.00
6128,612.20,88.00
6129,612.20,89.00
6130,612.20,89.00
6131,612.20,89.00
6132,612.20,90.00
6133,612.20,90.00
6134,612.20,90.00
6135,612.20,91.00
6136,612.20,92.00
6137,612.20,92.00
6138,612.20,93.00
6139,612.20,94.00
6140,612.20,95.00
6141,612.20,96.00
6142,612.20,97.00
6143,612.20,97.00
6144,612.20,98.00
6145,612.20,98.00
6146,613.20,99.00
6147,613.20,99.00
6148,613.20,100.00
6149,613.20,101.00
6150,613.20,102.00
6151,613.20,102.00
6152,613.20,103.00
6153,613.20,103.00
6154,613.20,104.00
6155,614.20,104.00
6156,614.20,105.00
6157,614.20,105.00
6158,614.20,106.00
6159,614.20,106.00
6160,614.20,107.00
6161,614.20,107.00
6162,614.20,108.00
6163,614.20,108.00
6164,614.20,109.00
6165,614.20,110.00
6166,614.20,110.00
6167,614.20,111.00
6168,614.20,111.00
6169,614.20,112.00
6170,614.20,112.00
6171,614.20,113.00
6172,614.20,113.00
6173,614.20,114.00
6174,614.20,114.00
6175,614.20,115.00
6176,615.20,115.00
6177,615.20,116.00
6178,615.20,116.00
6179,615.20,117.00
6180,615.20,118.00
6181,615.20,118.00
6182,615.20,119.00
6183,615.20,120.00
6184,615.20,120.00
6185,615.20,121.00
6186,615.20,122.00
6187,615.20,123.00
6188,615.20,123.00
6189,615.20,124.00
6190,615.20,125.00
6191,615.20,126.00
6192,615.20,126.00
6193,615.20,127.00
6194,616.20,128.00
6195,616.20,128.00
6196,616.20,128.00
6197,616.20,129.00
6198,616.20,130.00
6199,616.20,130.00
6200,616.20,130.00
6201,616.20,131.00
6202,616.20,132.00
6203,616.20,132.00
6204,616.20,133.00
6205,616.20,134.00
6206,616.20,134.00
6207,616.20,135.00
6208,617.20,135.00
6209,617.20,136.00
6210,617.20,137.00
6211,617.20,137.00
6212,617.20,138.00
6213,617.20,139.00
6214,617.20,139.00
6215,617.20,140.00
6216,617.20,141.00
6217,617.20,141.00
6218,617.20,142.00
6219,617.20,143.00
6220,618.20,143.00
6221,618.20,145.00
6222,618.20,145.00
6223,618.20,146.00
6224,618.20,147.00
6225,618.20,148.00
6226,618.20,149.00
6227,619.20,149.00
6228,619.20,151.00
6229,619.20,151.00
6230,619.20,152.00
6231,619.20,153.00
6232,619.20,154.00
6233,619.20,155.00
6234,619.20,156.00
6235,619.20,157.00
6236,620.20,158.00
6237,620.20,159.00
6238,620.20,160.00
6239,620.20,160.00
6240,620.20,161.00
6241,620.20,162.00
6242,620.20,163.00
6243,620.20,164.00
6244,620.20,165.00
6245,620.20,166.00
6246,620.20,167.00
6247,620.20,168.00
6248,621.20,169.00
6249,621.20,169.00
6250,621.20,170.00
6251,621.20,171.00
6252,621.20,171.00
6253,621.20,172.00
6254,621.20,173.00
6255,621.20,174.00
6256,621.20,175.00
6257,621.20,177.00
6258,621.20,177.00
6259,621.20,179.00
6260,621.20,179.00
6261,622.20,180.00
6262,622.20,181.00
6263,622.20,182.00
6264,622.20,183.00
6265,622.20,184.00
6266,622.20,185.00
6267,622.20,186.00
6268,622.20,186.00
6269,622.20,188.00
6270,623.20,188.00
6271,623.20,189.00
6272,623.20,189.00
6273,623.20,190.00
6274,623.20,190.00
6275,623.20,191.00
6276,623.20,191.00
6277,623.20,192.00
6278,623.20,192.00
6279,623.20,193.00
6280,623.20,194.00
6281,623.20,195.00
6282,623.20,195.00
6283,624.20,196.00
6284,624.20,197.00
6285,624.20,197.00
6286,624.20,197.00
6287,624.20,197.00
6288,624.20,198.00
6289,624.20,198.00
6290,624.20,199.00
6291,624.20,199.00
6292,624.20,200.00
6293,624.20,200.00
6294,624.20,201.00
6295,624.20,201.00
6296,624.20,202.00
6297,625.20,203.00
6298,625.20,203.00
6299,625.20,204.00
6300,625.20,205.00
6301,625.20,205.00
6302,625.20,205.00
6303,625.20,206.00
6304,625.20,206.00
6305,625.20,207.00
6306,625.20,207.00
6307,625.20,207.00
6308,626.20,208.00
6309,626.20,208.00
6310,626.20,209.00
6311,626.20,209.00
6312,626.20,210.00
6313,626.20,210.00
6314,626.20,211.00
6315,626.20,211.00
6316,626.20,212.00
6317,626.20,213.00
6318,626.20,213.00
6319,627.20,214.00
6320,627.20,215.00
6321,627.20,216.00
6322,627.20,216.00
6323,627.20,217.00
6324,627.20,218.00
6325,627.20,218.00
6326,627.20,219.00
6327,628.20,220.00
6328,628.20,221.00
6329,628.20,222.00
6330,628.20,222.00
6331,628.20,223.00
6332,628.20,223.00
6333,628.20,224.00
6334,628.20,225.00
6335,628.20,225.00
6336,628.20,226.00
6337,628.20,226.00
6338,628.20,227.00
6339,628.20,227.00
6340,628.20,228.00
6341,628.20,229.00
6342,628.20,229.00
6343,628.20,230.00
6344,628.20,230.00
6345,628.20,231.00
6346,628.20,231.00
6347,628.20,231.00
6348,628.20,232.00
6349,628.20,232.00
6350,628.20,233.00
6351,628.20,233.00
6352,628.20,233.00
6353,629.20,234.00
6354,629.20,235.00
6355,629.20,236.00
6356,629.20,236.00
6357,629.20,237.00
6358,629.20,237.00
6359,629.20,238.00
6360,630.20,239.00
6361,630.20,239.00
6362,630.20,240.00
6363,630.20,241.00
6364,630.20,241.00
6365,630.20,242.00
6366,630.20,243.00
6367,630.20,243.00
6368,631.20,244.00
6369,631.20,245.00
6370,631.20,245.00
6371,631.20,245.00
6372,631.20,246.00
6373,631.20,246.00
6374,631.20,247.00
6375,631.20,248.00
6376,632.20,248.00
6377,632.20,249.00
6378,632.20,250.00
6379,632.20,251.00
6380,632.20,251.00
6381,633.20,252.00
6382,633.20,252.00
6383,633.20,253.00
6384,633.20,253.00
6385,633.20,254.00
6386,633.20,254.00
6387,633.20,255.00
6388,633.20,255.00
6389,634.20,255.00
6390,634.20,256.00
6391,634.20,257.00
6392,634.20,257.00
6393,634.20,258.00
6394,635.20,259.00
6395,635.20,259.00
6396,635.20,260.00
6397,635.20,260.00
6398,636.20,261.00
6399,636.20,261.00
6400,636.20,262.00
6401,636.20,262.00
6402,636.20,263.00
6403,637.20,264.00
6404,637.20,264.00
6405,637.20,265.00
6406,638.20,266.00
6407,638.20,266.00
6408,638.20,267.00
6409,639.20,267.00
6410,639.20,268.00
6411,640.20,269.00
6412,640.20,269.00
6413,640.20,270.00
6414,640.20,270.00
6415,640.20,271.00
6416,641.20,271.00
6417,641.20,272.00
6418,641.20,272.00
6419,641.20,272.00
6420,642.20,272.00

matched_data
index,target_x,target_y,user_x,user_y,offset_px
0,60.00,336.46,59.20,334.00,1.50
1,61.50,331.70,60.20,329.00,2.00
2,63.00,326.48,61.20,327.00,1.59
3,64.50,320.91,62.20,324.00,1.42
4,66.00,315.10,63.20,321.00,1.23
5,67.50,309.16,64.20,318.00,1.02
6,69.00,303.19,65.20,314.00,1.05
7,70.50,297.29,67.20,310.00,0.09
8,72.00,291.54,68.20,305.00,0.34
9,73.50,286.02,69.20,300.00,0.59
10,75.00,280.79,71.20,294.00,0.15
11,76.50,275.91,72.20,290.00,0.21
12,78.00,271.41,73.20,286.00,0.29
13,79.50,267.32,75.20,281.00,0.25
14,81.00,263.66,76.20,277.00,0.03
15,82.50,260.42,77.20,273.00,0.26
16,84.00,257.59,79.20,269.00,0.30
17,85.50,255.15,82.20,263.00,0.81
18,87.00,253.04,84.20,260.00,1.30
19,88.50,251.22,86.20,256.00,1.04
20,90.00,249.64,88.20,253.00,0.90
21,91.50,248.21,90.20,250.00,0.40
22,93.00,246.86,92.20,248.00,0.31
23,94.50,245.52,95.20,244.00,0.62
24,96.00,244.09,98.20,240.00,1.02
25,97.50,242.49,101.20,236.00,0.59
26,99.00,240.63,103.20,233.00,0.12
27,100.50,238.42,105.20,228.00,0.11
28,102.00,235.79,108.20,221.00,0.61
29,103.50,232.64,109.20,213.00,0.47
30,105.00,228.93,111.20,205.00,0.27
31,106.50,224.58,113.20,200.00,0.68
32,108.00,219.54,114.20,195.00,0.75
33,109.50,213.79,115.20,191.00,1.01
34,111.00,207.29,116.20,184.00,0.82
35,112.50,200.02,118.20,180.00,2.16
36,114.00,192.01,118.20,175.00,1.37
37,115.50,183.26,119.20,171.00,1.77
38,117.00,173.80,120.20,168.00,2.32
39,118.50,163.68,121.20,163.00,2.58
40,120.00,152.97,121.20,160.00,2.16
41,121.50,141.74,121.20,156.00,1.61
42,123.00,130.09,122.20,153.00,2.18
43,124.50,118.10,122.20,149.00,1.65
44,126.00,105.89,122.20,146.00,1.26
45,127.50,93.59,122.20,142.00,0.73
46,129.00,81.32,122.20,136.00,0.04
47,130.50,69.22,123.20,129.00,0.06
48,132.00,57.42,124.20,124.00,0.44
49,133.50,46.06,124.20,118.00,0.31
50,135.00,42.00,125.20,113.00,0.07
51,136.50,42.00,126.20,108.00,0.46
52,138.00,42.00,127.20,104.00,0.96
53,139.50,42.00,127.20,100.00,0.48
54,141.00,42.00,128.20,96.00,0.99
55,142.50,42.00,128.20,92.00,0.50
56,144.00,42.00,129.20,87.00,0.89
57,145.50,42.00,129.20,83.00,0.40
58,147.00,42.00,129.20,79.00,0.09
59,148.50,42.00,130.20,75.00,0.41
60,150.00,42.00,131.20,73.00,1.16
61,151.50,42.00,131.20,68.00,0.54
62,153.00,42.00,131.20,62.00,0.22
63,154.50,42.00,131.20,56.00,0.98
64,156.00,42.00,132.20,51.00,0.64
65,157.50,42.00,133.20,48.00,0.04
66,159.00,42.00,134.20,45.00,0.29
67,160.50,42.00,135.20,43.00,0.53
68,162.00,47.02,137.20,42.00,0.00
69,163.50,60.30,140.20,41.00,1.00
70,165.00,74.47,143.20,41.00,1.00
71,166.50,89.39,147.20,40.00,2.00
72,168.00,104.91,151.20,40.00,2.00
73,169.50,120.89,155.20,40.00,2.00
74,171.00,137.17,159.20,40.00,2.00
75,172.50,153.58,160.20,43.00,0.57
76,174.00,169.97,161.20,46.00,0.48
77,175.50,186.19,162.20,49.00,0.02
78,177.00,202.09,163.20,54.00,0.41
79,178.50,217.52,164.20,57.00,1.07
80,180.00,232.35,165.20,61.00,1.62
81,181.50,246.45,165.20,66.00,1.09
82,183.00,259.72,166.20,71.00,1.56
83,184.50,272.05,166.20,76.00,1.04
84,186.00,283.37,166.20,80.00,0.64
85,187.50,293.60,168.20,85.00,2.13
86,189.00,302.70,168.20,90.00,1.63
87,190.50,310.62,168.20,97.00,0.96
88,192.00,317.35,168.20,102.00,0.48
89,193.50,322.89,169.20,106.00,1.09
90,195.00,327.24,169.20,112.00,0.53
91,196.50,330.45,169.20,117.00,0.07
92,198.00,332.55,169.20,121.00,0.31
93,199.50,333.60,170.20,126.00,0.23
94,201.00,333.68,171.20,130.00,0.86
95,202.50,332.85,171.20,135.00,0.40
96,204.00,331.22,172.20,138.00,1.12
97,205.50,328.88,172.20,144.00,0.57
98,207.00,325.93,172.20,148.00,0.21
99,208.50,322.47,173.20,154.00,0.66
100,210.00,318.62,173.20,161.00,0.02
101,211.50,314.48,174.20,167.00,0.47
102,213.00,310.15,174.20,172.00,0.01
103,214.50,305.73,174.20,176.00,0.36
104,216.00,301.33,175.20,180.00,0.27
105,217.50,297.02,175.20,184.00,0.10
106,219.00,292.88,176.20,189.00,0.43
107,220.50,288.98,176.20,193.00,0.06
108,222.00,285.37,177.20,196.00,0.77
109,223.50,282.10,177.20,199.00,0.49
110,225.00,279.19,177.20,203.00,0.11
111,226.50,276.66,177.20,208.00,0.37
112,228.00,274.52,178.20,213.00,0.14
113,229.50,272.75,179.20,218.00,0.65
114,231.00,271.33,179.20,221.00,0.35
115,232.50,270.23,180.20,225.00,0.94
116,234.00,269.38,180.20,229.00,0.54
117,235.50,268.75,181.20,234.00,1.02
118,237.00,268.25,181.20,238.00,0.60
119,238.50,267.81,182.20,242.00,1.17
120,240.00,267.35,182.20,246.00,0.74
121,241.50,266.78,183.20,252.00,1.07
122,243.00,266.01,184.20,261.00,1.04
123,244.50,264.96,186.20,270.00,1.94
124,246.00,263.52,187.20,276.00,2.16
125,247.50,261.62,189.20,285.00,2.93
126,249.00,259.18,189.20,290.00,2.20
127,250.50,256.10,190.20,298.00,1.95
128,252.00,252.34,191.20,304.00,1.92
129,253.50,247.83,191.20,307.00,1.36
130,255.00,242.52,192.20,311.00,1.58
131,256.50,236.39,193.20,316.00,1.46
132,258.00,229.40,195.20,322.00,1.87
133,259.50,221.57,197.20,326.00,2.48
134,261.00,212.88,198.20,329.00,2.15
135,262.50,203.38,200.20,331.00,2.53
136,264.00,193.09,203.20,331.00,0.74
137,265.50,182.08,205.20,329.00,0.19
138,267.00,170.41,207.20,324.00,0.58
139,268.50,158.17,209.20,320.00,0.24
140,270.00,145.45,211.20,313.00,0.77
141,271.50,132.35,213.20,306.00,1.15
142,273.00,119.01,215.20,301.00,0.86
143,274.50,105.55,216.20,297.00,1.23
144,276.00,92.09,218.20,292.00,1.06
145,277.50,78.79,221.20,285.00,0.88
146,279.00,65.78,224.20,281.00,0.12
147,280.50,53.21,227.20,277.00,0.77
148,282.00,42.00,230.20,274.00,1.34
149,283.50,42.00,233.20,272.00,1.84
150,285.00,42.00,240.20,269.00,1.64
151,286.50,42.00,244.20,266.00,0.68
152,288.00,42.00,248.20,261.00,0.27
153,289.50,42.00,250.20,255.00,0.69
154,291.00,42.00,253.20,247.00,0.51
155,292.50,42.00,256.20,239.00,0.33
156,294.00,42.00,258.20,229.00,0.12
157,295.50,42.00,260.20,220.00,0.42
158,297.00,42.00,262.20,211.00,0.89
159,298.50,42.00,265.20,201.00,2.33
160,300.00,42.00,266.20,192.00,2.03
161,301.50,42.00,268.20,183.00,2.80
162,303.00,42.00,269.20,172.00,2.38
163,304.50,42.00,270.20,165.00,2.52
164,306.00,42.00,270.20,157.00,1.55
165,307.50,42.00,271.20,150.00,1.73
166,309.00,42.00,272.20,143.00,1.91
167,310.50,46.82,273.20,135.00,1.99
168,312.00,60.21,273.20,132.00,1.65
169,313.50,74.37,273.20,126.00,0.98
170,315.00,89.18,273.20,119.00,0.20
171,316.50,104.47,273.20,114.00,0.36
172,318.00,120.09,274.20,107.00,0.14
173,319.50,135.88,276.20,99.00,0.96
174,321.00,151.69,278.20,91.00,2.06
175,322.50,167.38,279.20,80.00,1.82
176,324.00,182.79,280.20,74.00,2.13
177,325.50,197.78,280.20,68.00,1.45
178,327.00,212.23,280.20,64.00,0.98
179,328.50,226.01,280.20,56.00,0.03
180,330.00,239.02,280.20,52.00,0.46
181,331.50,251.17,282.20,47.00,0.86
182,333.00,262.37,284.20,43.00,1.00
183,334.50,272.57,287.20,42.00,0.00
184,336.00,281.70,290.20,41.00,1.00
185,337.50,289.76,294.20,41.00,1.00
186,339.00,296.70,300.20,40.00,2.00
187,340.50,302.55,304.20,40.00,2.00
188,342.00,307.31,307.20,43.00,1.00
189,343.50,311.02,309.20,46.00,1.00
190,345.00,313.71,311.20,49.00,0.45
191,346.50,315.46,311.20,54.00,0.10
192,348.00,316.32,312.20,57.00,0.56
193,349.50,316.38,313.20,63.00,0.90
194,351.00,315.72,315.20,67.00,2.47
195,352.50,314.45,315.20,72.00,1.94
196,354.00,312.65,316.20,78.00,2.32
197,355.50,310.43,316.20,82.00,1.92
198,357.00,307.89,316.20,89.00,1.21
199,358.50,305.13,316.20,95.00,0.63
200,360.00,302.25,316.20,100.00,0.14
201,361.50,299.34,316.20,105.00,0.35
202,363.00,296.49,317.20,112.00,0.02
203,364.50,293.77,317.20,118.00,0.60
204,366.00,291.25,318.20,123.00,0.08
205,367.50,288.99,319.20,129.00,0.35
206,369.00,287.03,320.20,138.00,0.50
207,370.50,285.41,321.20,146.00,0.74
208,372.00,284.14,322.20,154.00,0.97
209,373.50,283.24,322.20,160.00,0.40
210,375.00,282.69,322.20,167.00,0.26
211,376.50,282.47,323.20,174.00,0.06
212,378.00,282.55,324.20,179.00,0.57
213,379.50,282.88,325.20,186.00,0.87
214,381.00,283.41,326.20,195.00,0.97
215,382.50,284.07,326.20,201.00,0.36
216,384.00,284.78,327.20,208.00,0.64
217,385.50,285.46,327.20,215.00,0.10
218,387.00,286.02,327.20,220.00,0.64
219,388.50,286.37,328.20,225.00,0.19
220,390.00,286.41,329.20,232.00,0.01
221,391.50,286.06,331.20,241.00,0.95
222,393.00,285.21,332.20,249.00,0.96
223,394.50,283.79,334.20,259.00,1.64
224,396.00,281.70,335.20,268.00,1.36
225,397.50,278.87,336.20,278.00,0.80
226,399.00,275.24,338.20,289.00,0.83
227,400.50,270.75,339.20,296.00,0.34
228,402.00,265.35,341.20,301.00,1.06
229,403.50,259.03,343.20,306.00,1.54
230,405.00,251.75,345.20,311.00,1.49
231,406.50,243.52,347.20,314.00,1.48
232,408.00,234.36,350.20,315.00,0.98
233,409.50,224.29,352.20,314.00,0.52
234,411.00,213.36,354.20,311.00,0.76
235,412.50,201.63,356.20,307.00,1.13
236,414.00,189.18,358.20,303.00,1.25
237,415.50,176.09,360.20,298.00,1.77
238,417.00,162.47,363.20,294.00,1.03
239,418.50,148.44,366.20,290.00,0.52
240,420.00,134.12,369.20,287.00,0.13
241,421.50,119.64,373.20,284.00,0.50
242,423.00,105.14,377.20,284.00,1.49
243,424.50,90.78,384.20,283.00,1.69
244,426.00,76.69,387.20,283.00,2.90
245,427.50,63.02,392.20,284.00,1.43
246,429.00,49.93,395.20,284.00,0.69
247,430.50,42.00,398.20,277.00,0.07
248,432.00,42.00,402.20,270.00,1.44
249,433.50,42.00,405.20,262.00,2.34
250,435.00,42.00,407.20,254.00,2.61
251,436.50,42.00,408.20,245.00,1.94
252,438.00,42.00,409.20,237.00,1.61
253,439.50,42.00,410.20,232.00,1.83
254,441.00,42.00,410.20,225.00,0.80
255,442.50,42.00,411.20,217.00,0.69
256,444.00,42.00,412.20,209.00,0.64
257,445.50,42.00,413.20,203.00,0.87
258,447.00,42.00,414.20,196.00,1.01
259,448.50,42.00,415.20,190.00,1.29
260,450.00,42.00,415.20,186.00,0.83
261,451.50,42.00,416.20,181.00,1.25
262,453.00,42.00,415.20,174.00,0.53
263,454.50,42.00,417.20,166.00,0.58
264,456.00,42.00,418.20,159.00,0.82
265,457.50,42.00,419.20,150.00,0.86
266,459.00,48.13,420.20,142.00,1.02
267,460.50,61.40,421.20,137.00,1.49
268,462.00,75.32,421.20,131.00,0.87
269,463.50,89.75,422.20,124.00,1.15
270,465.00,104.54,423.20,118.00,1.52
271,466.50,119.53,423.20,112.00,0.90
272,468.00,134.58,423.20,105.00,0.18
273,469.50,149.54,424.20,101.00,0.76
274,471.00,164.26,425.20,97.00,1.34
275,472.50,178.63,425.20,91.00,0.72
276,474.00,192.50,425.20,85.00,0.08
277,475.50,205.76,425.20,78.00,0.66
278,477.00,218.32,427.20,70.00,0.46
279,478.50,230.08,428.20,62.00,0.58
280,480.00,240.98,428.20,54.00,0.33
281,481.50,250.94,429.20,48.00,0.16
282,483.00,259.94,430.20,44.00,0.08
283,484.50,267.94,432.20,42.00,0.00
284,486.00,274.93,435.20,41.00,1.00
285,487.50,280.91,441.20,41.00,1.00
286,489.00,285.90,447.20,40.00,2.00
287,490.50,289.95,452.20,40.00,2.00
288,492.00,293.09,456.20,40.00,2.00
289,493.50,295.38,458.20,43.00,0.44
290,495.00,296.89,460.20,48.00,1.21
291,496.50,297.71,461.20,52.00,1.75
292,498.00,297.91,461.20,56.00,1.30
293,499.50,297.59,462.20,63.00,1.52
294,501.00,296.85,463.20,68.00,1.98
295,502.50,295.77,463.20,73.00,1.44
296,504.00,294.47,464.20,79.00,1.81
297,505.50,293.02,464.20,86.00,1.08
298,507.00,291.53,464.20,93.00,0.37
299,508.50,290.07,465.20,98.00,0.86
300,510.00,288.73,466.20,105.00,1.15
301,511.50,287.57,467.20,113.00,1.35
302,513.00,286.66,468.20,122.00,1.45
303,514.50,286.03,469.20,131.00,1.55
304,516.00,285.73,470.20,142.00,1.45
305,517.50,285.77,471.20,151.00,1.54
306,519.00,286.17,472.20,157.00,1.93
307,520.50,286.92,472.20,163.00,1.32
308,522.00,288.01,473.20,172.00,1.38
309,523.50,289.39,474.20,179.00,1.65
310,525.00,291.03,474.20,185.00,1.00
311,526.50,292.88,474.20,190.00,0.47
312,528.00,294.86,475.20,199.00,0.46
313,529.50,296.91,476.20,206.00,0.67
314,531.00,298.93,478.20,217.00,1.35
315,532.50,300.84,479.20,228.00,0.96
316,534.00,302.54,481.20,241.00,1.18
317,535.50,303.93,485.20,255.00,2.98
318,537.00,304.92,487.20,264.00,3.38
319,538.50,305.41,489.20,273.00,3.53
320,540.00,305.30,489.20,281.00,1.60
321,541.50,304.51,491.20,287.00,1.68
322,543.00,302.94,492.20,290.00,1.51
323,544.50,300.53,494.20,294.00,1.34
324,546.00,297.20,497.20,296.00,1.79
325,547.50,292.91,500.20,296.00,1.12
326,549.00,287.61,503.20,294.00,0.88
327,550.50,281.27,508.20,291.00,0.46
328,552.00,273.89,514.20,290.00,3.48
329,553.50,265.46,521.20,291.00,2.74
330,555.00,256.01,527.20,294.00,0.12
331,556.50,245.56,533.20,298.00,2.30
332,558.00,234.18,537.20,301.00,3.30
333,559.50,221.92,540.20,303.00,1.94
334,561.00,208.88,543.20,303.00,0.20
335,562.50,195.14,547.20,300.00,2.24
336,564.00,180.81,548.20,293.00,0.70
337,565.50,166.01,550.20,286.00,0.80
338,567.00,150.88,551.20,281.00,0.63
339,568.50,135.55,552.20,277.00,0.82
340,570.00,120.17,553.20,274.00,1.20
341,571.50,104.89,554.20,269.00,1.31
342,573.00,89.87,554.20,265.00,0.62
343,574.50,75.24,554.20,261.00,0.01
344,576.00,61.17,554.20,256.00,0.79
345,577.50,47.81,557.20,246.00,0.75
346,579.00,42.00,558.20,240.00,0.96
347,580.50,42.00,558.20,233.00,0.06
348,582.00,42.00,559.20,224.00,0.05
349,583.50,42.00,560.20,217.00,0.13
350,585.00,42.00,561.20,211.00,0.44
351,586.50,42.00,562.20,204.00,0.66
352,588.00,42.00,562.20,199.00,0.12
353,589.50,42.00,564.20,192.00,1.36
354,591.00,42.00,564.20,188.00,0.95
355,592.50,42.00,564.20,182.00,0.32
356,594.00,42.00,565.20,178.00,0.91
357,595.50,42.00,565.20,172.00,0.31
358,597.00,42.00,566.20,163.00,0.40
359,598.50,42.00,567.20,154.00,0.51
360,600.00,42.00,567.20,144.00,0.47
361,601.50,42.00,567.20,139.00,0.96
362,603.00,42.00,568.20,132.00,0.64
363,604.50,42.00,570.20,118.00,0.01
364,606.00,42.00,570.20,103.00,1.48
365,607.50,50.76,571.20,90.00,1.78
366,609.00,63.65,573.20,80.00,0.81
367,610.50,77.07,576.20,68.00,0.92
368,612.00,90.87,578.20,61.00,2.17
369,613.50,104.90,579.20,54.00,2.38
370,615.00,119.01,580.20,47.00,2.41
371,616.50,133.06,581.20,44.00,2.00
372,618.00,146.93,585.20,42.00,0.00
373,619.50,160.47,592.20,41.00,1.00
374,621.00,173.57,597.20,41.00,1.00
375,622.50,186.13,602.20,41.00,1.00
376,624.00,198.04,605.20,44.00,1.13
377,625.50,209.23,607.20,48.00,0.17
378,627.00,219.62,608.20,55.00,0.21
379,628.50,229.17,608.20,61.00,0.49
380,630.00,237.83,609.20,69.00,0.40
381,631.50,245.59,611.20,80.00,0.38
382,633.00,252.43,612.20,89.00,0.40
383,634.50,258.37,613.20,99.00,0.33
384,636.00,263.42,614.20,108.00,0.37
385,637.50,267.64,615.20,117.00,0.41
386,639.00,271.05,616.20,128.00,0.24
387,640.50,273.73,617.20,137.00,0.27
388,642.00,275.75,619.20,149.00,0.96
389,643.50,277.17,620.20,164.00,0.29
390,645.00,278.10,621.20,179.00,0.45
391,646.50,278.61,623.20,191.00,0.09
392,648.00,278.79,624.20,200.00,0.06
393,649.50,278.75,626.20,208.00,0.86
394,651.00,278.58,627.20,218.00,0.43
395,652.50,278.35,628.20,228.00,0.12
396,654.00,278.16,629.20,236.00,0.48
397,655.50,278.08,631.20,246.00,0.38
398,657.00,278.19,633.20,255.00,0.44
399,658.50,278.54,637.20,264.00,0.94
400,660.00,279.18,642.20,272.00,2.33