trial,1
timestamp,2026-03-12T17:24:55.312Z
mode,no-feedback

target_curve
index,target_x,target_y
0,60.00,336.46
1,61.50,331.70
2,63.00,326.48
3,64.50,320.91
4,66.00,315.10
5,67.50,309.16
6,69.00,303.19
7,70.50,297.29
8,72.00,291.54
9,73.50,286.02
10,75.00,280.79
11,76.50,275.91
12,78.00,271.41
13,79.50,267.32
14,81.00,263.66
15,82.50,260.42
16,84.00,257.59
17,85.50,255.15
18,87.00,253.04
19,88.50,251.22
20,90.00,249.64
21,91.50,248.21
22,93.00,246.86
23,94.50,245.52
24,96.00,244.09
25,97.50,242.49
26,99.00,240.63
27,100.50,238.42
28,102.00,235.79
29,103.50,232.64
30,105.00,228.93
31,106.50,224.58
32,108.00,219.54
33,109.50,213.79
34,111.00,207.29
35,112.50,200.02
36,114.00,192.01
37,115.50,183.26
38,117.00,173.80
39,118.50,163.68
40,120.00,152.97
41,121.50,141.74
42,123.00,130.09
43,124.50,118.10
44,126.00,105.89
45,127.50,93.59
46,129.00,81.32
47,130.50,69.22
48,132.00,57.42
49,133.50,46.06
50,135.00,42.00
51,136.50,42.00
52,138.00,42.00
53,139.50,42.00
54,141.00,42.00
55,142.50,42.00
56,144.00,42.00
57,145.50,42.00
58,147.00,42.00
59,148.50,42.00
60,150.00,42.00
61,151.50,42.00
62,153.00,42.00
63,154.50,42.00
64,156.00,42.00
65,157.50,42.00
66,159.00,42.00
67,160.50,42.00
68,162.00,47.02
69,163.50,60.30
70,165.00,74.47
71,166.50,89.39
72,168.00,104.91
73,169.50,120.89
74,171.00,137.17
75,172.50,153.58
76,174.00,169.97
77,175.50,186.19
78,177.00,202.09
79,178.50,217.52
80,180.00,232.35
81,181.50,246.45
82,183.00,259.72
83,184.50,272.05
84,186.00,283.37
85,187.50,293.60
86,189.00,302.70
87,190.50,310.62
88,192.00,317.35
89,193.50,322.89
90,195.00,327.24
91,196.50,330.45
92,198.00,332.55
93,199.50,333.60
94,201.00,333.68
95,202.50,332.85
96,204.00,331.22
97,205.50,328.88
98,207.00,325.93
99,208.50,322.47
100,210.00,318.62
101,211.50,314.48
102,213.00,310.15
103,214.50,305.73
104,216.00,301.33
105,217.50,297.02
106,219.00,292.88
107,220.50,288.98
108,222.00,285.37
109,223.50,282.10
110,225.00,279.19
111,226.50,276.66
112,228.00,274.52
113,229.50,272.75
114,231.00,271.33
115,232.50,270.23
116,234.00,269.38
117,235.50,268.75
118,237.00,268.25
119,238.50,267.81
120,240.00,267.35
121,241.50,266.78
122,243.00,266.01
123,244.50,264.96
124,246.00,263.52
125,247.50,261.62
126,249.00,259.18
127,250.50,256.10
128,252.00,252.34
129,253.50,247.83
130,255.00,242.52
131,256.50,236.39
132,258.00,229.40
133,259.50,221.57
134,261.00,212.88
135,262.50,203.38
136,264.00,193.09
137,265.50,182.08
138,267.00,170.41
139,268.50,158.17
140,270.00,145.45
141,271.50,132.35
142,273.00,119.01
143,274.50,105.55
144,276.00,92.09
145,277.50,78.79
146,279.00,65.78
147,280.50,53.21
148,282.00,42.00
149,283.50,42.00
150,285.00,42.00
151,286.50,42.00
152,288.00,42.00
153,289.50,42.00
154,291.00,42.00
155,292.50,42.00
156,294.00,42.00
157,295.50,42.00
158,297.00,42.00
159,298.50,42.00
160,300.00,42.00
161,301.50,42.00
162,303.00,42.00
163,304.50,42.00
164,306.00,42.00
165,307.50,42.00
166,309.00,42.00
167,310.50,46.82
168,312.00,60.21
169,313.50,74.37
170,315.00,89.18
171,316.50,104.47
172,318.00,120.09
173,319.50,135.88
174,321.00,151.69
175,322.50,167.38
176,324.00,182.79
177,325.50,197.78
178,327.00,212.23
179,328.50,226.01
180,330.00,239.02
181,331.50,251.17
182,333.00,262.37
183,334.50,272.57
184,336.00,281.70
185,337.50,289.76
186,339.00,296.70
187,340.50,302.55
188,342.00,307.31
189,343.50,311.02
190,345.00,313.71
191,346.50,315.46
192,348.00,316.32
193,349.50,316.38
194,351.00,315.72
195,352.50,314.45
196,354.00,312.65
197,355.50,310.43
198,357.00,307.89
199,358.50,305.13
200,360.00,302.25
201,361.50,299.34
202,363.00,296.49
203,364.50,293.77
204,366.00,291.25
205,367.50,288.99
206,369.00,287.03
207,370.50,285.41
208,372.00,284.14
209,373.50,283.24
210,375.00,282.69
211,376.50,282.47
212,378.00,282.55
213,379.50,282.88
214,381.00,283.41
215,382.50,284.07
216,384.00,284.78
217,385.50,285.46
218,387.00,286.02
219,388.50,286.37
220,390.00,286.41
221,391.50,286.06
222,393.00,285.21
223,394.50,283.79
224,396.00,281.70
225,397.50,278.87
226,399.00,275.24
227,400.50,270.75
228,402.00,265.35
229,403.50,259.03
230,405.00,251.75
231,406.50,243.52
232,408.00,234.36
233,409.50,224.29
234,411.00,213.36
235,412.50,201.63
236,414.00,189.18
237,415.50,176.09
238,417.00,162.47
239,418.50,148.44
240,420.00,134.12
241,421.50,119.64
242,423.00,105.14
243,424.50,90.78
244,426.00,76.69
245,427.50,63.02
246,429.00,49.93
247,430.50,42.00
248,432.00,42.00
249,433.50,42.00
250,435.00,42.00
251,436.50,42.00
252,438.00,42.00
253,439.50,42.00
254,441.00,42.00
255,442.50,42.00
256,444.00,42.00
257,445.50,42.00
258,447.00,42.00
259,448.50,42.00
260,450.00,42.00
261,451.50,42.00
262,453.00,42.00
263,454.50,42.00
264,456.00,42.00
265,457.50,42.00
266,459.00,48.13
267,460.50,61.40
268,462.00,75.32
269,463.50,89.75
270,465.00,104.54
271,466.50,119.53
272,468.00,134.58
273,469.50,149.54
274,471.00,164.26
275,472.50,178.63
276,474.00,192.50
277,475.50,205.76
278,477.00,218.32
279,478.50,230.08
280,480.00,240.98
281,481.50,250.94
282,483.00,259.94
283,484.50,267.94
284,486.00,274.93
285,487.50,280.91
286,489.00,285.90
287,490.50,289.95
288,492.00,293.09
289,493.50,295.38
290,495.00,296.89
291,496.50,297.71
292,498.00,297.91
293,499.50,297.59
294,501.00,296.85
295,502.50,295.77
296,504.00,294.47
297,505.50,293.02
298,507.00,291.53
299,508.50,290.07
300,510.00,288.73
301,511.50,287.57
302,513.00,286.66
303,514.50,286.03
304,516.00,285.73
305,517.50,285.77
306,519.00,286.17
307,520.50,286.92
308,522.00,288.01
309,523.50,289.39
310,525.00,291.03
311,526.50,292.88
312,528.00,294.86
313,529.50,296.91
314,531.00,298.93
315,532.50,300.84
316,534.00,302.54
317,535.50,303.93
318,537.00,304.92
319,538.50,305.41
320,540.00,305.30
321,541.50,304.51
322,543.00,302.94
323,544.50,300.53
324,546.00,297.20
325,547.50,292.91
326,549.00,287.61
327,550.50,281.27
328,552.00,273.89
329,553.50,265.46
330,555.00,256.01
331,556.50,245.56
332,558.00,234.18
333,559.50,221.92
334,561.00,208.88
335,562.50,195.14
336,564.00,180.81
337,565.50,166.01
338,567.00,150.88
339,568.50,135.55
340,570.00,120.17
341,571.50,104.89
342,573.00,89.87
343,574.50,75.24
344,576.00,61.17
345,577.50,47.81
346,579.00,42.00
347,580.50,42.00
348,582.00,42.00
349,583.50,42.00
350,585.00,42.00
351,586.50,42.00
352,588.00,42.00
353,589.50,42.00
354,591.00,42.00
355,592.50,42.00
356,594.00,42.00
357,595.50,42.00
358,597.00,42.00
359,598.50,42.00
360,600.00,42.00
361,601.50,42.00
362,603.00,42.00
363,604.50,42.00
364,606.00,42.00
365,607.50,50.76
366,609.00,63.65
367,610.50,77.07
368,612.00,90.87
369,613.50,104.90
370,615.00,119.01
371,616.50,133.06
372,618.00,146.93
373,619.50,160.47
374,621.00,173.57
375,622.50,186.13
376,624.00,198.04
377,625.50,209.23
378,627.00,219.62
379,628.50,229.17
380,630.00,237.83
381,631.50,245.59
382,633.00,252.43
383,634.50,258.37
384,636.00,263.42
385,637.50,267.64
386,639.00,271.05
387,640.50,273.73
388,642.00,275.75
389,643.50,277.17
390,645.00,278.10
391,646.50,278.61
392,648.00,278.79
393,649.50,278.75
394,651.00,278.58
395,652.50,278.35
396,654.00,278.16
397,655.50,278.08
398,657.00,278.19
399,658.50,278.54
400,660.00,279.18

user_path
index,user_x,user_y
0,59.00,334.20
1,59.00,334.20
2,59.00,333.20
3,59.00,333.20
4,59.00,333.20
5,59.00,333.20
6,59.00,332.20
7,59.00,332.20
8,59.00,332.20
9,59.00,331.20
10,59.00,331.20
11,59.00,331.20
12,59.00,330.20
13,60.00,330.20
14,60.00,329.20
15,60.00,329.20
16,60.00,329.20
17,60.00,329.20
18,60.00,329.20
19,60.00,328.20
20,60.00,328.20
21,60.00,328.20
22,60.00,328.20
23,60.00,327.20
24,60.00,327.20
25,60.00,327.20
26,61.00,326.20
27,61.00,326.20
28,61.00,326.20
29,61.00,325.20
30,61.00,325.20
31,61.00,325.20
32,61.00,325.20
33,61.00,325.20
34,61.00,324.20
35,61.00,324.20
36,61.00,324.20
37,61.00,324.20
38,62.00,324.20
39,62.00,323.20
40,62.00,323.20
41,62.00,323.20
42,62.00,322.20
43,62.00,322.20
44,62.00,322.20
45,62.00,321.20
46,62.00,321.20
47,62.00,320.20
48,63.00,319.20
49,63.00,319.20
50,63.00,318.20
51,63.00,318.20
52,63.00,317.20
53,64.00,317.20
54,64.00,317.20
55,64.00,316.20
56,64.00,316.20
57,64.00,315.20
58,64.00,315.20
59,64.00,315.20
60,65.00,315.20
61,65.00,314.20
62,65.00,314.20
63,65.00,313.20
64,65.00,313.20
65,66.00,313.20
66,66.00,313.20
67,66.00,312.20
68,66.00,312.20
69,66.00,312.20
70,66.00,311.20
71,66.00,311.20
72,66.00,311.20
73,66.00,310.20
74,67.00,310.20
75,67.00,309.20
76,67.00,309.20
77,67.00,309.20
78,67.00,308.20
79,67.00,308.20
80,67.00,308.20
81,67.00,307.20
82,67.00,307.20
83,67.00,307.20
84,67.00,306.20
85,67.00,306.20
86,67.00,306.20
87,67.00,305.20
88,67.00,305.20
89,68.00,304.20
90,68.00,304.20
91,68.00,304.20
92,68.00,303.20
93,68.00,303.20
94,68.00,303.20
95,68.00,302.20
96,68.00,302.20
97,68.00,302.20
98,68.00,302.20
99,68.00,302.20
100,68.00,301.20
101,68.00,299.20
102,68.00,299.20
103,68.00,298.20
104,68.00,297.20
105,68.00,297.20
106,68.00,297.20
107,68.00,296.20
108,68.00,296.20
109,69.00,296.20
110,69.00,295.20
111,69.00,294.20
112,69.00,294.20
113,69.00,294.20
114,69.00,294.20
115,69.00,294.20
116,69.00,293.20
117,69.00,293.20
118,69.00,293.20
119,70.00,292.20
120,70.00,292.20
121,70.00,292.20
122,70.00,291.20
123,70.00,291.20
124,70.00,290.20
125,71.00,290.20
126,71.00,290.20
127,71.00,289.20
128,71.00,289.20
129,71.00,288.20
130,71.00,288.20
131,71.00,288.20
132,71.00,287.20
133,71.00,287.20
134,71.00,287.20
135,72.00,286.20
136,72.00,286.20
137,72.00,285.20
138,72.00,285.20
139,72.00,285.20
140,72.00,284.20
141,73.00,284.20
142,73.00,283.20
143,73.00,283.20
144,73.00,283.20
145,73.00,283.20
146,73.00,282.20
147,73.00,281.20
148,74.00,281.20
149,74.00,281.20
150,74.00,280.20
151,74.00,280.20
152,74.00,280.20
153,74.00,279.20
154,74.00,279.20
155,75.00,279.20
156,75.00,278.20
157,75.00,278.20
158,75.00,277.20
159,75.00,277.20
160,75.00,276.20
161,75.00,275.20
162,76.00,274.20
163,76.00,274.20
164,76.00,273.20
165,77.00,272.20
166,77.00,272.20
167,77.00,271.20
168,77.00,271.20
169,77.00,270.20
170,78.00,270.20
171,78.00,269.20
172,78.00,269.20
173,78.00,268.20
174,79.00,268.20
175,79.00,267.20
176,79.00,267.20
177,79.00,267.20
178,79.00,266.20
179,79.00,266.20
180,80.00,265.20
181,80.00,265.20
182,80.00,265.20
183,80.00,264.20
184,80.00,264.20
185,80.00,263.20
186,81.00,263.20
187,81.00,262.20
188,81.00,262.20
189,81.00,261.20
190,81.00,261.20
191,81.00,261.20
192,81.00,261.20
193,81.00,260.20
194,81.00,260.20
195,81.00,260.20
196,81.00,259.20
197,82.00,259.20
198,82.00,258.20
199,82.00,258.20
200,82.00,258.20
201,82.00,258.20
202,82.00,257.20
203,82.00,257.20
204,82.00,256.20
205,83.00,256.20
206,83.00,256.20
207,83.00,256.20
208,84.00,255.20
209,84.00,255.20
210,84.00,255.20
211,84.00,254.20
212,84.00,254.20
213,84.00,254.20
214,84.00,254.20
215,85.00,254.20
216,85.00,254.20
217,85.00,253.20
218,85.00,253.20
219,86.00,253.20
220,86.00,253.20
221,86.00,252.20
222,86.00,252.20
223,87.00,252.20
224,87.00,251.20
225,87.00,251.20
226,87.00,251.20
227,87.00,250.20
228,88.00,250.20
229,88.00,250.20
230,88.00,250.20
231,88.00,249.20
232,88.00,249.20
233,88.00,249.20
234,89.00,249.20
235,89.00,249.20
236,89.00,248.20
237,89.00,248.20
238,89.00,248.20
239,90.00,247.20
240,90.00,247.20
241,90.00,247.20
242,90.00,247.20
243,90.00,247.20
244,90.00,246.20
245,90.00,246.20
246,90.00,246.20
247,91.00,246.20
248,91.00,246.20
249,91.00,246.20
250,91.00,245.20
251,92.00,245.20
252,92.00,245.20
253,92.00,245.20
254,92.00,245.20
255,92.00,245.20
256,93.00,244.20
257,93.00,244.20
258,93.00,244.20
259,94.00,244.20
260,94.00,244.20
261,95.00,244.20
262,95.00,244.20
263,95.00,244.20
264,96.00,243.20
265,96.00,243.20
266,96.00,243.20
267,97.00,243.20
268,97.00,243.20
269,97.00,242.20
270,97.00,242.20
271,98.00,242.20
272,98.00,242.20
273,99.00,241.20
274,99.00,241.20
275,99.00,240.20
276,99.00,240.20
277,100.00,239.20
278,100.00,238.20
279,100.00,238.20
280,101.00,237.20
281,101.00,236.20
282,101.00,236.20
283,101.00,235.20
284,101.00,235.20
285,102.00,235.20
286,102.00,234.20
287,102.00,234.20
288,102.00,234.20
289,102.00,234.20
290,102.00,234.20
291,102.00,233.20
292,102.00,233.20
293,102.00,233.20
294,102.00,233.20
295,102.00,233.20
296,103.00,233.20
297,103.00,232.20
298,103.00,232.20
299,103.00,231.20
300,103.00,231.20
301,103.00,230.20
302,104.00,230.20
303,104.00,230.20
304,104.00,229.20
305,104.00,229.20
306,104.00,229.20
307,104.00,228.20
308,105.00,228.20
309,105.00,228.20
310,105.00,228.20
311,105.00,227.20
312,105.00,227.20
313,105.00,227.20
314,105.00,226.20
315,105.00,226.20
316,106.00,225.20
317,106.00,225.20
318,106.00,225.20
319,106.00,224.20
320,106.00,224.20
321,106.00,224.20
322,106.00,223.20
323,106.00,223.20
324,106.00,223.20
325,106.00,222.20
326,106.00,222.20
327,106.00,222.20
328,106.00,222.20
329,106.00,222.20
330,106.00,222.20
331,107.00,221.20
332,107.00,221.20
333,107.00,221.20
334,107.00,220.20
335,107.00,220.20
336,107.00,219.20
337,107.00,219.20
338,108.00,219.20
339,108.00,219.20
340,108.00,218.20
341,108.00,218.20
342,108.00,218.20
343,108.00,218.20
344,108.00,217.20
345,108.00,217.20
346,108.00,217.20
347,108.00,217.20
348,108.00,217.20
349,109.00,217.20
350,109.00,216.20
351,109.00,216.20
352,109.00,216.20
353,109.00,216.20
354,109.00,215.20
355,109.00,215.20
356,110.00,215.20
357,110.00,214.20
358,110.00,214.20
359,110.00,214.20
360,110.00,213.20
361,110.00,213.20
362,110.00,213.20
363,110.00,213.20
364,110.00,213.20
365,110.00,212.20
366,110.00,212.20
367,110.00,212.20
368,110.00,211.20
369,111.00,211.20
370,111.00,211.20
371,111.00,211.20
372,111.00,211.20
373,111.00,210.20
374,111.00,210.20
375,111.00,210.20
376,111.00,209.20
377,111.00,209.20
378,111.00,209.20
379,111.00,209.20
380,111.00,208.20
381,111.00,208.20
382,111.00,207.20
383,111.00,207.20
384,111.00,207.20
385,111.00,207.20
386,111.00,206.20
387,111.00,206.20
388,111.00,206.20
389,111.00,205.20
390,111.00,205.20
391,111.00,205.20
392,111.00,205.20
393,111.00,204.20
394,111.00,204.20
395,112.00,204.20
396,112.00,203.20
397,112.00,203.20
398,112.00,202.20
399,112.00,202.20
400,112.00,202.20
401,112.00,201.20
402,112.00,201.20
403,112.00,201.20
404,112.00,200.20
405,112.00,200.20
406,113.00,200.20
407,113.00,199.20
408,113.00,199.20
409,113.00,199.20
410,113.00,199.20
411,113.00,199.20
412,113.00,198.20
413,113.00,198.20
414,113.00,198.20
415,113.00,198.20
416,113.00,197.20
417,113.00,197.20
418,113.00,197.20
419,114.00,197.20
420,114.00,196.20
421,114.00,196.20
422,114.00,196.20
423,114.00,195.20
424,114.00,195.20
425,114.00,195.20
426,114.00,194.20
427,114.00,194.20
428,114.00,194.20
429,114.00,193.20
430,114.00,193.20
431,114.00,193.20
432,115.00,193.20
433,115.00,192.20
434,115.00,192.20
435,115.00,192.20
436,115.00,191.20
437,115.00,191.20
438,115.00,191.20
439,115.00,191.20
440,115.00,190.20
441,115.00,190.20
442,115.00,190.20
443,115.00,189.20
444,115.00,189.20
445,115.00,189.20
446,115.00,188.20
447,115.00,188.20
448,115.00,188.20
449,115.00,187.20
450,115.00,187.20
451,115.00,186.20
452,115.00,186.20
453,115.00,186.20
454,116.00,185.20
455,116.00,185.20
456,116.00,184.20
457,116.00,184.20
458,116.00,183.20
459,116.00,183.20
460,116.00,183.20
461,116.00,182.20
462,116.00,182.20
463,116.00,181.20
464,117.00,181.20
465,117.00,181.20
466,117.00,181.20
467,117.00,180.20
468,117.00,180.20
469,117.00,180.20
470,117.00,180.20
471,117.00,180.20
472,118.00,180.20
473,118.00,180.20
474,118.00,178.20
475,118.00,177.20
476,118.00,177.20
477,118.00,176.20
478,118.00,175.20
479,118.00,175.20
480,118.00,174.20
481,118.00,174.20
482,118.00,173.20
483,118.00,173.20
484,118.00,172.20
485,118.00,172.20
486,118.00,171.20
487,118.00,171.20
488,118.00,171.20
489,118.00,170.20
490,118.00,170.20
491,118.00,170.20
492,118.00,169.20
493,118.00,169.20
494,118.00,169.20
495,118.00,168.20
496,118.00,167.20
497,118.00,167.20
498,118.00,166.20
499,118.00,164.20
500,118.00,164.20
501,118.00,162.20
502,118.00,162.20
503,119.00,161.20
504,119.00,160.20
505,119.00,160.20
506,119.00,160.20
507,119.00,160.20
508,119.00,159.20
509,119.00,159.20
510,119.00,159.20
511,119.00,159.20
512,119.00,158.20
513,119.00,158.20
514,119.00,158.20
515,119.00,157.20
516,119.00,157.20
517,119.00,157.20
518,119.00,156.20
519,119.00,156.20
520,119.00,156.20
521,119.00,155.20
522,119.00,155.20
523,119.00,154.20
524,119.00,154.20
525,120.00,153.20
526,120.00,153.20
527,120.00,152.20
528,120.00,152.20
529,120.00,152.20
530,120.00,151.20
531,120.00,151.20
532,120.00,150.20
533,120.00,150.20
534,120.00,149.20
535,120.00,149.20
536,120.00,148.20
537,120.00,148.20
538,120.00,148.20
539,120.00,148.20
540,120.00,148.20
541,120.00,147.20
542,120.00,147.20
543,120.00,147.20
544,120.00,147.20
545,120.00,146.20
546,120.00,146.20
547,120.00,146.20
548,120.00,146.20
549,120.00,145.20
550,120.00,145.20
551,120.00,145.20
552,120.00,145.20
553,120.00,145.20
554,121.00,145.20
555,121.00,144.20
556,121.00,144.20
557,121.00,144.20
558,121.00,143.20
559,121.00,143.20
560,121.00,143.20
561,121.00,143.20
562,121.00,142.20
563,121.00,142.20
564,121.00,142.20
565,121.00,142.20
566,121.00,142.20
567,121.00,141.20
568,121.00,141.20
569,121.00,140.20
570,121.00,140.20
571,121.00,140.20
572,121.00,139.20
573,121.00,139.20
574,121.00,139.20
575,121.00,139.20
576,121.00,138.20
577,121.00,138.20
578,121.00,138.20
579,121.00,137.20
580,121.00,137.20
581,121.00,136.20
582,121.00,136.20
583,121.00,136.20
584,121.00,135.20
585,121.00,135.20
586,121.00,135.20
587,121.00,134.20
588,121.00,134.20
589,121.00,134.20
590,121.00,133.20
591,121.00,133.20
592,121.00,132.20
593,121.00,132.20
594,121.00,132.20
595,121.00,131.20
596,121.00,131.20
597,121.00,131.20
598,121.00,131.20
599,121.00,130.20
600,121.00,130.20
601,122.00,130.20
602,122.00,130.20
603,122.00,129.20
604,122.00,129.20
605,122.00,128.20
606,122.00,128.20
607,122.00,128.20
608,122.00,128.20
609,122.00,128.20
610,122.00,127.20
611,122.00,127.20
612,122.00,126.20
613,122.00,126.20
614,122.00,125.20
615,122.00,124.20
616,122.00,124.20
617,123.00,124.20
618,123.00,123.20
619,123.00,123.20
620,123.00,123.20
621,123.00,122.20
622,123.00,122.20
623,123.00,121.20
624,123.00,121.20
625,123.00,120.20
626,124.00,119.20
627,124.00,118.20
628,124.00,118.20
629,124.00,118.20
630,124.00,117.20
631,124.00,117.20
632,124.00,117.20
633,125.00,116.20
634,125.00,116.20
635,125.00,115.20
636,125.00,114.20
637,126.00,114.20
638,126.00,112.20
639,126.00,112.20
640,127.00,111.20
641,127.00,111.20
642,127.00,110.20
643,127.00,110.20
644,127.00,110.20
645,127.00,110.20
646,127.00,110.20
647,127.00,109.20
648,127.00,109.20
649,127.00,109.20
650,127.00,109.20
651,127.00,109.20
652,127.00,109.20
653,127.00,109.20
654,128.00,109.20
655,128.00,108.20
656,128.00,107.20
657,128.00,107.20
658,128.00,107.20
659,128.00,106.20
660,128.00,106.20
661,127.00,105.20
662,127.00,105.20
663,127.00,104.20
664,127.00,104.20
665,127.00,104.20
666,127.00,103.20
667,127.00,103.20
668,127.00,103.20
669,127.00,102.20
670,127.00,102.20
671,127.00,101.20
672,127.00,101.20
673,127.00,101.20
674,127.00,101.20
675,127.00,101.20
676,127.00,100.20
677,127.00,100.20
678,127.00,100.20
679,127.00,99.20
680,127.00,99.20
681,127.00,99.20
682,127.00,98.20
683,127.00,98.20
684,127.00,98.20
685,127.00,98.20
686,127.00,97.20
687,127.00,97.20
688,127.00,97.20
689,127.00,96.20
690,127.00,96.20
691,127.00,95.20
692,127.00,94.20
693,127.00,94.20
694,127.00,94.20
695,127.00,93.20
696,127.00,93.20
697,127.00,92.20
698,127.00,92.20
699,127.00,92.20
700,127.00,92.20
701,127.00,92.20
702,127.00,91.20
703,128.00,91.20
704,128.00,91.20
705,128.00,90.20
706,128.00,90.20
707,128.00,90.20
708,128.00,89.20
709,128.00,89.20
710,128.00,89.20
711,128.00,88.20
712,128.00,88.20
713,128.00,87.20
714,128.00,87.20
715,128.00,87.20
716,128.00,86.20
717,128.00,86.20
718,128.00,85.20
719,128.00,84.20
720,128.00,84.20
721,128.00,84.20
722,128.00,83.20
723,128.00,83.20
724,128.00,83.20
725,128.00,82.20
726,128.00,82.20
727,128.00,82.20
728,128.00,81.20
729,128.00,81.20
730,128.00,81.20
731,128.00,80.20
732,128.00,80.20
733,128.00,80.20
734,129.00,80.20
735,129.00,79.20
736,129.00,79.20
737,129.00,78.20
738,129.00,78.20
739,129.00,77.20
740,129.00,77.20
741,129.00,76.20
742,130.00,76.20
743,130.00,75.20
744,130.00,75.20
745,130.00,74.20
746,130.00,73.20
747,130.00,73.20
748,130.00,73.20
749,130.00,72.20
750,130.00,72.20
751,130.00,72.20
752,130.00,72.20
753,130.00,71.20
754,130.00,71.20
755,131.00,71.20
756,131.00,70.20
757,131.00,70.20
758,131.00,69.20
759,131.00,68.20
760,131.00,67.20
761,131.00,67.20
762,131.00,66.20
763,131.00,66.20
764,131.00,66.20
765,131.00,66.20
766,131.00,65.20
767,131.00,65.20
768,131.00,65.20
769,131.00,65.20
770,131.00,65.20
771,131.00,64.20
772,131.00,64.20
773,131.00,64.20
774,131.00,64.20
775,131.00,64.20
776,131.00,63.20
777,131.00,63.20
778,131.00,63.20
779,131.00,63.20
780,131.00,62.20
781,131.00,62.20
782,131.00,62.20
783,131.00,61.20
784,131.00,61.20
785,131.00,60.20
786,131.00,60.20
787,131.00,59.20
788,131.00,59.20
789,131.00,58.20
790,131.00,58.20
791,131.00,58.20
792,131.00,57.20
793,131.00,57.20
794,131.00,57.20
795,131.00,57.20
796,131.00,56.20
797,131.00,56.20
798,131.00,56.20
799,131.00,56.20
800,132.00,56.20
801,132.00,55.20
802,132.00,55.20
803,132.00,55.20
804,132.00,55.20
805,132.00,55.20
806,132.00,54.20
807,132.00,54.20
808,132.00,53.20
809,133.00,52.20
810,133.00,51.20
811,133.00,50.20
812,133.00,50.20
813,133.00,50.20
814,133.00,49.20
815,133.00,49.20
816,133.00,49.20
817,133.00,49.20
818,133.00,49.20
819,133.00,48.20
820,133.00,48.20
821,134.00,48.20
822,134.00,48.20
823,134.00,48.20
824,134.00,48.20
825,134.00,47.20
826,134.00,47.20
827,134.00,47.20
828,134.00,47.20
829,134.00,47.20
830,134.00,46.20
831,134.00,46.20
832,134.00,46.20
833,134.00,46.20
834,134.00,46.20
835,134.00,46.20
836,134.00,45.20
837,134.00,45.20
838,134.00,45.20
839,134.00,45.20
840,134.00,44.20
841,134.00,44.20
842,134.00,44.20
843,134.00,44.20
844,134.00,43.20
845,134.00,43.20
846,134.00,43.20
847,134.00,43.20
848,134.00,43.20
849,134.00,42.20
850,134.00,42.20
851,134.00,42.20
852,134.00,42.20
853,134.00,42.20
854,134.00,42.20
855,134.00,42.20
856,134.00,42.20
857,135.00,42.20
858,135.00,42.20
859,135.00,42.20
860,135.00,42.20
861,136.00,42.20
862,136.00,42.20
863,137.00,42.20
864,137.00,41.20
865,137.00,41.20
866,138.00,41.20
867,138.00,41.20
868,138.00,41.20
869,138.00,41.20
870,139.00,41.20
871,139.00,41.20
872,139.00,41.20
873,139.00,41.20
874,139.00,41.20
875,140.00,41.20
876,140.00,41.20
877,140.00,41.20
878,140.00,41.20
879,140.00,41.20
880,140.00,41.20
881,141.00,41.20
882,141.00,41.20
883,141.00,41.20
884,141.00,41.20
885,142.00,41.20
886,142.00,41.20
887,142.00,41.20
888,142.00,41.20
889,142.00,41.20
890,143.00,41.20
891,143.00,41.20
892,144.00,41.20
893,144.00,41.20
894,144.00,41.20
895,145.00,41.20
896,145.00,41.20
897,145.00,41.20
898,145.00,41.20
899,146.00,41.20
900,146.00,41.20
901,146.00,41.20
902,147.00,41.20
903,147.00,41.20
904,147.00,41.20
905,148.00,41.20
906,148.00,41.20
907,148.00,41.20
908,149.00,41.20
909,149.00,41.20
910,150.00,41.20
911,150.00,41.20
912,151.00,41.20
913,151.00,41.20
914,152.00,41.20
915,152.00,41.20
916,152.00,41.20
917,152.00,41.20
918,153.00,41.20
919,153.00,41.20
920,154.00,41.20
921,154.00,41.20
922,154.00,41.20
923,154.00,41.20
924,155.00,41.20
925,155.00,41.20
926,155.00,41.20
927,155.00,41.20
928,156.00,41.20
929,156.00,41.20
930,156.00,41.20
931,156.00,41.20
932,157.00,41.20
933,157.00,40.20
934,157.00,40.20
935,157.00,40.20
936,157.00,40.20
937,158.00,40.20
938,158.00,40.20
939,158.00,40.20
940,158.00,40.20
941,158.00,40.20
942,158.00,40.20
943,158.00,41.20
944,159.00,41.20
945,159.00,41.20
946,159.00,41.20
947,159.00,41.20
948,159.00,41.20
949,159.00,42.20
950,159.00,42.20
951,159.00,42.20
952,160.00,42.20
953,160.00,42.20
954,160.00,42.20
955,160.00,43.20
956,160.00,43.20
957,160.00,43.20
958,160.00,43.20
959,160.00,43.20
960,160.00,43.20
961,160.00,44.20
962,160.00,44.20
963,160.00,44.20
964,160.00,45.20
965,160.00,45.20
966,160.00,45.20
967,160.00,46.20
968,160.00,46.20
969,160.00,46.20
970,160.00,46.20
971,160.00,47.20
972,160.00,47.20
973,160.00,47.20
974,160.00,47.20
975,160.00,48.20
976,160.00,48.20
977,160.00,48.20
978,160.00,48.20
979,160.00,49.20
980,160.00,49.20
981,160.00,50.20
982,161.00,50.20
983,161.00,50.20
984,161.00,50.20
985,161.00,51.20
986,161.00,51.20
987,161.00,51.20
988,161.00,52.20
989,161.00,52.20
990,161.00,53.20
991,161.00,53.20
992,161.00,53.20
993,161.00,54.20
994,161.00,54.20
995,161.00,55.20
996,161.00,55.20
997,161.00,55.20
998,161.00,56.20
999,161.00,56.20
1000,161.00,56.20
1001,161.00,57.20
1002,161.00,57.20
1003,161.00,58.20
1004,162.00,58.20
1005,162.00,58.20
1006,162.00,59.20
1007,162.00,59.20
1008,162.00,60.20
1009,162.00,60.20
1010,162.00,60.20
1011,162.00,61.20
1012,162.00,61.20
1013,162.00,62.20
1014,162.00,62.20
1015,162.00,62.20
1016,162.00,63.20
1017,162.00,63.20
1018,162.00,64.20
1019,162.00,65.20
1020,162.00,66.20
1021,162.00,66.20
1022,162.00,67.20
1023,162.00,67.20
1024,162.00,68.20
1025,162.00,68.20
1026,162.00,69.20
1027,162.00,69.20
1028,162.00,70.20
1029,163.00,70.20
1030,163.00,70.20
1031,163.00,70.20
1032,163.00,71.20
1033,163.00,71.20
1034,163.00,71.20
1035,163.00,71.20
1036,163.00,72.20
1037,163.00,72.20
1038,163.00,73.20
1039,163.00,74.20
1040,163.00,74.20
1041,164.00,75.20
1042,164.00,75.20
1043,164.00,76.20
1044,164.00,76.20
1045,164.00,76.20
1046,164.00,77.20
1047,165.00,77.20
1048,165.00,77.20
1049,165.00,77.20
1050,165.00,77.20
1051,165.00,78.20
1052,165.00,78.20
1053,165.00,78.20
1054,165.00,79.20
1055,165.00,79.20
1056,165.00,79.20
1057,166.00,80.20
1058,166.00,80.20
1059,166.00,80.20
1060,166.00,80.20
1061,166.00,80.20
1062,166.00,80.20
1063,166.00,80.20
1064,166.00,81.20
1065,166.00,81.20
1066,166.00,81.20
1067,166.00,82.20
1068,166.00,82.20
1069,166.00,82.20
1070,166.00,82.20
1071,166.00,82.20
1072,166.00,82.20
1073,166.00,83.20
1074,166.00,84.20
1075,166.00,84.20
1076,166.00,85.20
1077,166.00,85.20
1078,166.00,85.20
1079,166.00,86.20
1080,166.00,86.20
1081,166.00,86.20
1082,166.00,86.20
1083,166.00,86.20
1084,166.00,87.20
1085,166.00,87.20
1086,166.00,87.20
1087,166.00,87.20
1088,166.00,88.20
1089,166.00,88.20
1090,166.00,88.20
1091,166.00,88.20
1092,166.00,88.20
1093,166.00,89.20
1094,166.00,89.20
1095,166.00,90.20
1096,166.00,90.20
1097,166.00,91.20
1098,167.00,91.20
1099,167.00,91.20
1100,167.00,92.20
1101,167.00,92.20
1102,167.00,92.20
1103,167.00,92.20
1104,167.00,93.20
1105,167.00,93.20
1106,167.00,93.20
1107,167.00,93.20
1108,167.00,94.20
1109,167.00,94.20
1110,167.00,94.20
1111,168.00,94.20
1112,168.00,94.20
1113,168.00,94.20
1114,168.00,95.20
1115,168.00,95.20
1116,168.00,95.20
1117,168.00,95.20
1118,168.00,95.20
1119,168.00,96.20
1120,168.00,96.20
1121,168.00,96.20
1122,168.00,97.20
1123,168.00,97.20
1124,168.00,97.20
1125,168.00,97.20
1126,168.00,97.20
1127,168.00,98.20
1128,168.00,98.20
1129,168.00,98.20
1130,168.00,99.20
1131,168.00,99.20
1132,168.00,100.20
1133,168.00,100.20
1134,168.00,101.20
1135,168.00,101.20
1136,168.00,101.20
1137,168.00,102.20
1138,168.00,102.20
1139,168.00,102.20
1140,169.00,103.20
1141,169.00,103.20
1142,169.00,103.20
1143,169.00,104.20
1144,169.00,104.20
1145,169.00,104.20
1146,169.00,105.20
1147,169.00,105.20
1148,169.00,105.20
1149,169.00,106.20
1150,169.00,106.20
1151,169.00,106.20
1152,169.00,106.20
1153,169.00,107.20
1154,169.00,107.20
1155,169.00,108.20
1156,169.00,108.20
1157,169.00,109.20
1158,169.00,109.20
1159,169.00,110.20
1160,169.00,111.20
1161,169.00,111.20
1162,169.00,111.20
1163,169.00,112.20
1164,169.00,113.20
1165,169.00,114.20
1166,169.00,114.20
1167,169.00,115.20
1168,169.00,115.20
1169,169.00,116.20
1170,169.00,116.20
1171,169.00,116.20
1172,169.00,117.20
1173,169.00,117.20
1174,169.00,118.20
1175,169.00,118.20
1176,169.00,119.20
1177,169.00,119.20
1178,169.00,120.20
1179,169.00,120.20
1180,169.00,121.20
1181,169.00,121.20
1182,169.00,122.20
1183,169.00,122.20
1184,169.00,123.20
1185,169.00,123.20
1186,169.00,123.20
1187,169.00,124.20
1188,169.00,124.20
1189,169.00,125.20
1190,169.00,125.20
1191,169.00,126.20
1192,169.00,127.20
1193,169.00,127.20
1194,169.00,128.20
1195,169.00,128.20
1196,169.00,129.20
1197,169.00,129.20
1198,169.00,129.20
1199,169.00,129.20
1200,169.00,130.20
1201,169.00,130.20
1202,169.00,131.20
1203,169.00,131.20
1204,169.00,132.20
1205,170.00,132.20
1206,170.00,133.20
1207,170.00,134.20
1208,170.00,135.20
1209,170.00,136.20
1210,171.00,136.20
1211,171.00,137.20
1212,171.00,138.20
1213,171.00,138.20
1214,171.00,139.20
1215,171.00,139.20
1216,171.00,140.20
1217,171.00,140.20
1218,171.00,141.20
1219,171.00,141.20
1220,171.00,142.20
1221,171.00,143.20
1222,171.00,143.20
1223,171.00,144.20
1224,172.00,145.20
1225,172.00,146.20
1226,172.00,146.20
1227,172.00,147.20
1228,172.00,148.20
1229,172.00,148.20
1230,172.00,149.20
1231,172.00,150.20
1232,172.00,150.20
1233,172.00,151.20
1234,173.00,151.20
1235,173.00,152.20
1236,173.00,152.20
1237,173.00,153.20
1238,173.00,153.20
1239,173.00,154.20
1240,173.00,154.20
1241,173.00,155.20
1242,173.00,155.20
1243,173.00,156.20
1244,173.00,156.20
1245,173.00,156.20
1246,173.00,157.20
1247,173.00,158.20
1248,173.00,159.20
1249,173.00,160.20
1250,173.00,161.20
1251,173.00,161.20
1252,173.00,162.20
1253,173.00,162.20
1254,173.00,163.20
1255,173.00,163.20
1256,173.00,163.20
1257,173.00,165.20
1258,173.00,166.20
1259,173.00,167.20
1260,173.00,168.20
1261,173.00,169.20
1262,173.00,169.20
1263,173.00,170.20
1264,173.00,170.20
1265,173.00,170.20
1266,173.00,171.20
1267,173.00,171.20
1268,174.00,172.20
1269,174.00,172.20
1270,174.00,173.20
1271,174.00,173.20
1272,174.00,173.20
1273,174.00,173.20
1274,174.00,174.20
1275,174.00,174.20
1276,174.00,175.20
1277,174.00,175.20
1278,174.00,175.20
1279,174.00,176.20
1280,174.00,176.20
1281,174.00,176.20
1282,174.00,177.20
1283,174.00,177.20
1284,174.00,177.20
1285,174.00,177.20
1286,174.00,178.20
1287,174.00,178.20
1288,174.00,178.20
1289,174.00,179.20
1290,175.00,179.20
1291,175.00,180.20
1292,175.00,180.20
1293,175.00,180.20
1294,175.00,181.20
1295,175.00,181.20
1296,175.00,182.20
1297,175.00,182.20
1298,175.00,183.20
1299,175.00,184.20
1300,175.00,185.20
1301,175.00,186.20
1302,175.00,186.20
1303,175.00,186.20
1304,175.00,187.20
1305,175.00,187.20
1306,175.00,188.20
1307,175.00,188.20
1308,175.00,188.20
1309,175.00,188.20
1310,175.00,189.20
1311,175.00,189.20
1312,175.00,189.20
1313,175.00,190.20
1314,175.00,190.20
1315,175.00,191.20
1316,175.00,192.20
1317,175.00,193.20
1318,175.00,194.20
1319,175.00,195.20
1320,176.00,196.20
1321,176.00,197.20
1322,176.00,198.20
1323,176.00,199.20
1324,176.00,200.20
1325,176.00,201.20
1326,176.00,201.20
1327,176.00,202.20
1328,176.00,202.20
1329,176.00,202.20
1330,176.00,203.20
1331,177.00,204.20
1332,177.00,204.20
1333,177.00,205.20
1334,177.00,206.20
1335,177.00,207.20
1336,177.00,207.20
1337,178.00,208.20
1338,178.00,209.20
1339,178.00,210.20
1340,178.00,210.20
1341,178.00,211.20
1342,178.00,212.20
1343,179.00,212.20
1344,179.00,213.20
1345,179.00,214.20
1346,179.00,214.20
1347,179.00,215.20
1348,179.00,215.20
1349,179.00,216.20
1350,179.00,217.20
1351,179.00,217.20
1352,179.00,218.20
1353,179.00,218.20
1354,179.00,219.20
1355,179.00,219.20
1356,179.00,220.20
1357,179.00,220.20
1358,179.00,221.20
1359,179.00,222.20
1360,179.00,222.20
1361,179.00,223.20
1362,179.00,223.20
1363,179.00,224.20
1364,179.00,225.20
1365,179.00,225.20
1366,179.00,226.20
1367,179.00,226.20
1368,179.00,227.20
1369,180.00,227.20
1370,180.00,228.20
1371,180.00,229.20
1372,180.00,229.20
1373,180.00,230.20
1374,180.00,231.20
1375,180.00,232.20
1376,180.00,233.20
1377,180.00,234.20
1378,180.00,234.20
1379,180.00,235.20
1380,180.00,236.20
1381,180.00,236.20
1382,180.00,237.20
1383,180.00,237.20
1384,180.00,237.20
1385,180.00,238.20
1386,180.00,238.20
1387,180.00,238.20
1388,180.00,238.20
1389,180.00,238.20
1390,180.00,239.20
1391,180.00,239.20
1392,180.00,240.20
1393,181.00,240.20
1394,181.00,241.20
1395,181.00,242.20
1396,181.00,242.20
1397,181.00,243.20
1398,181.00,243.20
1399,181.00,243.20
1400,181.00,243.20
1401,181.00,243.20
1402,181.00,243.20
1403,181.00,244.20
1404,181.00,244.20
1405,181.00,244.20
1406,181.00,245.20
1407,181.00,245.20
1408,182.00,246.20
1409,182.00,246.20
1410,182.00,247.20
1411,182.00,247.20
1412,182.00,248.20
1413,182.00,248.20
1414,182.00,248.20
1415,182.00,249.20
1416,182.00,249.20
1417,182.00,250.20
1418,182.00,251.20
1419,182.00,251.20
1420,182.00,252.20
1421,182.00,253.20
1422,183.00,253.20
1423,183.00,254.20
1424,183.00,255.20
1425,183.00,255.20
1426,183.00,255.20
1427,183.00,256.20
1428,183.00,256.20
1429,183.00,257.20
1430,183.00,257.20
1431,183.00,258.20
1432,183.00,258.20
1433,183.00,259.20
1434,183.00,259.20
1435,183.00,259.20
1436,183.00,260.20
1437,183.00,260.20
1438,183.00,261.20
1439,183.00,261.20
1440,183.00,262.20
1441,183.00,262.20
1442,183.00,263.20
1443,183.00,263.20
1444,183.00,264.20
1445,183.00,264.20
1446,183.00,265.20
1447,183.00,265.20
1448,183.00,266.20
1449,183.00,266.20
1450,183.00,267.20
1451,183.00,268.20
1452,183.00,268.20
1453,184.00,269.20
1454,184.00,270.20
1455,184.00,270.20
1456,184.00,270.20
1457,184.00,271.20
1458,184.00,271.20
1459,184.00,272.20
1460,184.00,273.20
1461,184.00,273.20
1462,184.00,274.20
1463,184.00,274.20
1464,184.00,275.20
1465,184.00,275.20
1466,185.00,276.20
1467,185.00,276.20
1468,185.00,277.20
1469,185.00,277.20
1470,185.00,278.20
1471,185.00,279.20
1472,185.00,279.20
1473,185.00,280.20
1474,185.00,280.20
1475,186.00,281.20
1476,186.00,281.20
1477,186.00,282.20
1478,186.00,283.20
1479,186.00,284.20
1480,186.00,285.20
1481,186.00,286.20
1482,186.00,287.20
1483,186.00,287.20
1484,186.00,288.20
1485,186.00,289.20
1486,186.00,289.20
1487,186.00,289.20
1488,186.00,290.20
1489,186.00,290.20
1490,186.00,290.20
1491,186.00,291.20
1492,186.00,291.20
1493,186.00,293.20
1494,186.00,293.20
1495,186.00,293.20
1496,186.00,294.20
1497,187.00,294.20
1498,187.00,294.20
1499,187.00,295.20
1500,187.00,295.20
1501,187.00,296.20
1502,187.00,296.20
1503,187.00,296.20
1504,187.00,297.20
1505,187.00,297.20
1506,187.00,297.20
1507,187.00,297.20
1508,187.00,297.20
1509,187.00,298.20
1510,187.00,298.20
1511,187.00,298.20
1512,187.00,299.20
1513,187.00,299.20
1514,187.00,300.20
1515,187.00,300.20
1516,187.00,300.20
1517,187.00,300.20
1518,187.00,301.20
1519,188.00,301.20
1520,188.00,301.20
1521,188.00,301.20
1522,188.00,301.20
1523,188.00,302.20
1524,188.00,302.20
1525,188.00,303.20
1526,188.00,303.20
1527,188.00,304.20
1528,189.00,304.20
1529,189.00,304.20
1530,189.00,305.20
1531,189.00,305.20
1532,189.00,306.20
1533,190.00,306.20
1534,190.00,307.20
1535,190.00,307.20
1536,191.00,308.20
1537,191.00,309.20
1538,191.00,309.20
1539,191.00,309.20
1540,191.00,310.20
1541,191.00,310.20
1542,191.00,310.20
1543,191.00,311.20
1544,192.00,311.20
1545,192.00,311.20
1546,192.00,311.20
1547,192.00,312.20
1548,192.00,312.20
1549,192.00,312.20
1550,192.00,312.20
1551,192.00,313.20
1552,192.00,313.20
1553,192.00,314.20
1554,192.00,314.20
1555,192.00,314.20
1556,193.00,314.20
1557,193.00,315.20
1558,193.00,316.20
1559,193.00,316.20
1560,193.00,317.20
1561,193.00,318.20
1562,193.00,318.20
1563,194.00,319.20
1564,194.00,319.20
1565,194.00,320.20
1566,194.00,320.20
1567,194.00,321.20
1568,194.00,321.20
1569,194.00,322.20
1570,194.00,322.20
1571,194.00,322.20
1572,194.00,323.20
1573,194.00,323.20
1574,194.00,323.20
1575,194.00,324.20
1576,195.00,324.20
1577,195.00,324.20
1578,195.00,324.20
1579,195.00,325.20
1580,195.00,325.20
1581,195.00,325.20
1582,195.00,326.20
1583,195.00,326.20
1584,195.00,326.20
1585,195.00,326.20
1586,195.00,327.20
1587,195.00,327.20
1588,195.00,327.20
1589,195.00,327.20
1590,195.00,327.20
1591,196.00,328.20
1592,196.00,328.20
1593,196.00,328.20
1594,196.00,328.20
1595,196.00,328.20
1596,196.00,329.20
1597,196.00,329.20
1598,196.00,329.20
1599,196.00,329.20
1600,196.00,330.20
1601,197.00,330.20
1602,197.00,330.20
1603,197.00,330.20
1604,197.00,330.20
1605,197.00,330.20
1606,197.00,330.20
1607,197.00,331.20
1608,197.00,331.20
1609,198.00,331.20
1610,198.00,331.20
1611,198.00,331.20
1612,198.00,332.20
1613,198.00,332.20
1614,198.00,332.20
1615,198.00,332.20
1616,199.00,332.20
1617,199.00,332.20
1618,199.00,332.20
1619,199.00,332.20
1620,199.00,332.20
1621,199.00,332.20
1622,199.00,333.20
1623,200.00,333.20
1624,200.00,333.20
1625,200.00,333.20
1626,200.00,333.20
1627,200.00,333.20
1628,200.00,333.20
1629,201.00,333.20
1630,201.00,333.20
1631,201.00,333.20
1632,201.00,333.20
1633,201.00,333.20
1634,202.00,333.20
1635,202.00,333.20
1636,202.00,333.20
1637,202.00,333.20
1638,202.00,333.20
1639,203.00,332.20
1640,203.00,332.20
1641,203.00,332.20
1642,203.00,332.20
1643,204.00,332.20
1644,204.00,332.20
1645,204.00,331.20
1646,204.00,331.20
1647,205.00,331.20
1648,205.00,331.20
1649,205.00,330.20
1650,205.00,330.20
1651,205.00,330.20
1652,206.00,329.20
1653,206.00,329.20
1654,206.00,329.20
1655,206.00,328.20
1656,207.00,328.20
1657,207.00,328.20
1658,207.00,328.20
1659,207.00,328.20
1660,207.00,328.20
1661,207.00,327.20
1662,207.00,327.20
1663,207.00,327.20
1664,207.00,327.20
1665,207.00,326.20
1666,207.00,326.20
1667,208.00,326.20
1668,208.00,325.20
1669,208.00,325.20
1670,208.00,325.20
1671,208.00,324.20
1672,208.00,324.20
1673,208.00,324.20
1674,208.00,323.20
1675,208.00,323.20
1676,208.00,323.20
1677,208.00,323.20
1678,208.00,322.20
1679,209.00,322.20
1680,209.00,322.20
1681,209.00,322.20
1682,209.00,321.20
1683,209.00,321.20
1684,209.00,321.20
1685,209.00,320.20
1686,209.00,320.20
1687,209.00,320.20
1688,209.00,320.20
1689,209.00,320.20
1690,209.00,319.20
1691,209.00,319.20
1692,210.00,319.20
1693,210.00,319.20
1694,210.00,318.20
1695,210.00,318.20
1696,210.00,317.20
1697,210.00,317.20
1698,210.00,317.20
1699,210.00,317.20
1700,210.00,316.20
1701,211.00,316.20
1702,211.00,316.20
1703,211.00,316.20
1704,211.00,315.20
1705,211.00,315.20
1706,211.00,315.20
1707,211.00,315.20
1708,211.00,314.20
1709,211.00,314.20
1710,211.00,314.20
1711,211.00,314.20
1712,211.00,313.20
1713,211.00,313.20
1714,212.00,313.20
1715,212.00,312.20
1716,212.00,311.20
1717,212.00,311.20
1718,212.00,310.20
1719,212.00,309.20
1720,212.00,309.20
1721,212.00,308.20
1722,212.00,308.20
1723,212.00,307.20
1724,212.00,307.20
1725,212.00,307.20
1726,212.00,306.20
1727,212.00,306.20
1728,212.00,306.20
1729,213.00,306.20
1730,213.00,305.20
1731,213.00,305.20
1732,213.00,305.20
1733,213.00,305.20
1734,213.00,304.20
1735,213.00,304.20
1736,213.00,304.20
1737,213.00,303.20
1738,213.00,303.20
1739,213.00,302.20
1740,214.00,302.20
1741,214.00,302.20
1742,214.00,301.20
1743,214.00,301.20
1744,214.00,301.20
1745,214.00,300.20
1746,214.00,300.20
1747,214.00,299.20
1748,214.00,299.20
1749,215.00,298.20
1750,215.00,298.20
1751,215.00,297.20
1752,215.00,297.20
1753,216.00,296.20
1754,216.00,296.20
1755,216.00,295.20
1756,216.00,295.20
1757,217.00,294.20
1758,217.00,294.20
1759,217.00,294.20
1760,218.00,293.20
1761,218.00,292.20
1762,219.00,292.20
1763,219.00,291.20
1764,219.00,290.20
1765,220.00,290.20
1766,220.00,290.20
1767,220.00,289.20
1768,220.00,289.20
1769,220.00,289.20
1770,221.00,288.20
1771,221.00,288.20
1772,221.00,288.20
1773,221.00,287.20
1774,222.00,287.20
1775,222.00,287.20
1776,222.00,287.20
1777,222.00,286.20
1778,222.00,286.20
1779,222.00,286.20
1780,222.00,286.20
1781,222.00,286.20
1782,222.00,285.20
1783,222.00,285.20
1784,222.00,285.20
1785,222.00,285.20
1786,222.00,284.20
1787,222.00,284.20
1788,223.00,284.20
1789,223.00,283.20
1790,223.00,283.20
1791,223.00,282.20
1792,223.00,282.20
1793,223.00,282.20
1794,224.00,281.20
1795,224.00,281.20
1796,224.00,280.20
1797,224.00,280.20
1798,224.00,279.20
1799,225.00,279.20
1800,225.00,278.20
1801,225.00,278.20
1802,225.00,278.20
1803,225.00,278.20
1804,225.00,277.20
1805,225.00,277.20
1806,226.00,277.20
1807,226.00,276.20
1808,226.00,276.20
1809,226.00,276.20
1810,226.00,275.20
1811,226.00,275.20
1812,227.00,275.20
1813,227.00,275.20
1814,227.00,274.20
1815,227.00,274.20
1816,227.00,274.20
1817,228.00,274.20
1818,228.00,273.20
1819,228.00,273.20
1820,228.00,273.20
1821,228.00,273.20
1822,229.00,272.20
1823,229.00,272.20
1824,229.00,271.20
1825,230.00,271.20
1826,230.00,271.20
1827,230.00,271.20
1828,230.00,271.20
1829,230.00,271.20
1830,230.00,271.20
1831,230.00,270.20
1832,231.00,270.20
1833,231.00,270.20
1834,231.00,270.20
1835,232.00,270.20
1836,232.00,270.20
1837,232.00,270.20
1838,233.00,270.20
1839,233.00,269.20
1840,234.00,269.20
1841,234.00,269.20
1842,235.00,269.20
1843,235.00,269.20
1844,235.00,269.20
1845,236.00,269.20
1846,237.00,268.20
1847,237.00,268.20
1848,237.00,268.20
1849,238.00,268.20
1850,238.00,268.20
1851,239.00,268.20
1852,239.00,268.20
1853,239.00,267.20
1854,240.00,267.20
1855,240.00,267.20
1856,241.00,267.20
1857,241.00,267.20
1858,242.00,267.20
1859,242.00,267.20
1860,242.00,267.20
1861,243.00,267.20
1862,243.00,267.20
1863,243.00,267.20
1864,243.00,266.20
1865,243.00,266.20
1866,244.00,266.20
1867,244.00,266.20
1868,244.00,266.20
1869,244.00,266.20
1870,244.00,266.20
1871,244.00,265.20
1872,244.00,265.20
1873,245.00,265.20
1874,245.00,265.20
1875,245.00,265.20
1876,245.00,265.20
1877,245.00,264.20
1878,245.00,264.20
1879,245.00,264.20
1880,246.00,263.20
1881,246.00,263.20
1882,246.00,263.20
1883,246.00,263.20
1884,246.00,262.20
1885,247.00,262.20
1886,247.00,262.20
1887,247.00,261.20
1888,247.00,261.20
1889,247.00,261.20
1890,247.00,261.20
1891,248.00,261.20
1892,248.00,260.20
1893,248.00,260.20
1894,248.00,260.20
1895,249.00,259.20
1896,249.00,259.20
1897,249.00,259.20
1898,249.00,258.20
1899,249.00,258.20
1900,249.00,258.20
1901,249.00,258.20
1902,250.00,258.20
1903,250.00,257.20
1904,250.00,257.20
1905,250.00,257.20
1906,250.00,257.20
1907,250.00,257.20
1908,250.00,256.20
1909,250.00,256.20
1910,250.00,256.20
1911,250.00,256.20
1912,250.00,256.20
1913,250.00,256.20
1914,251.00,255.20
1915,251.00,255.20
1916,251.00,254.20
1917,251.00,254.20
1918,251.00,254.20
1919,251.00,254.20
1920,251.00,253.20
1921,251.00,253.20
1922,251.00,252.20
1923,251.00,252.20
1924,251.00,252.20
1925,251.00,251.20
1926,252.00,251.20
1927,252.00,250.20
1928,252.00,250.20
1929,252.00,250.20
1930,252.00,249.20
1931,252.00,249.20
1932,252.00,249.20
1933,252.00,248.20
1934,252.00,248.20
1935,252.00,248.20
1936,252.00,248.20
1937,252.00,247.20
1938,253.00,247.20
1939,253.00,246.20
1940,253.00,245.20
1941,253.00,244.20
1942,254.00,243.20
1943,254.00,242.20
1944,254.00,242.20
1945,254.00,241.20
1946,255.00,241.20
1947,255.00,240.20
1948,255.00,240.20
1949,255.00,240.20
1950,255.00,239.20
1951,255.00,239.20
1952,255.00,239.20
1953,255.00,239.20
1954,255.00,239.20
1955,256.00,238.20
1956,256.00,238.20
1957,256.00,238.20
1958,256.00,238.20
1959,256.00,237.20
1960,256.00,237.20
1961,256.00,236.20
1962,256.00,236.20
1963,256.00,236.20
1964,256.00,235.20
1965,256.00,235.20
1966,256.00,234.20
1967,256.00,234.20
1968,256.00,234.20
1969,256.00,233.20
1970,256.00,232.20
1971,257.00,232.20
1972,257.00,231.20
1973,257.00,231.20
1974,257.00,231.20
1975,257.00,231.20
1976,257.00,230.20
1977,257.00,230.20
1978,257.00,229.20
1979,257.00,229.20
1980,257.00,229.20
1981,257.00,229.20
1982,257.00,228.20
1983,258.00,228.20
1984,258.00,228.20
1985,258.00,228.20
1986,258.00,227.20
1987,258.00,227.20
1988,258.00,226.20
1989,258.00,226.20
1990,258.00,226.20
1991,258.00,225.20
1992,258.00,225.20
1993,259.00,225.20
1994,259.00,224.20
1995,259.00,224.20
1996,259.00,224.20
1997,259.00,223.20
1998,259.00,223.20
1999,259.00,223.20
2000,259.00,222.20
2001,259.00,222.20
2002,260.00,222.20
2003,260.00,221.20
2004,260.00,221.20
2005,260.00,220.20
2006,260.00,220.20
2007,260.00,220.20
2008,260.00,220.20
2009,260.00,219.20
2010,260.00,219.20
2011,260.00,219.20
2012,261.00,219.20
2013,261.00,218.20
2014,261.00,218.20
2015,261.00,217.20
2016,261.00,217.20
2017,261.00,217.20
2018,261.00,216.20
2019,261.00,216.20
2020,261.00,215.20
2021,262.00,215.20
2022,262.00,215.20
2023,262.00,214.20
2024,262.00,214.20
2025,262.00,214.20
2026,262.00,213.20
2027,262.00,213.20
2028,262.00,213.20
2029,262.00,212.20
2030,262.00,212.20
2031,262.00,212.20
2032,262.00,211.20
2033,262.00,211.20
2034,262.00,210.20
2035,262.00,210.20
2036,262.00,210.20
2037,262.00,209.20
2038,262.00,209.20
2039,262.00,208.20
2040,262.00,208.20
2041,262.00,207.20
2042,262.00,206.20
2043,262.00,205.20
2044,263.00,204.20
2045,263.00,203.20
2046,263.00,202.20
2047,263.00,201.20
2048,263.00,201.20
2049,263.00,200.20
2050,263.00,200.20
2051,263.00,200.20
2052,263.00,199.20
2053,263.00,199.20
2054,263.00,198.20
2055,263.00,197.20
2056,263.00,197.20
2057,263.00,196.20
2058,263.00,195.20
2059,263.00,195.20
2060,263.00,194.20
2061,263.00,194.20
2062,263.00,194.20
2063,263.00,194.20
2064,263.00,193.20
2065,263.00,193.20
2066,263.00,193.20
2067,263.00,192.20
2068,263.00,192.20
2069,263.00,192.20
2070,263.00,192.20
2071,263.00,191.20
2072,264.00,191.20
2073,264.00,191.20
2074,264.00,190.20
2075,264.00,189.20
2076,264.00,187.20
2077,265.00,186.20
2078,265.00,186.20
2079,265.00,185.20
2080,265.00,185.20
2081,266.00,184.20
2082,266.00,184.20
2083,266.00,184.20
2084,266.00,184.20
2085,266.00,183.20
2086,266.00,183.20
2087,266.00,183.20
2088,266.00,183.20
2089,266.00,182.20
2090,266.00,182.20
2091,266.00,182.20
2092,266.00,182.20
2093,266.00,181.20
2094,266.00,181.20
2095,266.00,180.20
2096,266.00,180.20
2097,267.00,180.20
2098,267.00,179.20
2099,267.00,179.20
2100,267.00,179.20
2101,267.00,178.20
2102,267.00,178.20
2103,267.00,178.20
2104,267.00,177.20
2105,267.00,177.20
2106,267.00,176.20
2107,267.00,175.20
2108,267.00,174.20
2109,268.00,173.20
2110,268.00,173.20
2111,268.00,172.20
2112,268.00,171.20
2113,268.00,171.20
2114,268.00,171.20
2115,268.00,170.20
2116,268.00,170.20
2117,268.00,170.20
2118,268.00,169.20
2119,268.00,169.20
2120,268.00,169.20
2121,268.00,169.20
2122,268.00,169.20
2123,268.00,168.20
2124,268.00,168.20
2125,268.00,168.20
2126,268.00,168.20
2127,268.00,167.20
2128,268.00,167.20
2129,268.00,167.20
2130,268.00,166.20
2131,268.00,166.20
2132,268.00,165.20
2133,268.00,165.20
2134,268.00,165.20
2135,268.00,164.20
2136,268.00,164.20
2137,268.00,164.20
2138,268.00,163.20
2139,268.00,163.20
2140,268.00,163.20
2141,268.00,163.20
2142,268.00,162.20
2143,268.00,162.20
2144,268.00,162.20
2145,268.00,161.20
2146,268.00,161.20
2147,268.00,161.20
2148,268.00,160.20
2149,268.00,160.20
2150,268.00,160.20
2151,268.00,160.20
2152,268.00,159.20
2153,268.00,159.20
2154,268.00,159.20
2155,268.00,159.20
2156,268.00,158.20
2157,268.00,157.20
2158,269.00,157.20
2159,269.00,156.20
2160,269.00,156.20
2161,269.00,155.20
2162,269.00,155.20
2163,269.00,154.20
2164,269.00,154.20
2165,269.00,153.20
2166,269.00,153.20
2167,269.00,152.20
2168,269.00,151.20
2169,269.00,151.20
2170,269.00,150.20
2171,269.00,149.20
2172,269.00,149.20
2173,269.00,149.20
2174,269.00,148.20
2175,269.00,148.20
2176,269.00,147.20
2177,269.00,147.20
2178,269.00,147.20
2179,269.00,147.20
2180,269.00,146.20
2181,270.00,145.20
2182,270.00,145.20
2183,270.00,145.20
2184,270.00,144.20
2185,270.00,144.20
2186,270.00,143.20
2187,270.00,143.20
2188,270.00,142.20
2189,270.00,142.20
2190,270.00,142.20
2191,270.00,141.20
2192,270.00,140.20
2193,270.00,140.20
2194,270.00,140.20
2195,270.00,139.20
2196,270.00,139.20
2197,271.00,139.20
2198,271.00,138.20
2199,271.00,138.20
2200,271.00,138.20
2201,271.00,137.20
2202,271.00,137.20
2203,271.00,136.20
2204,271.00,136.20
2205,271.00,136.20
2206,271.00,135.20
2207,271.00,135.20
2208,271.00,134.20
2209,271.00,134.20
2210,272.00,134.20
2211,272.00,133.20
2212,272.00,133.20
2213,272.00,133.20
2214,272.00,133.20
2215,272.00,132.20
2216,272.00,132.20
2217,272.00,132.20
2218,272.00,132.20
2219,272.00,130.20
2220,272.00,129.20
2221,273.00,127.20
2222,273.00,126.20
2223,273.00,125.20
2224,273.00,124.20
2225,273.00,124.20
2226,273.00,123.20
2227,274.00,122.20
2228,274.00,121.20
2229,274.00,121.20
2230,274.00,120.20
2231,274.00,119.20
2232,274.00,119.20
2233,274.00,119.20
2234,274.00,119.20
2235,274.00,118.20
2236,275.00,118.20
2237,275.00,117.20
2238,275.00,117.20
2239,275.00,116.20
2240,275.00,116.20
2241,275.00,116.20
2242,275.00,115.20
2243,275.00,115.20
2244,275.00,114.20
2245,275.00,113.20
2246,275.00,113.20
2247,275.00,112.20
2248,275.00,111.20
2249,275.00,111.20
2250,275.00,110.20
2251,275.00,109.20
2252,275.00,108.20
2253,275.00,107.20
2254,275.00,107.20
2255,275.00,106.20
2256,275.00,105.20
2257,275.00,105.20
2258,275.00,104.20
2259,275.00,104.20
2260,275.00,104.20
2261,275.00,103.20
2262,275.00,103.20
2263,275.00,102.20
2264,275.00,102.20
2265,275.00,101.20
2266,276.00,101.20
2267,276.00,101.20
2268,276.00,100.20
2269,276.00,100.20
2270,276.00,100.20
2271,276.00,99.20
2272,276.00,99.20
2273,276.00,98.20
2274,276.00,98.20
2275,276.00,97.20
2276,276.00,96.20
2277,276.00,96.20
2278,276.00,95.20
2279,276.00,94.20
2280,276.00,94.20
2281,276.00,93.20
2282,276.00,93.20
2283,276.00,92.20
2284,276.00,92.20
2285,276.00,92.20
2286,276.00,92.20
2287,276.00,91.20
2288,276.00,91.20
2289,276.00,91.20
2290,276.00,91.20
2291,276.00,91.20
2292,276.00,89.20
2293,276.00,88.20
2294,277.00,86.20
2295,277.00,85.20
2296,277.00,85.20
2297,277.00,84.20
2298,277.00,84.20
2299,277.00,83.20
2300,277.00,83.20
2301,277.00,82.20
2302,278.00,81.20
2303,278.00,80.20
2304,278.00,79.20
2305,278.00,79.20
2306,278.00,78.20
2307,278.00,78.20
2308,278.00,78.20
2309,278.00,77.20
2310,279.00,77.20
2311,279.00,77.20
2312,279.00,76.20
2313,279.00,76.20
2314,279.00,75.20
2315,279.00,75.20
2316,279.00,74.20
2317,279.00,74.20
2318,279.00,73.20
2319,279.00,73.20
2320,279.00,72.20
2321,279.00,71.20
2322,279.00,71.20
2323,279.00,70.20
2324,279.00,70.20
2325,279.00,69.20
2326,279.00,69.20
2327,279.00,68.20
2328,279.00,67.20
2329,279.00,67.20
2330,279.00,66.20
2331,279.00,66.20
2332,279.00,65.20
2333,279.00,65.20
2334,279.00,65.20
2335,279.00,64.20
2336,279.00,64.20
2337,279.00,63.20
2338,279.00,62.20
2339,280.00,62.20
2340,280.00,61.20
2341,280.00,60.20
2342,280.00,60.20
2343,280.00,59.20
2344,280.00,59.20
2345,280.00,58.20
2346,280.00,57.20
2347,280.00,57.20
2348,280.00,57.20
2349,280.00,56.20
2350,280.00,56.20
2351,280.00,55.20
2352,280.00,55.20
2353,280.00,54.20
2354,280.00,54.20
2355,280.00,53.20
2356,280.00,53.20
2357,280.00,52.20
2358,280.00,52.20
2359,280.00,52.20
2360,280.00,51.20
2361,280.00,51.20
2362,280.00,50.20
2363,280.00,50.20
2364,280.00,50.20
2365,280.00,49.20
2366,280.00,49.20
2367,280.00,48.20
2368,280.00,48.20
2369,280.00,48.20
2370,280.00,47.20
2371,280.00,47.20
2372,280.00,47.20
2373,280.00,47.20
2374,280.00,46.20
2375,280.00,46.20
2376,280.00,46.20
2377,280.00,46.20
2378,280.00,45.20
2379,280.00,45.20
2380,280.00,45.20
2381,280.00,45.20
2382,280.00,45.20
2383,280.00,45.20
2384,280.00,44.20
2385,281.00,44.20
2386,281.00,44.20
2387,281.00,44.20
2388,281.00,44.20
2389,281.00,44.20
2390,281.00,44.20
2391,281.00,44.20
2392,282.00,43.20
2393,282.00,43.20
2394,282.00,43.20
2395,282.00,43.20
2396,283.00,43.20
2397,283.00,42.20
2398,283.00,42.20
2399,283.00,42.20
2400,284.00,42.20
2401,284.00,42.20
2402,284.00,42.20
2403,285.00,42.20
2404,285.00,42.20
2405,285.00,42.20
2406,285.00,42.20
2407,286.00,42.20
2408,286.00,42.20
2409,286.00,42.20
2410,287.00,41.20
2411,287.00,41.20
2412,287.00,41.20
2413,288.00,41.20
2414,288.00,41.20
2415,288.00,41.20
2416,289.00,41.20
2417,289.00,41.20
2418,289.00,41.20
2419,289.00,41.20
2420,289.00,41.20
2421,290.00,41.20
2422,290.00,41.20
2423,290.00,41.20
2424,290.00,41.20
2425,291.00,41.20
2426,291.00,41.20
2427,291.00,41.20
2428,292.00,41.20
2429,292.00,41.20
2430,293.00,41.20
2431,293.00,41.20
2432,293.00,41.20
2433,294.00,41.20
2434,294.00,41.20
2435,295.00,41.20
2436,295.00,41.20
2437,295.00,41.20
2438,296.00,41.20
2439,296.00,41.20
2440,297.00,41.20
2441,297.00,41.20
2442,297.00,41.20
2443,297.00,41.20
2444,298.00,41.20
2445,298.00,41.20
2446,298.00,41.20
2447,299.00,41.20
2448,299.00,41.20
2449,299.00,41.20
2450,299.00,41.20
2451,299.00,41.20
2452,300.00,41.20
2453,300.00,41.20
2454,300.00,41.20
2455,300.00,41.20
2456,301.00,41.20
2457,301.00,41.20
2458,301.00,41.20
2459,302.00,41.20
2460,302.00,41.20
2461,302.00,41.20
2462,302.00,41.20
2463,303.00,41.20
2464,303.00,41.20
2465,303.00,41.20
2466,304.00,41.20
2467,304.00,41.20
2468,304.00,41.20
2469,304.00,41.20
2470,305.00,41.20
2471,305.00,41.20
2472,305.00,41.20
2473,305.00,41.20
2474,305.00,41.20
2475,306.00,41.20
2476,306.00,41.20
2477,306.00,41.20
2478,306.00,42.20
2479,306.00,42.20
2480,306.00,42.20
2481,306.00,42.20
2482,306.00,42.20
2483,307.00,42.20
2484,307.00,42.20
2485,307.00,42.20
2486,307.00,42.20
2487,307.00,42.20
2488,307.00,42.20
2489,307.00,42.20
2490,307.00,43.20
2491,308.00,43.20
2492,308.00,43.20
2493,308.00,43.20
2494,308.00,43.20
2495,308.00,44.20
2496,308.00,44.20
2497,308.00,44.20
2498,308.00,44.20
2499,308.00,44.20
2500,309.00,44.20
2501,309.00,44.20
2502,309.00,44.20
2503,309.00,45.20
2504,309.00,45.20
2505,309.00,45.20
2506,309.00,45.20
2507,309.00,45.20
2508,309.00,45.20
2509,309.00,46.20
2510,309.00,46.20
2511,309.00,46.20
2512,309.00,46.20
2513,309.00,46.20
2514,309.00,47.20
2515,309.00,47.20
2516,309.00,47.20
2517,309.00,47.20
2518,309.00,48.20
2519,309.00,48.20
2520,309.00,48.20
2521,309.00,48.20
2522,309.00,48.20
2523,309.00,49.20
2524,309.00,49.20
2525,309.00,49.20
2526,310.00,49.20
2527,310.00,50.20
2528,310.00,50.20
2529,310.00,50.20
2530,310.00,50.20
2531,310.00,50.20
2532,310.00,51.20
2533,310.00,51.20
2534,310.00,51.20
2535,310.00,52.20
2536,310.00,52.20
2537,310.00,52.20
2538,310.00,53.20
2539,310.00,53.20
2540,310.00,53.20
2541,310.00,53.20
2542,310.00,54.20
2543,310.00,54.20
2544,310.00,54.20
2545,310.00,54.20
2546,310.00,55.20
2547,310.00,56.20
2548,310.00,56.20
2549,310.00,56.20
2550,310.00,56.20
2551,310.00,56.20
2552,310.00,57.20
2553,310.00,57.20
2554,310.00,57.20
2555,310.00,58.20
2556,310.00,58.20
2557,310.00,59.20
2558,310.00,60.20
2559,310.00,60.20
2560,310.00,60.20
2561,310.00,61.20
2562,310.00,61.20
2563,310.00,61.20
2564,310.00,62.20
2565,310.00,62.20
2566,310.00,62.20
2567,310.00,63.20
2568,310.00,63.20
2569,311.00,64.20
2570,311.00,65.20
2571,311.00,65.20
2572,311.00,66.20
2573,311.00,66.20
2574,311.00,67.20
2575,311.00,67.20
2576,311.00,67.20
2577,311.00,68.20
2578,311.00,69.20
2579,311.00,69.20
2580,312.00,70.20
2581,312.00,71.20
2582,312.00,71.20
2583,312.00,72.20
2584,312.00,72.20
2585,312.00,73.20
2586,312.00,73.20
2587,312.00,74.20
2588,312.00,74.20
2589,312.00,75.20
2590,312.00,75.20
2591,312.00,75.20
2592,312.00,76.20
2593,312.00,76.20
2594,313.00,77.20
2595,313.00,78.20
2596,313.00,78.20
2597,313.00,79.20
2598,313.00,80.20
2599,314.00,81.20
2600,314.00,81.20
2601,314.00,83.20
2602,315.00,84.20
2603,315.00,85.20
2604,316.00,86.20
2605,316.00,87.20
2606,316.00,88.20
2607,316.00,88.20
2608,316.00,88.20
2609,316.00,88.20
2610,316.00,88.20
2611,316.00,89.20
2612,316.00,89.20
2613,316.00,89.20
2614,316.00,89.20
2615,316.00,89.20
2616,316.00,90.20
2617,316.00,90.20
2618,316.00,90.20
2619,316.00,91.20
2620,316.00,91.20
2621,316.00,92.20
2622,316.00,92.20
2623,316.00,93.20
2624,316.00,93.20
2625,316.00,93.20
2626,316.00,94.20
2627,316.00,95.20
2628,316.00,95.20
2629,316.00,96.20
2630,316.00,96.20
2631,316.00,97.20
2632,316.00,97.20
2633,316.00,97.20
2634,316.00,98.20
2635,316.00,98.20
2636,316.00,98.20
2637,316.00,99.20
2638,316.00,99.20
2639,316.00,100.20
2640,316.00,100.20
2641,316.00,100.20
2642,316.00,101.20
2643,316.00,101.20
2644,316.00,101.20
2645,316.00,102.20
2646,316.00,102.20
2647,316.00,103.20
2648,316.00,103.20
2649,316.00,104.20
2650,316.00,105.20
2651,316.00,105.20
2652,316.00,105.20
2653,316.00,106.20
2654,316.00,106.20
2655,316.00,107.20
2656,316.00,107.20
2657,316.00,107.20
2658,316.00,108.20
2659,316.00,108.20
2660,316.00,109.20
2661,316.00,110.20
2662,316.00,110.20
2663,316.00,111.20
2664,316.00,111.20
2665,316.00,112.20
2666,317.00,112.20
2667,317.00,113.20
2668,317.00,113.20
2669,317.00,114.20
2670,317.00,114.20
2671,317.00,114.20
2672,317.00,116.20
2673,317.00,116.20
2674,317.00,116.20
2675,317.00,117.20
2676,317.00,117.20
2677,317.00,117.20
2678,317.00,117.20
2679,317.00,118.20
2680,317.00,118.20
2681,317.00,118.20
2682,317.00,119.20
2683,318.00,119.20
2684,318.00,120.20
2685,318.00,120.20
2686,318.00,121.20
2687,318.00,121.20
2688,318.00,121.20
2689,318.00,121.20
2690,318.00,122.20
2691,318.00,122.20
2692,318.00,122.20
2693,318.00,123.20
2694,319.00,123.20
2695,319.00,123.20
2696,319.00,123.20
2697,319.00,124.20
2698,319.00,124.20
2699,319.00,124.20
2700,319.00,125.20
2701,319.00,125.20
2702,319.00,126.20
2703,319.00,126.20
2704,319.00,126.20
2705,319.00,127.20
2706,319.00,127.20
2707,319.00,128.20
2708,319.00,129.20
2709,319.00,129.20
2710,319.00,130.20
2711,319.00,130.20
2712,319.00,131.20
2713,319.00,131.20
2714,319.00,132.20
2715,319.00,132.20
2716,319.00,133.20
2717,319.00,133.20
2718,319.00,134.20
2719,319.00,134.20
2720,319.00,134.20
2721,319.00,135.20
2722,319.00,135.20
2723,319.00,135.20
2724,319.00,137.20
2725,319.00,138.20
2726,319.00,138.20
2727,319.00,139.20
2728,319.00,139.20
2729,319.00,140.20
2730,319.00,140.20
2731,319.00,141.20
2732,319.00,141.20
2733,319.00,142.20
2734,319.00,142.20
2735,319.00,143.20
2736,319.00,143.20
2737,319.00,144.20
2738,319.00,144.20
2739,319.00,145.20
2740,319.00,145.20
2741,319.00,146.20
2742,319.00,146.20
2743,319.00,147.20
2744,319.00,147.20
2745,319.00,148.20
2746,319.00,149.20
2747,320.00,149.20
2748,320.00,150.20
2749,320.00,150.20
2750,320.00,151.20
2751,320.00,152.20
2752,320.00,152.20
2753,320.00,153.20
2754,320.00,153.20
2755,320.00,154.20
2756,320.00,154.20
2757,321.00,155.20
2758,321.00,156.20
2759,321.00,156.20
2760,321.00,157.20
2761,321.00,157.20
2762,321.00,158.20
2763,321.00,158.20
2764,321.00,158.20
2765,321.00,159.20
2766,321.00,159.20
2767,321.00,159.20
2768,321.00,159.20
2769,322.00,160.20
2770,322.00,160.20
2771,322.00,160.20
2772,322.00,161.20
2773,322.00,161.20
2774,322.00,162.20
2775,322.00,162.20
2776,322.00,163.20
2777,322.00,163.20
2778,322.00,163.20
2779,322.00,164.20
2780,322.00,164.20
2781,322.00,164.20
2782,322.00,165.20
2783,322.00,165.20
2784,323.00,166.20
2785,323.00,166.20
2786,323.00,167.20
2787,323.00,167.20
2788,323.00,168.20
2789,323.00,169.20
2790,323.00,169.20
2791,323.00,170.20
2792,323.00,170.20
2793,323.00,171.20
2794,323.00,171.20
2795,323.00,171.20
2796,323.00,172.20
2797,323.00,172.20
2798,323.00,173.20
2799,323.00,174.20
2800,323.00,175.20
2801,323.00,175.20
2802,323.00,176.20
2803,324.00,177.20
2804,324.00,177.20
2805,324.00,178.20
2806,324.00,178.20
2807,324.00,179.20
2808,324.00,179.20
2809,324.00,180.20
2810,324.00,180.20
2811,324.00,181.20
2812,324.00,181.20
2813,324.00,182.20
2814,324.00,182.20
2815,324.00,183.20
2816,324.00,183.20
2817,324.00,184.20
2818,324.00,184.20
2819,324.00,184.20
2820,324.00,184.20
2821,324.00,185.20
2822,324.00,186.20
2823,324.00,188.20
2824,324.00,189.20
2825,324.00,190.20
2826,324.00,191.20
2827,324.00,192.20
2828,324.00,192.20
2829,324.00,193.20
2830,324.00,194.20
2831,324.00,195.20
2832,324.00,196.20
2833,324.00,197.20
2834,324.00,197.20
2835,324.00,197.20
2836,324.00,198.20
2837,324.00,198.20
2838,324.00,199.20
2839,324.00,199.20
2840,324.00,199.20
2841,324.00,199.20
2842,324.00,200.20
2843,324.00,200.20
2844,324.00,201.20
2845,324.00,201.20
2846,324.00,202.20
2847,325.00,202.20
2848,325.00,203.20
2849,325.00,203.20
2850,325.00,203.20
2851,325.00,204.20
2852,325.00,204.20
2853,325.00,205.20
2854,326.00,205.20
2855,326.00,206.20
2856,326.00,206.20
2857,326.00,207.20
2858,326.00,207.20
2859,326.00,208.20
2860,327.00,208.20
2861,327.00,209.20
2862,327.00,209.20
2863,327.00,210.20
2864,327.00,210.20
2865,327.00,210.20
2866,327.00,211.20
2867,328.00,212.20
2868,328.00,212.20
2869,328.00,212.20
2870,328.00,212.20
2871,328.00,213.20
2872,328.00,213.20
2873,328.00,213.20
2874,328.00,214.20
2875,328.00,214.20
2876,328.00,215.20
2877,328.00,216.20
2878,329.00,217.20
2879,329.00,218.20
2880,329.00,219.20
2881,329.00,220.20
2882,329.00,220.20
2883,329.00,221.20
2884,329.00,221.20
2885,329.00,222.20
2886,329.00,223.20
2887,329.00,223.20
2888,329.00,224.20
2889,329.00,225.20
2890,330.00,227.20
2891,330.00,227.20
2892,330.00,228.20
2893,330.00,229.20
2894,330.00,229.20
2895,330.00,230.20
2896,330.00,230.20
2897,330.00,231.20
2898,330.00,232.20
2899,330.00,234.20
2900,330.00,236.20
2901,330.00,238.20
2902,330.00,239.20
2903,330.00,240.20
2904,330.00,241.20
2905,330.00,241.20
2906,330.00,242.20
2907,330.00,242.20
2908,330.00,243.20
2909,330.00,244.20
2910,330.00,244.20
2911,330.00,244.20
2912,330.00,245.20
2913,330.00,246.20
2914,330.00,246.20
2915,330.00,246.20
2916,330.00,247.20
2917,330.00,247.20
2918,330.00,247.20
2919,330.00,248.20
2920,330.00,248.20
2921,330.00,248.20
2922,330.00,249.20
2923,330.00,249.20
2924,330.00,249.20
2925,330.00,250.20
2926,331.00,250.20
2927,331.00,251.20
2928,331.00,252.20
2929,331.00,252.20
2930,331.00,253.20
2931,332.00,254.20
2932,332.00,255.20
2933,332.00,256.20
2934,332.00,256.20
2935,332.00,257.20
2936,332.00,257.20
2937,333.00,258.20
2938,333.00,259.20
2939,333.00,259.20
2940,333.00,260.20
2941,333.00,261.20
2942,333.00,261.20
2943,333.00,262.20
2944,333.00,263.20
2945,333.00,263.20
2946,333.00,264.20
2947,334.00,265.20
2948,334.00,266.20
2949,334.00,266.20
2950,334.00,267.20
2951,334.00,267.20
2952,334.00,268.20
2953,334.00,268.20
2954,334.00,268.20
2955,334.00,269.20
2956,334.00,270.20
2957,334.00,270.20
2958,335.00,271.20
2959,335.00,272.20
2960,335.00,272.20
2961,335.00,273.20
2962,335.00,273.20
2963,335.00,274.20
2964,335.00,275.20
2965,335.00,275.20
2966,335.00,276.20
2967,335.00,276.20
2968,335.00,277.20
2969,335.00,277.20
2970,335.00,278.20
2971,335.00,278.20
2972,335.00,278.20
2973,335.00,278.20
2974,335.00,279.20
2975,335.00,280.20
2976,335.00,281.20
2977,335.00,281.20
2978,336.00,282.20
2979,336.00,283.20
2980,336.00,284.20
2981,336.00,284.20
2982,336.00,285.20
2983,336.00,286.20
2984,336.00,286.20
2985,336.00,286.20
2986,337.00,287.20
2987,337.00,287.20
2988,337.00,288.20
2989,337.00,288.20
2990,337.00,289.20
2991,337.00,289.20
2992,337.00,290.20
2993,338.00,291.20
2994,338.00,291.20
2995,338.00,291.20
2996,338.00,292.20
2997,338.00,292.20
2998,338.00,293.20
2999,338.00,293.20
3000,338.00,293.20
3001,338.00,294.20
3002,339.00,294.20
3003,339.00,295.20
3004,339.00,295.20
3005,339.00,296.20
3006,340.00,296.20
3007,340.00,297.20
3008,340.00,297.20
3009,340.00,298.20
3010,340.00,298.20
3011,340.00,298.20
3012,340.00,299.20
3013,341.00,299.20
3014,341.00,299.20
3015,341.00,299.20
3016,341.00,299.20
3017,341.00,300.20
3018,341.00,300.20
3019,341.00,301.20
3020,342.00,301.20
3021,342.00,301.20
3022,342.00,302.20
3023,342.00,302.20
3024,342.00,303.20
3025,342.00,303.20
3026,342.00,303.20
3027,342.00,304.20
3028,342.00,304.20
3029,343.00,305.20
3030,343.00,306.20
3031,343.00,306.20
3032,343.00,307.20
3033,343.00,307.20
3034,343.00,308.20
3035,343.00,308.20
3036,343.00,309.20
3037,343.00,309.20
3038,343.00,309.20
3039,344.00,310.20
3040,344.00,310.20
3041,344.00,310.20
3042,344.00,310.20
3043,344.00,311.20
3044,344.00,311.20
3045,344.00,311.20
3046,344.00,312.20
3047,344.00,312.20
3048,344.00,312.20
3049,344.00,312.20
3050,344.00,312.20
3051,344.00,312.20
3052,345.00,313.20
3053,345.00,313.20
3054,345.00,313.20
3055,345.00,313.20
3056,345.00,313.20
3057,345.00,313.20
3058,346.00,313.20
3059,346.00,313.20
3060,346.00,313.20
3061,346.00,314.20
3062,346.00,314.20
3063,346.00,314.20
3064,346.00,314.20
3065,347.00,314.20
3066,347.00,314.20
3067,347.00,314.20
3068,348.00,315.20
3069,348.00,315.20
3070,348.00,315.20
3071,348.00,315.20
3072,349.00,315.20
3073,349.00,315.20
3074,349.00,315.20
3075,350.00,316.20
3076,350.00,316.20
3077,351.00,316.20
3078,351.00,316.20
3079,351.00,316.20
3080,352.00,316.20
3081,352.00,316.20
3082,352.00,316.20
3083,353.00,316.20
3084,353.00,315.20
3085,353.00,315.20
3086,354.00,315.20
3087,354.00,314.20
3088,354.00,314.20
3089,354.00,314.20
3090,355.00,313.20
3091,355.00,313.20
3092,355.00,313.20
3093,355.00,312.20
3094,356.00,312.20
3095,356.00,312.20
3096,356.00,311.20
3097,356.00,311.20
3098,356.00,311.20
3099,356.00,311.20
3100,356.00,310.20
3101,357.00,310.20
3102,357.00,310.20
3103,357.00,309.20
3104,357.00,309.20
3105,357.00,309.20
3106,358.00,308.20
3107,358.00,308.20
3108,358.00,307.20
3109,358.00,307.20
3110,358.00,306.20
3111,358.00,306.20
3112,358.00,305.20
3113,359.00,305.20
3114,359.00,304.20
3115,359.00,303.20
3116,359.00,303.20
3117,359.00,302.20
3118,359.00,302.20
3119,359.00,301.20
3120,360.00,301.20
3121,360.00,300.20
3122,360.00,300.20
3123,360.00,299.20
3124,360.00,299.20
3125,360.00,298.20
3126,360.00,298.20
3127,360.00,298.20
3128,360.00,297.20
3129,361.00,297.20
3130,361.00,296.20
3131,361.00,296.20
3132,361.00,296.20
3133,362.00,295.20
3134,362.00,295.20
3135,362.00,294.20
3136,362.00,294.20
3137,362.00,294.20
3138,363.00,293.20
3139,363.00,293.20
3140,363.00,292.20
3141,364.00,292.20
3142,364.00,291.20
3143,364.00,291.20
3144,365.00,290.20
3145,365.00,290.20
3146,365.00,289.20
3147,366.00,289.20
3148,366.00,289.20
3149,366.00,289.20
3150,366.00,288.20
3151,366.00,288.20
3152,367.00,287.20
3153,367.00,287.20
3154,367.00,287.20
3155,368.00,287.20
3156,368.00,286.20
3157,368.00,286.20
3158,368.00,286.20
3159,368.00,286.20
3160,369.00,286.20
3161,369.00,285.20
3162,369.00,285.20
3163,369.00,285.20
3164,370.00,285.20
3165,371.00,285.20
3166,371.00,285.20
3167,371.00,285.20
3168,372.00,285.20
3169,372.00,285.20
3170,373.00,285.20
3171,373.00,284.20
3172,373.00,284.20
3173,374.00,284.20
3174,374.00,284.20
3175,375.00,284.20
3176,375.00,284.20
3177,376.00,284.20
3178,376.00,284.20
3179,377.00,284.20
3180,377.00,284.20
3181,378.00,284.20
3182,378.00,284.20
3183,379.00,284.20
3184,379.00,284.20
3185,380.00,284.20
3186,380.00,284.20
3187,381.00,284.20
3188,381.00,284.20
3189,381.00,284.20
3190,382.00,284.20
3191,382.00,284.20
3192,382.00,284.20
3193,382.00,284.20
3194,383.00,284.20
3195,383.00,284.20
3196,384.00,284.20
3197,384.00,284.20
3198,384.00,284.20
3199,385.00,284.20
3200,385.00,284.20
3201,385.00,284.20
3202,385.00,284.20
3203,385.00,284.20
3204,386.00,284.20
3205,386.00,284.20
3206,386.00,284.20
3207,387.00,284.20
3208,387.00,284.20
3209,387.00,284.20
3210,388.00,284.20
3211,388.00,284.20
3212,388.00,284.20
3213,388.00,284.20
3214,388.00,284.20
3215,389.00,284.20
3216,389.00,283.20
3217,389.00,283.20
3218,389.00,283.20
3219,390.00,283.20
3220,390.00,283.20
3221,390.00,283.20
3222,391.00,283.20
3223,391.00,283.20
3224,391.00,282.20
3225,392.00,282.20
3226,392.00,282.20
3227,392.00,282.20
3228,392.00,282.20
3229,393.00,282.20
3230,393.00,281.20
3231,393.00,281.20
3232,393.00,281.20
3233,393.00,281.20
3234,394.00,281.20
3235,394.00,280.20
3236,394.00,280.20
3237,394.00,280.20
3238,394.00,280.20
3239,395.00,280.20
3240,395.00,279.20
3241,395.00,279.20
3242,395.00,279.20
3243,396.00,278.20
3244,396.00,278.20
3245,396.00,278.20
3246,396.00,277.20
3247,397.00,277.20
3248,397.00,276.20
3249,397.00,276.20
3250,398.00,275.20
3251,398.00,275.20
3252,398.00,275.20
3253,399.00,274.20
3254,399.00,274.20
3255,399.00,273.20
3256,399.00,273.20
3257,399.00,273.20
3258,400.00,273.20
3259,400.00,272.20
3260,400.00,272.20
3261,400.00,272.20
3262,400.00,272.20
3263,400.00,272.20
3264,400.00,271.20
3265,400.00,271.20
3266,400.00,270.20
3267,401.00,269.20
3268,401.00,268.20
3269,401.00,268.20
3270,401.00,267.20
3271,401.00,267.20
3272,401.00,267.20
3273,401.00,266.20
3274,401.00,266.20
3275,401.00,266.20
3276,401.00,266.20
3277,401.00,265.20
3278,402.00,265.20
3279,402.00,265.20
3280,402.00,265.20
3281,402.00,265.20
3282,402.00,265.20
3283,402.00,264.20
3284,402.00,264.20
3285,402.00,264.20
3286,403.00,263.20
3287,403.00,263.20
3288,403.00,263.20
3289,403.00,263.20
3290,403.00,262.20
3291,403.00,262.20
3292,403.00,262.20
3293,403.00,262.20
3294,404.00,261.20
3295,404.00,261.20
3296,404.00,261.20
3297,404.00,261.20
3298,404.00,261.20
3299,404.00,260.20
3300,404.00,260.20
3301,404.00,259.20
3302,404.00,259.20
3303,404.00,258.20
3304,405.00,258.20
3305,405.00,257.20
3306,405.00,257.20
3307,405.00,256.20
3308,405.00,255.20
3309,405.00,255.20
3310,405.00,255.20
3311,405.00,254.20
3312,405.00,254.20
3313,405.00,253.20
3314,405.00,253.20
3315,405.00,252.20
3316,405.00,251.20
3317,405.00,251.20
3318,405.00,251.20
3319,405.00,250.20
3320,405.00,250.20
3321,405.00,250.20
3322,405.00,249.20
3323,405.00,249.20
3324,405.00,249.20
3325,405.00,248.20
3326,405.00,248.20
3327,405.00,248.20
3328,405.00,247.20
3329,405.00,246.20
3330,406.00,246.20
3331,406.00,245.20
3332,406.00,245.20
3333,406.00,244.20
3334,406.00,244.20
3335,406.00,243.20
3336,407.00,242.20
3337,407.00,242.20
3338,407.00,241.20
3339,407.00,240.20
3340,407.00,240.20
3341,407.00,239.20
3342,407.00,239.20
3343,407.00,238.20
3344,407.00,237.20
3345,407.00,237.20
3346,407.00,237.20
3347,408.00,236.20
3348,408.00,236.20
3349,408.00,235.20
3350,408.00,235.20
3351,408.00,234.20
3352,408.00,234.20
3353,408.00,234.20
3354,408.00,233.20
3355,408.00,233.20
3356,408.00,233.20
3357,408.00,232.20
3358,408.00,232.20
3359,408.00,232.20
3360,408.00,231.20
3361,408.00,231.20
3362,408.00,230.20
3363,408.00,230.20
3364,408.00,229.20
3365,408.00,229.20
3366,408.00,228.20
3367,408.00,228.20
3368,408.00,228.20
3369,408.00,227.20
3370,408.00,227.20
3371,408.00,226.20
3372,409.00,225.20
3373,409.00,225.20
3374,409.00,224.20
3375,409.00,224.20
3376,409.00,224.20
3377,409.00,224.20
3378,409.00,223.20
3379,409.00,223.20
3380,410.00,223.20
3381,410.00,222.20
3382,410.00,221.20
3383,410.00,221.20
3384,410.00,220.20
3385,410.00,220.20
3386,410.00,219.20
3387,411.00,219.20
3388,411.00,218.20
3389,411.00,218.20
3390,411.00,218.20
3391,411.00,217.20
3392,411.00,216.20
3393,411.00,216.20
3394,412.00,215.20
3395,412.00,214.20
3396,412.00,214.20
3397,412.00,213.20
3398,412.00,213.20
3399,412.00,212.20
3400,412.00,211.20
3401,412.00,211.20
3402,412.00,210.20
3403,412.00,209.20
3404,413.00,209.20
3405,413.00,209.20
3406,413.00,208.20
3407,413.00,208.20
3408,413.00,208.20
3409,413.00,207.20
3410,413.00,207.20
3411,413.00,207.20
3412,413.00,206.20
3413,413.00,206.20
3414,413.00,205.20
3415,413.00,205.20
3416,413.00,205.20
3417,413.00,204.20
3418,413.00,204.20
3419,413.00,204.20
3420,413.00,203.20
3421,413.00,203.20
3422,414.00,202.20
3423,414.00,202.20
3424,414.00,201.20
3425,414.00,200.20
3426,414.00,200.20
3427,414.00,199.20
3428,414.00,198.20
3429,414.00,197.20
3430,414.00,196.20
3431,414.00,195.20
3432,414.00,195.20
3433,414.00,194.20
3434,414.00,194.20
3435,414.00,194.20
3436,414.00,193.20
3437,414.00,193.20
3438,414.00,192.20
3439,414.00,191.20
3440,414.00,191.20
3441,415.00,190.20
3442,415.00,190.20
3443,415.00,189.20
3444,415.00,189.20
3445,415.00,188.20
3446,415.00,188.20
3447,415.00,187.20
3448,415.00,187.20
3449,415.00,186.20
3450,415.00,186.20
3451,415.00,186.20
3452,415.00,186.20
3453,415.00,185.20
3454,415.00,185.20
3455,415.00,184.20
3456,415.00,183.20
3457,415.00,182.20
3458,415.00,181.20
3459,415.00,181.20
3460,415.00,181.20
3461,415.00,181.20
3462,415.00,180.20
3463,415.00,180.20
3464,415.00,179.20
3465,415.00,178.20
3466,415.00,178.20
3467,415.00,177.20
3468,415.00,177.20
3469,415.00,177.20
3470,415.00,176.20
3471,415.00,176.20
3472,415.00,175.20
3473,415.00,175.20
3474,415.00,174.20
3475,416.00,173.20
3476,416.00,172.20
3477,416.00,171.20
3478,416.00,171.20
3479,416.00,171.20
3480,416.00,170.20
3481,416.00,170.20
3482,416.00,169.20
3483,416.00,168.20
3484,416.00,168.20
3485,416.00,167.20
3486,416.00,167.20
3487,417.00,166.20
3488,417.00,166.20
3489,417.00,165.20
3490,417.00,165.20
3491,417.00,164.20
3492,417.00,164.20
3493,417.00,164.20
3494,417.00,163.20
3495,417.00,162.20
3496,417.00,161.20
3497,418.00,161.20
3498,418.00,160.20
3499,418.00,159.20
3500,418.00,159.20
3501,418.00,158.20
3502,418.00,158.20
3503,418.00,157.20
3504,418.00,157.20
3505,418.00,156.20
3506,418.00,156.20
3507,418.00,156.20
3508,418.00,156.20
3509,418.00,156.20
3510,418.00,155.20
3511,418.00,155.20
3512,418.00,155.20
3513,418.00,153.20
3514,418.00,152.20
3515,418.00,151.20
3516,418.00,151.20
3517,418.00,150.20
3518,419.00,150.20
3519,419.00,149.20
3520,419.00,148.20
3521,419.00,148.20
3522,419.00,147.20
3523,419.00,147.20
3524,419.00,146.20
3525,419.00,145.20
3526,419.00,144.20
3527,419.00,144.20
3528,419.00,144.20
3529,419.00,143.20
3530,419.00,143.20
3531,420.00,142.20
3532,420.00,142.20
3533,420.00,141.20
3534,420.00,141.20
3535,420.00,141.20
3536,420.00,140.20
3537,420.00,140.20
3538,420.00,139.20
3539,420.00,139.20
3540,420.00,139.20
3541,420.00,138.20
3542,420.00,138.20
3543,420.00,137.20
3544,420.00,137.20
3545,420.00,137.20
3546,420.00,137.20
3547,420.00,137.20
3548,420.00,136.20
3549,420.00,136.20
3550,420.00,136.20
3551,420.00,136.20
3552,420.00,136.20
3553,420.00,136.20
3554,420.00,135.20
3555,420.00,135.20
3556,420.00,135.20
3557,420.00,134.20
3558,420.00,134.20
3559,420.00,133.20
3560,421.00,132.20
3561,421.00,132.20
3562,421.00,132.20
3563,421.00,132.20
3564,421.00,131.20
3565,421.00,131.20
3566,421.00,130.20
3567,421.00,130.20
3568,421.00,130.20
3569,421.00,129.20
3570,421.00,129.20
3571,421.00,128.20
3572,421.00,127.20
3573,421.00,127.20
3574,421.00,126.20
3575,421.00,126.20
3576,421.00,125.20
3577,421.00,125.20
3578,421.00,125.20
3579,421.00,124.20
3580,421.00,124.20
3581,421.00,123.20
3582,421.00,122.20
3583,421.00,121.20
3584,421.00,121.20
3585,421.00,120.20
3586,421.00,120.20
3587,421.00,119.20
3588,421.00,118.20
3589,421.00,118.20
3590,421.00,117.20
3591,421.00,117.20
3592,421.00,117.20
3593,422.00,117.20
3594,422.00,116.20
3595,422.00,115.20
3596,422.00,113.20
3597,422.00,110.20
3598,422.00,108.20
3599,422.00,107.20
3600,422.00,107.20
3601,422.00,107.20
3602,422.00,106.20
3603,422.00,105.20
3604,422.00,104.20
3605,422.00,104.20
3606,422.00,104.20
3607,422.00,103.20
3608,422.00,103.20
3609,422.00,103.20
3610,423.00,102.20
3611,423.00,101.20
3612,423.00,101.20
3613,423.00,101.20
3614,423.00,100.20
3615,423.00,100.20
3616,423.00,99.20
3617,423.00,98.20
3618,423.00,98.20
3619,423.00,97.20
3620,423.00,97.20
3621,423.00,96.20
3622,423.00,96.20
3623,423.00,96.20
3624,423.00,96.20
3625,423.00,95.20
3626,423.00,94.20
3627,423.00,94.20
3628,423.00,93.20
3629,423.00,93.20
3630,424.00,92.20
3631,424.00,92.20
3632,424.00,92.20
3633,424.00,91.20
3634,424.00,90.20
3635,424.00,89.20
3636,424.00,89.20
3637,424.00,88.20
3638,424.00,87.20
3639,424.00,87.20
3640,425.00,86.20
3641,425.00,85.20
3642,425.00,85.20
3643,425.00,84.20
3644,425.00,83.20
3645,425.00,82.20
3646,425.00,81.20
3647,425.00,81.20
3648,425.00,80.20
3649,425.00,80.20
3650,425.00,79.20
3651,425.00,79.20
3652,425.00,79.20
3653,425.00,78.20
3654,425.00,78.20
3655,425.00,78.20
3656,425.00,78.20
3657,425.00,77.20
3658,425.00,77.20
3659,425.00,77.20
3660,425.00,77.20
3661,425.00,77.20
3662,425.00,77.20
3663,425.00,76.20
3664,425.00,75.20
3665,425.00,75.20
3666,425.00,75.20
3667,425.00,74.20
3668,425.00,74.20
3669,425.00,73.20
3670,425.00,73.20
3671,425.00,72.20
3672,425.00,72.20
3673,426.00,72.20
3674,426.00,71.20
3675,426.00,70.20
3676,426.00,69.20
3677,426.00,68.20
3678,426.00,67.20
3679,427.00,66.20
3680,427.00,66.20
3681,427.00,66.20
3682,427.00,65.20
3683,427.00,64.20
3684,427.00,64.20
3685,427.00,63.20
3686,427.00,62.20
3687,428.00,62.20
3688,428.00,62.20
3689,428.00,61.20
3690,428.00,61.20
3691,428.00,60.20
3692,428.00,59.20
3693,428.00,59.20
3694,428.00,58.20
3695,428.00,58.20
3696,429.00,57.20
3697,429.00,57.20
3698,429.00,56.20
3699,429.00,56.20
3700,429.00,55.20
3701,429.00,55.20
3702,429.00,55.20
3703,429.00,54.20
3704,429.00,54.20
3705,429.00,54.20
3706,429.00,54.20
3707,429.00,53.20
3708,429.00,53.20
3709,429.00,52.20
3710,429.00,52.20
3711,429.00,51.20
3712,429.00,51.20
3713,429.00,51.20
3714,429.00,51.20
3715,429.00,50.20
3716,429.00,50.20
3717,429.00,50.20
3718,429.00,49.20
3719,429.00,49.20
3720,429.00,49.20
3721,429.00,49.20
3722,429.00,48.20
3723,429.00,48.20
3724,429.00,48.20
3725,429.00,48.20
3726,430.00,48.20
3727,430.00,47.20
3728,430.00,47.20
3729,430.00,47.20
3730,430.00,47.20
3731,430.00,47.20
3732,430.00,47.20
3733,430.00,46.20
3734,430.00,46.20
3735,430.00,46.20
3736,430.00,46.20
3737,430.00,46.20
3738,431.00,46.20
3739,431.00,46.20
3740,431.00,46.20
3741,431.00,45.20
3742,431.00,45.20
3743,431.00,45.20
3744,431.00,45.20
3745,431.00,45.20
3746,431.00,44.20
3747,431.00,44.20
3748,431.00,44.20
3749,431.00,44.20
3750,431.00,44.20
3751,431.00,43.20
3752,431.00,43.20
3753,431.00,43.20
3754,431.00,43.20
3755,431.00,43.20
3756,431.00,42.20
3757,431.00,42.20
3758,432.00,42.20
3759,432.00,42.20
3760,432.00,42.20
3761,432.00,42.20
3762,432.00,42.20
3763,432.00,42.20
3764,433.00,42.20
3765,433.00,42.20
3766,434.00,41.20
3767,434.00,41.20
3768,434.00,41.20
3769,435.00,41.20
3770,435.00,41.20
3771,436.00,41.20
3772,436.00,41.20
3773,436.00,41.20
3774,436.00,41.20
3775,436.00,41.20
3776,437.00,41.20
3777,437.00,41.20
3778,438.00,41.20
3779,438.00,41.20
3780,438.00,41.20
3781,439.00,41.20
3782,439.00,41.20
3783,439.00,41.20
3784,440.00,41.20
3785,440.00,41.20
3786,440.00,41.20
3787,440.00,41.20
3788,441.00,41.20
3789,442.00,41.20
3790,442.00,41.20
3791,443.00,41.20
3792,443.00,41.20
3793,443.00,41.20
3794,444.00,41.20
3795,444.00,41.20
3796,445.00,41.20
3797,445.00,41.20
3798,445.00,41.20
3799,446.00,41.20
3800,447.00,41.20
3801,447.00,41.20
3802,447.00,41.20
3803,448.00,41.20
3804,448.00,41.20
3805,448.00,41.20
3806,449.00,41.20
3807,449.00,41.20
3808,449.00,41.20
3809,450.00,41.20
3810,450.00,41.20
3811,451.00,41.20
3812,451.00,41.20
3813,452.00,41.20
3814,452.00,41.20
3815,452.00,41.20
3816,452.00,41.20
3817,453.00,41.20
3818,453.00,41.20
3819,453.00,41.20
3820,453.00,41.20
3821,453.00,41.20
3822,454.00,41.20
3823,454.00,41.20
3824,454.00,41.20
3825,454.00,41.20
3826,454.00,41.20
3827,455.00,41.20
3828,455.00,41.20
3829,455.00,41.20
3830,455.00,41.20
3831,455.00,41.20
3832,455.00,41.20
3833,456.00,41.20
3834,456.00,41.20
3835,456.00,41.20
3836,456.00,41.20
3837,456.00,41.20
3838,456.00,42.20
3839,456.00,42.20
3840,456.00,42.20
3841,457.00,42.20
3842,457.00,42.20
3843,457.00,43.20
3844,457.00,43.20
3845,457.00,43.20
3846,457.00,43.20
3847,457.00,44.20
3848,457.00,44.20
3849,457.00,44.20
3850,457.00,44.20
3851,457.00,44.20
3852,458.00,44.20
3853,458.00,45.20
3854,458.00,45.20
3855,458.00,45.20
3856,458.00,45.20
3857,458.00,45.20
3858,458.00,46.20
3859,458.00,46.20
3860,458.00,46.20
3861,458.00,46.20
3862,458.00,46.20
3863,458.00,47.20
3864,458.00,47.20
3865,458.00,48.20
3866,458.00,48.20
3867,458.00,49.20
3868,458.00,49.20
3869,458.00,50.20
3870,458.00,50.20
3871,458.00,51.20
3872,458.00,52.20
3873,458.00,52.20
3874,458.00,53.20
3875,458.00,53.20
3876,458.00,54.20
3877,458.00,54.20
3878,458.00,55.20
3879,458.00,56.20
3880,458.00,57.20
3881,458.00,57.20
3882,458.00,58.20
3883,458.00,59.20
3884,458.00,60.20
3885,458.00,60.20
3886,458.00,60.20
3887,458.00,60.20
3888,458.00,61.20
3889,458.00,61.20
3890,458.00,61.20
3891,458.00,61.20
3892,458.00,61.20
3893,458.00,62.20
3894,458.00,62.20
3895,458.00,63.20
3896,458.00,63.20
3897,458.00,63.20
3898,458.00,64.20
3899,458.00,64.20
3900,458.00,65.20
3901,458.00,65.20
3902,458.00,66.20
3903,459.00,66.20
3904,459.00,67.20
3905,459.00,67.20
3906,459.00,67.20
3907,459.00,68.20
3908,459.00,68.20
3909,459.00,68.20
3910,459.00,69.20
3911,459.00,69.20
3912,459.00,69.20
3913,459.00,70.20
3914,460.00,70.20
3915,460.00,70.20
3916,460.00,71.20
3917,460.00,71.20
3918,460.00,72.20
3919,460.00,72.20
3920,460.00,73.20
3921,461.00,73.20
3922,461.00,73.20
3923,461.00,73.20
3924,461.00,73.20
3925,461.00,74.20
3926,461.00,74.20
3927,461.00,74.20
3928,461.00,74.20
3929,461.00,74.20
3930,461.00,74.20
3931,461.00,75.20
3932,461.00,75.20
3933,461.00,75.20
3934,461.00,76.20
3935,461.00,76.20
3936,461.00,76.20
3937,461.00,77.20
3938,461.00,78.20
3939,461.00,78.20
3940,461.00,79.20
3941,461.00,80.20
3942,461.00,80.20
3943,461.00,81.20
3944,461.00,82.20
3945,461.00,82.20
3946,461.00,83.20
3947,461.00,85.20
3948,461.00,85.20
3949,461.00,86.20
3950,462.00,87.20
3951,462.00,88.20
3952,462.00,88.20
3953,462.00,89.20
3954,462.00,90.20
3955,462.00,90.20
3956,462.00,92.20
3957,462.00,92.20
3958,463.00,93.20
3959,463.00,94.20
3960,463.00,95.20
3961,463.00,95.20
3962,463.00,96.20
3963,463.00,96.20
3964,463.00,97.20
3965,463.00,97.20
3966,464.00,97.20
3967,464.00,98.20
3968,464.00,98.20
3969,464.00,98.20
3970,464.00,99.20
3971,464.00,99.20
3972,464.00,100.20
3973,464.00,101.20
3974,465.00,101.20
3975,465.00,101.20
3976,465.00,102.20
3977,465.00,102.20
3978,465.00,102.20
3979,465.00,103.20
3980,465.00,103.20
3981,465.00,104.20
3982,465.00,104.20
3983,465.00,105.20
3984,465.00,105.20
3985,465.00,106.20
3986,466.00,106.20
3987,466.00,107.20
3988,466.00,107.20
3989,466.00,107.20
3990,466.00,108.20
3991,466.00,108.20
3992,466.00,109.20
3993,466.00,109.20
3994,466.00,110.20
3995,466.00,110.20
3996,466.00,111.20
3997,466.00,111.20
3998,466.00,112.20
3999,466.00,112.20
4000,466.00,112.20
4001,466.00,113.20
4002,466.00,113.20
4003,466.00,113.20
4004,466.00,113.20
4005,466.00,114.20
4006,466.00,114.20
4007,466.00,114.20
4008,466.00,115.20
4009,466.00,115.20
4010,466.00,115.20
4011,466.00,116.20
4012,466.00,116.20
4013,466.00,117.20
4014,466.00,117.20
4015,466.00,117.20
4016,466.00,118.20
4017,466.00,118.20
4018,466.00,118.20
4019,466.00,119.20
4020,467.00,119.20
4021,467.00,120.20
4022,467.00,120.20
4023,467.00,121.20
4024,467.00,121.20
4025,467.00,122.20
4026,467.00,122.20
4027,467.00,123.20
4028,467.00,123.20
4029,467.00,124.20
4030,467.00,124.20
4031,467.00,125.20
4032,467.00,125.20
4033,467.00,125.20
4034,467.00,126.20
4035,467.00,126.20
4036,467.00,127.20
4037,467.00,127.20
4038,467.00,127.20
4039,467.00,128.20
4040,467.00,129.20
4041,468.00,129.20
4042,468.00,129.20
4043,468.00,130.20
4044,468.00,130.20
4045,468.00,131.20
4046,468.00,131.20
4047,468.00,132.20
4048,468.00,132.20
4049,468.00,132.20
4050,468.00,132.20
4051,468.00,133.20
4052,468.00,133.20
4053,469.00,134.20
4054,469.00,134.20
4055,469.00,134.20
4056,469.00,135.20
4057,469.00,135.20
4058,469.00,135.20
4059,469.00,135.20
4060,469.00,136.20
4061,469.00,136.20
4062,469.00,137.20
4063,469.00,138.20
4064,469.00,138.20
4065,469.00,138.20
4066,469.00,139.20
4067,469.00,139.20
4068,469.00,139.20
4069,469.00,140.20
4070,469.00,140.20
4071,469.00,141.20
4072,469.00,142.20
4073,469.00,142.20
4074,469.00,142.20
4075,469.00,143.20
4076,469.00,143.20
4077,469.00,144.20
4078,469.00,144.20
4079,469.00,145.20
4080,469.00,146.20
4081,469.00,146.20
4082,470.00,147.20
4083,470.00,147.20
4084,470.00,148.20
4085,470.00,148.20
4086,470.00,149.20
4087,470.00,149.20
4088,470.00,150.20
4089,470.00,150.20
4090,470.00,151.20
4091,470.00,151.20
4092,470.00,152.20
4093,470.00,152.20
4094,470.00,152.20
4095,470.00,153.20
4096,470.00,153.20
4097,470.00,153.20
4098,470.00,154.20
4099,470.00,154.20
4100,470.00,155.20
4101,470.00,155.20
4102,470.00,156.20
4103,470.00,156.20
4104,470.00,157.20
4105,470.00,157.20
4106,470.00,158.20
4107,470.00,158.20
4108,470.00,159.20
4109,470.00,159.20
4110,470.00,160.20
4111,470.00,161.20
4112,471.00,162.20
4113,471.00,163.20
4114,471.00,164.20
4115,471.00,166.20
4116,471.00,167.20
4117,471.00,168.20
4118,472.00,169.20
4119,472.00,170.20
4120,472.00,170.20
4121,472.00,171.20
4122,472.00,172.20
4123,472.00,172.20
4124,472.00,173.20
4125,472.00,175.20
4126,472.00,175.20
4127,472.00,176.20
4128,472.00,177.20
4129,472.00,177.20
4130,472.00,178.20
4131,473.00,178.20
4132,473.00,179.20
4133,473.00,180.20
4134,473.00,180.20
4135,473.00,181.20
4136,473.00,182.20
4137,473.00,183.20
4138,473.00,183.20
4139,473.00,184.20
4140,473.00,184.20
4141,473.00,185.20
4142,473.00,185.20
4143,473.00,186.20
4144,473.00,187.20
4145,473.00,187.20
4146,473.00,188.20
4147,473.00,188.20
4148,473.00,188.20
4149,473.00,189.20
4150,473.00,190.20
4151,473.00,191.20
4152,473.00,192.20
4153,473.00,193.20
4154,473.00,193.20
4155,473.00,194.20
4156,474.00,194.20
4157,474.00,195.20
4158,474.00,196.20
4159,474.00,197.20
4160,474.00,198.20
4161,474.00,198.20
4162,474.00,199.20
4163,474.00,199.20
4164,474.00,200.20
4165,474.00,200.20
4166,474.00,201.20
4167,474.00,201.20
4168,475.00,201.20
4169,475.00,202.20
4170,475.00,202.20
4171,475.00,203.20
4172,475.00,204.20
4173,475.00,204.20
4174,475.00,205.20
4175,476.00,206.20
4176,476.00,206.20
4177,476.00,207.20
4178,476.00,208.20
4179,476.00,208.20
4180,476.00,208.20
4181,477.00,209.20
4182,477.00,209.20
4183,477.00,210.20
4184,477.00,211.20
4185,477.00,211.20
4186,478.00,212.20
4187,478.00,212.20
4188,478.00,213.20
4189,478.00,214.20
4190,478.00,215.20
4191,478.00,215.20
4192,478.00,216.20
4193,479.00,217.20
4194,479.00,218.20
4195,479.00,219.20
4196,479.00,220.20
4197,479.00,221.20
4198,479.00,222.20
4199,479.00,223.20
4200,480.00,224.20
4201,480.00,224.20
4202,480.00,225.20
4203,480.00,226.20
4204,480.00,227.20
4205,480.00,228.20
4206,480.00,230.20
4207,480.00,230.20
4208,480.00,231.20
4209,480.00,232.20
4210,480.00,233.20
4211,480.00,233.20
4212,480.00,234.20
4213,480.00,235.20
4214,480.00,235.20
4215,480.00,236.20
4216,480.00,236.20
4217,480.00,236.20
4218,480.00,236.20
4219,480.00,238.20
4220,480.00,239.20
4221,480.00,239.20
4222,480.00,241.20
4223,480.00,241.20
4224,480.00,243.20
4225,480.00,243.20
4226,480.00,244.20
4227,480.00,245.20
4228,480.00,246.20
4229,480.00,246.20
4230,481.00,247.20
4231,481.00,247.20
4232,481.00,248.20
4233,481.00,249.20
4234,481.00,249.20
4235,481.00,250.20
4236,481.00,250.20
4237,481.00,251.20
4238,481.00,251.20
4239,481.00,252.20
4240,481.00,252.20
4241,482.00,253.20
4242,482.00,253.20
4243,482.00,254.20
4244,482.00,254.20
4245,482.00,255.20
4246,483.00,256.20
4247,483.00,257.20
4248,483.00,258.20
4249,483.00,259.20
4250,484.00,259.20
4251,484.00,260.20
4252,484.00,260.20
4253,484.00,261.20
4254,484.00,261.20
4255,485.00,262.20
4256,485.00,263.20
4257,485.00,264.20
4258,485.00,265.20
4259,486.00,266.20
4260,486.00,266.20
4261,486.00,267.20
4262,486.00,268.20
4263,487.00,269.20
4264,487.00,270.20
4265,487.00,271.20
4266,487.00,272.20
4267,488.00,272.20
4268,488.00,272.20
4269,488.00,272.20
4270,488.00,274.20
4271,488.00,275.20
4272,488.00,276.20
4273,488.00,277.20
4274,488.00,277.20
4275,488.00,278.20
4276,488.00,279.20
4277,488.00,280.20
4278,488.00,280.20
4279,488.00,281.20
4280,488.00,282.20
4281,489.00,282.20
4282,489.00,283.20
4283,489.00,283.20
4284,489.00,284.20
4285,489.00,284.20
4286,489.00,285.20
4287,489.00,285.20
4288,489.00,285.20
4289,490.00,286.20
4290,490.00,286.20
4291,490.00,287.20
4292,490.00,287.20
4293,490.00,287.20
4294,490.00,288.20
4295,491.00,288.20
4296,491.00,289.20
4297,491.00,289.20
4298,492.00,289.20
4299,492.00,290.20
4300,492.00,290.20
4301,492.00,290.20
4302,492.00,291.20
4303,492.00,291.20
4304,493.00,292.20
4305,493.00,292.20
4306,493.00,293.20
4307,493.00,293.20
4308,494.00,293.20
4309,494.00,293.20
4310,494.00,293.20
4311,494.00,293.20
4312,494.00,294.20
4313,494.00,294.20
4314,494.00,294.20
4315,494.00,294.20
4316,494.00,294.20
4317,495.00,294.20
4318,495.00,295.20
4319,495.00,295.20
4320,495.00,295.20
4321,495.00,295.20
4322,495.00,295.20
4323,495.00,295.20
4324,496.00,295.20
4325,496.00,295.20
4326,496.00,295.20
4327,497.00,295.20
4328,497.00,296.20
4329,497.00,296.20
4330,498.00,296.20
4331,498.00,296.20
4332,498.00,296.20
4333,499.00,296.20
4334,499.00,297.20
4335,499.00,297.20
4336,499.00,297.20
4337,500.00,297.20
4338,500.00,297.20
4339,500.00,297.20
4340,500.00,297.20
4341,501.00,297.20
4342,501.00,297.20
4343,501.00,297.20
4344,502.00,297.20
4345,502.00,297.20
4346,502.00,297.20
4347,503.00,297.20
4348,503.00,296.20
4349,504.00,295.20
4350,504.00,295.20
4351,505.00,294.20
4352,505.00,294.20
4353,505.00,294.20
4354,506.00,293.20
4355,506.00,293.20
4356,506.00,293.20
4357,507.00,293.20
4358,507.00,292.20
4359,507.00,292.20
4360,507.00,292.20
4361,508.00,292.20
4362,508.00,292.20
4363,508.00,292.20
4364,508.00,291.20
4365,509.00,291.20
4366,509.00,291.20
4367,509.00,291.20
4368,510.00,290.20
4369,510.00,290.20
4370,511.00,290.20
4371,511.00,289.20
4372,512.00,289.20
4373,512.00,289.20
4374,513.00,288.20
4375,513.00,288.20
4376,514.00,288.20
4377,514.00,288.20
4378,515.00,287.20
4379,515.00,287.20
4380,516.00,287.20
4381,516.00,287.20
4382,516.00,287.20
4383,516.00,287.20
4384,516.00,287.20
4385,517.00,287.20
4386,517.00,287.20
4387,517.00,287.20
4388,517.00,287.20
4389,518.00,287.20
4390,518.00,287.20
4391,518.00,287.20
4392,518.00,287.20
4393,518.00,287.20
4394,519.00,287.20
4395,519.00,287.20
4396,519.00,287.20
4397,519.00,287.20
4398,520.00,288.20
4399,520.00,288.20
4400,520.00,288.20
4401,521.00,289.20
4402,521.00,289.20
4403,521.00,289.20
4404,522.00,290.20
4405,522.00,290.20
4406,522.00,290.20
4407,522.00,291.20
4408,523.00,291.20
4409,523.00,292.20
4410,523.00,292.20
4411,524.00,292.20
4412,524.00,292.20
4413,524.00,292.20
4414,524.00,293.20
4415,525.00,293.20
4416,525.00,293.20
4417,526.00,293.20
4418,526.00,294.20
4419,527.00,294.20
4420,527.00,295.20
4421,527.00,295.20
4422,528.00,295.20
4423,528.00,295.20
4424,528.00,296.20
4425,529.00,296.20
4426,529.00,296.20
4427,530.00,297.20
4428,530.00,297.20
4429,530.00,297.20
4430,530.00,297.20
4431,531.00,298.20
4432,531.00,298.20
4433,531.00,298.20
4434,531.00,298.20
4435,531.00,298.20
4436,531.00,298.20
4437,532.00,299.20
4438,532.00,299.20
4439,532.00,299.20
4440,532.00,299.20
4441,533.00,299.20
4442,533.00,299.20
4443,533.00,299.20
4444,533.00,300.20
4445,533.00,300.20
4446,533.00,300.20
4447,534.00,300.20
4448,534.00,300.20
4449,534.00,300.20
4450,534.00,300.20
4451,534.00,300.20
4452,535.00,300.20
4453,535.00,300.20
4454,535.00,300.20
4455,535.00,300.20
4456,536.00,301.20
4457,536.00,301.20
4458,537.00,301.20
4459,537.00,301.20
4460,537.00,301.20
4461,537.00,301.20
4462,537.00,301.20
4463,538.00,301.20
4464,538.00,301.20
4465,538.00,301.20
4466,538.00,301.20
4467,539.00,301.20
4468,539.00,301.20
4469,539.00,301.20
4470,539.00,301.20
4471,539.00,301.20
4472,540.00,301.20
4473,540.00,301.20
4474,540.00,300.20
4475,540.00,300.20
4476,541.00,299.20
4477,541.00,299.20
4478,541.00,299.20
4479,542.00,298.20
4480,542.00,298.20
4481,542.00,298.20
4482,542.00,297.20
4483,543.00,297.20
4484,543.00,296.20
4485,544.00,296.20
4486,544.00,295.20
4487,544.00,295.20
4488,545.00,294.20
4489,545.00,293.20
4490,546.00,293.20
4491,546.00,292.20
4492,547.00,292.20
4493,547.00,292.20
4494,547.00,291.20
4495,547.00,291.20
4496,548.00,291.20
4497,548.00,290.20
4498,548.00,290.20
4499,549.00,289.20
4500,549.00,289.20
4501,549.00,288.20
4502,549.00,288.20
4503,549.00,287.20
4504,550.00,287.20
4505,550.00,286.20
4506,550.00,285.20
4507,551.00,285.20
4508,551.00,284.20
4509,551.00,284.20
4510,551.00,283.20
4511,551.00,282.20
4512,552.00,281.20
4513,552.00,281.20
4514,552.00,280.20
4515,552.00,280.20
4516,552.00,279.20
4517,552.00,279.20
4518,552.00,279.20
4519,552.00,279.20
4520,552.00,278.20
4521,552.00,278.20
4522,552.00,277.20
4523,552.00,277.20
4524,552.00,277.20
4525,552.00,277.20
4526,552.00,276.20
4527,552.00,276.20
4528,552.00,276.20
4529,552.00,276.20
4530,552.00,275.20
4531,552.00,275.20
4532,552.00,275.20
4533,552.00,275.20
4534,552.00,274.20
4535,552.00,274.20
4536,552.00,273.20
4537,552.00,273.20
4538,552.00,272.20
4539,552.00,272.20
4540,552.00,271.20
4541,552.00,271.20
4542,552.00,270.20
4543,552.00,270.20
4544,552.00,270.20
4545,552.00,269.20
4546,552.00,269.20
4547,552.00,269.20
4548,552.00,268.20
4549,552.00,267.20
4550,552.00,267.20
4551,552.00,267.20
4552,552.00,266.20
4553,552.00,265.20
4554,552.00,265.20
4555,552.00,264.20
4556,552.00,263.20
4557,552.00,263.20
4558,552.00,262.20
4559,552.00,261.20
4560,553.00,260.20
4561,553.00,259.20
4562,553.00,259.20
4563,553.00,258.20
4564,554.00,257.20
4565,554.00,257.20
4566,554.00,256.20
4567,554.00,256.20
4568,554.00,255.20
4569,555.00,254.20
4570,555.00,253.20
4571,555.00,253.20
4572,555.00,252.20
4573,555.00,252.20
4574,555.00,252.20
4575,555.00,251.20
4576,555.00,251.20
4577,555.00,251.20
4578,556.00,250.20
4579,556.00,249.20
4580,556.00,249.20
4581,556.00,248.20
4582,556.00,248.20
4583,557.00,247.20
4584,557.00,246.20
4585,557.00,245.20
4586,557.00,245.20
4587,557.00,244.20
4588,557.00,244.20
4589,557.00,243.20
4590,558.00,242.20
4591,558.00,241.20
4592,558.00,240.20
4593,558.00,240.20
4594,558.00,239.20
4595,558.00,239.20
4596,558.00,238.20
4597,558.00,237.20
4598,558.00,237.20
4599,558.00,236.20
4600,558.00,236.20
4601,558.00,236.20
4602,558.00,236.20
4603,558.00,236.20
4604,558.00,235.20
4605,558.00,235.20
4606,559.00,235.20
4607,559.00,234.20
4608,559.00,234.20
4609,559.00,233.20
4610,559.00,233.20
4611,559.00,232.20
4612,559.00,232.20
4613,559.00,231.20
4614,559.00,231.20
4615,559.00,231.20
4616,559.00,231.20
4617,559.00,231.20
4618,559.00,230.20
4619,559.00,229.20
4620,559.00,228.20
4621,559.00,228.20
4622,559.00,228.20
4623,559.00,228.20
4624,560.00,228.20
4625,560.00,227.20
4626,560.00,227.20
4627,560.00,226.20
4628,560.00,225.20
4629,560.00,225.20
4630,560.00,224.20
4631,560.00,223.20
4632,560.00,223.20
4633,560.00,222.20
4634,560.00,222.20
4635,560.00,222.20
4636,560.00,222.20
4637,560.00,221.20
4638,560.00,221.20
4639,560.00,221.20
4640,560.00,220.20
4641,560.00,220.20
4642,560.00,220.20
4643,560.00,219.20
4644,560.00,219.20
4645,560.00,218.20
4646,560.00,218.20
4647,560.00,217.20
4648,560.00,217.20
4649,560.00,217.20
4650,560.00,216.20
4651,560.00,215.20
4652,560.00,215.20
4653,560.00,214.20
4654,560.00,213.20
4655,561.00,213.20
4656,561.00,213.20
4657,561.00,211.20
4658,561.00,210.20
4659,561.00,209.20
4660,562.00,208.20
4661,562.00,208.20
4662,562.00,207.20
4663,562.00,207.20
4664,562.00,206.20
4665,562.00,206.20
4666,562.00,205.20
4667,562.00,205.20
4668,562.00,204.20
4669,562.00,204.20
4670,562.00,204.20
4671,562.00,203.20
4672,562.00,203.20
4673,562.00,203.20
4674,562.00,202.20
4675,562.00,202.20
4676,562.00,201.20
4677,562.00,200.20
4678,562.00,199.20
4679,562.00,199.20
4680,562.00,198.20
4681,562.00,198.20
4682,562.00,198.20
4683,562.00,197.20
4684,562.00,196.20
4685,562.00,195.20
4686,562.00,195.20
4687,562.00,194.20
4688,562.00,193.20
4689,562.00,192.20
4690,562.00,191.20
4691,562.00,190.20
4692,562.00,189.20
4693,562.00,189.20
4694,562.00,188.20
4695,563.00,187.20
4696,563.00,186.20
4697,563.00,186.20
4698,563.00,186.20
4699,563.00,185.20
4700,563.00,185.20
4701,563.00,185.20
4702,563.00,184.20
4703,563.00,183.20
4704,563.00,182.20
4705,564.00,182.20
4706,564.00,181.20
4707,564.00,181.20
4708,564.00,181.20
4709,564.00,180.20
4710,564.00,180.20
4711,564.00,178.20
4712,564.00,177.20
4713,564.00,177.20
4714,564.00,176.20
4715,564.00,176.20
4716,564.00,175.20
4717,564.00,175.20
4718,564.00,174.20
4719,564.00,173.20
4720,564.00,173.20
4721,564.00,172.20
4722,564.00,172.20
4723,564.00,171.20
4724,564.00,171.20
4725,564.00,170.20
4726,564.00,170.20
4727,564.00,169.20
4728,564.00,169.20
4729,564.00,169.20
4730,564.00,169.20
4731,564.00,168.20
4732,564.00,167.20
4733,565.00,165.20
4734,565.00,164.20
4735,565.00,163.20
4736,565.00,163.20
4737,565.00,162.20
4738,565.00,162.20
4739,565.00,161.20
4740,565.00,161.20
4741,566.00,160.20
4742,566.00,159.20
4743,566.00,159.20
4744,566.00,158.20
4745,566.00,157.20
4746,567.00,156.20
4747,567.00,155.20
4748,567.00,155.20
4749,567.00,155.20
4750,567.00,154.20
4751,567.00,154.20
4752,567.00,154.20
4753,567.00,153.20
4754,567.00,153.20
4755,567.00,153.20
4756,567.00,152.20
4757,567.00,152.20
4758,567.00,152.20
4759,567.00,152.20
4760,567.00,152.20
4761,568.00,152.20
4762,568.00,151.20
4763,568.00,150.20
4764,568.00,150.20
4765,568.00,148.20
4766,568.00,147.20
4767,568.00,146.20
4768,568.00,146.20
4769,568.00,145.20
4770,568.00,145.20
4771,568.00,144.20
4772,568.00,144.20
4773,568.00,143.20
4774,568.00,143.20
4775,568.00,142.20
4776,568.00,141.20
4777,568.00,141.20
4778,568.00,139.20
4779,568.00,138.20
4780,568.00,137.20
4781,568.00,137.20
4782,568.00,136.20
4783,568.00,135.20
4784,568.00,135.20
4785,568.00,134.20
4786,568.00,133.20
4787,568.00,132.20
4788,568.00,132.20
4789,568.00,131.20
4790,568.00,130.20
4791,568.00,130.20
4792,568.00,129.20
4793,568.00,128.20
4794,568.00,128.20
4795,568.00,128.20
4796,568.00,127.20
4797,568.00,127.20
4798,568.00,127.20
4799,568.00,125.20
4800,568.00,124.20
4801,568.00,123.20
4802,568.00,123.20
4803,568.00,123.20
4804,568.00,122.20
4805,568.00,122.20
4806,569.00,121.20
4807,569.00,119.20
4808,569.00,117.20
4809,569.00,117.20
4810,569.00,116.20
4811,569.00,116.20
4812,569.00,115.20
4813,569.00,114.20
4814,569.00,113.20
4815,569.00,113.20
4816,570.00,112.20
4817,570.00,111.20
4818,570.00,111.20
4819,570.00,110.20
4820,570.00,110.20
4821,570.00,109.20
4822,571.00,109.20
4823,571.00,109.20
4824,571.00,109.20
4825,571.00,109.20
4826,571.00,108.20
4827,571.00,107.20
4828,571.00,106.20
4829,571.00,106.20
4830,571.00,105.20
4831,571.00,104.20
4832,571.00,104.20
4833,571.00,103.20
4834,571.00,102.20
4835,571.00,102.20
4836,571.00,101.20
4837,571.00,101.20
4838,571.00,101.20
4839,571.00,100.20
4840,572.00,100.20
4841,572.00,99.20
4842,572.00,99.20
4843,572.00,98.20
4844,572.00,98.20
4845,572.00,97.20
4846,572.00,97.20
4847,572.00,96.20
4848,572.00,95.20
4849,572.00,95.20
4850,572.00,95.20
4851,572.00,94.20
4852,572.00,93.20
4853,572.00,92.20
4854,573.00,92.20
4855,573.00,92.20
4856,573.00,91.20
4857,573.00,91.20
4858,573.00,91.20
4859,573.00,90.20
4860,573.00,89.20
4861,573.00,88.20
4862,573.00,87.20
4863,573.00,87.20
4864,573.00,86.20
4865,573.00,85.20
4866,573.00,84.20
4867,573.00,84.20
4868,573.00,83.20
4869,573.00,82.20
4870,573.00,82.20
4871,574.00,81.20
4872,574.00,81.20
4873,574.00,80.20
4874,574.00,79.20
4875,574.00,79.20
4876,574.00,78.20
4877,574.00,77.20
4878,574.00,76.20
4879,574.00,75.20
4880,574.00,74.20
4881,574.00,74.20
4882,574.00,74.20
4883,574.00,74.20
4884,574.00,73.20
4885,574.00,72.20
4886,574.00,72.20
4887,574.00,70.20
4888,575.00,69.20
4889,575.00,68.20
4890,575.00,67.20
4891,575.00,67.20
4892,575.00,66.20
4893,575.00,66.20
4894,575.00,65.20
4895,575.00,65.20
4896,575.00,64.20
4897,575.00,64.20
4898,575.00,64.20
4899,575.00,64.20
4900,576.00,63.20
4901,576.00,63.20
4902,576.00,62.20
4903,576.00,62.20
4904,576.00,62.20
4905,576.00,61.20
4906,576.00,61.20
4907,576.00,61.20
4908,576.00,60.20
4909,576.00,60.20
4910,576.00,59.20
4911,576.00,59.20
4912,576.00,58.20
4913,577.00,58.20
4914,577.00,57.20
4915,577.00,57.20
4916,577.00,56.20
4917,577.00,55.20
4918,577.00,55.20
4919,577.00,54.20
4920,577.00,53.20
4921,577.00,53.20
4922,577.00,53.20
4923,578.00,52.20
4924,578.00,52.20
4925,578.00,52.20
4926,578.00,52.20
4927,578.00,52.20
4928,578.00,51.20
4929,578.00,51.20
4930,578.00,51.20
4931,578.00,50.20
4932,578.00,50.20
4933,578.00,50.20
4934,578.00,50.20
4935,578.00,49.20
4936,578.00,49.20
4937,578.00,49.20
4938,578.00,48.20
4939,578.00,48.20
4940,578.00,47.20
4941,578.00,47.20
4942,578.00,47.20
4943,578.00,47.20
4944,578.00,46.20
4945,578.00,46.20
4946,579.00,46.20
4947,579.00,46.20
4948,579.00,46.20
4949,579.00,45.20
4950,579.00,45.20
4951,579.00,44.20
4952,579.00,44.20
4953,579.00,44.20
4954,579.00,44.20
4955,579.00,44.20
4956,579.00,44.20
4957,580.00,44.20
4958,580.00,43.20
4959,580.00,43.20
4960,580.00,43.20
4961,580.00,43.20
4962,581.00,43.20
4963,581.00,43.20
4964,581.00,43.20
4965,581.00,43.20
4966,581.00,43.20
4967,582.00,43.20
4968,582.00,43.20
4969,583.00,43.20
4970,583.00,42.20
4971,583.00,42.20
4972,583.00,42.20
4973,583.00,42.20
4974,584.00,42.20
4975,584.00,42.20
4976,584.00,42.20
4977,585.00,42.20
4978,585.00,42.20
4979,585.00,42.20
4980,586.00,42.20
4981,586.00,42.20
4982,586.00,42.20
4983,587.00,42.20
4984,587.00,42.20
4985,587.00,42.20
4986,588.00,42.20
4987,588.00,42.20
4988,589.00,42.20
4989,589.00,42.20
4990,590.00,42.20
4991,590.00,42.20
4992,591.00,42.20
4993,592.00,42.20
4994,592.00,42.20
4995,593.00,42.20
4996,593.00,42.20
4997,593.00,42.20
4998,594.00,42.20
4999,594.00,42.20
5000,595.00,42.20
5001,595.00,42.20
5002,595.00,42.20
5003,596.00,42.20
5004,597.00,42.20
5005,597.00,42.20
5006,597.00,42.20
5007,598.00,42.20
5008,599.00,42.20
5009,599.00,42.20
5010,599.00,42.20
5011,600.00,42.20
5012,600.00,42.20
5013,600.00,42.20
5014,600.00,42.20
5015,601.00,42.20
5016,601.00,42.20
5017,601.00,42.20
5018,601.00,42.20
5019,602.00,42.20
5020,602.00,42.20
5021,602.00,42.20
5022,602.00,42.20
5023,602.00,42.20
5024,603.00,42.20
5025,603.00,42.20
5026,603.00,42.20
5027,603.00,42.20
5028,604.00,42.20
5029,604.00,42.20
5030,604.00,42.20
5031,604.00,42.20
5032,604.00,42.20
5033,605.00,42.20
5034,605.00,42.20
5035,605.00,42.20
5036,605.00,42.20
5037,605.00,42.20
5038,606.00,42.20
5039,606.00,42.20
5040,606.00,42.20
5041,606.00,42.20
5042,606.00,42.20
5043,606.00,42.20
5044,607.00,43.20
5045,607.00,43.20
5046,607.00,44.20
5047,607.00,44.20
5048,608.00,44.20
5049,608.00,44.20
5050,608.00,45.20
5051,608.00,45.20
5052,608.00,45.20
5053,608.00,46.20
5054,609.00,46.20
5055,609.00,47.20
5056,609.00,47.20
5057,609.00,47.20
5058,609.00,47.20
5059,609.00,48.20
5060,610.00,48.20
5061,610.00,49.20
5062,610.00,49.20
5063,610.00,49.20
5064,610.00,50.20
5065,610.00,51.20
5066,610.00,52.20
5067,610.00,54.20
5068,610.00,55.20
5069,610.00,56.20
5070,610.00,57.20
5071,610.00,57.20
5072,610.00,58.20
5073,610.00,58.20
5074,610.00,59.20
5075,610.00,60.20
5076,610.00,60.20
5077,610.00,61.20
5078,610.00,61.20
5079,610.00,61.20
5080,610.00,62.20
5081,610.00,62.20
5082,610.00,62.20
5083,610.00,63.20
5084,610.00,64.20
5085,610.00,65.20
5086,610.00,65.20
5087,610.00,66.20
5088,610.00,66.20
5089,610.00,67.20
5090,610.00,68.20
5091,610.00,69.20
5092,610.00,69.20
5093,610.00,70.20
5094,610.00,70.20
5095,610.00,71.20
5096,610.00,71.20
5097,610.00,72.20
5098,610.00,72.20
5099,610.00,72.20
5100,610.00,73.20
5101,610.00,73.20
5102,610.00,74.20
5103,610.00,74.20
5104,610.00,74.20
5105,610.00,75.20
5106,610.00,75.20
5107,610.00,76.20
5108,609.00,76.20
5109,609.00,76.20
5110,609.00,76.20
5111,609.00,76.20
5112,609.00,77.20
5113,609.00,77.20
5114,609.00,77.20
5115,609.00,77.20
5116,609.00,78.20
5117,609.00,78.20
5118,609.00,78.20
5119,609.00,78.20
5120,609.00,79.20
5121,609.00,80.20
5122,609.00,80.20
5123,609.00,81.20
5124,609.00,81.20
5125,609.00,81.20
5126,609.00,81.20
5127,609.00,82.20
5128,609.00,82.20
5129,610.00,83.20
5130,610.00,83.20
5131,610.00,84.20
5132,610.00,84.20
5133,610.00,84.20
5134,610.00,84.20
5135,611.00,84.20
5136,611.00,85.20
5137,611.00,85.20
5138,611.00,86.20
5139,611.00,86.20
5140,611.00,86.20
5141,611.00,86.20
5142,611.00,87.20
5143,611.00,87.20
5144,611.00,87.20
5145,611.00,88.20
5146,612.00,89.20
5147,612.00,89.20
5148,612.00,90.20
5149,612.00,90.20
5150,612.00,91.20
5151,612.00,91.20
5152,612.00,92.20
5153,612.00,92.20
5154,612.00,93.20
5155,612.00,93.20
5156,612.00,93.20
5157,612.00,94.20
5158,612.00,94.20
5159,613.00,95.20
5160,613.00,95.20
5161,613.00,95.20
5162,613.00,96.20
5163,613.00,96.20
5164,613.00,97.20
5165,613.00,97.20
5166,613.00,97.20
5167,613.00,98.20
5168,613.00,99.20
5169,613.00,100.20
5170,613.00,101.20
5171,614.00,101.20
5172,614.00,102.20
5173,614.00,102.20
5174,614.00,103.20
5175,614.00,103.20
5176,614.00,104.20
5177,614.00,104.20
5178,614.00,105.20
5179,614.00,106.20
5180,614.00,107.20
5181,615.00,107.20
5182,615.00,108.20
5183,615.00,109.20
5184,615.00,109.20
5185,616.00,109.20
5186,616.00,110.20
5187,616.00,111.20
5188,616.00,111.20
5189,616.00,112.20
5190,616.00,113.20
5191,616.00,114.20
5192,617.00,115.20
5193,617.00,116.20
5194,617.00,116.20
5195,617.00,117.20
5196,617.00,118.20
5197,618.00,119.20
5198,618.00,120.20
5199,618.00,121.20
5200,618.00,121.20
5201,618.00,123.20
5202,618.00,123.20
5203,618.00,124.20
5204,618.00,125.20
5205,618.00,126.20
5206,618.00,126.20
5207,618.00,127.20
5208,618.00,128.20
5209,618.00,128.20
5210,618.00,129.20
5211,618.00,130.20
5212,618.00,130.20
5213,618.00,131.20
5214,618.00,132.20
5215,618.00,132.20
5216,618.00,133.20
5217,617.00,134.20
5218,617.00,135.20
5219,617.00,135.20
5220,617.00,136.20
5221,617.00,136.20
5222,617.00,137.20
5223,617.00,137.20
5224,617.00,138.20
5225,617.00,139.20
5226,617.00,140.20
5227,617.00,142.20
5228,617.00,143.20
5229,617.00,144.20
5230,617.00,144.20
5231,617.00,145.20
5232,617.00,146.20
5233,617.00,146.20
5234,617.00,147.20
5235,617.00,148.20
5236,617.00,149.20
5237,617.00,150.20
5238,617.00,151.20
5239,617.00,152.20
5240,617.00,152.20
5241,617.00,152.20
5242,617.00,153.20
5243,617.00,153.20
5244,617.00,153.20
5245,617.00,153.20
5246,617.00,155.20
5247,617.00,155.20
5248,617.00,156.20
5249,617.00,157.20
5250,617.00,158.20
5251,617.00,158.20
5252,618.00,159.20
5253,618.00,159.20
5254,618.00,160.20
5255,618.00,160.20
5256,618.00,160.20
5257,618.00,161.20
5258,618.00,161.20
5259,618.00,161.20
5260,618.00,161.20
5261,618.00,161.20
5262,618.00,162.20
5263,618.00,162.20
5264,618.00,162.20
5265,619.00,162.20
5266,619.00,163.20
5267,619.00,163.20
5268,619.00,164.20
5269,619.00,164.20
5270,619.00,164.20
5271,620.00,165.20
5272,620.00,165.20
5273,620.00,166.20
5274,620.00,166.20
5275,620.00,167.20
5276,620.00,168.20
5277,620.00,169.20
5278,620.00,169.20
5279,620.00,170.20
5280,620.00,170.20
5281,620.00,171.20
5282,620.00,171.20
5283,620.00,171.20
5284,620.00,172.20
5285,620.00,172.20
5286,620.00,173.20
5287,620.00,173.20
5288,620.00,174.20
5289,620.00,174.20
5290,620.00,174.20
5291,620.00,175.20
5292,621.00,175.20
5293,621.00,176.20
5294,621.00,176.20
5295,621.00,177.20
5296,621.00,177.20
5297,621.00,178.20
5298,621.00,179.20
5299,621.00,179.20
5300,621.00,180.20
5301,621.00,180.20
5302,621.00,181.20
5303,621.00,182.20
5304,621.00,182.20
5305,621.00,183.20
5306,622.00,185.20
5307,622.00,185.20
5308,622.00,187.20
5309,622.00,188.20
5310,622.00,189.20
5311,622.00,190.20
5312,623.00,191.20
5313,623.00,192.20
5314,623.00,192.20
5315,623.00,193.20
5316,623.00,194.20
5317,623.00,194.20
5318,623.00,195.20
5319,623.00,196.20
5320,624.00,198.20
5321,624.00,198.20
5322,624.00,199.20
5323,624.00,200.20
5324,624.00,200.20
5325,624.00,201.20
5326,625.00,201.20
5327,625.00,202.20
5328,625.00,202.20
5329,625.00,203.20
5330,625.00,204.20
5331,625.00,204.20
5332,626.00,205.20
5333,626.00,205.20
5334,626.00,206.20
5335,626.00,206.20
5336,626.00,207.20
5337,626.00,207.20
5338,626.00,207.20
5339,626.00,208.20
5340,626.00,208.20
5341,626.00,208.20
5342,627.00,209.20
5343,627.00,209.20
5344,627.00,209.20
5345,627.00,210.20
5346,627.00,210.20
5347,627.00,210.20
5348,627.00,210.20
5349,627.00,210.20
5350,627.00,211.20
5351,627.00,212.20
5352,627.00,213.20
5353,627.00,214.20
5354,627.00,214.20
5355,627.00,215.20
5356,627.00,216.20
5357,627.00,217.20
5358,627.00,217.20
5359,627.00,218.20
5360,627.00,219.20
5361,627.00,219.20
5362,627.00,220.20
5363,627.00,220.20
5364,627.00,221.20
5365,627.00,221.20
5366,627.00,221.20
5367,627.00,222.20
5368,627.00,223.20
5369,627.00,223.20
5370,627.00,223.20
5371,627.00,224.20
5372,627.00,224.20
5373,627.00,225.20
5374,627.00,225.20
5375,628.00,226.20
5376,628.00,226.20
5377,628.00,227.20
5378,628.00,227.20
5379,628.00,227.20
5380,628.00,228.20
5381,628.00,228.20
5382,628.00,229.20
5383,628.00,229.20
5384,628.00,230.20
5385,629.00,230.20
5386,629.00,231.20
5387,629.00,231.20
5388,629.00,232.20
5389,629.00,232.20
5390,629.00,233.20
5391,629.00,233.20
5392,629.00,234.20
5393,629.00,234.20
5394,629.00,234.20
5395,629.00,235.20
5396,629.00,235.20
5397,629.00,236.20
5398,629.00,237.20
5399,630.00,237.20
5400,630.00,238.20
5401,630.00,238.20
5402,630.00,239.20
5403,630.00,239.20
5404,630.00,240.20
5405,630.00,240.20
5406,630.00,241.20
5407,630.00,241.20
5408,630.00,241.20
5409,630.00,242.20
5410,630.00,242.20
5411,630.00,243.20
5412,630.00,243.20
5413,631.00,243.20
5414,631.00,244.20
5415,631.00,244.20
5416,631.00,245.20
5417,631.00,245.20
5418,631.00,245.20
5419,631.00,246.20
5420,631.00,246.20
5421,632.00,247.20
5422,632.00,247.20
5423,632.00,248.20
5424,632.00,248.20
5425,632.00,249.20
5426,632.00,249.20
5427,632.00,250.20
5428,633.00,250.20
5429,633.00,251.20
5430,633.00,252.20
5431,633.00,252.20
5432,633.00,252.20
5433,633.00,253.20
5434,633.00,253.20
5435,633.00,253.20
5436,633.00,254.20
5437,633.00,254.20
5438,633.00,255.20
5439,633.00,255.20
5440,634.00,255.20
5441,634.00,256.20
5442,634.00,257.20
5443,634.00,257.20
5444,634.00,258.20
5445,634.00,259.20
5446,634.00,259.20
5447,634.00,260.20
5448,635.00,260.20
5449,635.00,261.20
5450,635.00,261.20
5451,635.00,261.20
5452,635.00,262.20
5453,635.00,262.20
5454,635.00,263.20
5455,636.00,263.20
5456,636.00,264.20
5457,636.00,264.20
5458,636.00,265.20
5459,636.00,265.20
5460,636.00,265.20
5461,636.00,265.20
5462,636.00,266.20
5463,637.00,266.20
5464,637.00,266.20
5465,637.00,267.20
5466,637.00,267.20
5467,637.00,267.20
5468,638.00,267.20
5469,638.00,267.20
5470,638.00,268.20
5471,638.00,268.20
5472,639.00,269.20
5473,639.00,269.20
5474,639.00,269.20
5475,640.00,269.20
5476,640.00,270.20
5477,640.00,270.20
5478,641.00,270.20
5479,641.00,271.20
5480,641.00,271.20
5481,642.00,272.20

matched_data
index,target_x,target_y,user_x,user_y,offset_px
0,60.00,336.46,59.00,334.20,1.63
1,61.50,331.70,60.00,329.20,2.13
2,63.00,326.48,61.00,326.20,2.00
3,64.50,320.91,62.00,323.20,1.82
4,66.00,315.10,64.00,316.20,1.66
5,67.50,309.16,66.00,312.20,0.71
6,69.00,303.19,67.00,307.20,0.96
7,70.50,297.29,68.00,302.20,1.21
8,72.00,291.54,69.00,295.20,1.98
9,73.50,286.02,70.00,291.20,2.02
10,75.00,280.79,72.00,285.20,1.67
11,76.50,275.91,74.00,280.20,1.13
12,78.00,271.41,76.00,273.20,1.33
13,79.50,267.32,79.00,266.20,0.89
14,81.00,263.66,81.00,261.20,1.03
15,82.50,260.42,83.00,256.20,1.58
16,84.00,257.59,86.00,253.20,0.72
17,85.50,255.15,88.00,249.20,1.75
18,87.00,253.04,91.00,246.20,1.83
19,88.50,251.22,94.00,244.20,1.30
20,90.00,249.64,99.00,241.20,0.36
21,91.50,248.21,102.00,234.20,0.68
22,93.00,246.86,103.00,230.20,1.38
23,94.50,245.52,105.00,226.20,0.89
24,96.00,244.09,106.00,222.20,1.16
25,97.50,242.49,108.00,218.20,0.34
26,99.00,240.63,110.00,215.20,0.84
27,100.50,238.42,111.00,211.20,0.88
28,102.00,235.79,111.00,207.20,0.02
29,103.50,232.64,112.00,203.20,0.15
30,105.00,228.93,113.00,199.20,0.34
31,106.50,224.58,114.00,195.20,0.59
32,108.00,219.54,115.00,191.20,0.85
33,109.50,213.79,115.00,186.20,0.00
34,111.00,207.29,117.00,181.20,1.16
35,112.50,200.02,118.00,174.20,1.05
36,114.00,192.01,118.00,169.20,0.31
37,115.50,183.26,119.00,160.20,0.01
38,117.00,173.80,119.00,155.20,0.68
39,118.50,163.68,120.00,149.20,0.50
40,120.00,152.97,120.00,146.20,0.90
41,121.50,141.74,121.00,142.20,0.44
42,123.00,130.09,121.00,138.20,0.95
43,124.50,118.10,121.00,134.20,1.46
44,126.00,105.89,122.00,129.20,1.10
45,127.50,93.59,123.00,124.20,0.73
46,129.00,81.32,124.00,117.20,0.61
47,130.50,69.22,127.00,110.20,1.52
48,132.00,57.42,128.00,107.20,2.14
49,133.50,46.06,127.00,101.20,0.42
50,135.00,42.00,127.00,98.20,0.06
51,136.50,42.00,127.00,92.20,0.67
52,138.00,42.00,128.00,87.20,0.28
53,139.50,42.00,128.00,82.20,0.89
54,141.00,42.00,129.00,77.20,0.51
55,142.50,42.00,130.00,71.20,0.25
56,144.00,42.00,131.00,65.20,0.01
57,145.50,42.00,131.00,62.20,0.39
58,147.00,42.00,131.00,57.20,1.02
59,148.50,42.00,132.00,53.20,0.55
60,150.00,42.00,134.00,48.20,0.78
61,151.50,42.00,134.00,45.20,0.17
62,153.00,42.00,134.00,42.20,0.87
63,154.50,42.00,137.00,42.20,0.20
64,156.00,42.00,140.00,41.20,0.80
65,157.50,42.00,143.00,41.20,0.80
66,159.00,42.00,147.00,41.20,0.80
67,160.50,42.00,153.00,41.20,0.80
68,162.00,47.02,157.00,41.20,0.80
69,163.50,60.30,159.00,41.20,0.80
70,165.00,74.47,160.00,43.20,0.82
71,166.50,89.39,160.00,47.20,1.97
72,168.00,104.91,161.00,51.20,1.46
73,169.50,120.89,161.00,56.20,2.02
74,171.00,137.17,162.00,62.20,1.69
75,172.50,153.58,162.00,70.20,2.53
76,174.00,169.97,164.00,75.20,1.07
77,175.50,186.19,165.00,79.20,0.47
78,177.00,202.09,166.00,82.20,0.22
79,178.50,217.52,166.00,86.20,0.18
80,180.00,232.35,166.00,90.20,0.58
81,181.50,246.45,167.00,94.20,0.03
82,183.00,259.72,168.00,97.20,0.74
83,184.50,272.05,168.00,102.20,0.26
84,186.00,283.37,169.00,106.20,0.88
85,187.50,293.60,169.00,114.20,0.13
86,189.00,302.70,169.00,120.20,0.43
87,190.50,310.62,169.00,127.20,1.08
88,192.00,317.35,170.00,133.20,0.63
89,193.50,322.89,171.00,142.20,0.46
90,195.00,327.24,172.00,151.20,0.28
91,196.50,330.45,173.00,158.20,0.08
92,198.00,332.55,173.00,169.20,0.93
93,199.50,333.60,174.00,174.20,0.39
94,201.00,333.68,174.00,178.20,0.76
95,202.50,332.85,175.00,186.20,0.50
96,204.00,331.22,175.00,191.20,0.97
97,205.50,328.88,176.00,202.20,1.01
98,207.00,325.93,179.00,212.20,1.01
99,208.50,322.47,179.00,220.20,0.23
100,210.00,318.62,180.00,228.20,0.42
101,211.50,314.48,180.00,237.20,0.51
102,213.00,310.15,181.00,243.20,0.15
103,214.50,305.73,182.00,247.20,0.41
104,216.00,301.33,183.00,255.20,0.51
105,217.50,297.02,183.00,261.20,0.18
106,219.00,292.88,183.00,268.20,1.02
107,220.50,288.98,185.00,276.20,0.05
108,222.00,285.37,186.00,285.20,0.27
109,223.50,282.10,186.00,293.20,1.43
110,225.00,279.19,187.00,297.20,1.08
111,226.50,276.66,188.00,301.20,0.74
112,228.00,274.52,190.00,307.20,0.14
113,229.50,272.75,192.00,312.20,1.12
114,231.00,271.33,193.00,318.20,0.74
115,232.50,270.23,195.00,324.20,0.99
116,234.00,269.38,195.00,327.20,0.01
117,235.50,268.75,197.00,330.20,0.55
118,237.00,268.25,199.00,332.20,0.86
119,238.50,267.81,201.00,333.20,0.42
120,240.00,267.35,204.00,332.20,0.66
121,241.50,266.78,207.00,328.20,1.03
122,243.00,266.01,208.00,324.20,0.23
123,244.50,264.96,209.00,320.20,0.36
124,246.00,263.52,210.00,317.20,0.48
125,247.50,261.62,211.00,313.20,0.89
126,249.00,259.18,212.00,306.20,2.22
127,250.50,256.10,214.00,302.20,1.61
128,252.00,252.34,216.00,296.20,1.69
129,253.50,247.83,220.00,289.20,0.39
130,255.00,242.52,222.00,286.20,0.32
131,256.50,236.39,224.00,281.20,0.03
132,258.00,229.40,226.00,276.20,0.68
133,259.50,221.57,229.00,272.20,0.75
134,261.00,212.88,232.00,270.20,0.32
135,262.50,203.38,238.00,268.20,0.23
136,264.00,193.09,243.00,266.20,0.17
137,265.50,182.08,245.00,264.20,0.20
138,267.00,170.41,248.00,261.20,0.21
139,268.50,158.17,250.00,257.20,0.03
140,270.00,145.45,251.00,254.20,0.24
141,271.50,132.35,252.00,249.20,0.99
142,273.00,119.01,255.00,241.20,0.31
143,274.50,105.55,256.00,237.20,0.29
144,276.00,92.09,257.00,231.20,0.60
145,277.50,78.79,258.00,227.20,0.41
146,279.00,65.78,259.00,222.20,0.37
147,280.50,53.21,261.00,218.20,0.91
148,282.00,42.00,262.00,213.20,1.04
149,283.50,42.00,262.00,206.20,0.05
150,285.00,42.00,263.00,197.20,0.40
151,286.50,42.00,263.00,192.20,1.11
152,288.00,42.00,266.00,184.20,0.78
153,289.50,42.00,266.00,180.20,0.26
154,291.00,42.00,268.00,173.20,1.35
155,292.50,42.00,268.00,168.20,0.72
156,294.00,42.00,268.00,163.20,0.12
157,295.50,42.00,268.00,160.20,0.25
158,297.00,42.00,269.00,153.20,0.09
159,298.50,42.00,269.00,147.20,0.79
160,300.00,42.00,270.00,140.20,0.60
161,301.50,42.00,271.00,135.20,0.17
162,303.00,42.00,272.00,129.20,0.14
163,304.50,42.00,274.00,119.20,1.01
164,306.00,42.00,275.00,112.20,1.23
165,307.50,42.00,275.00,103.20,0.24
166,309.00,42.00,276.00,97.20,0.57
167,310.50,46.82,276.00,91.20,0.10
168,312.00,60.21,278.00,81.20,0.77
169,313.50,74.37,279.00,74.20,0.96
170,315.00,89.18,279.00,67.20,0.16
171,316.50,104.47,280.00,59.20,0.21
172,318.00,120.09,280.00,52.20,0.63
173,319.50,135.88,280.00,47.20,1.29
174,321.00,151.69,280.00,44.20,1.69
175,322.50,167.38,283.00,42.20,0.20
176,324.00,182.79,287.00,41.20,0.80
177,325.50,197.78,291.00,41.20,0.80
178,327.00,212.23,296.00,41.20,0.80
179,328.50,226.01,300.00,41.20,0.80
180,330.00,239.02,304.00,41.20,0.80
181,331.50,251.17,306.00,42.20,0.20
182,333.00,262.37,308.00,43.20,1.20
183,334.50,272.57,309.00,45.20,0.95
184,336.00,281.70,309.00,48.20,1.64
185,337.50,289.76,310.00,52.20,1.10
186,339.00,296.70,310.00,56.20,1.54
187,340.50,302.55,310.00,61.20,2.09
188,342.00,307.31,311.00,67.20,1.73
189,343.50,311.02,312.00,75.20,1.58
190,345.00,313.71,315.00,85.20,0.40
191,346.50,315.46,316.00,90.20,0.90
192,348.00,316.32,316.00,97.20,0.21
193,349.50,316.38,316.00,102.20,0.28
194,351.00,315.72,316.00,108.20,0.85
195,352.50,314.45,317.00,116.20,0.62
196,354.00,312.65,318.00,121.20,0.11
197,355.50,310.43,319.00,124.20,0.61
198,357.00,307.89,319.00,131.20,0.06
199,358.50,305.13,319.00,139.20,0.81
200,360.00,302.25,319.00,146.20,1.47
201,361.50,299.34,320.00,153.20,1.14
202,363.00,296.49,321.00,159.20,0.71
203,364.50,293.77,322.00,165.20,0.29
204,366.00,291.25,323.00,171.20,0.13
205,367.50,288.99,324.00,180.20,0.25
206,369.00,287.03,324.00,188.20,0.54
207,370.50,285.41,324.00,198.20,1.54
208,372.00,284.14,325.00,203.20,1.06
209,373.50,283.24,327.00,210.20,0.21
210,375.00,282.69,329.00,217.20,1.45
211,376.50,282.47,330.00,227.20,1.35
212,378.00,282.55,330.00,241.20,0.27
213,379.50,282.88,330.00,248.20,1.12
214,381.00,283.41,332.00,255.20,0.04
215,382.50,284.07,333.00,264.20,0.27
216,384.00,284.78,335.00,272.20,0.55
217,385.50,285.46,335.00,278.20,0.42
218,387.00,286.02,337.00,287.20,0.02
219,388.50,286.37,338.00,294.20,0.45
220,390.00,286.41,341.00,299.20,1.32
221,391.50,286.06,342.00,304.20,0.93
222,393.00,285.21,344.00,310.20,0.77
223,394.50,283.79,345.00,313.20,0.25
224,396.00,281.70,348.00,315.20,0.97
225,397.50,278.87,353.00,316.20,1.66
226,399.00,275.24,356.00,311.20,0.85
227,400.50,270.75,358.00,306.20,0.07
228,402.00,265.35,360.00,299.20,1.40
229,403.50,259.03,363.00,293.20,1.59
230,405.00,251.75,367.00,287.20,1.48
231,406.50,243.52,371.00,285.20,0.16
232,408.00,234.36,377.00,284.20,1.70
233,409.50,224.29,382.00,284.20,0.32
234,411.00,213.36,386.00,284.20,1.35
235,412.50,201.63,390.00,283.20,3.13
236,414.00,189.18,394.00,281.20,1.91
237,415.50,176.09,397.00,277.20,1.10
238,417.00,162.47,400.00,272.20,0.01
239,418.50,148.44,401.00,266.20,0.74
240,420.00,134.12,403.00,263.20,0.48
241,421.50,119.64,404.00,259.20,0.53
242,423.00,105.14,405.00,251.20,0.10
243,424.50,90.78,406.00,246.20,0.01
244,426.00,76.69,407.00,238.20,0.37
245,427.50,63.02,408.00,232.20,0.32
246,429.00,49.93,408.00,226.20,1.20
247,430.50,42.00,410.00,220.20,0.06
248,432.00,42.00,412.00,213.20,0.97
249,433.50,42.00,413.00,206.20,1.08
250,435.00,42.00,414.00,200.20,1.32
251,436.50,42.00,414.00,191.20,0.24
252,438.00,42.00,415.00,185.20,0.54
253,439.50,42.00,415.00,177.20,0.37
254,441.00,42.00,416.00,170.20,0.15
255,442.50,42.00,417.00,163.20,0.08
256,444.00,42.00,418.00,156.20,0.33
257,445.50,42.00,419.00,147.20,0.37
258,447.00,42.00,420.00,141.20,0.74
259,448.50,42.00,420.00,136.20,0.22
260,450.00,42.00,421.00,132.20,0.80
261,451.50,42.00,421.00,125.20,0.08
262,453.00,42.00,421.00,117.20,0.75
263,454.50,42.00,422.00,104.20,1.09
264,456.00,42.00,423.00,98.20,0.72
265,457.50,42.00,424.00,92.20,0.35
266,459.00,48.13,425.00,82.20,0.41
267,460.50,61.40,425.00,77.20,0.94
268,462.00,75.32,425.00,72.20,1.48
269,463.50,89.75,427.00,62.20,0.59
270,465.00,104.54,429.00,55.20,0.60
271,466.50,119.53,429.00,51.20,0.14
272,468.00,134.58,430.00,47.20,0.48
273,469.50,149.54,431.00,45.20,1.09
274,471.00,164.26,431.00,43.20,0.71
275,472.50,178.63,434.00,41.20,0.80
276,474.00,192.50,439.00,41.20,0.80
277,475.50,205.76,445.00,41.20,0.80
278,477.00,218.32,450.00,41.20,0.80
279,478.50,230.08,454.00,41.20,0.80
280,480.00,240.98,456.00,41.20,0.80
281,481.50,250.94,457.00,44.20,1.01
282,483.00,259.94,458.00,47.20,0.75
283,484.50,267.94,458.00,55.20,1.79
284,486.00,274.93,458.00,61.20,2.46
285,487.50,280.91,459.00,67.20,2.11
286,489.00,285.90,460.00,72.20,1.65
287,490.50,289.95,461.00,75.20,0.98
288,492.00,293.09,461.00,83.20,1.81
289,493.50,295.38,463.00,95.20,1.05
290,495.00,296.89,465.00,101.20,0.34
291,496.50,297.71,466.00,107.20,0.73
292,498.00,297.91,466.00,113.20,0.13
293,499.50,297.59,466.00,117.20,0.27
294,501.00,296.85,467.00,124.20,0.03
295,502.50,295.77,468.00,129.20,0.53
296,504.00,294.47,469.00,135.20,0.93
297,505.50,293.02,469.00,140.20,0.43
298,507.00,291.53,470.00,147.20,0.73
299,508.50,290.07,470.00,153.20,0.13
300,510.00,288.73,470.00,161.20,0.68
301,511.50,287.57,472.00,173.20,0.07
302,513.00,286.66,473.00,183.20,0.01
303,514.50,286.03,473.00,192.20,0.96
304,516.00,285.73,474.00,201.20,0.98
305,517.50,285.77,476.00,208.20,0.21
306,519.00,286.17,479.00,217.20,2.12
307,520.50,286.92,480.00,230.20,1.47
308,522.00,288.01,480.00,239.20,0.24
309,523.50,289.39,481.00,249.20,0.23
310,525.00,291.03,483.00,258.20,0.29
311,526.50,292.88,486.00,267.20,1.61
312,528.00,294.86,488.00,278.20,1.14
313,529.50,296.91,490.00,286.20,0.83
314,531.00,298.93,492.00,291.20,0.81
315,532.50,300.84,494.00,294.20,1.06
316,534.00,302.54,498.00,296.20,1.67
317,535.50,303.93,502.00,297.20,0.87
318,537.00,304.92,507.00,293.20,1.19
319,538.50,305.41,511.00,289.20,0.98
320,540.00,305.30,517.00,287.20,1.44
321,541.50,304.51,520.00,288.20,1.33
322,543.00,302.94,524.00,292.20,1.51
323,544.50,300.53,529.00,296.20,0.01
324,546.00,297.20,532.00,299.20,0.62
325,547.50,292.91,535.00,300.20,2.30
326,549.00,287.61,539.00,301.20,4.09
327,550.50,281.27,542.00,298.20,3.24
328,552.00,273.89,547.00,291.20,0.95
329,553.50,265.46,551.00,284.20,1.16
330,555.00,256.01,552.00,277.20,0.66
331,556.50,245.56,552.00,273.20,0.12
332,558.00,234.18,552.00,267.20,1.17
333,559.50,221.92,553.00,258.20,1.63
334,561.00,208.88,555.00,251.20,0.68
335,562.50,195.14,558.00,242.20,1.05
336,564.00,180.81,558.00,235.20,0.13
337,565.50,166.01,559.00,230.20,0.51
338,567.00,150.88,560.00,223.20,0.65
339,568.50,135.55,560.00,218.20,0.07
340,570.00,120.17,561.00,209.20,0.04
341,571.50,104.89,562.00,203.20,0.38
342,573.00,89.87,562.00,195.20,0.49
343,574.50,75.24,563.00,185.20,0.54
344,576.00,61.17,564.00,176.20,0.46
345,577.50,47.81,564.00,169.20,1.17
346,579.00,42.00,566.00,160.20,0.08
347,580.50,42.00,567.00,153.20,0.23
348,582.00,42.00,568.00,146.20,0.54
349,583.50,42.00,568.00,136.20,0.43
350,585.00,42.00,568.00,127.20,1.31
351,586.50,42.00,569.00,116.20,1.38
352,588.00,42.00,571.00,109.20,0.08
353,589.50,42.00,571.00,101.20,0.86
354,591.00,42.00,572.00,94.20,0.56
355,592.50,42.00,573.00,86.20,0.37
356,594.00,42.00,574.00,76.20,0.40
357,595.50,42.00,575.00,66.20,0.46
358,597.00,42.00,576.00,61.20,0.00
359,598.50,42.00,577.00,54.20,0.22
360,600.00,42.00,578.00,50.20,0.76
361,601.50,42.00,579.00,46.20,1.05
362,603.00,42.00,580.00,43.20,1.20
363,604.50,42.00,584.00,42.20,0.20
364,606.00,42.00,589.00,42.20,0.20
365,607.50,50.76,595.00,42.20,0.20
366,609.00,63.65,601.00,42.20,0.20
367,610.50,77.07,604.00,42.20,0.20
368,612.00,90.87,606.00,42.20,0.03
369,613.50,104.90,609.00,47.20,2.08
370,615.00,119.01,610.00,57.20,1.74
371,616.50,133.06,610.00,64.20,0.93
372,618.00,146.93,610.00,72.20,0.04
373,619.50,160.47,609.00,76.20,1.39
374,621.00,173.57,609.00,81.20,1.94
375,622.50,186.13,611.00,86.20,0.49
376,624.00,198.04,612.00,92.20,0.14
377,625.50,209.23,613.00,97.20,0.32
378,627.00,219.62,614.00,107.20,0.25
379,628.50,229.17,617.00,116.20,2.29
380,630.00,237.83,618.00,127.20,2.11
381,631.50,245.59,617.00,136.20,0.16
382,633.00,252.43,617.00,147.20,1.02
383,634.50,258.37,617.00,156.20,2.01
384,636.00,263.42,618.00,162.20,1.69
385,637.50,267.64,620.00,167.20,0.27
386,639.00,271.05,620.00,174.20,1.07
387,640.50,273.73,621.00,182.20,1.02
388,642.00,275.75,623.00,194.20,0.51
389,643.50,277.17,625.00,204.20,0.17
390,645.00,278.10,627.00,209.20,1.49
391,646.50,278.61,627.00,217.20,0.35
392,648.00,278.79,627.00,224.20,0.71
393,649.50,278.75,629.00,230.20,0.32
394,651.00,278.58,630.00,237.20,0.11
395,652.50,278.35,630.00,243.20,1.02
396,654.00,278.16,632.00,249.20,0.29
397,655.50,278.08,634.00,255.20,0.29
398,657.00,278.19,635.00,263.20,0.89
399,658.50,278.54,637.00,267.20,0.32
400,660.00,279.18,642.00,272.20,2.06