trial,2
timestamp,2026-03-12T17:27:17.559Z
mode,spatial-color

target_curve
index,target_x,target_y
0,60.00,336.46
1,61.50,331.70
2,63.00,326.48
3,64.50,320.91
4,66.00,315.10
5,67.50,309.16
6,69.00,303.19
7,70.50,297.29
8,72.00,291.54
9,73.50,286.02
10,75.00,280.79
11,76.50,275.91
12,78.00,271.41
13,79.50,267.32
14,81.00,263.66
15,82.50,260.42
16,84.00,257.59
17,85.50,255.15
18,87.00,253.04
19,88.50,251.22
20,90.00,249.64
21,91.50,248.21
22,93.00,246.86
23,94.50,245.52
24,96.00,244.09
25,97.50,242.49
26,99.00,240.63
27,100.50,238.42
28,102.00,235.79
29,103.50,232.64
30,105.00,228.93
31,106.50,224.58
32,108.00,219.54
33,109.50,213.79
34,111.00,207.29
35,112.50,200.02
36,114.00,192.01
37,115.50,183.26
38,117.00,173.80
39,118.50,163.68
40,120.00,152.97
41,121.50,141.74
42,123.00,130.09
43,124.50,118.10
44,126.00,105.89
45,127.50,93.59
46,129.00,81.32
47,130.50,69.22
48,132.00,57.42
49,133.50,46.06
50,135.00,42.00
51,136.50,42.00
52,138.00,42.00
53,139.50,42.00
54,141.00,42.00
55,142.50,42.00
56,144.00,42.00
57,145.50,42.00
58,147.00,42.00
59,148.50,42.00
60,150.00,42.00
61,151.50,42.00
62,153.00,42.00
63,154.50,42.00
64,156.00,42.00
65,157.50,42.00
66,159.00,42.00
67,160.50,42.00
68,162.00,47.02
69,163.50,60.30
70,165.00,74.47
71,166.50,89.39
72,168.00,104.91
73,169.50,120.89
74,171.00,137.17
75,172.50,153.58
76,174.00,169.97
77,175.50,186.19
78,177.00,202.09
79,178.50,217.52
80,180.00,232.35
81,181.50,246.45
82,183.00,259.72
83,184.50,272.05
84,186.00,283.37
85,187.50,293.60
86,189.00,302.70
87,190.50,310.62
88,192.00,317.35
89,193.50,322.89
90,195.00,327.24
91,196.50,330.45
92,198.00,332.55
93,199.50,333.60
94,201.00,333.68
95,202.50,332.85
96,204.00,331.22
97,205.50,328.88
98,207.00,325.93
99,208.50,322.47
100,210.00,318.62
101,211.50,314.48
102,213.00,310.15
103,214.50,305.73
104,216.00,301.33
105,217.50,297.02
106,219.00,292.88
107,220.50,288.98
108,222.00,285.37
109,223.50,282.10
110,225.00,279.19
111,226.50,276.66
112,228.00,274.52
113,229.50,272.75
114,231.00,271.33
115,232.50,270.23
116,234.00,269.38
117,235.50,268.75
118,237.00,268.25
119,238.50,267.81
120,240.00,267.35
121,241.50,266.78
122,243.00,266.01
123,244.50,264.96
124,246.00,263.52
125,247.50,261.62
126,249.00,259.18
127,250.50,256.10
128,252.00,252.34
129,253.50,247.83
130,255.00,242.52
131,256.50,236.39
132,258.00,229.40
133,259.50,221.57
134,261.00,212.88
135,262.50,203.38
136,264.00,193.09
137,265.50,182.08
138,267.00,170.41
139,268.50,158.17
140,270.00,145.45
141,271.50,132.35
142,273.00,119.01
143,274.50,105.55
144,276.00,92.09
145,277.50,78.79
146,279.00,65.78
147,280.50,53.21
148,282.00,42.00
149,283.50,42.00
150,285.00,42.00
151,286.50,42.00
152,288.00,42.00
153,289.50,42.00
154,291.00,42.00
155,292.50,42.00
156,294.00,42.00
157,295.50,42.00
158,297.00,42.00
159,298.50,42.00
160,300.00,42.00
161,301.50,42.00
162,303.00,42.00
163,304.50,42.00
164,306.00,42.00
165,307.50,42.00
166,309.00,42.00
167,310.50,46.82
168,312.00,60.21
169,313.50,74.37
170,315.00,89.18
171,316.50,104.47
172,318.00,120.09
173,319.50,135.88
174,321.00,151.69
175,322.50,167.38
176,324.00,182.79
177,325.50,197.78
178,327.00,212.23
179,328.50,226.01
180,330.00,239.02
181,331.50,251.17
182,333.00,262.37
183,334.50,272.57
184,336.00,281.70
185,337.50,289.76
186,339.00,296.70
187,340.50,302.55
188,342.00,307.31
189,343.50,311.02
190,345.00,313.71
191,346.50,315.46
192,348.00,316.32
193,349.50,316.38
194,351.00,315.72
195,352.50,314.45
196,354.00,312.65
197,355.50,310.43
198,357.00,307.89
199,358.50,305.13
200,360.00,302.25
201,361.50,299.34
202,363.00,296.49
203,364.50,293.77
204,366.00,291.25
205,367.50,288.99
206,369.00,287.03
207,370.50,285.41
208,372.00,284.14
209,373.50,283.24
210,375.00,282.69
211,376.50,282.47
212,378.00,282.55
213,379.50,282.88
214,381.00,283.41
215,382.50,284.07
216,384.00,284.78
217,385.50,285.46
218,387.00,286.02
219,388.50,286.37
220,390.00,286.41
221,391.50,286.06
222,393.00,285.21
223,394.50,283.79
224,396.00,281.70
225,397.50,278.87
226,399.00,275.24
227,400.50,270.75
228,402.00,265.35
229,403.50,259.03
230,405.00,251.75
231,406.50,243.52
232,408.00,234.36
233,409.50,224.29
234,411.00,213.36
235,412.50,201.63
236,414.00,189.18
237,415.50,176.09
238,417.00,162.47
239,418.50,148.44
240,420.00,134.12
241,421.50,119.64
242,423.00,105.14
243,424.50,90.78
244,426.00,76.69
245,427.50,63.02
246,429.00,49.93
247,430.50,42.00
248,432.00,42.00
249,433.50,42.00
250,435.00,42.00
251,436.50,42.00
252,438.00,42.00
253,439.50,42.00
254,441.00,42.00
255,442.50,42.00
256,444.00,42.00
257,445.50,42.00
258,447.00,42.00
259,448.50,42.00
260,450.00,42.00
261,451.50,42.00
262,453.00,42.00
263,454.50,42.00
264,456.00,42.00
265,457.50,42.00
266,459.00,48.13
267,460.50,61.40
268,462.00,75.32
269,463.50,89.75
270,465.00,104.54
271,466.50,119.53
272,468.00,134.58
273,469.50,149.54
274,471.00,164.26
275,472.50,178.63
276,474.00,192.50
277,475.50,205.76
278,477.00,218.32
279,478.50,230.08
280,480.00,240.98
281,481.50,250.94
282,483.00,259.94
283,484.50,267.94
284,486.00,274.93
285,487.50,280.91
286,489.00,285.90
287,490.50,289.95
288,492.00,293.09
289,493.50,295.38
290,495.00,296.89
291,496.50,297.71
292,498.00,297.91
293,499.50,297.59
294,501.00,296.85
295,502.50,295.77
296,504.00,294.47
297,505.50,293.02
298,507.00,291.53
299,508.50,290.07
300,510.00,288.73
301,511.50,287.57
302,513.00,286.66
303,514.50,286.03
304,516.00,285.73
305,517.50,285.77
306,519.00,286.17
307,520.50,286.92
308,522.00,288.01
309,523.50,289.39
310,525.00,291.03
311,526.50,292.88
312,528.00,294.86
313,529.50,296.91
314,531.00,298.93
315,532.50,300.84
316,534.00,302.54
317,535.50,303.93
318,537.00,304.92
319,538.50,305.41
320,540.00,305.30
321,541.50,304.51
322,543.00,302.94
323,544.50,300.53
324,546.00,297.20
325,547.50,292.91
326,549.00,287.61
327,550.50,281.27
328,552.00,273.89
329,553.50,265.46
330,555.00,256.01
331,556.50,245.56
332,558.00,234.18
333,559.50,221.92
334,561.00,208.88
335,562.50,195.14
336,564.00,180.81
337,565.50,166.01
338,567.00,150.88
339,568.50,135.55
340,570.00,120.17
341,571.50,104.89
342,573.00,89.87
343,574.50,75.24
344,576.00,61.17
345,577.50,47.81
346,579.00,42.00
347,580.50,42.00
348,582.00,42.00
349,583.50,42.00
350,585.00,42.00
351,586.50,42.00
352,588.00,42.00
353,589.50,42.00
354,591.00,42.00
355,592.50,42.00
356,594.00,42.00
357,595.50,42.00
358,597.00,42.00
359,598.50,42.00
360,600.00,42.00
361,601.50,42.00
362,603.00,42.00
363,604.50,42.00
364,606.00,42.00
365,607.50,50.76
366,609.00,63.65
367,610.50,77.07
368,612.00,90.87
369,613.50,104.90
370,615.00,119.01
371,616.50,133.06
372,618.00,146.93
373,619.50,160.47
374,621.00,173.57
375,622.50,186.13
376,624.00,198.04
377,625.50,209.23
378,627.00,219.62
379,628.50,229.17
380,630.00,237.83
381,631.50,245.59
382,633.00,252.43
383,634.50,258.37
384,636.00,263.42
385,637.50,267.64
386,639.00,271.05
387,640.50,273.73
388,642.00,275.75
389,643.50,277.17
390,645.00,278.10
391,646.50,278.61
392,648.00,278.79
393,649.50,278.75
394,651.00,278.58
395,652.50,278.35
396,654.00,278.16
397,655.50,278.08
398,657.00,278.19
399,658.50,278.54
400,660.00,279.18

user_path
index,user_x,user_y
0,59.00,336.20
1,59.00,336.20
2,59.00,335.20
3,59.00,334.20
4,60.00,333.20
5,60.00,333.20
6,60.00,332.20
7,60.00,331.20
8,61.00,330.20
9,61.00,329.20
10,61.00,328.20
11,62.00,327.20
12,62.00,327.20
13,62.00,326.20
14,62.00,326.20
15,63.00,326.20
16,63.00,325.20
17,63.00,325.20
18,63.00,325.20
19,63.00,324.20
20,63.00,324.20
21,63.00,324.20
22,63.00,324.20
23,64.00,323.20
24,64.00,323.20
25,64.00,323.20
26,64.00,323.20
27,64.00,323.20
28,64.00,322.20
29,64.00,322.20
30,64.00,322.20
31,64.00,322.20
32,64.00,322.20
33,64.00,321.20
34,64.00,321.20
35,64.00,321.20
36,64.00,321.20
37,64.00,320.20
38,64.00,320.20
39,64.00,319.20
40,65.00,319.20
41,65.00,319.20
42,65.00,318.20
43,65.00,318.20
44,65.00,318.20
45,65.00,318.20
46,65.00,317.20
47,65.00,317.20
48,65.00,317.20
49,65.00,316.20
50,65.00,316.20
51,65.00,315.20
52,65.00,315.20
53,65.00,315.20
54,65.00,314.20
55,65.00,314.20
56,65.00,313.20
57,66.00,313.20
58,66.00,313.20
59,66.00,312.20
60,66.00,312.20
61,66.00,311.20
62,67.00,311.20
63,67.00,310.20
64,67.00,310.20
65,68.00,309.20
66,68.00,308.20
67,68.00,308.20
68,69.00,307.20
69,69.00,307.20
70,69.00,306.20
71,69.00,305.20
72,70.00,305.20
73,70.00,304.20
74,70.00,303.20
75,71.00,303.20
76,71.00,302.20
77,71.00,301.20
78,71.00,301.20
79,71.00,301.20
80,71.00,300.20
81,72.00,300.20
82,72.00,299.20
83,72.00,299.20
84,72.00,299.20
85,72.00,298.20
86,72.00,298.20
87,72.00,297.20
88,72.00,297.20
89,72.00,296.20
90,72.00,296.20
91,73.00,295.20
92,73.00,295.20
93,73.00,295.20
94,73.00,294.20
95,73.00,294.20
96,73.00,293.20
97,73.00,293.20
98,73.00,293.20
99,73.00,292.20
100,73.00,292.20
101,73.00,291.20
102,73.00,291.20
103,73.00,290.20
104,74.00,290.20
105,74.00,289.20
106,74.00,289.20
107,74.00,288.20
108,74.00,288.20
109,74.00,287.20
110,74.00,287.20
111,74.00,286.20
112,74.00,285.20
113,74.00,284.20
114,75.00,283.20
115,75.00,283.20
116,75.00,282.20
117,75.00,281.20
118,75.00,281.20
119,76.00,281.20
120,76.00,280.20
121,76.00,280.20
122,76.00,280.20
123,76.00,279.20
124,76.00,279.20
125,76.00,279.20
126,76.00,279.20
127,76.00,279.20
128,76.00,278.20
129,76.00,277.20
130,76.00,276.20
131,77.00,275.20
132,77.00,274.20
133,77.00,274.20
134,77.00,273.20
135,77.00,273.20
136,77.00,273.20
137,77.00,272.20
138,78.00,272.20
139,78.00,271.20
140,78.00,271.20
141,78.00,270.20
142,78.00,270.20
143,78.00,269.20
144,78.00,269.20
145,78.00,269.20
146,79.00,269.20
147,79.00,268.20
148,79.00,268.20
149,79.00,267.20
150,79.00,267.20
151,79.00,266.20
152,79.00,266.20
153,79.00,266.20
154,80.00,265.20
155,80.00,265.20
156,80.00,264.20
157,80.00,264.20
158,80.00,264.20
159,80.00,263.20
160,80.00,263.20
161,80.00,263.20
162,81.00,263.20
163,81.00,262.20
164,81.00,262.20
165,81.00,261.20
166,81.00,261.20
167,81.00,261.20
168,81.00,260.20
169,82.00,260.20
170,82.00,260.20
171,82.00,259.20
172,82.00,259.20
173,82.00,259.20
174,82.00,258.20
175,83.00,258.20
176,83.00,258.20
177,83.00,257.20
178,83.00,257.20
179,84.00,257.20
180,84.00,256.20
181,84.00,256.20
182,84.00,255.20
183,85.00,254.20
184,85.00,254.20
185,85.00,253.20
186,86.00,252.20
187,86.00,251.20
188,86.00,251.20
189,86.00,250.20
190,86.00,250.20
191,86.00,250.20
192,87.00,249.20
193,87.00,249.20
194,87.00,249.20
195,87.00,248.20
196,88.00,248.20
197,88.00,248.20
198,89.00,247.20
199,89.00,247.20
200,90.00,246.20
201,91.00,245.20
202,92.00,245.20
203,93.00,244.20
204,94.00,244.20
205,94.00,244.20
206,95.00,243.20
207,95.00,243.20
208,96.00,243.20
209,96.00,243.20
210,96.00,242.20
211,97.00,242.20
212,97.00,242.20
213,97.00,241.20
214,97.00,241.20
215,97.00,241.20
216,98.00,241.20
217,98.00,241.20
218,98.00,240.20
219,98.00,240.20
220,99.00,240.20
221,99.00,239.20
222,99.00,239.20
223,99.00,238.20
224,100.00,238.20
225,100.00,238.20
226,100.00,238.20
227,100.00,238.20
228,100.00,237.20
229,100.00,237.20
230,101.00,237.20
231,101.00,237.20
232,101.00,236.20
233,101.00,236.20
234,102.00,236.20
235,102.00,235.20
236,102.00,235.20
237,102.00,235.20
238,102.00,234.20
239,103.00,232.20
240,103.00,232.20
241,104.00,231.20
242,104.00,231.20
243,104.00,230.20
244,104.00,230.20
245,104.00,230.20
246,105.00,229.20
247,105.00,229.20
248,105.00,229.20
249,105.00,228.20
250,105.00,228.20
251,105.00,227.20
252,106.00,227.20
253,106.00,226.20
254,106.00,226.20
255,106.00,225.20
256,107.00,225.20
257,107.00,224.20
258,107.00,223.20
259,107.00,223.20
260,107.00,223.20
261,107.00,222.20
262,107.00,222.20
263,108.00,221.20
264,108.00,220.20
265,108.00,219.20
266,108.00,218.20
267,108.00,218.20
268,109.00,217.20
269,109.00,216.20
270,110.00,215.20
271,110.00,214.20
272,111.00,212.20
273,111.00,212.20
274,111.00,211.20
275,111.00,210.20
276,111.00,210.20
277,112.00,209.20
278,112.00,209.20
279,112.00,209.20
280,112.00,208.20
281,112.00,208.20
282,112.00,208.20
283,112.00,207.20
284,112.00,207.20
285,112.00,207.20
286,112.00,206.20
287,112.00,206.20
288,112.00,206.20
289,112.00,205.20
290,112.00,205.20
291,112.00,205.20
292,113.00,204.20
293,113.00,204.20
294,113.00,203.20
295,113.00,203.20
296,113.00,202.20
297,113.00,202.20
298,113.00,201.20
299,113.00,201.20
300,113.00,201.20
301,113.00,200.20
302,113.00,200.20
303,114.00,199.20
304,114.00,199.20
305,114.00,198.20
306,114.00,198.20
307,114.00,198.20
308,114.00,197.20
309,114.00,197.20
310,114.00,197.20
311,114.00,197.20
312,114.00,196.20
313,114.00,196.20
314,115.00,196.20
315,115.00,196.20
316,115.00,196.20
317,115.00,196.20
318,115.00,193.20
319,115.00,192.20
320,115.00,191.20
321,115.00,190.20
322,115.00,189.20
323,115.00,189.20
324,115.00,189.20
325,115.00,188.20
326,115.00,188.20
327,115.00,188.20
328,115.00,188.20
329,115.00,187.20
330,115.00,187.20
331,115.00,187.20
332,115.00,187.20
333,115.00,187.20
334,115.00,186.20
335,115.00,186.20
336,115.00,185.20
337,115.00,185.20
338,115.00,184.20
339,115.00,183.20
340,115.00,182.20
341,116.00,181.20
342,116.00,181.20
343,116.00,180.20
344,117.00,179.20
345,117.00,179.20
346,117.00,178.20
347,117.00,177.20
348,117.00,177.20
349,117.00,176.20
350,117.00,176.20
351,117.00,176.20
352,118.00,175.20
353,118.00,175.20
354,118.00,175.20
355,118.00,174.20
356,118.00,174.20
357,118.00,174.20
358,118.00,173.20
359,118.00,173.20
360,118.00,173.20
361,118.00,172.20
362,118.00,172.20
363,118.00,171.20
364,118.00,171.20
365,118.00,170.20
366,118.00,169.20
367,118.00,168.20
368,118.00,167.20
369,118.00,167.20
370,118.00,166.20
371,118.00,165.20
372,118.00,165.20
373,118.00,165.20
374,118.00,164.20
375,118.00,164.20
376,118.00,163.20
377,118.00,163.20
378,118.00,163.20
379,118.00,163.20
380,118.00,162.20
381,118.00,162.20
382,118.00,162.20
383,118.00,161.20
384,118.00,161.20
385,119.00,161.20
386,119.00,160.20
387,119.00,160.20
388,119.00,159.20
389,119.00,159.20
390,119.00,159.20
391,119.00,159.20
392,119.00,158.20
393,119.00,158.20
394,119.00,158.20
395,119.00,157.20
396,119.00,157.20
397,119.00,156.20
398,119.00,156.20
399,119.00,156.20
400,119.00,155.20
401,119.00,155.20
402,119.00,154.20
403,119.00,154.20
404,119.00,153.20
405,119.00,153.20
406,119.00,152.20
407,120.00,152.20
408,120.00,151.20
409,120.00,151.20
410,120.00,150.20
411,120.00,150.20
412,120.00,149.20
413,120.00,149.20
414,120.00,149.20
415,120.00,149.20
416,120.00,148.20
417,120.00,148.20
418,120.00,148.20
419,121.00,147.20
420,121.00,147.20
421,121.00,146.20
422,121.00,144.20
423,122.00,142.20
424,122.00,140.20
425,123.00,139.20
426,123.00,138.20
427,123.00,137.20
428,123.00,137.20
429,123.00,136.20
430,123.00,136.20
431,123.00,135.20
432,123.00,134.20
433,123.00,134.20
434,124.00,133.20
435,124.00,131.20
436,124.00,130.20
437,124.00,129.20
438,124.00,128.20
439,124.00,128.20
440,124.00,127.20
441,124.00,127.20
442,124.00,127.20
443,124.00,126.20
444,124.00,126.20
445,124.00,126.20
446,124.00,125.20
447,124.00,125.20
448,124.00,125.20
449,124.00,124.20
450,124.00,123.20
451,124.00,122.20
452,125.00,122.20
453,125.00,121.20
454,125.00,121.20
455,125.00,120.20
456,125.00,120.20
457,125.00,120.20
458,125.00,120.20
459,125.00,119.20
460,125.00,119.20
461,125.00,119.20
462,125.00,118.20
463,125.00,117.20
464,125.00,116.20
465,125.00,115.20
466,125.00,114.20
467,125.00,114.20
468,125.00,113.20
469,125.00,112.20
470,125.00,112.20
471,125.00,112.20
472,125.00,111.20
473,125.00,111.20
474,125.00,110.20
475,125.00,110.20
476,125.00,109.20
477,125.00,109.20
478,125.00,108.20
479,125.00,108.20
480,125.00,107.20
481,125.00,107.20
482,125.00,106.20
483,125.00,106.20
484,125.00,106.20
485,125.00,105.20
486,125.00,105.20
487,125.00,105.20
488,126.00,104.20
489,126.00,104.20
490,126.00,104.20
491,126.00,103.20
492,126.00,102.20
493,126.00,102.20
494,126.00,102.20
495,126.00,101.20
496,126.00,101.20
497,126.00,101.20
498,126.00,100.20
499,126.00,100.20
500,126.00,100.20
501,126.00,99.20
502,126.00,99.20
503,126.00,99.20
504,126.00,98.20
505,126.00,97.20
506,126.00,97.20
507,126.00,96.20
508,126.00,96.20
509,127.00,94.20
510,127.00,93.20
511,127.00,92.20
512,127.00,91.20
513,128.00,90.20
514,128.00,89.20
515,128.00,89.20
516,128.00,88.20
517,128.00,88.20
518,129.00,87.20
519,129.00,87.20
520,130.00,86.20
521,130.00,86.20
522,130.00,85.20
523,130.00,83.20
524,130.00,82.20
525,130.00,80.20
526,130.00,79.20
527,130.00,78.20
528,130.00,78.20
529,130.00,77.20
530,130.00,76.20
531,130.00,75.20
532,130.00,74.20
533,131.00,73.20
534,131.00,72.20
535,131.00,72.20
536,131.00,71.20
537,131.00,70.20
538,131.00,70.20
539,131.00,69.20
540,132.00,67.20
541,132.00,66.20
542,133.00,65.20
543,133.00,64.20
544,133.00,64.20
545,133.00,63.20
546,133.00,63.20
547,134.00,62.20
548,134.00,62.20
549,134.00,61.20
550,134.00,61.20
551,134.00,61.20
552,134.00,61.20
553,134.00,61.20
554,134.00,60.20
555,134.00,60.20
556,134.00,60.20
557,134.00,60.20
558,134.00,59.20
559,134.00,59.20
560,134.00,59.20
561,134.00,59.20
562,134.00,59.20
563,134.00,58.20
564,134.00,58.20
565,134.00,57.20
566,134.00,57.20
567,134.00,56.20
568,134.00,56.20
569,134.00,55.20
570,134.00,54.20
571,134.00,53.20
572,134.00,52.20
573,134.00,52.20
574,134.00,52.20
575,134.00,51.20
576,134.00,50.20
577,134.00,50.20
578,134.00,49.20
579,134.00,49.20
580,134.00,49.20
581,134.00,48.20
582,134.00,47.20
583,134.00,47.20
584,134.00,47.20
585,134.00,46.20
586,134.00,46.20
587,134.00,46.20
588,134.00,45.20
589,134.00,45.20
590,134.00,45.20
591,134.00,44.20
592,134.00,44.20
593,134.00,44.20
594,134.00,43.20
595,134.00,43.20
596,134.00,43.20
597,134.00,43.20
598,134.00,43.20
599,134.00,42.20
600,134.00,42.20
601,135.00,42.20
602,135.00,42.20
603,135.00,42.20
604,136.00,42.20
605,137.00,42.20
606,137.00,42.20
607,138.00,41.20
608,139.00,41.20
609,139.00,41.20
610,140.00,41.20
611,140.00,41.20
612,141.00,41.20
613,141.00,41.20
614,141.00,41.20
615,141.00,41.20
616,142.00,41.20
617,142.00,41.20
618,142.00,41.20
619,142.00,41.20
620,143.00,41.20
621,143.00,41.20
622,144.00,41.20
623,144.00,41.20
624,145.00,41.20
625,145.00,41.20
626,146.00,41.20
627,146.00,41.20
628,147.00,41.20
629,147.00,41.20
630,148.00,41.20
631,148.00,41.20
632,149.00,41.20
633,150.00,41.20
634,150.00,41.20
635,151.00,41.20
636,151.00,41.20
637,151.00,41.20
638,152.00,41.20
639,152.00,41.20
640,152.00,41.20
641,153.00,41.20
642,153.00,41.20
643,153.00,41.20
644,154.00,41.20
645,154.00,41.20
646,154.00,41.20
647,154.00,41.20
648,155.00,41.20
649,155.00,41.20
650,155.00,41.20
651,156.00,41.20
652,156.00,41.20
653,156.00,41.20
654,156.00,41.20
655,157.00,41.20
656,157.00,41.20
657,157.00,41.20
658,157.00,41.20
659,157.00,41.20
660,158.00,41.20
661,158.00,41.20
662,158.00,41.20
663,158.00,41.20
664,158.00,41.20
665,158.00,41.20
666,159.00,41.20
667,159.00,42.20
668,159.00,42.20
669,159.00,42.20
670,159.00,42.20
671,159.00,42.20
672,159.00,42.20
673,160.00,43.20
674,160.00,43.20
675,160.00,43.20
676,160.00,44.20
677,160.00,44.20
678,161.00,45.20
679,161.00,45.20
680,161.00,45.20
681,161.00,45.20
682,161.00,46.20
683,161.00,46.20
684,161.00,47.20
685,161.00,47.20
686,162.00,48.20
687,162.00,48.20
688,162.00,48.20
689,162.00,49.20
690,162.00,49.20
691,162.00,49.20
692,162.00,50.20
693,162.00,50.20
694,162.00,51.20
695,163.00,52.20
696,163.00,53.20
697,163.00,53.20
698,163.00,53.20
699,163.00,54.20
700,163.00,55.20
701,163.00,55.20
702,163.00,56.20
703,163.00,56.20
704,163.00,56.20
705,163.00,56.20
706,163.00,57.20
707,163.00,58.20
708,163.00,58.20
709,163.00,58.20
710,163.00,58.20
711,163.00,59.20
712,163.00,59.20
713,163.00,59.20
714,163.00,59.20
715,163.00,60.20
716,163.00,61.20
717,163.00,62.20
718,163.00,63.20
719,163.00,63.20
720,163.00,64.20
721,163.00,64.20
722,163.00,65.20
723,163.00,65.20
724,163.00,65.20
725,163.00,65.20
726,163.00,65.20
727,163.00,66.20
728,163.00,66.20
729,163.00,66.20
730,163.00,67.20
731,163.00,67.20
732,163.00,67.20
733,163.00,68.20
734,163.00,68.20
735,163.00,69.20
736,163.00,69.20
737,163.00,70.20
738,164.00,70.20
739,164.00,71.20
740,164.00,72.20
741,164.00,73.20
742,165.00,73.20
743,165.00,74.20
744,165.00,75.20
745,165.00,76.20
746,165.00,76.20
747,166.00,77.20
748,166.00,77.20
749,166.00,78.20
750,166.00,78.20
751,166.00,78.20
752,166.00,79.20
753,166.00,79.20
754,166.00,79.20
755,166.00,80.20
756,166.00,80.20
757,166.00,80.20
758,166.00,81.20
759,166.00,81.20
760,166.00,81.20
761,166.00,82.20
762,166.00,83.20
763,166.00,84.20
764,166.00,84.20
765,166.00,85.20
766,166.00,86.20
767,166.00,87.20
768,166.00,87.20
769,166.00,88.20
770,166.00,88.20
771,166.00,89.20
772,166.00,89.20
773,166.00,90.20
774,166.00,90.20
775,166.00,91.20
776,166.00,91.20
777,166.00,92.20
778,166.00,93.20
779,166.00,94.20
780,166.00,95.20
781,166.00,95.20
782,166.00,96.20
783,166.00,97.20
784,166.00,97.20
785,166.00,98.20
786,167.00,99.20
787,167.00,99.20
788,167.00,100.20
789,167.00,100.20
790,167.00,100.20
791,167.00,101.20
792,167.00,102.20
793,167.00,102.20
794,167.00,103.20
795,167.00,103.20
796,167.00,104.20
797,167.00,104.20
798,167.00,105.20
799,167.00,105.20
800,167.00,106.20
801,167.00,106.20
802,167.00,106.20
803,167.00,107.20
804,167.00,107.20
805,167.00,107.20
806,167.00,107.20
807,167.00,108.20
808,167.00,108.20
809,168.00,108.20
810,168.00,109.20
811,168.00,109.20
812,168.00,110.20
813,168.00,110.20
814,168.00,111.20
815,168.00,112.20
816,168.00,112.20
817,168.00,113.20
818,168.00,114.20
819,168.00,114.20
820,168.00,114.20
821,168.00,115.20
822,168.00,115.20
823,168.00,115.20
824,168.00,116.20
825,168.00,117.20
826,168.00,118.20
827,168.00,118.20
828,168.00,119.20
829,168.00,120.20
830,168.00,120.20
831,168.00,121.20
832,168.00,122.20
833,168.00,122.20
834,168.00,122.20
835,168.00,123.20
836,168.00,123.20
837,168.00,124.20
838,168.00,124.20
839,168.00,125.20
840,169.00,125.20
841,169.00,126.20
842,169.00,126.20
843,169.00,127.20
844,169.00,127.20
845,170.00,128.20
846,170.00,128.20
847,170.00,129.20
848,170.00,130.20
849,170.00,130.20
850,171.00,131.20
851,171.00,132.20
852,171.00,132.20
853,171.00,133.20
854,171.00,133.20
855,171.00,133.20
856,171.00,134.20
857,172.00,135.20
858,172.00,135.20
859,172.00,136.20
860,172.00,136.20
861,172.00,136.20
862,172.00,137.20
863,172.00,137.20
864,172.00,138.20
865,172.00,139.20
866,172.00,139.20
867,172.00,140.20
868,172.00,140.20
869,172.00,140.20
870,172.00,141.20
871,172.00,142.20
872,172.00,143.20
873,172.00,144.20
874,172.00,145.20
875,172.00,146.20
876,172.00,147.20
877,172.00,147.20
878,172.00,148.20
879,172.00,149.20
880,172.00,150.20
881,172.00,150.20
882,172.00,151.20
883,172.00,152.20
884,173.00,153.20
885,173.00,153.20
886,173.00,154.20
887,173.00,155.20
888,173.00,155.20
889,173.00,156.20
890,173.00,156.20
891,173.00,157.20
892,173.00,157.20
893,173.00,158.20
894,173.00,159.20
895,173.00,159.20
896,173.00,160.20
897,173.00,161.20
898,173.00,161.20
899,173.00,162.20
900,173.00,162.20
901,173.00,163.20
902,173.00,163.20
903,173.00,163.20
904,173.00,164.20
905,174.00,165.20
906,174.00,166.20
907,174.00,167.20
908,174.00,168.20
909,174.00,169.20
910,174.00,169.20
911,174.00,170.20
912,174.00,171.20
913,174.00,172.20
914,174.00,172.20
915,174.00,173.20
916,175.00,174.20
917,175.00,175.20
918,175.00,176.20
919,175.00,176.20
920,175.00,177.20
921,175.00,178.20
922,175.00,178.20
923,175.00,179.20
924,175.00,180.20
925,175.00,180.20
926,175.00,181.20
927,175.00,181.20
928,176.00,182.20
929,176.00,183.20
930,176.00,185.20
931,176.00,185.20
932,176.00,186.20
933,176.00,187.20
934,176.00,187.20
935,176.00,188.20
936,176.00,188.20
937,176.00,188.20
938,176.00,188.20
939,176.00,189.20
940,176.00,189.20
941,176.00,189.20
942,176.00,189.20
943,176.00,189.20
944,176.00,190.20
945,176.00,190.20
946,176.00,191.20
947,176.00,191.20
948,176.00,192.20
949,176.00,192.20
950,176.00,192.20
951,176.00,193.20
952,176.00,193.20
953,176.00,194.20
954,176.00,194.20
955,177.00,194.20
956,177.00,194.20
957,177.00,195.20
958,177.00,195.20
959,177.00,195.20
960,177.00,195.20
961,177.00,195.20
962,177.00,196.20
963,177.00,196.20
964,177.00,196.20
965,177.00,196.20
966,177.00,196.20
967,177.00,197.20
968,177.00,197.20
969,177.00,197.20
970,177.00,198.20
971,177.00,198.20
972,177.00,198.20
973,177.00,199.20
974,177.00,199.20
975,177.00,199.20
976,177.00,200.20
977,177.00,200.20
978,177.00,201.20
979,177.00,201.20
980,178.00,201.20
981,178.00,202.20
982,178.00,202.20
983,178.00,202.20
984,178.00,203.20
985,178.00,203.20
986,178.00,204.20
987,178.00,204.20
988,178.00,204.20
989,178.00,205.20
990,178.00,205.20
991,178.00,206.20
992,178.00,206.20
993,178.00,207.20
994,178.00,207.20
995,178.00,208.20
996,178.00,208.20
997,179.00,209.20
998,179.00,210.20
999,179.00,210.20
1000,179.00,211.20
1001,179.00,211.20
1002,179.00,211.20
1003,179.00,212.20
1004,179.00,212.20
1005,179.00,213.20
1006,179.00,213.20
1007,179.00,214.20
1008,179.00,214.20
1009,179.00,215.20
1010,179.00,215.20
1011,179.00,216.20
1012,180.00,216.20
1013,180.00,217.20
1014,180.00,218.20
1015,180.00,218.20
1016,180.00,219.20
1017,180.00,219.20
1018,180.00,220.20
1019,180.00,221.20
1020,180.00,221.20
1021,180.00,223.20
1022,180.00,224.20
1023,180.00,225.20
1024,180.00,225.20
1025,180.00,226.20
1026,180.00,226.20
1027,180.00,227.20
1028,180.00,227.20
1029,181.00,227.20
1030,181.00,228.20
1031,181.00,228.20
1032,181.00,229.20
1033,181.00,229.20
1034,181.00,230.20
1035,181.00,231.20
1036,181.00,231.20
1037,181.00,232.20
1038,181.00,232.20
1039,181.00,233.20
1040,181.00,233.20
1041,182.00,234.20
1042,182.00,235.20
1043,182.00,236.20
1044,182.00,237.20
1045,182.00,237.20
1046,182.00,238.20
1047,182.00,238.20
1048,182.00,239.20
1049,182.00,240.20
1050,182.00,241.20
1051,182.00,242.20
1052,182.00,242.20
1053,182.00,243.20
1054,182.00,244.20
1055,182.00,245.20
1056,182.00,245.20
1057,182.00,246.20
1058,182.00,247.20
1059,182.00,247.20
1060,182.00,248.20
1061,182.00,249.20
1062,182.00,249.20
1063,182.00,250.20
1064,182.00,251.20
1065,182.00,251.20
1066,183.00,252.20
1067,183.00,252.20
1068,183.00,253.20
1069,183.00,253.20
1070,183.00,253.20
1071,183.00,254.20
1072,183.00,254.20
1073,183.00,255.20
1074,183.00,255.20
1075,184.00,256.20
1076,184.00,256.20
1077,184.00,256.20
1078,184.00,257.20
1079,184.00,257.20
1080,184.00,258.20
1081,184.00,259.20
1082,184.00,259.20
1083,184.00,260.20
1084,184.00,260.20
1085,184.00,261.20
1086,184.00,261.20
1087,184.00,261.20
1088,184.00,261.20
1089,184.00,261.20
1090,184.00,262.20
1091,184.00,262.20
1092,184.00,263.20
1093,184.00,263.20
1094,184.00,264.20
1095,184.00,264.20
1096,184.00,264.20
1097,184.00,265.20
1098,184.00,265.20
1099,184.00,265.20
1100,184.00,266.20
1101,184.00,266.20
1102,184.00,267.20
1103,185.00,267.20
1104,185.00,268.20
1105,185.00,268.20
1106,185.00,268.20
1107,185.00,269.20
1108,185.00,269.20
1109,185.00,270.20
1110,185.00,270.20
1111,185.00,271.20
1112,185.00,271.20
1113,185.00,272.20
1114,185.00,272.20
1115,185.00,273.20
1116,186.00,275.20
1117,186.00,275.20
1118,186.00,275.20
1119,186.00,276.20
1120,186.00,276.20
1121,186.00,277.20
1122,186.00,277.20
1123,186.00,278.20
1124,187.00,278.20
1125,187.00,279.20
1126,187.00,280.20
1127,187.00,281.20
1128,187.00,281.20
1129,187.00,282.20
1130,187.00,283.20
1131,187.00,284.20
1132,187.00,284.20
1133,187.00,285.20
1134,188.00,286.20
1135,188.00,287.20
1136,188.00,287.20
1137,188.00,288.20
1138,188.00,289.20
1139,188.00,290.20
1140,188.00,290.20
1141,188.00,292.20
1142,188.00,292.20
1143,188.00,293.20
1144,188.00,294.20
1145,188.00,294.20
1146,188.00,294.20
1147,188.00,295.20
1148,189.00,295.20
1149,189.00,296.20
1150,189.00,296.20
1151,189.00,297.20
1152,189.00,298.20
1153,189.00,298.20
1154,190.00,299.20
1155,190.00,299.20
1156,190.00,300.20
1157,190.00,301.20
1158,190.00,301.20
1159,190.00,303.20
1160,190.00,303.20
1161,191.00,304.20
1162,191.00,305.20
1163,191.00,306.20
1164,192.00,307.20
1165,192.00,308.20
1166,192.00,309.20
1167,192.00,309.20
1168,192.00,310.20
1169,192.00,310.20
1170,192.00,311.20
1171,192.00,311.20
1172,193.00,312.20
1173,193.00,312.20
1174,193.00,313.20
1175,193.00,313.20
1176,193.00,313.20
1177,193.00,314.20
1178,193.00,314.20
1179,193.00,315.20
1180,193.00,315.20
1181,193.00,315.20
1182,193.00,316.20
1183,193.00,316.20
1184,193.00,316.20
1185,193.00,317.20
1186,193.00,317.20
1187,193.00,318.20
1188,193.00,318.20
1189,193.00,319.20
1190,193.00,319.20
1191,193.00,319.20
1192,194.00,320.20
1193,194.00,320.20
1194,194.00,321.20
1195,194.00,321.20
1196,194.00,321.20
1197,194.00,322.20
1198,194.00,322.20
1199,194.00,323.20
1200,195.00,323.20
1201,195.00,323.20
1202,195.00,324.20
1203,195.00,324.20
1204,195.00,324.20
1205,195.00,324.20
1206,195.00,325.20
1207,195.00,325.20
1208,195.00,325.20
1209,195.00,325.20
1210,196.00,326.20
1211,196.00,326.20
1212,196.00,326.20
1213,196.00,327.20
1214,196.00,327.20
1215,196.00,327.20
1216,196.00,327.20
1217,196.00,328.20
1218,196.00,328.20
1219,196.00,328.20
1220,196.00,329.20
1221,196.00,329.20
1222,196.00,329.20
1223,197.00,330.20
1224,197.00,330.20
1225,197.00,330.20
1226,197.00,330.20
1227,197.00,330.20
1228,197.00,331.20
1229,197.00,331.20
1230,197.00,331.20
1231,198.00,331.20
1232,198.00,331.20
1233,198.00,331.20
1234,198.00,331.20
1235,198.00,331.20
1236,199.00,332.20
1237,199.00,332.20
1238,199.00,332.20
1239,199.00,332.20
1240,199.00,332.20
1241,199.00,332.20
1242,200.00,332.20
1243,200.00,332.20
1244,200.00,332.20
1245,200.00,332.20
1246,200.00,332.20
1247,200.00,332.20
1248,200.00,332.20
1249,201.00,332.20
1250,201.00,332.20
1251,201.00,332.20
1252,201.00,332.20
1253,202.00,332.20
1254,202.00,332.20
1255,203.00,332.20
1256,203.00,332.20
1257,203.00,332.20
1258,204.00,331.20
1259,205.00,331.20
1260,205.00,331.20
1261,205.00,330.20
1262,206.00,330.20
1263,206.00,329.20
1264,207.00,329.20
1265,207.00,329.20
1266,207.00,329.20
1267,207.00,328.20
1268,207.00,328.20
1269,207.00,328.20
1270,207.00,328.20
1271,207.00,327.20
1272,208.00,327.20
1273,208.00,327.20
1274,208.00,327.20
1275,208.00,327.20
1276,208.00,326.20
1277,208.00,326.20
1278,208.00,326.20
1279,208.00,326.20
1280,208.00,325.20
1281,208.00,325.20
1282,209.00,324.20
1283,209.00,323.20
1284,209.00,323.20
1285,209.00,323.20
1286,209.00,322.20
1287,209.00,322.20
1288,209.00,321.20
1289,209.00,321.20
1290,209.00,320.20
1291,209.00,320.20
1292,209.00,320.20
1293,210.00,319.20
1294,210.00,319.20
1295,210.00,319.20
1296,210.00,318.20
1297,210.00,317.20
1298,210.00,317.20
1299,210.00,317.20
1300,210.00,316.20
1301,210.00,316.20
1302,210.00,316.20
1303,211.00,315.20
1304,211.00,315.20
1305,211.00,315.20
1306,211.00,314.20
1307,212.00,314.20
1308,212.00,313.20
1309,212.00,313.20
1310,212.00,313.20
1311,212.00,313.20
1312,212.00,312.20
1313,212.00,312.20
1314,212.00,312.20
1315,212.00,311.20
1316,212.00,311.20
1317,212.00,311.20
1318,212.00,310.20
1319,213.00,310.20
1320,213.00,309.20
1321,213.00,309.20
1322,213.00,308.20
1323,213.00,308.20
1324,213.00,307.20
1325,213.00,307.20
1326,213.00,307.20
1327,214.00,306.20
1328,214.00,306.20
1329,214.00,306.20
1330,214.00,306.20
1331,214.00,306.20
1332,214.00,305.20
1333,214.00,305.20
1334,214.00,305.20
1335,214.00,305.20
1336,214.00,304.20
1337,214.00,304.20
1338,214.00,304.20
1339,214.00,304.20
1340,214.00,304.20
1341,214.00,303.20
1342,214.00,303.20
1343,214.00,303.20
1344,214.00,303.20
1345,215.00,303.20
1346,215.00,302.20
1347,215.00,302.20
1348,215.00,301.20
1349,215.00,301.20
1350,215.00,300.20
1351,215.00,300.20
1352,215.00,299.20
1353,215.00,299.20
1354,215.00,298.20
1355,216.00,297.20
1356,216.00,297.20
1357,216.00,296.20
1358,216.00,296.20
1359,216.00,295.20
1360,216.00,295.20
1361,216.00,295.20
1362,217.00,294.20
1363,217.00,294.20
1364,217.00,293.20
1365,218.00,293.20
1366,218.00,293.20
1367,218.00,292.20
1368,218.00,292.20
1369,218.00,292.20
1370,218.00,291.20
1371,219.00,291.20
1372,219.00,291.20
1373,219.00,290.20
1374,219.00,290.20
1375,219.00,290.20
1376,219.00,289.20
1377,220.00,289.20
1378,220.00,289.20
1379,220.00,289.20
1380,220.00,288.20
1381,221.00,288.20
1382,221.00,287.20
1383,221.00,287.20
1384,221.00,287.20
1385,221.00,286.20
1386,222.00,286.20
1387,222.00,285.20
1388,223.00,284.20
1389,223.00,283.20
1390,224.00,282.20
1391,225.00,281.20
1392,225.00,280.20
1393,226.00,279.20
1394,226.00,279.20
1395,227.00,278.20
1396,227.00,278.20
1397,227.00,278.20
1398,227.00,278.20
1399,228.00,277.20
1400,228.00,277.20
1401,228.00,277.20
1402,228.00,277.20
1403,228.00,277.20
1404,228.00,276.20
1405,228.00,276.20
1406,228.00,276.20
1407,229.00,276.20
1408,229.00,276.20
1409,229.00,275.20
1410,229.00,275.20
1411,229.00,275.20
1412,229.00,275.20
1413,230.00,274.20
1414,230.00,274.20
1415,230.00,273.20
1416,230.00,273.20
1417,231.00,273.20
1418,231.00,272.20
1419,231.00,272.20
1420,231.00,272.20
1421,231.00,272.20
1422,232.00,271.20
1423,232.00,271.20
1424,232.00,271.20
1425,232.00,271.20
1426,233.00,270.20
1427,233.00,270.20
1428,233.00,270.20
1429,234.00,269.20
1430,234.00,269.20
1431,234.00,269.20
1432,235.00,269.20
1433,235.00,268.20
1434,235.00,268.20
1435,236.00,268.20
1436,236.00,267.20
1437,237.00,267.20
1438,237.00,267.20
1439,238.00,267.20
1440,238.00,267.20
1441,238.00,266.20
1442,239.00,266.20
1443,240.00,266.20
1444,240.00,265.20
1445,241.00,265.20
1446,242.00,265.20
1447,242.00,264.20
1448,242.00,264.20
1449,243.00,264.20
1450,243.00,264.20
1451,244.00,264.20
1452,244.00,264.20
1453,244.00,263.20
1454,245.00,263.20
1455,245.00,263.20
1456,246.00,263.20
1457,246.00,262.20
1458,246.00,262.20
1459,247.00,262.20
1460,247.00,262.20
1461,247.00,262.20
1462,247.00,262.20
1463,247.00,261.20
1464,248.00,261.20
1465,248.00,261.20
1466,248.00,261.20
1467,248.00,261.20
1468,248.00,261.20
1469,248.00,261.20
1470,248.00,260.20
1471,249.00,260.20
1472,249.00,259.20
1473,249.00,258.20
1474,249.00,257.20
1475,250.00,256.20
1476,250.00,255.20
1477,250.00,255.20
1478,250.00,255.20
1479,251.00,254.20
1480,251.00,254.20
1481,251.00,254.20
1482,251.00,253.20
1483,251.00,253.20
1484,251.00,253.20
1485,251.00,252.20
1486,251.00,252.20
1487,251.00,251.20
1488,252.00,250.20
1489,252.00,250.20
1490,252.00,250.20
1491,252.00,249.20
1492,252.00,249.20
1493,252.00,248.20
1494,253.00,248.20
1495,253.00,247.20
1496,253.00,247.20
1497,253.00,247.20
1498,253.00,246.20
1499,253.00,246.20
1500,253.00,246.20
1501,253.00,245.20
1502,253.00,245.20
1503,254.00,245.20
1504,254.00,244.20
1505,254.00,244.20
1506,254.00,243.20
1507,254.00,243.20
1508,254.00,243.20
1509,254.00,243.20
1510,254.00,243.20
1511,255.00,242.20
1512,255.00,242.20
1513,255.00,241.20
1514,256.00,240.20
1515,256.00,239.20
1516,256.00,238.20
1517,257.00,238.20
1518,257.00,237.20
1519,257.00,237.20
1520,257.00,237.20
1521,257.00,236.20
1522,257.00,235.20
1523,258.00,234.20
1524,258.00,234.20
1525,258.00,233.20
1526,258.00,233.20
1527,258.00,232.20
1528,258.00,232.20
1529,259.00,231.20
1530,259.00,231.20
1531,259.00,230.20
1532,259.00,230.20
1533,259.00,230.20
1534,259.00,230.20
1535,259.00,229.20
1536,259.00,229.20
1537,259.00,228.20
1538,260.00,228.20
1539,260.00,227.20
1540,260.00,227.20
1541,260.00,227.20
1542,260.00,226.20
1543,260.00,226.20
1544,260.00,226.20
1545,260.00,225.20
1546,260.00,225.20
1547,261.00,224.20
1548,261.00,224.20
1549,261.00,224.20
1550,261.00,223.20
1551,261.00,223.20
1552,261.00,223.20
1553,261.00,223.20
1554,261.00,223.20
1555,261.00,223.20
1556,261.00,222.20
1557,261.00,221.20
1558,261.00,220.20
1559,261.00,219.20
1560,261.00,219.20
1561,261.00,219.20
1562,261.00,218.20
1563,261.00,218.20
1564,261.00,218.20
1565,261.00,218.20
1566,261.00,217.20
1567,261.00,217.20
1568,261.00,216.20
1569,261.00,216.20
1570,261.00,216.20
1571,261.00,215.20
1572,261.00,215.20
1573,261.00,214.20
1574,261.00,213.20
1575,261.00,212.20
1576,262.00,211.20
1577,262.00,211.20
1578,262.00,210.20
1579,262.00,209.20
1580,262.00,208.20
1581,262.00,208.20
1582,263.00,207.20
1583,263.00,206.20
1584,263.00,205.20
1585,263.00,204.20
1586,263.00,204.20
1587,263.00,203.20
1588,263.00,203.20
1589,264.00,202.20
1590,264.00,201.20
1591,264.00,200.20
1592,264.00,200.20
1593,264.00,199.20
1594,264.00,198.20
1595,264.00,198.20
1596,264.00,197.20
1597,264.00,196.20
1598,264.00,196.20
1599,264.00,195.20
1600,264.00,194.20
1601,264.00,194.20
1602,264.00,194.20
1603,264.00,193.20
1604,264.00,193.20
1605,264.00,192.20
1606,264.00,191.20
1607,264.00,191.20
1608,264.00,190.20
1609,264.00,190.20
1610,264.00,189.20
1611,264.00,189.20
1612,264.00,189.20
1613,264.00,188.20
1614,264.00,188.20
1615,264.00,187.20
1616,264.00,187.20
1617,264.00,187.20
1618,264.00,186.20
1619,264.00,186.20
1620,264.00,186.20
1621,264.00,186.20
1622,265.00,185.20
1623,265.00,185.20
1624,265.00,185.20
1625,265.00,184.20
1626,265.00,184.20
1627,265.00,184.20
1628,265.00,184.20
1629,265.00,183.20
1630,265.00,183.20
1631,266.00,183.20
1632,266.00,183.20
1633,266.00,183.20
1634,266.00,182.20
1635,266.00,180.20
1636,267.00,179.20
1637,267.00,179.20
1638,267.00,178.20
1639,267.00,178.20
1640,267.00,177.20
1641,267.00,177.20
1642,267.00,177.20
1643,267.00,177.20
1644,267.00,176.20
1645,267.00,176.20
1646,267.00,176.20
1647,267.00,175.20
1648,267.00,175.20
1649,267.00,175.20
1650,267.00,174.20
1651,267.00,174.20
1652,267.00,174.20
1653,267.00,174.20
1654,267.00,173.20
1655,267.00,173.20
1656,267.00,172.20
1657,267.00,171.20
1658,267.00,171.20
1659,267.00,170.20
1660,267.00,169.20
1661,267.00,169.20
1662,267.00,168.20
1663,268.00,168.20
1664,268.00,167.20
1665,268.00,167.20
1666,268.00,166.20
1667,268.00,165.20
1668,268.00,165.20
1669,268.00,164.20
1670,268.00,164.20
1671,268.00,163.20
1672,268.00,162.20
1673,268.00,162.20
1674,269.00,161.20
1675,269.00,161.20
1676,269.00,160.20
1677,269.00,159.20
1678,269.00,158.20
1679,269.00,158.20
1680,269.00,158.20
1681,269.00,157.20
1682,269.00,157.20
1683,269.00,157.20
1684,269.00,156.20
1685,269.00,156.20
1686,269.00,155.20
1687,269.00,154.20
1688,269.00,154.20
1689,269.00,153.20
1690,269.00,152.20
1691,269.00,151.20
1692,269.00,150.20
1693,269.00,149.20
1694,269.00,148.20
1695,269.00,147.20
1696,269.00,146.20
1697,269.00,145.20
1698,270.00,144.20
1699,270.00,144.20
1700,270.00,143.20
1701,270.00,143.20
1702,270.00,143.20
1703,270.00,142.20
1704,270.00,142.20
1705,270.00,142.20
1706,270.00,141.20
1707,270.00,141.20
1708,270.00,140.20
1709,270.00,139.20
1710,270.00,138.20
1711,270.00,138.20
1712,270.00,138.20
1713,270.00,138.20
1714,270.00,138.20
1715,270.00,137.20
1716,271.00,137.20
1717,271.00,136.20
1718,271.00,135.20
1719,271.00,135.20
1720,271.00,134.20
1721,271.00,134.20
1722,271.00,133.20
1723,271.00,132.20
1724,271.00,132.20
1725,271.00,131.20
1726,272.00,130.20
1727,272.00,129.20
1728,272.00,128.20
1729,272.00,128.20
1730,272.00,127.20
1731,272.00,127.20
1732,272.00,126.20
1733,273.00,125.20
1734,273.00,125.20
1735,273.00,124.20
1736,273.00,123.20
1737,273.00,123.20
1738,273.00,122.20
1739,273.00,121.20
1740,273.00,121.20
1741,273.00,121.20
1742,273.00,120.20
1743,273.00,120.20
1744,273.00,119.20
1745,273.00,119.20
1746,273.00,118.20
1747,273.00,117.20
1748,273.00,116.20
1749,273.00,115.20
1750,273.00,114.20
1751,273.00,114.20
1752,273.00,113.20
1753,274.00,113.20
1754,274.00,112.20
1755,274.00,112.20
1756,274.00,111.20
1757,274.00,111.20
1758,274.00,110.20
1759,274.00,110.20
1760,274.00,109.20
1761,274.00,108.20
1762,274.00,108.20
1763,274.00,107.20
1764,274.00,106.20
1765,274.00,105.20
1766,274.00,105.20
1767,274.00,104.20
1768,275.00,104.20
1769,275.00,103.20
1770,275.00,103.20
1771,275.00,103.20
1772,275.00,102.20
1773,275.00,102.20
1774,275.00,102.20
1775,275.00,101.20
1776,275.00,101.20
1777,275.00,100.20
1778,275.00,100.20
1779,275.00,100.20
1780,275.00,99.20
1781,275.00,98.20
1782,275.00,98.20
1783,275.00,97.20
1784,275.00,97.20
1785,275.00,96.20
1786,275.00,95.20
1787,275.00,95.20
1788,275.00,95.20
1789,275.00,94.20
1790,275.00,94.20
1791,275.00,94.20
1792,275.00,94.20
1793,275.00,93.20
1794,276.00,93.20
1795,276.00,92.20
1796,276.00,91.20
1797,276.00,89.20
1798,276.00,87.20
1799,276.00,85.20
1800,276.00,84.20
1801,276.00,84.20
1802,276.00,84.20
1803,276.00,83.20
1804,276.00,83.20
1805,276.00,82.20
1806,276.00,82.20
1807,276.00,81.20
1808,276.00,81.20
1809,276.00,80.20
1810,276.00,80.20
1811,276.00,79.20
1812,276.00,79.20
1813,276.00,78.20
1814,276.00,78.20
1815,276.00,77.20
1816,276.00,76.20
1817,276.00,76.20
1818,276.00,76.20
1819,277.00,76.20
1820,277.00,75.20
1821,277.00,75.20
1822,277.00,75.20
1823,277.00,74.20
1824,277.00,74.20
1825,277.00,74.20
1826,277.00,73.20
1827,277.00,73.20
1828,277.00,73.20
1829,277.00,73.20
1830,277.00,72.20
1831,277.00,72.20
1832,277.00,72.20
1833,277.00,71.20
1834,277.00,71.20
1835,277.00,71.20
1836,277.00,70.20
1837,277.00,70.20
1838,277.00,69.20
1839,277.00,69.20
1840,278.00,68.20
1841,278.00,68.20
1842,278.00,67.20
1843,278.00,67.20
1844,278.00,66.20
1845,278.00,66.20
1846,278.00,65.20
1847,278.00,65.20
1848,278.00,64.20
1849,278.00,63.20
1850,278.00,63.20
1851,278.00,62.20
1852,278.00,62.20
1853,278.00,61.20
1854,278.00,61.20
1855,278.00,61.20
1856,278.00,60.20
1857,278.00,60.20
1858,278.00,59.20
1859,278.00,59.20
1860,278.00,59.20
1861,278.00,59.20
1862,278.00,58.20
1863,278.00,58.20
1864,278.00,57.20
1865,278.00,57.20
1866,278.00,57.20
1867,278.00,56.20
1868,278.00,55.20
1869,279.00,55.20
1870,279.00,54.20
1871,279.00,53.20
1872,279.00,52.20
1873,279.00,51.20
1874,279.00,51.20
1875,279.00,50.20
1876,279.00,50.20
1877,279.00,49.20
1878,279.00,49.20
1879,279.00,49.20
1880,279.00,48.20
1881,279.00,48.20
1882,279.00,47.20
1883,279.00,47.20
1884,279.00,47.20
1885,279.00,46.20
1886,279.00,46.20
1887,280.00,46.20
1888,280.00,45.20
1889,280.00,45.20
1890,280.00,44.20
1891,280.00,44.20
1892,280.00,44.20
1893,280.00,43.20
1894,280.00,43.20
1895,280.00,43.20
1896,280.00,42.20
1897,280.00,42.20
1898,280.00,42.20
1899,280.00,42.20
1900,281.00,42.20
1901,281.00,42.20
1902,281.00,42.20
1903,281.00,42.20
1904,282.00,42.20
1905,283.00,42.20
1906,284.00,42.20
1907,285.00,42.20
1908,286.00,42.20
1909,287.00,42.20
1910,288.00,42.20
1911,289.00,42.20
1912,289.00,42.20
1913,290.00,42.20
1914,291.00,42.20
1915,292.00,42.20
1916,293.00,42.20
1917,294.00,42.20
1918,294.00,42.20
1919,295.00,42.20
1920,296.00,42.20
1921,296.00,42.20
1922,297.00,42.20
1923,297.00,42.20
1924,297.00,42.20
1925,298.00,42.20
1926,298.00,42.20
1927,298.00,42.20
1928,299.00,42.20
1929,299.00,42.20
1930,300.00,42.20
1931,300.00,42.20
1932,301.00,42.20
1933,301.00,42.20
1934,302.00,42.20
1935,302.00,42.20
1936,302.00,42.20
1937,303.00,42.20
1938,303.00,42.20
1939,304.00,42.20
1940,304.00,42.20
1941,304.00,42.20
1942,305.00,41.20
1943,305.00,41.20
1944,305.00,41.20
1945,306.00,41.20
1946,306.00,41.20
1947,306.00,41.20
1948,306.00,41.20
1949,307.00,41.20
1950,307.00,41.20
1951,307.00,41.20
1952,307.00,41.20
1953,307.00,41.20
1954,307.00,42.20
1955,307.00,42.20
1956,307.00,42.20
1957,308.00,42.20
1958,308.00,43.20
1959,308.00,43.20
1960,308.00,44.20
1961,308.00,44.20
1962,308.00,44.20
1963,308.00,44.20
1964,309.00,45.20
1965,309.00,45.20
1966,309.00,46.20
1967,309.00,46.20
1968,309.00,46.20
1969,310.00,46.20
1970,310.00,47.20
1971,310.00,47.20
1972,310.00,47.20
1973,310.00,47.20
1974,310.00,48.20
1975,310.00,48.20
1976,310.00,49.20
1977,311.00,49.20
1978,311.00,50.20
1979,311.00,50.20
1980,311.00,51.20
1981,311.00,51.20
1982,311.00,51.20
1983,311.00,52.20
1984,311.00,53.20
1985,311.00,53.20
1986,311.00,54.20
1987,311.00,54.20
1988,311.00,55.20
1989,311.00,55.20
1990,311.00,56.20
1991,311.00,56.20
1992,311.00,57.20
1993,311.00,57.20
1994,311.00,58.20
1995,311.00,58.20
1996,311.00,59.20
1997,311.00,59.20
1998,311.00,60.20
1999,311.00,60.20
2000,311.00,61.20
2001,311.00,61.20
2002,311.00,61.20
2003,311.00,62.20
2004,311.00,62.20
2005,311.00,63.20
2006,311.00,63.20
2007,311.00,64.20
2008,311.00,65.20
2009,311.00,65.20
2010,311.00,66.20
2011,311.00,67.20
2012,312.00,68.20
2013,312.00,68.20
2014,312.00,69.20
2015,312.00,70.20
2016,312.00,71.20
2017,312.00,71.20
2018,312.00,72.20
2019,312.00,73.20
2020,312.00,74.20
2021,312.00,75.20
2022,312.00,75.20
2023,312.00,76.20
2024,312.00,77.20
2025,313.00,77.20
2026,313.00,78.20
2027,313.00,78.20
2028,313.00,79.20
2029,313.00,80.20
2030,314.00,80.20
2031,314.00,81.20
2032,314.00,81.20
2033,314.00,82.20
2034,314.00,82.20
2035,314.00,82.20
2036,314.00,82.20
2037,314.00,83.20
2038,315.00,83.20
2039,315.00,84.20
2040,315.00,84.20
2041,315.00,84.20
2042,315.00,84.20
2043,315.00,85.20
2044,315.00,85.20
2045,315.00,85.20
2046,315.00,86.20
2047,315.00,86.20
2048,315.00,86.20
2049,315.00,87.20
2050,315.00,87.20
2051,315.00,88.20
2052,315.00,88.20
2053,315.00,90.20
2054,315.00,91.20
2055,315.00,91.20
2056,315.00,92.20
2057,315.00,93.20
2058,315.00,93.20
2059,316.00,94.20
2060,316.00,95.20
2061,316.00,96.20
2062,316.00,97.20
2063,316.00,98.20
2064,316.00,99.20
2065,316.00,100.20
2066,316.00,100.20
2067,317.00,101.20
2068,317.00,101.20
2069,317.00,102.20
2070,317.00,103.20
2071,317.00,103.20
2072,317.00,104.20
2073,317.00,104.20
2074,317.00,105.20
2075,317.00,105.20
2076,317.00,105.20
2077,317.00,106.20
2078,317.00,107.20
2079,317.00,107.20
2080,317.00,108.20
2081,317.00,108.20
2082,317.00,109.20
2083,317.00,109.20
2084,317.00,110.20
2085,318.00,111.20
2086,318.00,112.20
2087,318.00,113.20
2088,318.00,113.20
2089,318.00,114.20
2090,318.00,114.20
2091,318.00,115.20
2092,318.00,115.20
2093,318.00,116.20
2094,318.00,116.20
2095,319.00,117.20
2096,319.00,117.20
2097,319.00,118.20
2098,319.00,118.20
2099,319.00,119.20
2100,319.00,119.20
2101,319.00,120.20
2102,319.00,120.20
2103,320.00,120.20
2104,320.00,121.20
2105,320.00,121.20
2106,320.00,121.20
2107,320.00,122.20
2108,320.00,122.20
2109,320.00,123.20
2110,320.00,124.20
2111,320.00,124.20
2112,320.00,125.20
2113,320.00,126.20
2114,320.00,126.20
2115,320.00,127.20
2116,321.00,128.20
2117,321.00,129.20
2118,321.00,130.20
2119,321.00,130.20
2120,321.00,131.20
2121,321.00,132.20
2122,321.00,133.20
2123,321.00,134.20
2124,321.00,135.20
2125,321.00,135.20
2126,321.00,136.20
2127,321.00,137.20
2128,321.00,138.20
2129,321.00,138.20
2130,321.00,139.20
2131,321.00,140.20
2132,321.00,140.20
2133,321.00,141.20
2134,321.00,142.20
2135,321.00,143.20
2136,321.00,143.20
2137,321.00,144.20
2138,321.00,145.20
2139,321.00,145.20
2140,321.00,146.20
2141,321.00,147.20
2142,321.00,148.20
2143,321.00,148.20
2144,321.00,148.20
2145,321.00,149.20
2146,321.00,150.20
2147,321.00,150.20
2148,321.00,151.20
2149,321.00,152.20
2150,321.00,152.20
2151,321.00,152.20
2152,321.00,153.20
2153,321.00,153.20
2154,321.00,154.20
2155,321.00,154.20
2156,321.00,155.20
2157,321.00,156.20
2158,321.00,156.20
2159,321.00,156.20
2160,321.00,157.20
2161,321.00,157.20
2162,321.00,157.20
2163,321.00,157.20
2164,321.00,158.20
2165,322.00,158.20
2166,322.00,158.20
2167,322.00,158.20
2168,322.00,159.20
2169,322.00,160.20
2170,322.00,161.20
2171,322.00,162.20
2172,322.00,163.20
2173,322.00,163.20
2174,322.00,164.20
2175,322.00,164.20
2176,322.00,165.20
2177,322.00,165.20
2178,322.00,165.20
2179,322.00,165.20
2180,322.00,166.20
2181,322.00,166.20
2182,322.00,167.20
2183,322.00,167.20
2184,322.00,168.20
2185,322.00,168.20
2186,322.00,168.20
2187,322.00,168.20
2188,322.00,168.20
2189,322.00,169.20
2190,322.00,169.20
2191,322.00,170.20
2192,322.00,170.20
2193,322.00,170.20
2194,322.00,171.20
2195,322.00,172.20
2196,323.00,172.20
2197,323.00,173.20
2198,323.00,173.20
2199,323.00,174.20
2200,323.00,174.20
2201,323.00,175.20
2202,323.00,176.20
2203,323.00,177.20
2204,323.00,178.20
2205,323.00,178.20
2206,323.00,179.20
2207,323.00,179.20
2208,324.00,180.20
2209,324.00,180.20
2210,324.00,181.20
2211,324.00,181.20
2212,324.00,181.20
2213,324.00,181.20
2214,324.00,182.20
2215,324.00,182.20
2216,324.00,182.20
2217,324.00,182.20
2218,324.00,183.20
2219,324.00,183.20
2220,324.00,184.20
2221,324.00,184.20
2222,324.00,185.20
2223,324.00,185.20
2224,324.00,186.20
2225,324.00,187.20
2226,324.00,187.20
2227,324.00,188.20
2228,324.00,189.20
2229,324.00,190.20
2230,324.00,190.20
2231,324.00,191.20
2232,324.00,191.20
2233,324.00,192.20
2234,324.00,192.20
2235,324.00,192.20
2236,324.00,193.20
2237,324.00,193.20
2238,325.00,194.20
2239,325.00,195.20
2240,325.00,195.20
2241,325.00,196.20
2242,325.00,196.20
2243,325.00,197.20
2244,325.00,197.20
2245,325.00,198.20
2246,325.00,198.20
2247,325.00,198.20
2248,325.00,199.20
2249,325.00,199.20
2250,325.00,200.20
2251,325.00,200.20
2252,325.00,201.20
2253,325.00,201.20
2254,325.00,202.20
2255,325.00,202.20
2256,325.00,203.20
2257,325.00,203.20
2258,325.00,204.20
2259,325.00,204.20
2260,325.00,205.20
2261,325.00,205.20
2262,325.00,205.20
2263,325.00,205.20
2264,325.00,206.20
2265,325.00,206.20
2266,326.00,206.20
2267,326.00,208.20
2268,326.00,208.20
2269,326.00,209.20
2270,326.00,209.20
2271,326.00,210.20
2272,326.00,210.20
2273,326.00,211.20
2274,326.00,211.20
2275,326.00,211.20
2276,326.00,211.20
2277,326.00,212.20
2278,326.00,212.20
2279,326.00,213.20
2280,327.00,213.20
2281,327.00,214.20
2282,327.00,214.20
2283,327.00,215.20
2284,327.00,215.20
2285,327.00,215.20
2286,327.00,215.20
2287,327.00,215.20
2288,327.00,216.20
2289,327.00,216.20
2290,327.00,216.20
2291,327.00,216.20
2292,327.00,217.20
2293,327.00,217.20
2294,327.00,217.20
2295,327.00,218.20
2296,327.00,218.20
2297,327.00,219.20
2298,327.00,219.20
2299,327.00,220.20
2300,327.00,221.20
2301,327.00,222.20
2302,327.00,223.20
2303,327.00,223.20
2304,327.00,224.20
2305,327.00,225.20
2306,328.00,226.20
2307,328.00,227.20
2308,328.00,228.20
2309,328.00,229.20
2310,328.00,230.20
2311,329.00,231.20
2312,329.00,231.20
2313,329.00,232.20
2314,329.00,233.20
2315,329.00,234.20
2316,329.00,235.20
2317,330.00,235.20
2318,330.00,236.20
2319,330.00,237.20
2320,330.00,237.20
2321,330.00,238.20
2322,330.00,239.20
2323,330.00,240.20
2324,330.00,240.20
2325,330.00,241.20
2326,330.00,242.20
2327,330.00,242.20
2328,330.00,242.20
2329,330.00,243.20
2330,330.00,243.20
2331,330.00,244.20
2332,330.00,245.20
2333,330.00,245.20
2334,330.00,246.20
2335,330.00,246.20
2336,330.00,247.20
2337,330.00,247.20
2338,330.00,248.20
2339,330.00,248.20
2340,330.00,248.20
2341,330.00,249.20
2342,330.00,249.20
2343,330.00,250.20
2344,330.00,250.20
2345,331.00,250.20
2346,331.00,250.20
2347,331.00,250.20
2348,331.00,251.20
2349,331.00,251.20
2350,331.00,251.20
2351,331.00,251.20
2352,331.00,252.20
2353,331.00,253.20
2354,331.00,254.20
2355,331.00,254.20
2356,331.00,255.20
2357,331.00,255.20
2358,331.00,256.20
2359,331.00,257.20
2360,331.00,258.20
2361,331.00,259.20
2362,331.00,259.20
2363,331.00,260.20
2364,331.00,260.20
2365,331.00,261.20
2366,331.00,261.20
2367,331.00,262.20
2368,331.00,262.20
2369,332.00,263.20
2370,332.00,264.20
2371,332.00,265.20
2372,332.00,265.20
2373,332.00,266.20
2374,332.00,267.20
2375,333.00,268.20
2376,333.00,268.20
2377,333.00,269.20
2378,333.00,269.20
2379,334.00,270.20
2380,334.00,270.20
2381,334.00,270.20
2382,334.00,271.20
2383,334.00,272.20
2384,334.00,272.20
2385,335.00,272.20
2386,335.00,273.20
2387,335.00,273.20
2388,335.00,274.20
2389,335.00,275.20
2390,335.00,275.20
2391,336.00,276.20
2392,336.00,277.20
2393,336.00,278.20
2394,336.00,279.20
2395,336.00,280.20
2396,336.00,281.20
2397,336.00,282.20
2398,337.00,283.20
2399,337.00,283.20
2400,337.00,284.20
2401,337.00,284.20
2402,337.00,285.20
2403,337.00,285.20
2404,337.00,286.20
2405,337.00,286.20
2406,337.00,287.20
2407,337.00,288.20
2408,337.00,288.20
2409,338.00,289.20
2410,338.00,290.20
2411,338.00,290.20
2412,338.00,291.20
2413,338.00,292.20
2414,338.00,292.20
2415,338.00,293.20
2416,339.00,294.20
2417,339.00,294.20
2418,339.00,295.20
2419,339.00,296.20
2420,339.00,297.20
2421,339.00,297.20
2422,340.00,298.20
2423,340.00,298.20
2424,340.00,299.20
2425,340.00,299.20
2426,340.00,300.20
2427,340.00,300.20
2428,340.00,301.20
2429,340.00,301.20
2430,340.00,301.20
2431,340.00,302.20
2432,340.00,302.20
2433,340.00,303.20
2434,340.00,303.20
2435,340.00,303.20
2436,341.00,304.20
2437,341.00,304.20
2438,341.00,305.20
2439,341.00,305.20
2440,341.00,305.20
2441,341.00,306.20
2442,341.00,306.20
2443,341.00,306.20
2444,341.00,307.20
2445,342.00,307.20
2446,342.00,307.20
2447,342.00,308.20
2448,342.00,308.20
2449,342.00,308.20
2450,342.00,308.20
2451,342.00,308.20
2452,342.00,309.20
2453,343.00,309.20
2454,343.00,309.20
2455,343.00,309.20
2456,343.00,309.20
2457,343.00,310.20
2458,343.00,310.20
2459,344.00,310.20
2460,344.00,311.20
2461,344.00,311.20
2462,344.00,311.20
2463,344.00,311.20
2464,344.00,311.20
2465,344.00,312.20
2466,345.00,312.20
2467,345.00,312.20
2468,345.00,312.20
2469,345.00,312.20
2470,345.00,313.20
2471,345.00,313.20
2472,345.00,313.20
2473,345.00,314.20
2474,345.00,314.20
2475,346.00,314.20
2476,346.00,314.20
2477,346.00,314.20
2478,346.00,314.20
2479,346.00,314.20
2480,346.00,315.20
2481,346.00,315.20
2482,346.00,315.20
2483,346.00,315.20
2484,346.00,315.20
2485,347.00,315.20
2486,347.00,315.20
2487,347.00,315.20
2488,347.00,315.20
2489,347.00,315.20
2490,347.00,315.20
2491,347.00,315.20
2492,348.00,315.20
2493,348.00,316.20
2494,348.00,316.20
2495,348.00,316.20
2496,349.00,316.20
2497,349.00,316.20
2498,349.00,316.20
2499,349.00,316.20
2500,349.00,316.20
2501,349.00,316.20
2502,349.00,316.20
2503,350.00,316.20
2504,350.00,316.20
2505,350.00,316.20
2506,350.00,316.20
2507,350.00,316.20
2508,351.00,316.20
2509,351.00,316.20
2510,351.00,316.20
2511,351.00,316.20
2512,351.00,316.20
2513,352.00,316.20
2514,352.00,316.20
2515,352.00,316.20
2516,352.00,315.20
2517,353.00,315.20
2518,353.00,315.20
2519,353.00,314.20
2520,353.00,314.20
2521,353.00,314.20
2522,353.00,314.20
2523,354.00,314.20
2524,354.00,313.20
2525,354.00,313.20
2526,354.00,313.20
2527,354.00,313.20
2528,354.00,313.20
2529,355.00,312.20
2530,355.00,312.20
2531,355.00,312.20
2532,355.00,312.20
2533,355.00,312.20
2534,355.00,311.20
2535,355.00,311.20
2536,355.00,311.20
2537,355.00,311.20
2538,356.00,311.20
2539,356.00,310.20
2540,356.00,310.20
2541,356.00,310.20
2542,356.00,310.20
2543,357.00,309.20
2544,357.00,309.20
2545,357.00,309.20
2546,357.00,309.20
2547,357.00,308.20
2548,357.00,308.20
2549,357.00,308.20
2550,357.00,308.20
2551,357.00,308.20
2552,358.00,307.20
2553,358.00,307.20
2554,358.00,307.20
2555,358.00,307.20
2556,358.00,306.20
2557,358.00,306.20
2558,358.00,306.20
2559,358.00,306.20
2560,358.00,305.20
2561,359.00,305.20
2562,359.00,305.20
2563,359.00,304.20
2564,359.00,304.20
2565,359.00,304.20
2566,359.00,304.20
2567,359.00,303.20
2568,360.00,303.20
2569,360.00,303.20
2570,360.00,303.20
2571,360.00,303.20
2572,360.00,303.20
2573,360.00,303.20
2574,360.00,302.20
2575,360.00,302.20
2576,361.00,302.20
2577,361.00,302.20
2578,361.00,301.20
2579,361.00,301.20
2580,361.00,301.20
2581,361.00,301.20
2582,361.00,301.20
2583,361.00,300.20
2584,361.00,300.20
2585,361.00,300.20
2586,361.00,300.20
2587,362.00,300.20
2588,362.00,300.20
2589,362.00,300.20
2590,362.00,299.20
2591,362.00,299.20
2592,362.00,299.20
2593,362.00,298.20
2594,363.00,298.20
2595,363.00,298.20
2596,363.00,298.20
2597,363.00,298.20
2598,363.00,297.20
2599,363.00,297.20
2600,364.00,296.20
2601,364.00,296.20
2602,364.00,295.20
2603,364.00,295.20
2604,364.00,295.20
2605,365.00,294.20
2606,365.00,294.20
2607,365.00,294.20
2608,365.00,294.20
2609,365.00,293.20
2610,365.00,293.20
2611,365.00,293.20
2612,365.00,292.20
2613,366.00,292.20
2614,366.00,292.20
2615,366.00,292.20
2616,366.00,292.20
2617,366.00,292.20
2618,366.00,291.20
2619,366.00,291.20
2620,366.00,291.20
2621,366.00,291.20
2622,366.00,290.20
2623,367.00,290.20
2624,367.00,290.20
2625,367.00,290.20
2626,367.00,290.20
2627,367.00,290.20
2628,367.00,289.20
2629,367.00,289.20
2630,368.00,289.20
2631,368.00,289.20
2632,368.00,288.20
2633,369.00,288.20
2634,369.00,287.20
2635,369.00,287.20
2636,369.00,287.20
2637,369.00,287.20
2638,370.00,287.20
2639,370.00,286.20
2640,370.00,286.20
2641,370.00,286.20
2642,370.00,286.20
2643,371.00,285.20
2644,371.00,285.20
2645,371.00,285.20
2646,371.00,285.20
2647,371.00,285.20
2648,371.00,284.20
2649,372.00,284.20
2650,372.00,284.20
2651,372.00,284.20
2652,372.00,284.20
2653,372.00,283.20
2654,373.00,283.20
2655,373.00,283.20
2656,373.00,283.20
2657,373.00,283.20
2658,373.00,283.20
2659,373.00,283.20
2660,373.00,282.20
2661,374.00,282.20
2662,374.00,282.20
2663,374.00,282.20
2664,374.00,282.20
2665,375.00,282.20
2666,375.00,282.20
2667,375.00,281.20
2668,375.00,281.20
2669,375.00,281.20
2670,375.00,281.20
2671,375.00,281.20
2672,376.00,281.20
2673,376.00,281.20
2674,376.00,281.20
2675,376.00,281.20
2676,376.00,281.20
2677,377.00,281.20
2678,377.00,281.20
2679,377.00,281.20
2680,377.00,281.20
2681,377.00,281.20
2682,378.00,281.20
2683,378.00,282.20
2684,378.00,282.20
2685,379.00,282.20
2686,379.00,282.20
2687,379.00,282.20
2688,379.00,282.20
2689,379.00,282.20
2690,380.00,282.20
2691,380.00,282.20
2692,380.00,282.20
2693,380.00,282.20
2694,380.00,283.20
2695,380.00,283.20
2696,381.00,283.20
2697,381.00,283.20
2698,381.00,283.20
2699,381.00,283.20
2700,381.00,283.20
2701,382.00,283.20
2702,382.00,283.20
2703,382.00,283.20
2704,382.00,283.20
2705,382.00,283.20
2706,383.00,284.20
2707,383.00,284.20
2708,383.00,284.20
2709,383.00,284.20
2710,384.00,284.20
2711,384.00,284.20
2712,384.00,284.20
2713,384.00,284.20
2714,384.00,284.20
2715,384.00,285.20
2716,385.00,285.20
2717,385.00,285.20
2718,385.00,285.20
2719,385.00,285.20
2720,385.00,285.20
2721,385.00,285.20
2722,386.00,285.20
2723,386.00,285.20
2724,386.00,285.20
2725,387.00,285.20
2726,387.00,285.20
2727,387.00,285.20
2728,387.00,285.20
2729,387.00,285.20
2730,388.00,285.20
2731,388.00,285.20
2732,388.00,285.20
2733,389.00,285.20
2734,389.00,285.20
2735,389.00,285.20
2736,389.00,285.20
2737,390.00,285.20
2738,390.00,285.20
2739,390.00,285.20
2740,390.00,285.20
2741,390.00,285.20
2742,391.00,285.20
2743,391.00,285.20
2744,391.00,285.20
2745,391.00,285.20
2746,391.00,285.20
2747,392.00,285.20
2748,392.00,285.20
2749,392.00,285.20
2750,392.00,285.20
2751,392.00,285.20
2752,393.00,285.20
2753,393.00,285.20
2754,393.00,284.20
2755,393.00,284.20
2756,393.00,284.20
2757,394.00,283.20
2758,394.00,283.20
2759,394.00,283.20
2760,394.00,283.20
2761,394.00,282.20
2762,394.00,282.20
2763,394.00,282.20
2764,394.00,282.20
2765,394.00,281.20
2766,395.00,281.20
2767,395.00,281.20
2768,395.00,281.20
2769,395.00,281.20
2770,395.00,280.20
2771,395.00,280.20
2772,395.00,280.20
2773,395.00,280.20
2774,395.00,280.20
2775,396.00,280.20
2776,396.00,279.20
2777,396.00,279.20
2778,396.00,279.20
2779,396.00,279.20
2780,396.00,279.20
2781,396.00,278.20
2782,397.00,278.20
2783,397.00,277.20
2784,397.00,277.20
2785,397.00,277.20
2786,398.00,277.20
2787,398.00,276.20
2788,398.00,276.20
2789,399.00,275.20
2790,399.00,275.20
2791,399.00,274.20
2792,399.00,274.20
2793,400.00,274.20
2794,400.00,273.20
2795,400.00,273.20
2796,401.00,273.20
2797,401.00,272.20
2798,401.00,272.20
2799,402.00,271.20
2800,402.00,271.20
2801,402.00,270.20
2802,402.00,270.20
2803,403.00,270.20
2804,403.00,269.20
2805,403.00,269.20
2806,403.00,269.20
2807,404.00,268.20
2808,404.00,268.20
2809,404.00,268.20
2810,404.00,267.20
2811,404.00,267.20
2812,404.00,267.20
2813,404.00,266.20
2814,405.00,266.20
2815,405.00,266.20
2816,405.00,265.20
2817,405.00,265.20
2818,405.00,265.20
2819,405.00,264.20
2820,405.00,264.20
2821,405.00,264.20
2822,405.00,263.20
2823,405.00,263.20
2824,405.00,263.20
2825,405.00,262.20
2826,405.00,262.20
2827,405.00,262.20
2828,405.00,262.20
2829,405.00,261.20
2830,405.00,261.20
2831,405.00,260.20
2832,405.00,260.20
2833,405.00,259.20
2834,405.00,259.20
2835,405.00,259.20
2836,405.00,258.20
2837,405.00,258.20
2838,405.00,258.20
2839,405.00,257.20
2840,405.00,256.20
2841,405.00,256.20
2842,405.00,256.20
2843,405.00,255.20
2844,405.00,254.20
2845,405.00,254.20
2846,405.00,253.20
2847,405.00,253.20
2848,406.00,252.20
2849,406.00,251.20
2850,406.00,250.20
2851,406.00,249.20
2852,406.00,249.20
2853,406.00,248.20
2854,407.00,247.20
2855,407.00,246.20
2856,407.00,245.20
2857,407.00,245.20
2858,407.00,244.20
2859,408.00,244.20
2860,408.00,243.20
2861,408.00,243.20
2862,408.00,242.20
2863,408.00,242.20
2864,408.00,241.20
2865,408.00,241.20
2866,408.00,240.20
2867,408.00,240.20
2868,408.00,240.20
2869,408.00,239.20
2870,408.00,239.20
2871,408.00,238.20
2872,408.00,238.20
2873,408.00,238.20
2874,408.00,237.20
2875,408.00,236.20
2876,408.00,236.20
2877,408.00,235.20
2878,408.00,234.20
2879,408.00,233.20
2880,408.00,233.20
2881,408.00,232.20
2882,409.00,231.20
2883,409.00,230.20
2884,409.00,230.20
2885,409.00,230.20
2886,409.00,229.20
2887,409.00,228.20
2888,409.00,228.20
2889,410.00,227.20
2890,410.00,226.20
2891,410.00,225.20
2892,410.00,225.20
2893,410.00,224.20
2894,410.00,224.20
2895,410.00,223.20
2896,410.00,223.20
2897,410.00,223.20
2898,410.00,222.20
2899,410.00,222.20
2900,410.00,221.20
2901,410.00,220.20
2902,411.00,220.20
2903,411.00,219.20
2904,411.00,218.20
2905,411.00,218.20
2906,411.00,217.20
2907,411.00,217.20
2908,411.00,217.20
2909,411.00,216.20
2910,411.00,216.20
2911,411.00,216.20
2912,411.00,216.20
2913,411.00,215.20
2914,411.00,215.20
2915,411.00,215.20
2916,411.00,215.20
2917,411.00,215.20
2918,411.00,215.20
2919,411.00,215.20
2920,411.00,214.20
2921,411.00,214.20
2922,411.00,213.20
2923,411.00,213.20
2924,411.00,212.20
2925,411.00,212.20
2926,411.00,212.20
2927,411.00,211.20
2928,411.00,210.20
2929,411.00,209.20
2930,411.00,209.20
2931,411.00,208.20
2932,411.00,207.20
2933,411.00,206.20
2934,412.00,206.20
2935,412.00,206.20
2936,412.00,205.20
2937,412.00,205.20
2938,412.00,204.20
2939,412.00,204.20
2940,412.00,204.20
2941,412.00,203.20
2942,412.00,203.20
2943,412.00,203.20
2944,412.00,202.20
2945,413.00,202.20
2946,413.00,201.20
2947,413.00,200.20
2948,413.00,199.20
2949,413.00,199.20
2950,413.00,197.20
2951,413.00,196.20
2952,414.00,196.20
2953,414.00,195.20
2954,414.00,194.20
2955,414.00,194.20
2956,414.00,193.20
2957,414.00,192.20
2958,414.00,192.20
2959,414.00,191.20
2960,414.00,190.20
2961,414.00,189.20
2962,414.00,189.20
2963,414.00,188.20
2964,414.00,188.20
2965,414.00,187.20
2966,414.00,187.20
2967,414.00,187.20
2968,414.00,186.20
2969,414.00,186.20
2970,414.00,185.20
2971,414.00,184.20
2972,414.00,184.20
2973,414.00,183.20
2974,414.00,183.20
2975,414.00,182.20
2976,414.00,182.20
2977,414.00,181.20
2978,414.00,180.20
2979,415.00,179.20
2980,415.00,179.20
2981,415.00,178.20
2982,415.00,178.20
2983,415.00,177.20
2984,415.00,177.20
2985,415.00,177.20
2986,415.00,177.20
2987,415.00,177.20
2988,415.00,177.20
2989,415.00,176.20
2990,415.00,176.20
2991,415.00,175.20
2992,415.00,174.20
2993,415.00,174.20
2994,415.00,173.20
2995,415.00,173.20
2996,415.00,172.20
2997,415.00,172.20
2998,415.00,171.20
2999,415.00,171.20
3000,416.00,171.20
3001,416.00,170.20
3002,416.00,170.20
3003,416.00,169.20
3004,416.00,169.20
3005,416.00,169.20
3006,416.00,168.20
3007,416.00,167.20
3008,416.00,166.20
3009,416.00,165.20
3010,417.00,165.20
3011,417.00,164.20
3012,417.00,163.20
3013,417.00,163.20
3014,417.00,162.20
3015,417.00,162.20
3016,417.00,161.20
3017,417.00,160.20
3018,417.00,160.20
3019,417.00,159.20
3020,417.00,158.20
3021,417.00,157.20
3022,417.00,157.20
3023,417.00,156.20
3024,417.00,156.20
3025,417.00,155.20
3026,417.00,155.20
3027,417.00,154.20
3028,418.00,154.20
3029,418.00,154.20
3030,418.00,153.20
3031,418.00,153.20
3032,418.00,151.20
3033,418.00,151.20
3034,418.00,150.20
3035,418.00,150.20
3036,418.00,150.20
3037,418.00,150.20
3038,418.00,149.20
3039,419.00,149.20
3040,419.00,149.20
3041,419.00,149.20
3042,419.00,148.20
3043,419.00,148.20
3044,419.00,148.20
3045,419.00,148.20
3046,419.00,147.20
3047,419.00,147.20
3048,419.00,147.20
3049,419.00,146.20
3050,419.00,146.20
3051,419.00,145.20
3052,419.00,145.20
3053,419.00,144.20
3054,419.00,143.20
3055,419.00,141.20
3056,419.00,140.20
3057,419.00,139.20
3058,419.00,138.20
3059,420.00,138.20
3060,420.00,137.20
3061,420.00,136.20
3062,420.00,135.20
3063,420.00,134.20
3064,420.00,133.20
3065,420.00,132.20
3066,421.00,131.20
3067,421.00,131.20
3068,421.00,131.20
3069,421.00,131.20
3070,421.00,131.20
3071,421.00,131.20
3072,421.00,131.20
3073,421.00,130.20
3074,421.00,130.20
3075,421.00,130.20
3076,421.00,129.20
3077,421.00,128.20
3078,421.00,128.20
3079,421.00,127.20
3080,421.00,127.20
3081,421.00,126.20
3082,421.00,125.20
3083,421.00,125.20
3084,421.00,125.20
3085,421.00,125.20
3086,421.00,124.20
3087,421.00,123.20
3088,421.00,123.20
3089,421.00,122.20
3090,421.00,122.20
3091,421.00,121.20
3092,421.00,121.20
3093,421.00,121.20
3094,421.00,120.20
3095,421.00,120.20
3096,421.00,120.20
3097,421.00,119.20
3098,421.00,119.20
3099,421.00,118.20
3100,421.00,118.20
3101,421.00,118.20
3102,421.00,117.20
3103,421.00,117.20
3104,421.00,116.20
3105,421.00,116.20
3106,421.00,115.20
3107,421.00,115.20
3108,421.00,114.20
3109,421.00,113.20
3110,421.00,113.20
3111,421.00,112.20
3112,421.00,112.20
3113,421.00,111.20
3114,421.00,111.20
3115,421.00,111.20
3116,421.00,111.20
3117,421.00,110.20
3118,421.00,110.20
3119,421.00,109.20
3120,421.00,109.20
3121,421.00,109.20
3122,421.00,108.20
3123,421.00,108.20
3124,421.00,107.20
3125,421.00,106.20
3126,421.00,106.20
3127,421.00,105.20
3128,421.00,105.20
3129,421.00,104.20
3130,421.00,103.20
3131,421.00,103.20
3132,421.00,102.20
3133,421.00,102.20
3134,422.00,101.20
3135,422.00,100.20
3136,422.00,100.20
3137,422.00,99.20
3138,422.00,98.20
3139,422.00,97.20
3140,422.00,97.20
3141,422.00,97.20
3142,422.00,96.20
3143,422.00,96.20
3144,422.00,95.20
3145,422.00,94.20
3146,423.00,94.20
3147,423.00,93.20
3148,423.00,93.20
3149,423.00,93.20
3150,423.00,92.20
3151,423.00,91.20
3152,423.00,91.20
3153,423.00,90.20
3154,423.00,90.20
3155,423.00,89.20
3156,423.00,89.20
3157,424.00,88.20
3158,424.00,88.20
3159,424.00,87.20
3160,424.00,87.20
3161,424.00,85.20
3162,425.00,84.20
3163,425.00,83.20
3164,425.00,82.20
3165,425.00,81.20
3166,425.00,81.20
3167,425.00,80.20
3168,425.00,79.20
3169,426.00,78.20
3170,426.00,77.20
3171,426.00,76.20
3172,426.00,75.20
3173,426.00,74.20
3174,426.00,74.20
3175,426.00,73.20
3176,426.00,73.20
3177,426.00,73.20
3178,427.00,72.20
3179,427.00,71.20
3180,427.00,71.20
3181,427.00,71.20
3182,427.00,69.20
3183,427.00,67.20
3184,427.00,66.20
3185,428.00,65.20
3186,428.00,65.20
3187,428.00,64.20
3188,428.00,64.20
3189,428.00,63.20
3190,428.00,63.20
3191,428.00,63.20
3192,428.00,63.20
3193,428.00,62.20
3194,428.00,62.20
3195,428.00,61.20
3196,428.00,61.20
3197,428.00,60.20
3198,428.00,60.20
3199,428.00,60.20
3200,428.00,59.20
3201,428.00,58.20
3202,428.00,58.20
3203,428.00,57.20
3204,428.00,56.20
3205,428.00,56.20
3206,428.00,55.20
3207,428.00,53.20
3208,429.00,53.20
3209,429.00,52.20
3210,429.00,51.20
3211,429.00,51.20
3212,429.00,51.20
3213,429.00,50.20
3214,429.00,50.20
3215,429.00,49.20
3216,430.00,48.20
3217,430.00,48.20
3218,430.00,48.20
3219,430.00,47.20
3220,430.00,47.20
3221,430.00,46.20
3222,430.00,46.20
3223,430.00,45.20
3224,430.00,45.20
3225,430.00,44.20
3226,431.00,44.20
3227,431.00,44.20
3228,431.00,43.20
3229,431.00,43.20
3230,431.00,43.20
3231,431.00,43.20
3232,431.00,43.20
3233,431.00,43.20
3234,431.00,43.20
3235,432.00,43.20
3236,432.00,43.20
3237,433.00,43.20
3238,434.00,42.20
3239,435.00,42.20
3240,435.00,42.20
3241,436.00,42.20
3242,436.00,42.20
3243,437.00,42.20
3244,437.00,42.20
3245,438.00,42.20
3246,438.00,41.20
3247,439.00,41.20
3248,439.00,41.20
3249,440.00,41.20
3250,440.00,41.20
3251,441.00,41.20
3252,441.00,41.20
3253,442.00,41.20
3254,442.00,41.20
3255,442.00,41.20
3256,443.00,41.20
3257,443.00,41.20
3258,444.00,41.20
3259,445.00,41.20
3260,446.00,40.20
3261,446.00,40.20
3262,447.00,40.20
3263,448.00,40.20
3264,448.00,40.20
3265,449.00,40.20
3266,450.00,40.20
3267,450.00,40.20
3268,451.00,40.20
3269,451.00,40.20
3270,452.00,40.20
3271,452.00,40.20
3272,453.00,40.20
3273,453.00,40.20
3274,454.00,40.20
3275,454.00,40.20
3276,454.00,40.20
3277,455.00,40.20
3278,455.00,40.20
3279,455.00,40.20
3280,455.00,40.20
3281,456.00,40.20
3282,456.00,40.20
3283,456.00,40.20
3284,456.00,40.20
3285,457.00,40.20
3286,457.00,40.20
3287,457.00,40.20
3288,457.00,40.20
3289,457.00,40.20
3290,458.00,40.20
3291,458.00,41.20
3292,458.00,41.20
3293,458.00,41.20
3294,458.00,41.20
3295,458.00,42.20
3296,458.00,43.20
3297,458.00,43.20
3298,458.00,44.20
3299,458.00,45.20
3300,458.00,45.20
3301,458.00,46.20
3302,458.00,46.20
3303,458.00,47.20
3304,458.00,47.20
3305,458.00,48.20
3306,459.00,49.20
3307,459.00,50.20
3308,459.00,51.20
3309,459.00,51.20
3310,459.00,52.20
3311,460.00,53.20
3312,460.00,53.20
3313,460.00,54.20
3314,460.00,55.20
3315,461.00,56.20
3316,461.00,56.20
3317,461.00,57.20
3318,461.00,58.20
3319,461.00,58.20
3320,461.00,58.20
3321,462.00,60.20
3322,462.00,60.20
3323,462.00,61.20
3324,462.00,61.20
3325,462.00,62.20
3326,462.00,62.20
3327,462.00,62.20
3328,462.00,63.20
3329,462.00,64.20
3330,462.00,64.20
3331,462.00,65.20
3332,462.00,66.20
3333,463.00,67.20
3334,463.00,68.20
3335,463.00,69.20
3336,463.00,70.20
3337,463.00,71.20
3338,463.00,72.20
3339,463.00,73.20
3340,463.00,73.20
3341,463.00,74.20
3342,463.00,75.20
3343,463.00,75.20
3344,463.00,76.20
3345,463.00,76.20
3346,463.00,77.20
3347,463.00,78.20
3348,463.00,78.20
3349,463.00,79.20
3350,463.00,80.20
3351,464.00,81.20
3352,464.00,81.20
3353,464.00,82.20
3354,464.00,83.20
3355,464.00,84.20
3356,464.00,86.20
3357,464.00,86.20
3358,464.00,87.20
3359,464.00,89.20
3360,464.00,90.20
3361,464.00,90.20
3362,464.00,91.20
3363,464.00,92.20
3364,464.00,93.20
3365,464.00,93.20
3366,464.00,93.20
3367,464.00,94.20
3368,464.00,95.20
3369,464.00,95.20
3370,464.00,97.20
3371,464.00,98.20
3372,464.00,99.20
3373,464.00,100.20
3374,464.00,101.20
3375,465.00,103.20
3376,465.00,104.20
3377,465.00,105.20
3378,465.00,105.20
3379,465.00,106.20
3380,465.00,106.20
3381,465.00,107.20
3382,465.00,107.20
3383,465.00,108.20
3384,465.00,108.20
3385,465.00,108.20
3386,465.00,109.20
3387,465.00,109.20
3388,466.00,110.20
3389,466.00,111.20
3390,466.00,111.20
3391,466.00,112.20
3392,466.00,113.20
3393,466.00,113.20
3394,466.00,113.20
3395,466.00,114.20
3396,466.00,114.20
3397,466.00,115.20
3398,466.00,115.20
3399,466.00,115.20
3400,466.00,116.20
3401,466.00,116.20
3402,466.00,117.20
3403,466.00,118.20
3404,466.00,118.20
3405,466.00,119.20
3406,467.00,119.20
3407,467.00,120.20
3408,467.00,120.20
3409,467.00,120.20
3410,467.00,121.20
3411,467.00,121.20
3412,467.00,122.20
3413,467.00,122.20
3414,467.00,123.20
3415,467.00,123.20
3416,467.00,124.20
3417,467.00,124.20
3418,467.00,124.20
3419,467.00,124.20
3420,467.00,125.20
3421,467.00,126.20
3422,467.00,127.20
3423,467.00,127.20
3424,467.00,128.20
3425,467.00,129.20
3426,467.00,130.20
3427,467.00,131.20
3428,467.00,132.20
3429,468.00,132.20
3430,468.00,133.20
3431,468.00,134.20
3432,468.00,134.20
3433,468.00,135.20
3434,468.00,136.20
3435,469.00,137.20
3436,469.00,138.20
3437,469.00,138.20
3438,470.00,139.20
3439,470.00,140.20
3440,470.00,141.20
3441,470.00,141.20
3442,470.00,142.20
3443,470.00,143.20
3444,470.00,143.20
3445,470.00,144.20
3446,470.00,145.20
3447,471.00,146.20
3448,471.00,147.20
3449,471.00,148.20
3450,471.00,148.20
3451,471.00,149.20
3452,471.00,150.20
3453,471.00,151.20
3454,471.00,152.20
3455,471.00,153.20
3456,471.00,153.20
3457,471.00,154.20
3458,471.00,155.20
3459,471.00,155.20
3460,471.00,156.20
3461,471.00,156.20
3462,471.00,157.20
3463,471.00,157.20
3464,471.00,158.20
3465,471.00,158.20
3466,471.00,158.20
3467,471.00,158.20
3468,471.00,159.20
3469,471.00,159.20
3470,471.00,160.20
3471,471.00,160.20
3472,471.00,160.20
3473,471.00,160.20
3474,471.00,161.20
3475,472.00,161.20
3476,472.00,161.20
3477,472.00,162.20
3478,472.00,162.20
3479,472.00,163.20
3480,472.00,163.20
3481,472.00,163.20
3482,472.00,164.20
3483,472.00,165.20
3484,472.00,165.20
3485,471.00,166.20
3486,471.00,167.20
3487,471.00,168.20
3488,471.00,169.20
3489,471.00,170.20
3490,471.00,170.20
3491,471.00,171.20
3492,471.00,171.20
3493,471.00,172.20
3494,471.00,172.20
3495,471.00,173.20
3496,471.00,173.20
3497,471.00,174.20
3498,471.00,174.20
3499,471.00,175.20
3500,471.00,175.20
3501,471.00,175.20
3502,471.00,176.20
3503,471.00,176.20
3504,471.00,176.20
3505,471.00,176.20
3506,471.00,177.20
3507,471.00,177.20
3508,471.00,178.20
3509,471.00,178.20
3510,471.00,178.20
3511,471.00,179.20
3512,471.00,179.20
3513,471.00,180.20
3514,471.00,181.20
3515,471.00,181.20
3516,471.00,182.20
3517,472.00,183.20
3518,472.00,184.20
3519,472.00,185.20
3520,472.00,185.20
3521,472.00,186.20
3522,472.00,187.20
3523,472.00,187.20
3524,472.00,188.20
3525,472.00,189.20
3526,472.00,189.20
3527,472.00,189.20
3528,472.00,190.20
3529,472.00,190.20
3530,472.00,190.20
3531,473.00,190.20
3532,473.00,190.20
3533,473.00,190.20
3534,473.00,191.20
3535,473.00,192.20
3536,473.00,192.20
3537,473.00,193.20
3538,473.00,194.20
3539,473.00,194.20
3540,473.00,195.20
3541,473.00,196.20
3542,473.00,197.20
3543,474.00,198.20
3544,474.00,198.20
3545,474.00,199.20
3546,474.00,200.20
3547,474.00,201.20
3548,474.00,202.20
3549,474.00,202.20
3550,475.00,202.20
3551,475.00,203.20
3552,475.00,203.20
3553,475.00,204.20
3554,475.00,204.20
3555,475.00,205.20
3556,475.00,206.20
3557,475.00,206.20
3558,476.00,207.20
3559,476.00,208.20
3560,478.00,216.20
3561,478.00,216.20
3562,478.00,217.20
3563,478.00,218.20
3564,478.00,219.20
3565,478.00,219.20
3566,478.00,220.20
3567,478.00,221.20
3568,478.00,221.20
3569,478.00,222.20
3570,478.00,222.20
3571,478.00,222.20
3572,478.00,223.20
3573,478.00,223.20
3574,479.00,223.20
3575,479.00,223.20
3576,479.00,224.20
3577,479.00,224.20
3578,479.00,225.20
3579,479.00,225.20
3580,479.00,226.20
3581,479.00,226.20
3582,479.00,227.20
3583,479.00,227.20
3584,479.00,227.20
3585,479.00,228.20
3586,479.00,228.20
3587,479.00,229.20
3588,479.00,229.20
3589,479.00,230.20
3590,479.00,230.20
3591,479.00,231.20
3592,479.00,231.20
3593,479.00,231.20
3594,479.00,231.20
3595,479.00,231.20
3596,479.00,232.20
3597,479.00,232.20
3598,479.00,233.20
3599,479.00,233.20
3600,479.00,233.20
3601,479.00,234.20
3602,479.00,234.20
3603,479.00,235.20
3604,480.00,235.20
3605,480.00,236.20
3606,480.00,236.20
3607,480.00,237.20
3608,480.00,237.20
3609,480.00,238.20
3610,480.00,238.20
3611,480.00,239.20
3612,481.00,239.20
3613,481.00,240.20
3614,481.00,241.20
3615,481.00,243.20
3616,481.00,244.20
3617,482.00,245.20
3618,482.00,246.20
3619,482.00,247.20
3620,482.00,247.20
3621,482.00,248.20
3622,482.00,248.20
3623,482.00,249.20
3624,482.00,249.20
3625,482.00,249.20
3626,482.00,250.20
3627,482.00,251.20
3628,482.00,252.20
3629,482.00,253.20
3630,482.00,254.20
3631,482.00,254.20
3632,482.00,255.20
3633,482.00,256.20
3634,482.00,256.20
3635,482.00,257.20
3636,482.00,257.20
3637,482.00,258.20
3638,482.00,258.20
3639,482.00,258.20
3640,482.00,259.20
3641,482.00,259.20
3642,482.00,260.20
3643,482.00,260.20
3644,482.00,261.20
3645,482.00,261.20
3646,482.00,262.20
3647,482.00,262.20
3648,482.00,263.20
3649,482.00,264.20
3650,483.00,264.20
3651,483.00,265.20
3652,484.00,266.20
3653,484.00,267.20
3654,484.00,268.20
3655,484.00,269.20
3656,484.00,270.20
3657,485.00,271.20
3658,485.00,272.20
3659,485.00,273.20
3660,485.00,274.20
3661,485.00,275.20
3662,485.00,276.20
3663,485.00,276.20
3664,485.00,277.20
3665,486.00,278.20
3666,486.00,278.20
3667,486.00,278.20
3668,486.00,279.20
3669,486.00,279.20
3670,486.00,280.20
3671,486.00,280.20
3672,486.00,281.20
3673,487.00,281.20
3674,487.00,282.20
3675,487.00,282.20
3676,487.00,283.20
3677,487.00,283.20
3678,487.00,283.20
3679,488.00,284.20
3680,488.00,284.20
3681,488.00,285.20
3682,488.00,286.20
3683,488.00,286.20
3684,489.00,286.20
3685,489.00,287.20
3686,489.00,287.20
3687,489.00,287.20
3688,490.00,288.20
3689,490.00,288.20
3690,490.00,289.20
3691,490.00,289.20
3692,490.00,289.20
3693,490.00,289.20
3694,490.00,290.20
3695,491.00,290.20
3696,491.00,290.20
3697,491.00,290.20
3698,491.00,291.20
3699,491.00,291.20
3700,491.00,291.20
3701,491.00,292.20
3702,492.00,292.20
3703,492.00,292.20
3704,492.00,292.20
3705,492.00,293.20
3706,492.00,293.20
3707,492.00,293.20
3708,492.00,293.20
3709,493.00,294.20
3710,493.00,294.20
3711,493.00,294.20
3712,493.00,294.20
3713,493.00,294.20
3714,493.00,294.20
3715,493.00,295.20
3716,494.00,295.20
3717,494.00,295.20
3718,494.00,295.20
3719,494.00,295.20
3720,495.00,295.20
3721,495.00,296.20
3722,495.00,296.20
3723,495.00,296.20
3724,496.00,296.20
3725,496.00,296.20
3726,496.00,296.20
3727,496.00,296.20
3728,497.00,296.20
3729,497.00,296.20
3730,497.00,296.20
3731,497.00,296.20
3732,497.00,297.20
3733,498.00,297.20
3734,498.00,297.20
3735,498.00,297.20
3736,498.00,297.20
3737,498.00,297.20
3738,499.00,297.20
3739,499.00,297.20
3740,499.00,297.20
3741,499.00,297.20
3742,500.00,297.20
3743,500.00,296.20
3744,501.00,296.20
3745,501.00,296.20
3746,501.00,295.20
3747,502.00,295.20
3748,502.00,295.20
3749,503.00,294.20
3750,503.00,294.20
3751,503.00,294.20
3752,503.00,294.20
3753,503.00,294.20
3754,504.00,293.20
3755,504.00,293.20
3756,504.00,293.20
3757,504.00,293.20
3758,505.00,292.20
3759,505.00,292.20
3760,506.00,292.20
3761,506.00,291.20
3762,506.00,291.20
3763,506.00,291.20
3764,507.00,291.20
3765,507.00,290.20
3766,508.00,290.20
3767,508.00,290.20
3768,508.00,289.20
3769,509.00,289.20
3770,509.00,289.20
3771,510.00,288.20
3772,510.00,288.20
3773,510.00,288.20
3774,511.00,287.20
3775,511.00,287.20
3776,511.00,287.20
3777,512.00,287.20
3778,512.00,286.20
3779,512.00,286.20
3780,513.00,286.20
3781,513.00,286.20
3782,514.00,285.20
3783,514.00,285.20
3784,514.00,285.20
3785,515.00,285.20
3786,515.00,285.20
3787,515.00,285.20
3788,515.00,285.20
3789,515.00,285.20
3790,516.00,285.20
3791,516.00,285.20
3792,516.00,285.20
3793,517.00,285.20
3794,517.00,285.20
3795,518.00,285.20
3796,518.00,285.20
3797,518.00,286.20
3798,518.00,286.20
3799,519.00,286.20
3800,519.00,286.20
3801,519.00,286.20
3802,519.00,286.20
3803,519.00,286.20
3804,519.00,287.20
3805,520.00,287.20
3806,520.00,287.20
3807,520.00,287.20
3808,520.00,287.20
3809,521.00,288.20
3810,521.00,288.20
3811,521.00,288.20
3812,521.00,288.20
3813,521.00,288.20
3814,522.00,288.20
3815,522.00,289.20
3816,522.00,289.20
3817,523.00,290.20
3818,523.00,290.20
3819,523.00,291.20
3820,523.00,291.20
3821,523.00,291.20
3822,524.00,291.20
3823,524.00,291.20
3824,524.00,292.20
3825,524.00,292.20
3826,524.00,292.20
3827,524.00,292.20
3828,524.00,293.20
3829,524.00,293.20
3830,525.00,293.20
3831,525.00,294.20
3832,525.00,294.20
3833,525.00,294.20
3834,525.00,295.20
3835,525.00,295.20
3836,526.00,295.20
3837,526.00,295.20
3838,526.00,295.20
3839,526.00,296.20
3840,526.00,296.20
3841,526.00,296.20
3842,526.00,296.20
3843,526.00,296.20
3844,527.00,296.20
3845,527.00,297.20
3846,527.00,297.20
3847,527.00,297.20
3848,527.00,297.20
3849,527.00,298.20
3850,527.00,298.20
3851,528.00,298.20
3852,528.00,298.20
3853,528.00,299.20
3854,529.00,299.20
3855,529.00,299.20
3856,529.00,299.20
3857,529.00,299.20
3858,529.00,300.20
3859,530.00,300.20
3860,530.00,300.20
3861,530.00,301.20
3862,530.00,301.20
3863,531.00,301.20
3864,531.00,301.20
3865,531.00,301.20
3866,532.00,302.20
3867,532.00,302.20
3868,533.00,302.20
3869,533.00,302.20
3870,533.00,302.20
3871,534.00,302.20
3872,534.00,302.20
3873,535.00,302.20
3874,535.00,302.20
3875,536.00,303.20
3876,536.00,303.20
3877,537.00,303.20
3878,537.00,303.20
3879,537.00,303.20
3880,538.00,303.20
3881,538.00,303.20
3882,538.00,303.20
3883,538.00,303.20
3884,539.00,304.20
3885,539.00,304.20
3886,539.00,304.20
3887,539.00,304.20
3888,539.00,304.20
3889,540.00,304.20
3890,540.00,304.20
3891,540.00,304.20
3892,540.00,304.20
3893,541.00,304.20
3894,541.00,304.20
3895,541.00,303.20
3896,541.00,303.20
3897,541.00,302.20
3898,542.00,302.20
3899,542.00,302.20
3900,542.00,301.20
3901,543.00,301.20
3902,543.00,301.20
3903,543.00,300.20
3904,544.00,300.20
3905,544.00,299.20
3906,544.00,299.20
3907,544.00,298.20
3908,545.00,298.20
3909,545.00,298.20
3910,545.00,297.20
3911,545.00,297.20
3912,546.00,296.20
3913,546.00,296.20
3914,546.00,295.20
3915,547.00,294.20
3916,547.00,294.20
3917,547.00,294.20
3918,547.00,293.20
3919,548.00,293.20
3920,548.00,293.20
3921,548.00,292.20
3922,548.00,292.20
3923,548.00,292.20
3924,548.00,292.20
3925,548.00,291.20
3926,548.00,291.20
3927,548.00,290.20
3928,548.00,290.20
3929,548.00,290.20
3930,548.00,289.20
3931,549.00,288.20
3932,549.00,288.20
3933,549.00,287.20
3934,549.00,287.20
3935,549.00,286.20
3936,549.00,286.20
3937,549.00,285.20
3938,549.00,284.20
3939,549.00,284.20
3940,549.00,284.20
3941,549.00,284.20
3942,549.00,283.20
3943,549.00,283.20
3944,549.00,283.20
3945,549.00,282.20
3946,549.00,282.20
3947,549.00,281.20
3948,550.00,280.20
3949,550.00,280.20
3950,550.00,279.20
3951,550.00,279.20
3952,550.00,278.20
3953,550.00,278.20
3954,550.00,277.20
3955,551.00,277.20
3956,551.00,277.20
3957,551.00,276.20
3958,551.00,275.20
3959,551.00,275.20
3960,552.00,274.20
3961,552.00,274.20
3962,552.00,273.20
3963,552.00,273.20
3964,552.00,272.20
3965,552.00,272.20
3966,553.00,271.20
3967,553.00,270.20
3968,553.00,270.20
3969,553.00,270.20
3970,553.00,269.20
3971,553.00,268.20
3972,554.00,268.20
3973,554.00,267.20
3974,554.00,266.20
3975,554.00,266.20
3976,554.00,265.20
3977,554.00,265.20
3978,554.00,264.20
3979,554.00,264.20
3980,554.00,264.20
3981,554.00,264.20
3982,554.00,263.20
3983,554.00,263.20
3984,554.00,263.20
3985,554.00,263.20
3986,554.00,262.20
3987,554.00,261.20
3988,554.00,260.20
3989,554.00,259.20
3990,554.00,258.20
3991,554.00,258.20
3992,555.00,257.20
3993,555.00,256.20
3994,555.00,255.20
3995,555.00,254.20
3996,556.00,254.20
3997,556.00,253.20
3998,556.00,252.20
3999,556.00,251.20
4000,556.00,251.20
4001,556.00,251.20
4002,556.00,250.20
4003,556.00,250.20
4004,556.00,249.20
4005,556.00,249.20
4006,556.00,249.20
4007,556.00,248.20
4008,556.00,248.20
4009,556.00,247.20
4010,557.00,247.20
4011,557.00,246.20
4012,557.00,245.20
4013,557.00,245.20
4014,557.00,244.20
4015,557.00,244.20
4016,557.00,243.20
4017,557.00,242.20
4018,557.00,241.20
4019,558.00,240.20
4020,558.00,239.20
4021,558.00,238.20
4022,558.00,237.20
4023,558.00,236.20
4024,558.00,234.20
4025,559.00,233.20
4026,559.00,233.20
4027,559.00,232.20
4028,559.00,232.20
4029,559.00,231.20
4030,559.00,231.20
4031,559.00,231.20
4032,559.00,231.20
4033,559.00,230.20
4034,559.00,229.20
4035,559.00,227.20
4036,559.00,225.20
4037,559.00,224.20
4038,559.00,223.20
4039,559.00,222.20
4040,559.00,222.20
4041,559.00,221.20
4042,559.00,220.20
4043,559.00,220.20
4044,559.00,220.20
4045,559.00,219.20
4046,559.00,219.20
4047,559.00,218.20
4048,560.00,217.20
4049,560.00,217.20
4050,560.00,216.20
4051,560.00,216.20
4052,560.00,216.20
4053,560.00,215.20
4054,560.00,215.20
4055,560.00,214.20
4056,560.00,213.20
4057,560.00,213.20
4058,560.00,212.20
4059,560.00,211.20
4060,560.00,211.20
4061,560.00,209.20
4062,560.00,208.20
4063,560.00,207.20
4064,560.00,206.20
4065,560.00,205.20
4066,560.00,205.20
4067,560.00,204.20
4068,560.00,203.20
4069,560.00,202.20
4070,560.00,201.20
4071,560.00,200.20
4072,560.00,199.20
4073,560.00,199.20
4074,560.00,198.20
4075,560.00,197.20
4076,560.00,196.20
4077,560.00,196.20
4078,560.00,196.20
4079,560.00,195.20
4080,560.00,194.20
4081,560.00,192.20
4082,560.00,192.20
4083,560.00,191.20
4084,560.00,190.20
4085,560.00,189.20
4086,560.00,188.20
4087,560.00,187.20
4088,560.00,186.20
4089,561.00,185.20
4090,561.00,184.20
4091,561.00,184.20
4092,561.00,183.20
4093,562.00,182.20
4094,562.00,181.20
4095,563.00,179.20
4096,563.00,178.20
4097,563.00,177.20
4098,564.00,175.20
4099,564.00,174.20
4100,565.00,173.20
4101,565.00,172.20
4102,565.00,171.20
4103,565.00,170.20
4104,565.00,170.20
4105,565.00,170.20
4106,566.00,170.20
4107,566.00,169.20
4108,566.00,169.20
4109,566.00,169.20
4110,566.00,168.20
4111,566.00,167.20
4112,566.00,167.20
4113,566.00,166.20
4114,566.00,166.20
4115,567.00,165.20
4116,567.00,165.20
4117,567.00,163.20
4118,567.00,162.20
4119,568.00,161.20
4120,568.00,160.20
4121,568.00,160.20
4122,568.00,160.20
4123,568.00,160.20
4124,568.00,159.20
4125,568.00,159.20
4126,568.00,159.20
4127,568.00,158.20
4128,569.00,157.20
4129,569.00,156.20
4130,569.00,155.20
4131,569.00,154.20
4132,569.00,153.20
4133,569.00,153.20
4134,569.00,152.20
4135,569.00,152.20
4136,569.00,151.20
4137,569.00,151.20
4138,569.00,150.20
4139,569.00,150.20
4140,569.00,150.20
4141,570.00,149.20
4142,570.00,149.20
4143,570.00,148.20
4144,570.00,148.20
4145,570.00,147.20
4146,570.00,147.20
4147,570.00,146.20
4148,570.00,145.20
4149,570.00,144.20
4150,570.00,144.20
4151,570.00,143.20
4152,570.00,142.20
4153,570.00,141.20
4154,570.00,140.20
4155,570.00,139.20
4156,570.00,138.20
4157,570.00,136.20
4158,570.00,136.20
4159,570.00,134.20
4160,570.00,133.20
4161,570.00,132.20
4162,570.00,131.20
4163,570.00,130.20
4164,570.00,129.20
4165,570.00,128.20
4166,570.00,126.20
4167,570.00,124.20
4168,570.00,124.20
4169,570.00,123.20
4170,570.00,122.20
4171,570.00,121.20
4172,570.00,121.20
4173,570.00,119.20
4174,570.00,118.20
4175,570.00,118.20
4176,570.00,117.20
4177,570.00,117.20
4178,570.00,117.20
4179,570.00,117.20
4180,570.00,117.20
4181,570.00,116.20
4182,570.00,116.20
4183,570.00,116.20
4184,570.00,115.20
4185,570.00,115.20
4186,570.00,114.20
4187,570.00,114.20
4188,570.00,114.20
4189,570.00,113.20
4190,570.00,112.20
4191,570.00,110.20
4192,570.00,110.20
4193,570.00,109.20
4194,570.00,109.20
4195,570.00,108.20
4196,570.00,108.20
4197,570.00,107.20
4198,570.00,107.20
4199,570.00,106.20
4200,570.00,106.20
4201,570.00,106.20
4202,570.00,105.20
4203,570.00,105.20
4204,570.00,104.20
4205,570.00,104.20
4206,570.00,103.20
4207,570.00,103.20
4208,571.00,102.20
4209,571.00,102.20
4210,571.00,101.20
4211,571.00,101.20
4212,571.00,100.20
4213,571.00,100.20
4214,571.00,99.20
4215,571.00,98.20
4216,572.00,97.20
4217,572.00,97.20
4218,572.00,96.20
4219,572.00,96.20
4220,572.00,95.20
4221,572.00,94.20
4222,572.00,94.20
4223,573.00,93.20
4224,573.00,92.20
4225,573.00,91.20
4226,573.00,90.20
4227,573.00,89.20
4228,573.00,87.20
4229,573.00,87.20
4230,573.00,86.20
4231,573.00,85.20
4232,573.00,84.20
4233,573.00,83.20
4234,573.00,82.20
4235,573.00,81.20
4236,574.00,80.20
4237,574.00,79.20
4238,574.00,78.20
4239,574.00,77.20
4240,574.00,76.20
4241,574.00,76.20
4242,574.00,74.20
4243,574.00,74.20
4244,574.00,72.20
4245,575.00,71.20
4246,575.00,70.20
4247,575.00,70.20
4248,575.00,69.20
4249,575.00,69.20
4250,575.00,68.20
4251,575.00,68.20
4252,575.00,68.20
4253,575.00,68.20
4254,575.00,67.20
4255,575.00,66.20
4256,575.00,64.20
4257,575.00,63.20
4258,576.00,62.20
4259,576.00,62.20
4260,576.00,61.20
4261,576.00,61.20
4262,576.00,60.20
4263,577.00,60.20
4264,577.00,59.20
4265,577.00,59.20
4266,577.00,58.20
4267,577.00,58.20
4268,577.00,57.20
4269,577.00,57.20
4270,577.00,56.20
4271,577.00,55.20
4272,577.00,54.20
4273,577.00,54.20
4274,577.00,54.20
4275,578.00,54.20
4276,578.00,53.20
4277,578.00,53.20
4278,578.00,53.20
4279,578.00,52.20
4280,578.00,52.20
4281,578.00,51.20
4282,578.00,50.20
4283,578.00,49.20
4284,578.00,49.20
4285,578.00,49.20
4286,578.00,49.20
4287,578.00,48.20
4288,578.00,48.20
4289,578.00,47.20
4290,578.00,47.20
4291,578.00,47.20
4292,578.00,47.20
4293,578.00,46.20
4294,578.00,46.20
4295,578.00,46.20
4296,578.00,45.20
4297,578.00,45.20
4298,578.00,45.20
4299,578.00,45.20
4300,578.00,45.20
4301,578.00,44.20
4302,578.00,44.20
4303,578.00,44.20
4304,579.00,44.20
4305,579.00,44.20
4306,579.00,44.20
4307,579.00,43.20
4308,579.00,43.20
4309,579.00,43.20
4310,580.00,43.20
4311,580.00,42.20
4312,580.00,42.20
4313,580.00,42.20
4314,580.00,42.20
4315,580.00,42.20
4316,581.00,42.20
4317,581.00,41.20
4318,581.00,41.20
4319,581.00,41.20
4320,581.00,41.20
4321,581.00,41.20
4322,581.00,41.20
4323,582.00,41.20
4324,582.00,41.20
4325,582.00,41.20
4326,583.00,41.20
4327,583.00,41.20
4328,584.00,41.20
4329,585.00,41.20
4330,585.00,41.20
4331,587.00,40.20
4332,588.00,40.20
4333,589.00,40.20
4334,590.00,40.20
4335,591.00,40.20
4336,592.00,40.20
4337,592.00,40.20
4338,593.00,40.20
4339,594.00,40.20
4340,594.00,40.20
4341,595.00,40.20
4342,596.00,40.20
4343,596.00,40.20
4344,597.00,40.20
4345,598.00,40.20
4346,598.00,40.20
4347,598.00,40.20
4348,599.00,40.20
4349,599.00,40.20
4350,600.00,40.20
4351,600.00,40.20
4352,601.00,40.20
4353,601.00,40.20
4354,602.00,40.20
4355,602.00,40.20
4356,603.00,40.20
4357,603.00,40.20
4358,604.00,40.20
4359,604.00,40.20
4360,605.00,40.20
4361,605.00,40.20
4362,606.00,40.20
4363,606.00,40.20
4364,607.00,40.20
4365,607.00,41.20
4366,608.00,41.20
4367,608.00,41.20
4368,608.00,41.20
4369,609.00,41.20
4370,609.00,41.20
4371,609.00,42.20
4372,609.00,42.20
4373,609.00,42.20
4374,610.00,42.20
4375,610.00,43.20
4376,610.00,44.20
4377,611.00,45.20
4378,611.00,46.20
4379,611.00,46.20
4380,612.00,47.20
4381,612.00,47.20
4382,612.00,47.20
4383,612.00,48.20
4384,612.00,48.20
4385,612.00,49.20
4386,612.00,49.20
4387,612.00,50.20
4388,612.00,51.20
4389,612.00,52.20
4390,613.00,53.20
4391,613.00,53.20
4392,613.00,53.20
4393,613.00,54.20
4394,613.00,54.20
4395,613.00,54.20
4396,613.00,54.20
4397,613.00,55.20
4398,613.00,56.20
4399,613.00,56.20
4400,613.00,58.20
4401,613.00,59.20
4402,613.00,61.20
4403,613.00,62.20
4404,613.00,64.20
4405,613.00,64.20
4406,613.00,65.20
4407,613.00,65.20
4408,613.00,66.20
4409,613.00,66.20
4410,612.00,68.20
4411,611.00,69.20
4412,611.00,70.20
4413,610.00,71.20
4414,610.00,72.20
4415,609.00,72.20
4416,609.00,73.20
4417,609.00,73.20
4418,609.00,73.20
4419,609.00,73.20
4420,609.00,73.20
4421,609.00,73.20
4422,609.00,73.20
4423,609.00,74.20
4424,609.00,74.20
4425,609.00,74.20
4426,609.00,74.20
4427,609.00,76.20
4428,609.00,77.20
4429,609.00,78.20
4430,609.00,79.20
4431,609.00,79.20
4432,609.00,80.20
4433,609.00,80.20
4434,609.00,80.20
4435,609.00,80.20
4436,609.00,80.20
4437,609.00,81.20
4438,609.00,81.20
4439,609.00,81.20
4440,609.00,82.20
4441,609.00,82.20
4442,609.00,83.20
4443,609.00,83.20
4444,609.00,83.20
4445,609.00,84.20
4446,609.00,84.20
4447,609.00,84.20
4448,609.00,84.20
4449,609.00,84.20
4450,609.00,85.20
4451,610.00,86.20
4452,610.00,88.20
4453,610.00,90.20
4454,610.00,90.20
4455,610.00,91.20
4456,610.00,92.20
4457,610.00,92.20
4458,610.00,92.20
4459,610.00,93.20
4460,610.00,93.20
4461,610.00,94.20
4462,610.00,94.20
4463,610.00,94.20
4464,610.00,94.20
4465,610.00,95.20
4466,610.00,95.20
4467,610.00,95.20
4468,610.00,95.20
4469,610.00,96.20
4470,610.00,96.20
4471,610.00,96.20
4472,610.00,96.20
4473,610.00,97.20
4474,610.00,97.20
4475,610.00,98.20
4476,610.00,98.20
4477,610.00,98.20
4478,610.00,99.20
4479,610.00,99.20
4480,610.00,100.20
4481,610.00,100.20
4482,611.00,101.20
4483,611.00,102.20
4484,611.00,103.20
4485,612.00,104.20
4486,612.00,105.20
4487,612.00,105.20
4488,612.00,105.20
4489,612.00,106.20
4490,612.00,106.20
4491,613.00,107.20
4492,613.00,107.20
4493,613.00,108.20
4494,613.00,108.20
4495,613.00,108.20
4496,613.00,108.20
4497,613.00,108.20
4498,613.00,109.20
4499,613.00,109.20
4500,613.00,110.20
4501,613.00,110.20
4502,613.00,111.20
4503,613.00,111.20
4504,614.00,112.20
4505,614.00,113.20
4506,614.00,113.20
4507,614.00,114.20
4508,614.00,115.20
4509,614.00,115.20
4510,614.00,116.20
4511,614.00,116.20
4512,614.00,116.20
4513,614.00,117.20
4514,615.00,117.20
4515,615.00,118.20
4516,615.00,119.20
4517,615.00,120.20
4518,615.00,120.20
4519,615.00,120.20
4520,615.00,121.20
4521,615.00,121.20
4522,615.00,121.20
4523,615.00,122.20
4524,615.00,123.20
4525,615.00,123.20
4526,615.00,124.20
4527,615.00,125.20
4528,615.00,126.20
4529,615.00,126.20
4530,615.00,127.20
4531,615.00,127.20
4532,615.00,127.20
4533,615.00,128.20
4534,615.00,128.20
4535,615.00,128.20
4536,615.00,129.20
4537,615.00,129.20
4538,616.00,129.20
4539,616.00,129.20
4540,616.00,130.20
4541,616.00,131.20
4542,616.00,131.20
4543,616.00,132.20
4544,616.00,132.20
4545,616.00,132.20
4546,616.00,133.20
4547,616.00,133.20
4548,616.00,133.20
4549,616.00,134.20
4550,616.00,134.20
4551,616.00,135.20
4552,616.00,136.20
4553,616.00,136.20
4554,616.00,137.20
4555,616.00,137.20
4556,617.00,138.20
4557,617.00,139.20
4558,617.00,140.20
4559,617.00,140.20
4560,617.00,141.20
4561,617.00,142.20
4562,617.00,143.20
4563,617.00,143.20
4564,618.00,144.20
4565,618.00,145.20
4566,618.00,145.20
4567,618.00,146.20
4568,618.00,146.20
4569,619.00,147.20
4570,619.00,148.20
4571,619.00,148.20
4572,619.00,149.20
4573,619.00,149.20
4574,619.00,150.20
4575,619.00,150.20
4576,619.00,151.20
4577,619.00,151.20
4578,620.00,151.20
4579,620.00,152.20
4580,620.00,153.20
4581,620.00,154.20
4582,620.00,154.20
4583,620.00,155.20
4584,620.00,156.20
4585,620.00,157.20
4586,620.00,158.20
4587,620.00,158.20
4588,620.00,159.20
4589,620.00,159.20
4590,620.00,160.20
4591,620.00,161.20
4592,621.00,162.20
4593,621.00,163.20
4594,621.00,163.20
4595,621.00,164.20
4596,621.00,165.20
4597,621.00,165.20
4598,621.00,166.20
4599,621.00,166.20
4600,621.00,166.20
4601,621.00,166.20
4602,621.00,166.20
4603,621.00,167.20
4604,621.00,167.20
4605,621.00,167.20
4606,621.00,167.20
4607,621.00,168.20
4608,621.00,168.20
4609,621.00,169.20
4610,621.00,169.20
4611,621.00,169.20
4612,621.00,170.20
4613,621.00,170.20
4614,621.00,171.20
4615,621.00,171.20
4616,621.00,171.20
4617,621.00,171.20
4618,621.00,172.20
4619,621.00,172.20
4620,621.00,173.20
4621,621.00,173.20
4622,621.00,174.20
4623,621.00,174.20
4624,621.00,175.20
4625,621.00,176.20
4626,621.00,176.20
4627,621.00,177.20
4628,621.00,177.20
4629,621.00,177.20
4630,621.00,178.20
4631,621.00,178.20
4632,621.00,178.20
4633,621.00,178.20
4634,621.00,179.20
4635,621.00,180.20
4636,621.00,180.20
4637,621.00,180.20
4638,621.00,181.20
4639,621.00,181.20
4640,621.00,181.20
4641,621.00,182.20
4642,621.00,182.20
4643,621.00,182.20
4644,621.00,183.20
4645,621.00,183.20
4646,621.00,184.20
4647,621.00,185.20
4648,621.00,186.20
4649,621.00,186.20
4650,621.00,187.20
4651,621.00,187.20
4652,621.00,187.20
4653,621.00,188.20
4654,621.00,188.20
4655,621.00,189.20
4656,621.00,190.20
4657,621.00,190.20
4658,621.00,191.20
4659,621.00,192.20
4660,621.00,193.20
4661,621.00,193.20
4662,621.00,193.20
4663,621.00,194.20
4664,622.00,195.20
4665,622.00,196.20
4666,622.00,196.20
4667,622.00,196.20
4668,622.00,197.20
4669,622.00,197.20
4670,623.00,198.20
4671,623.00,198.20
4672,623.00,199.20
4673,623.00,199.20
4674,624.00,200.20
4675,624.00,201.20
4676,624.00,201.20
4677,624.00,201.20
4678,624.00,201.20
4679,624.00,202.20
4680,624.00,202.20
4681,625.00,202.20
4682,625.00,202.20
4683,625.00,203.20
4684,625.00,203.20
4685,625.00,203.20
4686,625.00,204.20
4687,625.00,204.20
4688,625.00,204.20
4689,626.00,205.20
4690,626.00,206.20
4691,626.00,206.20
4692,626.00,207.20
4693,626.00,207.20
4694,626.00,207.20
4695,626.00,207.20
4696,626.00,208.20
4697,626.00,210.20
4698,626.00,211.20
4699,626.00,212.20
4700,626.00,213.20
4701,626.00,214.20
4702,626.00,214.20
4703,626.00,215.20
4704,626.00,215.20
4705,626.00,216.20
4706,626.00,216.20
4707,626.00,217.20
4708,626.00,217.20
4709,626.00,217.20
4710,626.00,218.20
4711,627.00,218.20
4712,627.00,219.20
4713,627.00,219.20
4714,627.00,219.20
4715,627.00,220.20
4716,627.00,220.20
4717,627.00,221.20
4718,628.00,221.20
4719,628.00,222.20
4720,628.00,222.20
4721,628.00,223.20
4722,628.00,223.20
4723,628.00,224.20
4724,628.00,224.20
4725,628.00,224.20
4726,628.00,225.20
4727,629.00,225.20
4728,629.00,226.20
4729,629.00,226.20
4730,629.00,227.20
4731,629.00,227.20
4732,629.00,228.20
4733,629.00,228.20
4734,629.00,228.20
4735,629.00,228.20
4736,629.00,229.20
4737,629.00,229.20
4738,629.00,230.20
4739,629.00,230.20
4740,629.00,230.20
4741,629.00,231.20
4742,629.00,231.20
4743,630.00,231.20
4744,630.00,232.20
4745,630.00,232.20
4746,630.00,232.20
4747,630.00,232.20
4748,630.00,232.20
4749,630.00,233.20
4750,630.00,233.20
4751,630.00,233.20
4752,630.00,233.20
4753,630.00,233.20
4754,630.00,233.20
4755,630.00,233.20
4756,630.00,233.20
4757,631.00,233.20
4758,631.00,234.20
4759,631.00,235.20
4760,631.00,236.20
4761,631.00,236.20
4762,631.00,237.20
4763,631.00,237.20
4764,631.00,238.20
4765,631.00,238.20
4766,631.00,238.20
4767,631.00,238.20
4768,631.00,239.20
4769,631.00,239.20
4770,631.00,240.20
4771,631.00,240.20
4772,631.00,240.20
4773,631.00,241.20
4774,631.00,241.20
4775,631.00,241.20
4776,631.00,241.20
4777,631.00,242.20
4778,631.00,242.20
4779,631.00,242.20
4780,631.00,243.20
4781,631.00,243.20
4782,632.00,243.20
4783,632.00,244.20
4784,632.00,244.20
4785,632.00,244.20
4786,632.00,244.20
4787,632.00,245.20
4788,632.00,245.20
4789,632.00,245.20
4790,632.00,245.20
4791,632.00,246.20
4792,632.00,246.20
4793,632.00,247.20
4794,632.00,247.20
4795,632.00,247.20
4796,632.00,248.20
4797,632.00,248.20
4798,633.00,249.20
4799,633.00,249.20
4800,633.00,250.20
4801,633.00,250.20
4802,633.00,251.20
4803,633.00,251.20
4804,633.00,252.20
4805,633.00,252.20
4806,633.00,253.20
4807,633.00,253.20
4808,633.00,253.20
4809,633.00,254.20
4810,634.00,254.20
4811,634.00,255.20
4812,634.00,255.20
4813,634.00,255.20
4814,634.00,256.20
4815,634.00,256.20
4816,634.00,256.20
4817,634.00,257.20
4818,634.00,257.20
4819,634.00,257.20
4820,634.00,257.20
4821,635.00,258.20
4822,635.00,258.20
4823,635.00,258.20
4824,635.00,258.20
4825,635.00,259.20
4826,635.00,259.20
4827,635.00,260.20
4828,635.00,260.20
4829,636.00,260.20
4830,636.00,261.20
4831,636.00,261.20
4832,636.00,261.20
4833,636.00,262.20
4834,636.00,262.20
4835,636.00,262.20
4836,636.00,263.20
4837,636.00,263.20
4838,636.00,263.20
4839,636.00,264.20
4840,636.00,264.20
4841,636.00,265.20
4842,636.00,265.20
4843,636.00,266.20
4844,637.00,266.20
4845,637.00,266.20
4846,637.00,267.20
4847,637.00,267.20
4848,637.00,267.20
4849,637.00,268.20
4850,637.00,268.20
4851,637.00,268.20
4852,637.00,268.20
4853,637.00,268.20
4854,637.00,269.20
4855,637.00,269.20
4856,637.00,269.20
4857,637.00,269.20
4858,637.00,270.20
4859,637.00,270.20
4860,637.00,270.20
4861,637.00,270.20
4862,637.00,270.20
4863,638.00,271.20
4864,638.00,271.20
4865,638.00,271.20
4866,638.00,271.20
4867,638.00,271.20
4868,638.00,272.20
4869,638.00,272.20
4870,638.00,272.20
4871,638.00,273.20
4872,638.00,273.20
4873,639.00,273.20
4874,639.00,274.20
4875,639.00,274.20
4876,639.00,274.20
4877,639.00,274.20
4878,639.00,274.20
4879,639.00,275.20
4880,639.00,275.20
4881,640.00,275.20
4882,640.00,275.20
4883,640.00,275.20
4884,641.00,275.20

matched_data
index,target_x,target_y,user_x,user_y,offset_px
0,60.00,336.46,59.00,336.20,1.03
1,61.50,331.70,62.00,327.20,0.76
2,63.00,326.48,64.00,323.20,0.11
3,64.50,320.91,64.00,320.20,0.66
4,66.00,315.10,65.00,316.20,0.69
5,67.50,309.16,66.00,311.20,0.96
6,69.00,303.19,70.00,304.20,1.21
7,70.50,297.29,72.00,298.20,1.68
8,72.00,291.54,73.00,293.20,1.39
9,73.50,286.02,74.00,287.20,0.79
10,75.00,280.79,76.00,280.20,0.78
11,76.50,275.91,77.00,273.20,0.38
12,78.00,271.41,79.00,268.20,0.17
13,79.50,267.32,80.00,263.20,1.10
14,81.00,263.66,82.00,259.20,1.01
15,82.50,260.42,85.00,254.20,0.96
16,84.00,257.59,87.00,248.20,3.17
17,85.50,255.15,96.00,243.20,0.61
18,87.00,253.04,99.00,240.20,0.24
19,88.50,251.22,101.00,236.20,0.66
20,90.00,249.64,104.00,230.20,0.45
21,91.50,248.21,107.00,225.20,0.68
22,93.00,246.86,109.00,216.20,0.12
23,94.50,245.52,112.00,208.20,1.18
24,96.00,244.09,113.00,204.20,1.33
25,97.50,242.49,114.00,198.20,1.14
26,99.00,240.63,115.00,196.20,1.75
27,100.50,238.42,115.00,187.20,0.17
28,102.00,235.79,116.00,181.20,0.17
29,103.50,232.64,118.00,175.20,1.21
30,105.00,228.93,118.00,169.20,0.31
31,106.50,224.58,118.00,163.20,0.56
32,108.00,219.54,119.00,159.20,0.13
33,109.50,213.79,119.00,154.20,0.82
34,111.00,207.29,120.00,149.20,0.50
35,112.50,200.02,123.00,137.20,0.91
36,114.00,192.01,124.00,127.20,0.63
37,115.50,183.26,125.00,122.20,1.01
38,117.00,173.80,125.00,116.20,0.26
39,118.50,163.68,125.00,109.20,0.59
40,120.00,152.97,126.00,104.20,0.21
41,121.50,141.74,126.00,99.20,0.81
42,123.00,130.09,128.00,90.20,0.08
43,124.50,118.10,130.00,80.20,0.85
44,126.00,105.89,131.00,70.20,0.62
45,127.50,93.59,134.00,61.20,2.46
46,129.00,81.32,134.00,59.20,2.21
47,130.50,69.22,134.00,52.20,1.30
48,132.00,57.42,134.00,46.20,0.51
49,133.50,46.06,134.00,43.20,0.52
50,135.00,42.00,140.00,41.20,0.80
51,136.50,42.00,144.00,41.20,0.80
52,138.00,42.00,151.00,41.20,0.80
53,139.50,42.00,154.00,41.20,0.80
54,141.00,42.00,157.00,41.20,0.80
55,142.50,42.00,159.00,42.20,0.20
56,144.00,42.00,161.00,47.20,1.01
57,145.50,42.00,163.00,53.20,0.30
58,147.00,42.00,163.00,58.20,0.26
59,148.50,42.00,163.00,64.20,0.91
60,150.00,42.00,163.00,68.20,1.33
61,151.50,42.00,165.00,76.20,0.17
62,153.00,42.00,166.00,80.20,0.42
63,154.50,42.00,166.00,88.20,0.38
64,156.00,42.00,166.00,95.20,1.06
65,157.50,42.00,167.00,103.20,0.83
66,159.00,42.00,167.00,107.20,1.21
67,160.50,42.00,168.00,114.20,0.87
68,162.00,47.02,168.00,120.20,1.43
69,163.50,60.30,169.00,126.20,0.98
70,165.00,74.47,171.00,133.20,0.36
71,166.50,89.39,172.00,140.20,0.72
72,168.00,104.91,172.00,149.20,0.10
73,169.50,120.89,173.00,157.20,0.17
74,171.00,137.17,173.00,164.20,0.47
75,172.50,153.58,175.00,174.20,0.61
76,174.00,169.97,176.00,182.20,0.87
77,175.50,186.19,176.00,189.20,0.22
78,177.00,202.09,176.00,193.20,0.16
79,178.50,217.52,177.00,196.20,0.55
80,180.00,232.35,177.00,200.20,0.18
81,181.50,246.45,178.00,205.20,0.69
82,183.00,259.72,179.00,211.20,1.11
83,184.50,272.05,180.00,217.20,1.52
84,186.00,283.37,180.00,226.20,0.62
85,187.50,293.60,181.00,232.20,1.01
86,189.00,302.70,182.00,241.20,1.05
87,190.50,310.62,182.00,249.20,0.19
88,192.00,317.35,183.00,255.20,0.51
89,193.50,322.89,184.00,261.20,0.81
90,195.00,327.24,184.00,265.20,0.33
91,196.50,330.45,185.00,271.20,0.60
92,198.00,332.55,186.00,278.20,0.68
93,199.50,333.60,188.00,287.20,1.42
94,201.00,333.68,189.00,295.20,1.22
95,202.50,332.85,190.00,303.20,0.89
96,204.00,331.22,193.00,312.20,2.10
97,205.50,328.88,193.00,316.20,1.23
98,207.00,325.93,194.00,322.20,0.66
99,208.50,322.47,195.00,325.20,0.66
100,210.00,318.62,196.00,329.20,0.08
101,211.50,314.48,198.00,331.20,0.78
102,213.00,310.15,200.00,332.20,1.43
103,214.50,305.73,204.00,331.20,0.01
104,216.00,301.33,207.00,328.20,1.03
105,217.50,297.02,209.00,324.20,1.15
106,219.00,292.88,210.00,319.20,0.21
107,220.50,288.98,211.00,314.20,0.56
108,222.00,285.37,213.00,310.20,0.02
109,223.50,282.10,214.00,306.20,0.32
110,225.00,279.19,214.00,303.20,1.29
111,226.50,276.66,216.00,297.20,1.36
112,228.00,274.52,218.00,292.20,1.18
113,229.50,272.75,220.00,288.20,0.76
114,231.00,271.33,225.00,280.20,0.46
115,232.50,270.23,228.00,276.20,0.96
116,234.00,269.38,230.00,273.20,0.67
117,235.50,268.75,234.00,269.20,0.17
118,237.00,268.25,238.00,266.20,1.69
119,238.50,267.81,244.00,263.20,1.62
120,240.00,267.35,248.00,261.20,0.21
121,241.50,266.78,250.00,255.20,0.80
122,243.00,266.01,252.00,250.20,0.68
123,244.50,264.96,253.00,245.20,1.20
124,246.00,263.52,256.00,240.20,0.42
125,247.50,261.62,258.00,233.20,0.80
126,249.00,259.18,260.00,228.20,1.74
127,250.50,256.10,261.00,223.20,1.78
128,252.00,252.34,261.00,218.20,0.91
129,253.50,247.83,261.00,212.20,0.11
130,255.00,242.52,263.00,203.20,0.47
131,256.50,236.39,264.00,194.20,0.16
132,258.00,229.40,264.00,189.20,0.53
133,259.50,221.57,265.00,185.20,0.07
134,261.00,212.88,267.00,179.20,1.12
135,262.50,203.38,267.00,175.20,0.61
136,264.00,193.09,267.00,169.20,0.15
137,265.50,182.08,268.00,162.20,0.01
138,267.00,170.41,269.00,156.20,0.27
139,268.50,158.17,269.00,145.20,1.02
140,270.00,145.45,270.00,139.20,0.71
141,271.50,132.35,271.00,133.20,0.40
142,273.00,119.01,273.00,125.20,0.69
143,274.50,105.55,273.00,118.20,0.09
144,276.00,92.09,274.00,110.20,0.02
145,277.50,78.79,275.00,103.20,0.24
146,279.00,65.78,275.00,97.20,0.43
147,280.50,53.21,276.00,92.20,0.01
148,282.00,42.00,276.00,81.20,1.22
149,283.50,42.00,277.00,76.20,0.79
150,285.00,42.00,277.00,72.20,1.25
151,286.50,42.00,278.00,66.20,0.95
152,288.00,42.00,278.00,60.20,1.65
153,289.50,42.00,278.00,55.20,2.25
154,291.00,42.00,279.00,48.20,2.15
155,292.50,42.00,280.00,43.20,1.82
156,294.00,42.00,283.00,42.20,0.20
157,295.50,42.00,294.00,42.20,0.20
158,297.00,42.00,299.00,42.20,0.20
159,298.50,42.00,304.00,42.20,0.20
160,300.00,42.00,307.00,42.20,0.20
161,301.50,42.00,309.00,46.20,1.25
162,303.00,42.00,311.00,50.20,0.12
163,304.50,42.00,311.00,56.20,0.55
164,306.00,42.00,311.00,61.20,1.10
165,307.50,42.00,312.00,70.20,1.05
166,309.00,42.00,313.00,78.20,0.88
167,310.50,46.82,315.00,84.20,0.50
168,312.00,60.21,315.00,88.20,0.10
169,313.50,74.37,316.00,98.20,0.11
170,315.00,89.18,317.00,105.20,0.43
171,316.50,104.47,318.00,113.20,0.66
172,318.00,120.09,319.00,119.20,1.08
173,319.50,135.88,320.00,125.20,1.51
174,321.00,151.69,321.00,135.20,1.56
175,322.50,167.38,321.00,144.20,0.71
176,324.00,182.79,321.00,152.20,0.05
177,325.50,197.78,321.00,157.20,0.52
178,327.00,212.23,322.00,163.20,0.10
179,328.50,226.01,322.00,168.20,0.58
180,330.00,239.02,323.00,173.20,0.07
181,331.50,251.17,324.00,181.20,0.15
182,333.00,262.37,324.00,185.20,0.24
183,334.50,272.57,324.00,192.20,0.94
184,336.00,281.70,325.00,198.20,0.54
185,337.50,289.76,325.00,204.20,1.16
186,339.00,296.70,326.00,210.20,0.79
187,340.50,302.55,327.00,215.20,0.32
188,342.00,307.31,327.00,218.20,0.65
189,343.50,311.02,328.00,228.20,0.75
190,345.00,313.71,330.00,237.20,0.21
191,346.50,315.46,330.00,245.20,0.76
192,348.00,316.32,330.00,250.20,1.37
193,349.50,316.38,331.00,255.20,1.03
194,351.00,315.72,332.00,263.20,1.11
195,352.50,314.45,334.00,270.20,0.15
196,354.00,312.65,336.00,278.20,0.57
197,355.50,310.43,337.00,286.20,0.16
198,357.00,307.89,339.00,295.20,0.32
199,358.50,305.13,340.00,301.20,0.15
200,360.00,302.25,341.00,306.20,0.62
201,361.50,299.34,343.00,309.20,0.22
202,363.00,296.49,345.00,312.20,0.74
203,364.50,293.77,346.00,314.20,0.44
204,366.00,291.25,347.00,315.20,0.47
205,367.50,288.99,350.00,316.20,0.04
206,369.00,287.03,352.00,316.20,1.01
207,370.50,285.41,354.00,313.20,0.35
208,372.00,284.14,356.00,310.20,0.31
209,373.50,283.24,358.00,307.20,0.55
210,375.00,282.69,359.00,304.20,0.01
211,376.50,282.47,361.00,302.20,0.87
212,378.00,282.55,362.00,300.20,0.84
213,379.50,282.88,364.00,296.20,0.74
214,381.00,283.41,366.00,292.20,0.49
215,382.50,284.07,367.00,290.20,0.25
216,384.00,284.78,369.00,287.20,0.10
217,385.50,285.46,372.00,284.20,0.04
218,387.00,286.02,374.00,282.20,0.80
219,388.50,286.37,376.00,281.20,1.33
220,390.00,286.41,379.00,282.20,0.56
221,391.50,286.06,381.00,283.20,0.20
222,393.00,285.21,384.00,284.20,0.52
223,394.50,283.79,386.00,285.20,0.41
224,396.00,281.70,389.00,285.20,1.18
225,397.50,278.87,392.00,285.20,0.50
226,399.00,275.24,394.00,283.20,0.75
227,400.50,270.75,395.00,280.20,1.58
228,402.00,265.35,397.00,277.20,1.10
229,403.50,259.03,401.00,273.20,1.25
230,405.00,251.75,404.00,268.20,2.69
231,406.50,243.52,405.00,264.20,2.65
232,408.00,234.36,405.00,259.20,1.50
233,409.50,224.29,405.00,254.20,0.49
234,411.00,213.36,407.00,245.20,0.79
235,412.50,201.63,408.00,239.20,0.78
236,414.00,189.18,409.00,231.20,0.52
237,415.50,176.09,410.00,224.20,0.48
238,417.00,162.47,411.00,217.20,0.52
239,418.50,148.44,411.00,215.20,0.25
240,420.00,134.12,411.00,209.20,0.53
241,421.50,119.64,412.00,203.20,0.30
242,423.00,105.14,414.00,194.20,0.60
243,424.50,90.78,414.00,187.20,0.23
244,426.00,76.69,415.00,179.20,0.14
245,427.50,63.02,415.00,175.20,0.59
246,429.00,49.93,416.00,169.20,0.26
247,430.50,42.00,417.00,161.20,0.14
248,432.00,42.00,418.00,154.20,0.11
249,433.50,42.00,419.00,149.20,0.58
250,435.00,42.00,419.00,144.20,0.06
251,436.50,42.00,420.00,132.20,0.20
252,438.00,42.00,421.00,128.20,0.38
253,439.50,42.00,421.00,122.20,0.23
254,441.00,42.00,421.00,118.20,0.65
255,442.50,42.00,421.00,111.20,1.37
256,444.00,42.00,421.00,106.20,1.88
257,445.50,42.00,422.00,98.20,1.72
258,447.00,42.00,423.00,92.20,1.34
259,448.50,42.00,425.00,84.20,0.20
260,450.00,42.00,426.00,73.20,0.38
261,451.50,42.00,428.00,64.20,0.63
262,453.00,42.00,428.00,60.20,0.18
263,454.50,42.00,429.00,51.20,0.14
264,456.00,42.00,430.00,45.20,0.10
265,457.50,42.00,432.00,43.20,1.20
266,459.00,48.13,439.00,41.20,0.80
267,460.50,61.40,446.00,40.20,1.80
268,462.00,75.32,453.00,40.20,1.80
269,463.50,89.75,456.00,40.20,1.80
270,465.00,104.54,458.00,43.20,0.20
271,466.50,119.53,459.00,51.20,0.34
272,468.00,134.58,462.00,60.20,1.63
273,469.50,149.54,463.00,67.20,1.86
274,471.00,164.26,463.00,77.20,0.80
275,472.50,178.63,464.00,87.20,0.76
276,474.00,192.50,464.00,97.20,0.25
277,475.50,205.76,465.00,107.20,0.27
278,477.00,218.32,466.00,113.20,0.13
279,478.50,230.08,467.00,120.20,0.43
280,480.00,240.98,467.00,124.20,0.03
281,481.50,250.94,468.00,134.20,0.04
282,483.00,259.94,470.00,143.20,1.13
283,484.50,267.94,471.00,153.20,1.12
284,486.00,274.93,471.00,159.20,0.51
285,487.50,280.91,472.00,163.20,1.10
286,489.00,285.90,471.00,171.20,0.72
287,490.50,289.95,471.00,176.20,1.24
288,492.00,293.09,471.00,182.20,1.88
289,493.50,295.38,472.00,190.20,1.74
290,495.00,296.89,473.00,196.20,1.41
291,496.50,297.71,475.00,204.20,0.32
292,498.00,297.91,478.00,219.20,0.88
293,499.50,297.59,479.00,225.20,1.11
294,501.00,296.85,479.00,230.20,0.48
295,502.50,295.77,479.00,234.20,0.07
296,504.00,294.47,481.00,241.20,0.96
297,505.50,293.02,482.00,250.20,0.61
298,507.00,291.53,482.00,258.20,0.70
299,508.50,290.07,483.00,265.20,0.97
300,510.00,288.73,485.00,276.20,1.28
301,511.50,287.57,487.00,282.20,0.85
302,513.00,286.66,489.00,287.20,0.45
303,514.50,286.03,491.00,291.20,0.09
304,516.00,285.73,493.00,294.20,0.23
305,517.50,285.77,496.00,296.20,1.09
306,519.00,286.17,498.00,297.20,0.70
307,520.50,286.92,502.00,295.20,0.76
308,522.00,288.01,506.00,291.20,0.94
309,523.50,289.39,510.00,288.20,0.42
310,525.00,291.03,515.00,285.20,0.72
311,526.50,292.88,518.00,286.20,0.28
312,528.00,294.86,521.00,288.20,0.74
313,529.50,296.91,524.00,291.20,0.85
314,531.00,298.93,525.00,295.20,2.60
315,532.50,300.84,527.00,297.20,2.19
316,534.00,302.54,529.00,300.20,2.36
317,535.50,303.93,534.00,302.20,0.22
318,537.00,304.92,538.00,303.20,1.95
319,538.50,305.41,541.00,303.20,1.27
320,540.00,305.30,544.00,298.20,1.41
321,541.50,304.51,548.00,293.20,0.57
322,543.00,302.94,549.00,288.20,0.16
323,544.50,300.53,549.00,283.20,1.02
324,546.00,297.20,551.00,277.20,0.32
325,547.50,292.91,553.00,270.20,0.34
326,549.00,287.61,554.00,264.20,0.30
327,550.50,281.27,555.00,256.20,0.03
328,552.00,273.89,556.00,249.20,0.02
329,553.50,265.46,557.00,242.20,0.06
330,555.00,256.01,559.00,231.20,0.63
331,556.50,245.56,559.00,220.20,0.69
332,558.00,234.18,560.00,215.20,0.27
333,559.50,221.92,560.00,205.20,1.39
334,561.00,208.88,560.00,196.20,2.37
335,562.50,195.14,561.00,184.20,2.63
336,564.00,180.81,565.00,170.20,0.07
337,565.50,166.01,567.00,165.20,1.41
338,567.00,150.88,568.00,158.20,1.72
339,568.50,135.55,569.00,150.20,1.92
340,570.00,120.17,570.00,143.20,2.24
341,571.50,104.89,570.00,129.20,0.88
342,573.00,89.87,570.00,117.20,0.29
343,574.50,75.24,570.00,114.20,0.58
344,576.00,61.17,570.00,106.20,1.37
345,577.50,47.81,571.00,100.20,0.96
346,579.00,42.00,573.00,91.20,0.13
347,580.50,42.00,574.00,79.20,0.09
348,582.00,42.00,575.00,69.20,0.14
349,583.50,42.00,576.00,61.20,0.00
350,585.00,42.00,577.00,54.20,0.22
351,586.50,42.00,578.00,49.20,0.65
352,588.00,42.00,578.00,45.20,0.17
353,589.50,42.00,580.00,43.20,1.20
354,591.00,42.00,581.00,41.20,0.80
355,592.50,42.00,591.00,40.20,1.80
356,594.00,42.00,598.00,40.20,1.80
357,595.50,42.00,604.00,40.20,1.80
358,597.00,42.00,609.00,42.20,2.92
359,598.50,42.00,612.00,48.20,4.87
360,600.00,42.00,613.00,54.20,5.07
361,601.50,42.00,613.00,66.20,3.69
362,603.00,42.00,609.00,73.20,1.06
363,604.50,42.00,609.00,80.20,1.83
364,606.00,42.00,609.00,83.20,2.15
365,607.50,50.76,610.00,92.20,2.13
366,609.00,63.65,610.00,96.20,2.56
367,610.50,77.07,610.00,100.20,2.98
368,612.00,90.87,613.00,108.20,0.85
369,613.50,104.90,614.00,113.20,0.38
370,615.00,119.01,615.00,120.20,0.13
371,616.50,133.06,615.00,127.20,0.87
372,618.00,146.93,616.00,131.20,0.30
373,619.50,160.47,616.00,137.20,0.94
374,621.00,173.57,618.00,146.20,0.08
375,622.50,186.13,620.00,152.20,1.41
376,624.00,198.04,620.00,161.20,0.41
377,625.50,209.23,621.00,167.20,0.72
378,627.00,219.62,621.00,171.20,0.27
379,628.50,229.17,621.00,177.20,0.43
380,630.00,237.83,621.00,181.20,0.90
381,631.50,245.59,621.00,187.20,1.62
382,633.00,252.43,622.00,195.20,1.63
383,634.50,258.37,624.00,201.20,0.42
384,636.00,263.42,626.00,205.20,1.03
385,637.50,267.64,626.00,214.20,0.22
386,639.00,271.05,627.00,219.20,0.06
387,640.50,273.73,628.00,224.20,0.28
388,642.00,275.75,629.00,229.20,0.49
389,643.50,277.17,630.00,233.20,0.79
390,645.00,278.10,631.00,237.20,1.09
391,646.50,278.61,631.00,241.20,0.34
392,648.00,278.79,632.00,244.20,0.75
393,649.50,278.75,633.00,249.20,0.69
394,651.00,278.58,634.00,255.20,0.29
395,652.50,278.35,635.00,258.20,0.53
396,654.00,278.16,636.00,262.20,0.35
397,655.50,278.08,637.00,267.20,0.32
398,657.00,278.19,637.00,270.20,1.49
399,658.50,278.54,638.00,273.20,1.92
400,660.00,279.18,641.00,275.20,0.48