trial,3
timestamp,2026-03-12T17:29:58.561Z
mode,numerical

target_curve
index,target_x,target_y
0,60.00,336.46
1,61.50,331.70
2,63.00,326.48
3,64.50,320.91
4,66.00,315.10
5,67.50,309.16
6,69.00,303.19
7,70.50,297.29
8,72.00,291.54
9,73.50,286.02
10,75.00,280.79
11,76.50,275.91
12,78.00,271.41
13,79.50,267.32
14,81.00,263.66
15,82.50,260.42
16,84.00,257.59
17,85.50,255.15
18,87.00,253.04
19,88.50,251.22
20,90.00,249.64
21,91.50,248.21
22,93.00,246.86
23,94.50,245.52
24,96.00,244.09
25,97.50,242.49
26,99.00,240.63
27,100.50,238.42
28,102.00,235.79
29,103.50,232.64
30,105.00,228.93
31,106.50,224.58
32,108.00,219.54
33,109.50,213.79
34,111.00,207.29
35,112.50,200.02
36,114.00,192.01
37,115.50,183.26
38,117.00,173.80
39,118.50,163.68
40,120.00,152.97
41,121.50,141.74
42,123.00,130.09
43,124.50,118.10
44,126.00,105.89
45,127.50,93.59
46,129.00,81.32
47,130.50,69.22
48,132.00,57.42
49,133.50,46.06
50,135.00,42.00
51,136.50,42.00
52,138.00,42.00
53,139.50,42.00
54,141.00,42.00
55,142.50,42.00
56,144.00,42.00
57,145.50,42.00
58,147.00,42.00
59,148.50,42.00
60,150.00,42.00
61,151.50,42.00
62,153.00,42.00
63,154.50,42.00
64,156.00,42.00
65,157.50,42.00
66,159.00,42.00
67,160.50,42.00
68,162.00,47.02
69,163.50,60.30
70,165.00,74.47
71,166.50,89.39
72,168.00,104.91
73,169.50,120.89
74,171.00,137.17
75,172.50,153.58
76,174.00,169.97
77,175.50,186.19
78,177.00,202.09
79,178.50,217.52
80,180.00,232.35
81,181.50,246.45
82,183.00,259.72
83,184.50,272.05
84,186.00,283.37
85,187.50,293.60
86,189.00,302.70
87,190.50,310.62
88,192.00,317.35
89,193.50,322.89
90,195.00,327.24
91,196.50,330.45
92,198.00,332.55
93,199.50,333.60
94,201.00,333.68
95,202.50,332.85
96,204.00,331.22
97,205.50,328.88
98,207.00,325.93
99,208.50,322.47
100,210.00,318.62
101,211.50,314.48
102,213.00,310.15
103,214.50,305.73
104,216.00,301.33
105,217.50,297.02
106,219.00,292.88
107,220.50,288.98
108,222.00,285.37
109,223.50,282.10
110,225.00,279.19
111,226.50,276.66
112,228.00,274.52
113,229.50,272.75
114,231.00,271.33
115,232.50,270.23
116,234.00,269.38
117,235.50,268.75
118,237.00,268.25
119,238.50,267.81
120,240.00,267.35
121,241.50,266.78
122,243.00,266.01
123,244.50,264.96
124,246.00,263.52
125,247.50,261.62
126,249.00,259.18
127,250.50,256.10
128,252.00,252.34
129,253.50,247.83
130,255.00,242.52
131,256.50,236.39
132,258.00,229.40
133,259.50,221.57
134,261.00,212.88
135,262.50,203.38
136,264.00,193.09
137,265.50,182.08
138,267.00,170.41
139,268.50,158.17
140,270.00,145.45
141,271.50,132.35
142,273.00,119.01
143,274.50,105.55
144,276.00,92.09
145,277.50,78.79
146,279.00,65.78
147,280.50,53.21
148,282.00,42.00
149,283.50,42.00
150,285.00,42.00
151,286.50,42.00
152,288.00,42.00
153,289.50,42.00
154,291.00,42.00
155,292.50,42.00
156,294.00,42.00
157,295.50,42.00
158,297.00,42.00
159,298.50,42.00
160,300.00,42.00
161,301.50,42.00
162,303.00,42.00
163,304.50,42.00
164,306.00,42.00
165,307.50,42.00
166,309.00,42.00
167,310.50,46.82
168,312.00,60.21
169,313.50,74.37
170,315.00,89.18
171,316.50,104.47
172,318.00,120.09
173,319.50,135.88
174,321.00,151.69
175,322.50,167.38
176,324.00,182.79
177,325.50,197.78
178,327.00,212.23
179,328.50,226.01
180,330.00,239.02
181,331.50,251.17
182,333.00,262.37
183,334.50,272.57
184,336.00,281.70
185,337.50,289.76
186,339.00,296.70
187,340.50,302.55
188,342.00,307.31
189,343.50,311.02
190,345.00,313.71
191,346.50,315.46
192,348.00,316.32
193,349.50,316.38
194,351.00,315.72
195,352.50,314.45
196,354.00,312.65
197,355.50,310.43
198,357.00,307.89
199,358.50,305.13
200,360.00,302.25
201,361.50,299.34
202,363.00,296.49
203,364.50,293.77
204,366.00,291.25
205,367.50,288.99
206,369.00,287.03
207,370.50,285.41
208,372.00,284.14
209,373.50,283.24
210,375.00,282.69
211,376.50,282.47
212,378.00,282.55
213,379.50,282.88
214,381.00,283.41
215,382.50,284.07
216,384.00,284.78
217,385.50,285.46
218,387.00,286.02
219,388.50,286.37
220,390.00,286.41
221,391.50,286.06
222,393.00,285.21
223,394.50,283.79
224,396.00,281.70
225,397.50,278.87
226,399.00,275.24
227,400.50,270.75
228,402.00,265.35
229,403.50,259.03
230,405.00,251.75
231,406.50,243.52
232,408.00,234.36
233,409.50,224.29
234,411.00,213.36
235,412.50,201.63
236,414.00,189.18
237,415.50,176.09
238,417.00,162.47
239,418.50,148.44
240,420.00,134.12
241,421.50,119.64
242,423.00,105.14
243,424.50,90.78
244,426.00,76.69
245,427.50,63.02
246,429.00,49.93
247,430.50,42.00
248,432.00,42.00
249,433.50,42.00
250,435.00,42.00
251,436.50,42.00
252,438.00,42.00
253,439.50,42.00
254,441.00,42.00
255,442.50,42.00
256,444.00,42.00
257,445.50,42.00
258,447.00,42.00
259,448.50,42.00
260,450.00,42.00
261,451.50,42.00
262,453.00,42.00
263,454.50,42.00
264,456.00,42.00
265,457.50,42.00
266,459.00,48.13
267,460.50,61.40
268,462.00,75.32
269,463.50,89.75
270,465.00,104.54
271,466.50,119.53
272,468.00,134.58
273,469.50,149.54
274,471.00,164.26
275,472.50,178.63
276,474.00,192.50
277,475.50,205.76
278,477.00,218.32
279,478.50,230.08
280,480.00,240.98
281,481.50,250.94
282,483.00,259.94
283,484.50,267.94
284,486.00,274.93
285,487.50,280.91
286,489.00,285.90
287,490.50,289.95
288,492.00,293.09
289,493.50,295.38
290,495.00,296.89
291,496.50,297.71
292,498.00,297.91
293,499.50,297.59
294,501.00,296.85
295,502.50,295.77
296,504.00,294.47
297,505.50,293.02
298,507.00,291.53
299,508.50,290.07
300,510.00,288.73
301,511.50,287.57
302,513.00,286.66
303,514.50,286.03
304,516.00,285.73
305,517.50,285.77
306,519.00,286.17
307,520.50,286.92
308,522.00,288.01
309,523.50,289.39
310,525.00,291.03
311,526.50,292.88
312,528.00,294.86
313,529.50,296.91
314,531.00,298.93
315,532.50,300.84
316,534.00,302.54
317,535.50,303.93
318,537.00,304.92
319,538.50,305.41
320,540.00,305.30
321,541.50,304.51
322,543.00,302.94
323,544.50,300.53
324,546.00,297.20
325,547.50,292.91
326,549.00,287.61
327,550.50,281.27
328,552.00,273.89
329,553.50,265.46
330,555.00,256.01
331,556.50,245.56
332,558.00,234.18
333,559.50,221.92
334,561.00,208.88
335,562.50,195.14
336,564.00,180.81
337,565.50,166.01
338,567.00,150.88
339,568.50,135.55
340,570.00,120.17
341,571.50,104.89
342,573.00,89.87
343,574.50,75.24
344,576.00,61.17
345,577.50,47.81
346,579.00,42.00
347,580.50,42.00
348,582.00,42.00
349,583.50,42.00
350,585.00,42.00
351,586.50,42.00
352,588.00,42.00
353,589.50,42.00
354,591.00,42.00
355,592.50,42.00
356,594.00,42.00
357,595.50,42.00
358,597.00,42.00
359,598.50,42.00
360,600.00,42.00
361,601.50,42.00
362,603.00,42.00
363,604.50,42.00
364,606.00,42.00
365,607.50,50.76
366,609.00,63.65
367,610.50,77.07
368,612.00,90.87
369,613.50,104.90
370,615.00,119.01
371,616.50,133.06
372,618.00,146.93
373,619.50,160.47
374,621.00,173.57
375,622.50,186.13
376,624.00,198.04
377,625.50,209.23
378,627.00,219.62
379,628.50,229.17
380,630.00,237.83
381,631.50,245.59
382,633.00,252.43
383,634.50,258.37
384,636.00,263.42
385,637.50,267.64
386,639.00,271.05
387,640.50,273.73
388,642.00,275.75
389,643.50,277.17
390,645.00,278.10
391,646.50,278.61
392,648.00,278.79
393,649.50,278.75
394,651.00,278.58
395,652.50,278.35
396,654.00,278.16
397,655.50,278.08
398,657.00,278.19
399,658.50,278.54
400,660.00,279.18

user_path
index,user_x,user_y
0,60.00,335.20
1,60.00,335.20
2,60.00,334.20
3,60.00,333.20
4,61.00,332.20
5,61.00,331.20
6,61.00,330.20
7,61.00,330.20
8,61.00,330.20
9,61.00,329.20
10,61.00,329.20
11,61.00,328.20
12,62.00,327.20
13,62.00,326.20
14,62.00,326.20
15,63.00,325.20
16,63.00,325.20
17,63.00,325.20
18,63.00,325.20
19,63.00,324.20
20,63.00,324.20
21,63.00,324.20
22,63.00,324.20
23,63.00,323.20
24,63.00,323.20
25,63.00,323.20
26,63.00,323.20
27,63.00,323.20
28,63.00,322.20
29,63.00,322.20
30,63.00,322.20
31,63.00,322.20
32,63.00,322.20
33,63.00,321.20
34,63.00,321.20
35,63.00,321.20
36,63.00,320.20
37,64.00,320.20
38,64.00,319.20
39,64.00,319.20
40,64.00,318.20
41,64.00,318.20
42,64.00,318.20
43,64.00,318.20
44,64.00,317.20
45,65.00,317.20
46,65.00,317.20
47,65.00,317.20
48,65.00,317.20
49,65.00,317.20
50,65.00,316.20
51,65.00,316.20
52,65.00,316.20
53,65.00,316.20
54,65.00,316.20
55,65.00,315.20
56,65.00,315.20
57,65.00,315.20
58,65.00,315.20
59,65.00,314.20
60,65.00,314.20
61,65.00,314.20
62,65.00,314.20
63,65.00,313.20
64,65.00,313.20
65,66.00,313.20
66,66.00,312.20
67,66.00,311.20
68,66.00,310.20
69,66.00,310.20
70,67.00,309.20
71,67.00,309.20
72,67.00,308.20
73,67.00,308.20
74,67.00,308.20
75,67.00,307.20
76,67.00,307.20
77,67.00,307.20
78,67.00,306.20
79,67.00,306.20
80,67.00,306.20
81,67.00,306.20
82,67.00,306.20
83,67.00,305.20
84,67.00,305.20
85,67.00,305.20
86,67.00,305.20
87,67.00,304.20
88,68.00,304.20
89,68.00,304.20
90,68.00,304.20
91,68.00,304.20
92,68.00,303.20
93,68.00,303.20
94,68.00,303.20
95,68.00,303.20
96,68.00,302.20
97,68.00,302.20
98,68.00,302.20
99,68.00,302.20
100,68.00,302.20
101,68.00,301.20
102,69.00,301.20
103,69.00,301.20
104,69.00,301.20
105,69.00,301.20
106,69.00,300.20
107,69.00,300.20
108,69.00,300.20
109,69.00,299.20
110,69.00,299.20
111,69.00,299.20
112,69.00,299.20
113,70.00,299.20
114,70.00,298.20
115,70.00,298.20
116,70.00,298.20
117,70.00,297.20
118,70.00,297.20
119,70.00,297.20
120,70.00,297.20
121,70.00,297.20
122,70.00,296.20
123,70.00,296.20
124,70.00,296.20
125,71.00,296.20
126,71.00,296.20
127,71.00,295.20
128,71.00,294.20
129,71.00,293.20
130,71.00,291.20
131,71.00,288.20
132,71.00,287.20
133,71.00,286.20
134,72.00,286.20
135,72.00,286.20
136,72.00,285.20
137,72.00,285.20
138,72.00,285.20
139,72.00,284.20
140,72.00,284.20
141,72.00,284.20
142,72.00,284.20
143,73.00,283.20
144,73.00,283.20
145,73.00,283.20
146,73.00,283.20
147,73.00,282.20
148,73.00,282.20
149,73.00,282.20
150,73.00,282.20
151,73.00,282.20
152,73.00,281.20
153,74.00,281.20
154,74.00,281.20
155,74.00,280.20
156,74.00,280.20
157,74.00,280.20
158,74.00,280.20
159,74.00,279.20
160,74.00,279.20
161,74.00,278.20
162,74.00,278.20
163,74.00,277.20
164,75.00,277.20
165,75.00,276.20
166,75.00,275.20
167,75.00,275.20
168,75.00,275.20
169,75.00,274.20
170,76.00,274.20
171,76.00,273.20
172,76.00,273.20
173,76.00,273.20
174,76.00,272.20
175,76.00,271.20
176,77.00,271.20
177,77.00,269.20
178,77.00,269.20
179,78.00,268.20
180,78.00,268.20
181,78.00,268.20
182,78.00,267.20
183,78.00,267.20
184,78.00,267.20
185,78.00,266.20
186,79.00,266.20
187,79.00,266.20
188,79.00,265.20
189,79.00,265.20
190,79.00,265.20
191,79.00,264.20
192,79.00,264.20
193,80.00,264.20
194,80.00,264.20
195,80.00,263.20
196,80.00,263.20
197,81.00,263.20
198,81.00,263.20
199,82.00,262.20
200,82.00,261.20
201,83.00,261.20
202,83.00,260.20
203,83.00,260.20
204,83.00,260.20
205,83.00,260.20
206,83.00,260.20
207,83.00,259.20
208,84.00,259.20
209,84.00,259.20
210,84.00,259.20
211,84.00,259.20
212,84.00,258.20
213,84.00,258.20
214,84.00,258.20
215,85.00,257.20
216,85.00,257.20
217,85.00,257.20
218,85.00,257.20
219,85.00,256.20
220,85.00,256.20
221,85.00,256.20
222,85.00,256.20
223,85.00,256.20
224,85.00,255.20
225,85.00,255.20
226,86.00,254.20
227,86.00,254.20
228,86.00,254.20
229,86.00,254.20
230,86.00,253.20
231,86.00,253.20
232,86.00,253.20
233,86.00,253.20
234,87.00,253.20
235,87.00,252.20
236,87.00,252.20
237,87.00,252.20
238,88.00,251.20
239,88.00,251.20
240,88.00,251.20
241,88.00,251.20
242,88.00,251.20
243,89.00,250.20
244,89.00,250.20
245,89.00,250.20
246,89.00,249.20
247,90.00,249.20
248,90.00,249.20
249,90.00,249.20
250,90.00,248.20
251,90.00,248.20
252,90.00,248.20
253,91.00,248.20
254,91.00,248.20
255,91.00,248.20
256,91.00,247.20
257,91.00,247.20
258,92.00,247.20
259,92.00,246.20
260,92.00,246.20
261,93.00,246.20
262,93.00,246.20
263,93.00,245.20
264,93.00,245.20
265,93.00,245.20
266,94.00,245.20
267,94.00,244.20
268,94.00,244.20
269,95.00,243.20
270,95.00,243.20
271,95.00,242.20
272,95.00,242.20
273,96.00,242.20
274,96.00,242.20
275,96.00,241.20
276,96.00,241.20
277,96.00,241.20
278,96.00,240.20
279,96.00,240.20
280,97.00,240.20
281,97.00,240.20
282,97.00,240.20
283,97.00,240.20
284,97.00,240.20
285,97.00,240.20
286,98.00,240.20
287,98.00,239.20
288,98.00,239.20
289,98.00,238.20
290,98.00,237.20
291,98.00,236.20
292,98.00,236.20
293,99.00,235.20
294,99.00,235.20
295,99.00,234.20
296,99.00,234.20
297,99.00,234.20
298,99.00,233.20
299,99.00,233.20
300,100.00,233.20
301,100.00,232.20
302,100.00,232.20
303,100.00,232.20
304,100.00,232.20
305,100.00,232.20
306,100.00,232.20
307,100.00,231.20
308,101.00,231.20
309,101.00,231.20
310,101.00,230.20
311,101.00,230.20
312,101.00,230.20
313,102.00,230.20
314,102.00,229.20
315,102.00,229.20
316,102.00,228.20
317,103.00,228.20
318,103.00,228.20
319,103.00,227.20
320,104.00,226.20
321,105.00,225.20
322,105.00,224.20
323,105.00,224.20
324,105.00,223.20
325,106.00,223.20
326,106.00,222.20
327,106.00,222.20
328,106.00,221.20
329,107.00,221.20
330,107.00,221.20
331,107.00,220.20
332,107.00,220.20
333,107.00,220.20
334,107.00,220.20
335,107.00,220.20
336,108.00,219.20
337,108.00,219.20
338,108.00,219.20
339,108.00,218.20
340,108.00,218.20
341,108.00,217.20
342,108.00,217.20
343,108.00,217.20
344,109.00,216.20
345,109.00,216.20
346,109.00,216.20
347,109.00,216.20
348,109.00,215.20
349,109.00,215.20
350,109.00,215.20
351,109.00,215.20
352,109.00,214.20
353,109.00,214.20
354,109.00,214.20
355,109.00,214.20
356,110.00,214.20
357,110.00,213.20
358,110.00,213.20
359,110.00,213.20
360,110.00,212.20
361,110.00,212.20
362,111.00,211.20
363,111.00,210.20
364,111.00,209.20
365,111.00,208.20
366,111.00,208.20
367,111.00,208.20
368,111.00,208.20
369,111.00,208.20
370,111.00,208.20
371,111.00,207.20
372,111.00,205.20
373,111.00,204.20
374,111.00,203.20
375,111.00,202.20
376,111.00,202.20
377,111.00,202.20
378,111.00,201.20
379,111.00,201.20
380,111.00,201.20
381,111.00,201.20
382,111.00,200.20
383,111.00,200.20
384,111.00,200.20
385,111.00,200.20
386,111.00,199.20
387,111.00,199.20
388,112.00,199.20
389,112.00,199.20
390,112.00,198.20
391,112.00,198.20
392,112.00,198.20
393,112.00,197.20
394,112.00,197.20
395,112.00,197.20
396,113.00,196.20
397,113.00,196.20
398,113.00,195.20
399,113.00,194.20
400,114.00,193.20
401,114.00,192.20
402,114.00,191.20
403,114.00,191.20
404,115.00,190.20
405,115.00,190.20
406,115.00,190.20
407,115.00,190.20
408,115.00,189.20
409,115.00,189.20
410,115.00,189.20
411,115.00,189.20
412,115.00,189.20
413,115.00,188.20
414,115.00,188.20
415,115.00,188.20
416,115.00,188.20
417,115.00,188.20
418,115.00,187.20
419,115.00,187.20
420,115.00,187.20
421,115.00,187.20
422,115.00,186.20
423,116.00,186.20
424,116.00,186.20
425,116.00,185.20
426,116.00,185.20
427,116.00,185.20
428,116.00,184.20
429,116.00,184.20
430,116.00,183.20
431,116.00,183.20
432,116.00,183.20
433,116.00,182.20
434,117.00,182.20
435,117.00,181.20
436,117.00,181.20
437,117.00,181.20
438,117.00,180.20
439,117.00,180.20
440,117.00,179.20
441,117.00,179.20
442,117.00,178.20
443,117.00,178.20
444,117.00,177.20
445,117.00,177.20
446,117.00,176.20
447,117.00,176.20
448,117.00,175.20
449,117.00,174.20
450,117.00,174.20
451,117.00,174.20
452,117.00,173.20
453,117.00,173.20
454,117.00,172.20
455,117.00,172.20
456,118.00,171.20
457,118.00,171.20
458,118.00,171.20
459,118.00,170.20
460,118.00,170.20
461,118.00,170.20
462,118.00,170.20
463,118.00,170.20
464,118.00,169.20
465,118.00,169.20
466,118.00,169.20
467,118.00,168.20
468,118.00,168.20
469,118.00,168.20
470,118.00,168.20
471,118.00,167.20
472,118.00,167.20
473,118.00,167.20
474,118.00,167.20
475,119.00,166.20
476,119.00,166.20
477,119.00,166.20
478,119.00,166.20
479,119.00,165.20
480,119.00,164.20
481,119.00,164.20
482,119.00,164.20
483,119.00,163.20
484,119.00,163.20
485,119.00,163.20
486,119.00,162.20
487,119.00,162.20
488,119.00,162.20
489,120.00,162.20
490,120.00,162.20
491,120.00,162.20
492,120.00,160.20
493,120.00,159.20
494,120.00,158.20
495,120.00,157.20
496,120.00,156.20
497,120.00,156.20
498,120.00,156.20
499,120.00,155.20
500,120.00,155.20
501,120.00,154.20
502,120.00,153.20
503,120.00,153.20
504,120.00,152.20
505,120.00,152.20
506,120.00,151.20
507,120.00,150.20
508,120.00,150.20
509,120.00,149.20
510,120.00,149.20
511,120.00,148.20
512,121.00,147.20
513,121.00,147.20
514,121.00,146.20
515,121.00,146.20
516,121.00,146.20
517,121.00,145.20
518,121.00,145.20
519,121.00,144.20
520,121.00,144.20
521,121.00,144.20
522,121.00,143.20
523,121.00,143.20
524,121.00,142.20
525,121.00,142.20
526,121.00,142.20
527,121.00,142.20
528,121.00,141.20
529,121.00,141.20
530,121.00,140.20
531,121.00,140.20
532,121.00,139.20
533,122.00,138.20
534,122.00,137.20
535,122.00,136.20
536,122.00,135.20
537,122.00,135.20
538,122.00,135.20
539,122.00,134.20
540,122.00,134.20
541,122.00,134.20
542,122.00,134.20
543,122.00,134.20
544,122.00,133.20
545,123.00,133.20
546,123.00,132.20
547,123.00,132.20
548,123.00,132.20
549,123.00,132.20
550,123.00,131.20
551,123.00,131.20
552,123.00,130.20
553,123.00,130.20
554,123.00,130.20
555,123.00,129.20
556,123.00,129.20
557,123.00,128.20
558,123.00,127.20
559,124.00,126.20
560,124.00,125.20
561,124.00,124.20
562,124.00,124.20
563,124.00,124.20
564,124.00,123.20
565,124.00,123.20
566,125.00,123.20
567,125.00,121.20
568,126.00,120.20
569,126.00,119.20
570,126.00,118.20
571,126.00,117.20
572,126.00,117.20
573,126.00,117.20
574,126.00,117.20
575,126.00,116.20
576,126.00,116.20
577,126.00,114.20
578,126.00,113.20
579,126.00,111.20
580,126.00,110.20
581,126.00,109.20
582,126.00,109.20
583,126.00,108.20
584,126.00,108.20
585,126.00,107.20
586,126.00,107.20
587,126.00,107.20
588,126.00,106.20
589,126.00,106.20
590,126.00,105.20
591,126.00,105.20
592,126.00,104.20
593,126.00,104.20
594,126.00,103.20
595,126.00,102.20
596,126.00,101.20
597,126.00,101.20
598,126.00,100.20
599,126.00,100.20
600,126.00,100.20
601,126.00,99.20
602,126.00,98.20
603,126.00,97.20
604,126.00,97.20
605,127.00,96.20
606,127.00,96.20
607,127.00,95.20
608,127.00,95.20
609,127.00,94.20
610,127.00,94.20
611,127.00,93.20
612,127.00,93.20
613,128.00,93.20
614,128.00,92.20
615,128.00,92.20
616,128.00,91.20
617,128.00,91.20
618,128.00,91.20
619,128.00,91.20
620,128.00,90.20
621,128.00,90.20
622,128.00,90.20
623,128.00,89.20
624,128.00,89.20
625,128.00,89.20
626,128.00,88.20
627,128.00,87.20
628,128.00,87.20
629,128.00,86.20
630,128.00,86.20
631,128.00,86.20
632,128.00,85.20
633,129.00,85.20
634,129.00,85.20
635,129.00,84.20
636,129.00,83.20
637,129.00,82.20
638,129.00,81.20
639,129.00,80.20
640,129.00,80.20
641,129.00,80.20
642,129.00,79.20
643,129.00,79.20
644,129.00,79.20
645,129.00,79.20
646,129.00,79.20
647,129.00,78.20
648,129.00,78.20
649,129.00,78.20
650,129.00,78.20
651,129.00,77.20
652,129.00,77.20
653,129.00,77.20
654,129.00,76.20
655,129.00,76.20
656,129.00,76.20
657,129.00,75.20
658,129.00,75.20
659,130.00,74.20
660,130.00,74.20
661,130.00,73.20
662,130.00,73.20
663,130.00,73.20
664,130.00,72.20
665,130.00,72.20
666,130.00,72.20
667,130.00,71.20
668,130.00,71.20
669,130.00,70.20
670,131.00,70.20
671,131.00,70.20
672,131.00,69.20
673,131.00,69.20
674,131.00,69.20
675,131.00,69.20
676,131.00,69.20
677,131.00,68.20
678,131.00,68.20
679,131.00,68.20
680,131.00,68.20
681,131.00,67.20
682,131.00,67.20
683,131.00,66.20
684,131.00,64.20
685,132.00,63.20
686,132.00,61.20
687,132.00,60.20
688,132.00,59.20
689,133.00,59.20
690,133.00,58.20
691,133.00,58.20
692,133.00,57.20
693,133.00,57.20
694,133.00,57.20
695,133.00,57.20
696,133.00,56.20
697,133.00,56.20
698,133.00,56.20
699,133.00,56.20
700,133.00,56.20
701,133.00,56.20
702,133.00,55.20
703,133.00,55.20
704,133.00,55.20
705,133.00,54.20
706,133.00,54.20
707,133.00,54.20
708,133.00,54.20
709,133.00,53.20
710,133.00,53.20
711,133.00,53.20
712,133.00,52.20
713,133.00,52.20
714,133.00,52.20
715,133.00,51.20
716,133.00,51.20
717,134.00,51.20
718,134.00,51.20
719,134.00,50.20
720,134.00,50.20
721,134.00,50.20
722,134.00,49.20
723,134.00,49.20
724,134.00,49.20
725,134.00,48.20
726,134.00,48.20
727,134.00,48.20
728,134.00,48.20
729,134.00,47.20
730,134.00,47.20
731,134.00,47.20
732,134.00,46.20
733,134.00,46.20
734,134.00,46.20
735,134.00,46.20
736,134.00,45.20
737,134.00,45.20
738,134.00,45.20
739,134.00,45.20
740,134.00,45.20
741,134.00,44.20
742,134.00,44.20
743,134.00,44.20
744,134.00,44.20
745,134.00,44.20
746,134.00,43.20
747,134.00,43.20
748,134.00,43.20
749,134.00,43.20
750,134.00,43.20
751,134.00,42.20
752,134.00,42.20
753,134.00,42.20
754,135.00,42.20
755,135.00,42.20
756,135.00,42.20
757,135.00,42.20
758,135.00,42.20
759,136.00,42.20
760,136.00,42.20
761,136.00,42.20
762,137.00,42.20
763,137.00,42.20
764,137.00,42.20
765,138.00,42.20
766,138.00,41.20
767,138.00,41.20
768,138.00,41.20
769,139.00,41.20
770,139.00,41.20
771,139.00,41.20
772,139.00,41.20
773,140.00,41.20
774,140.00,41.20
775,140.00,41.20
776,140.00,41.20
777,141.00,41.20
778,141.00,41.20
779,141.00,41.20
780,141.00,41.20
781,141.00,41.20
782,142.00,41.20
783,142.00,41.20
784,142.00,41.20
785,142.00,41.20
786,142.00,41.20
787,143.00,41.20
788,143.00,41.20
789,143.00,41.20
790,143.00,41.20
791,143.00,41.20
792,144.00,41.20
793,144.00,41.20
794,145.00,41.20
795,145.00,41.20
796,146.00,41.20
797,146.00,41.20
798,147.00,41.20
799,147.00,41.20
800,147.00,41.20
801,148.00,41.20
802,148.00,41.20
803,148.00,41.20
804,149.00,41.20
805,150.00,41.20
806,150.00,41.20
807,150.00,41.20
808,150.00,41.20
809,151.00,41.20
810,151.00,41.20
811,151.00,41.20
812,151.00,41.20
813,151.00,41.20
814,152.00,41.20
815,152.00,41.20
816,153.00,41.20
817,153.00,41.20
818,154.00,41.20
819,154.00,41.20
820,155.00,41.20
821,155.00,41.20
822,155.00,41.20
823,155.00,41.20
824,156.00,41.20
825,156.00,41.20
826,156.00,41.20
827,156.00,41.20
828,156.00,41.20
829,157.00,41.20
830,157.00,41.20
831,157.00,41.20
832,157.00,41.20
833,157.00,42.20
834,157.00,42.20
835,157.00,42.20
836,157.00,42.20
837,157.00,42.20
838,158.00,42.20
839,158.00,42.20
840,158.00,43.20
841,158.00,43.20
842,158.00,43.20
843,158.00,43.20
844,159.00,43.20
845,159.00,43.20
846,159.00,44.20
847,159.00,44.20
848,159.00,44.20
849,159.00,44.20
850,159.00,44.20
851,160.00,44.20
852,160.00,44.20
853,160.00,44.20
854,160.00,44.20
855,160.00,44.20
856,160.00,45.20
857,160.00,45.20
858,160.00,45.20
859,160.00,45.20
860,161.00,45.20
861,161.00,45.20
862,161.00,45.20
863,161.00,45.20
864,161.00,46.20
865,161.00,46.20
866,161.00,46.20
867,161.00,46.20
868,162.00,46.20
869,162.00,47.20
870,162.00,47.20
871,162.00,47.20
872,162.00,48.20
873,163.00,48.20
874,163.00,48.20
875,163.00,49.20
876,163.00,49.20
877,163.00,49.20
878,163.00,50.20
879,163.00,50.20
880,164.00,50.20
881,164.00,51.20
882,164.00,51.20
883,164.00,51.20
884,164.00,51.20
885,164.00,52.20
886,164.00,52.20
887,164.00,52.20
888,164.00,53.20
889,164.00,53.20
890,164.00,53.20
891,164.00,54.20
892,164.00,54.20
893,164.00,55.20
894,164.00,55.20
895,164.00,55.20
896,164.00,56.20
897,164.00,57.20
898,164.00,57.20
899,165.00,58.20
900,165.00,58.20
901,165.00,58.20
902,165.00,59.20
903,165.00,59.20
904,165.00,60.20
905,165.00,60.20
906,165.00,61.20
907,165.00,61.20
908,165.00,62.20
909,165.00,62.20
910,165.00,63.20
911,165.00,63.20
912,165.00,63.20
913,165.00,64.20
914,165.00,64.20
915,165.00,64.20
916,165.00,65.20
917,165.00,65.20
918,165.00,66.20
919,165.00,66.20
920,165.00,66.20
921,165.00,67.20
922,165.00,67.20
923,165.00,68.20
924,165.00,68.20
925,165.00,68.20
926,165.00,69.20
927,165.00,69.20
928,165.00,69.20
929,165.00,70.20
930,165.00,70.20
931,165.00,70.20
932,165.00,71.20
933,165.00,71.20
934,165.00,72.20
935,165.00,72.20
936,165.00,73.20
937,165.00,73.20
938,165.00,74.20
939,165.00,74.20
940,165.00,75.20
941,165.00,75.20
942,165.00,76.20
943,165.00,76.20
944,165.00,77.20
945,165.00,77.20
946,165.00,78.20
947,165.00,78.20
948,165.00,78.20
949,165.00,79.20
950,165.00,79.20
951,165.00,79.20
952,165.00,80.20
953,165.00,80.20
954,165.00,80.20
955,165.00,81.20
956,165.00,81.20
957,165.00,82.20
958,165.00,82.20
959,165.00,82.20
960,165.00,83.20
961,165.00,83.20
962,165.00,84.20
963,165.00,84.20
964,165.00,84.20
965,165.00,85.20
966,165.00,85.20
967,166.00,86.20
968,166.00,86.20
969,166.00,87.20
970,166.00,87.20
971,166.00,88.20
972,166.00,88.20
973,166.00,89.20
974,167.00,89.20
975,167.00,89.20
976,167.00,90.20
977,167.00,91.20
978,167.00,91.20
979,167.00,92.20
980,167.00,92.20
981,167.00,92.20
982,168.00,93.20
983,168.00,93.20
984,168.00,93.20
985,168.00,93.20
986,168.00,94.20
987,168.00,94.20
988,168.00,94.20
989,168.00,94.20
990,168.00,94.20
991,168.00,95.20
992,168.00,95.20
993,168.00,96.20
994,168.00,96.20
995,168.00,97.20
996,168.00,97.20
997,168.00,97.20
998,168.00,98.20
999,168.00,98.20
1000,168.00,98.20
1001,168.00,99.20
1002,168.00,99.20
1003,168.00,100.20
1004,168.00,100.20
1005,168.00,101.20
1006,168.00,101.20
1007,168.00,102.20
1008,168.00,102.20
1009,168.00,102.20
1010,168.00,103.20
1011,168.00,103.20
1012,168.00,103.20
1013,168.00,103.20
1014,168.00,104.20
1015,168.00,104.20
1016,168.00,105.20
1017,168.00,105.20
1018,168.00,105.20
1019,168.00,106.20
1020,168.00,106.20
1021,168.00,107.20
1022,168.00,107.20
1023,168.00,107.20
1024,168.00,108.20
1025,168.00,108.20
1026,168.00,108.20
1027,168.00,108.20
1028,168.00,109.20
1029,168.00,109.20
1030,168.00,110.20
1031,168.00,110.20
1032,168.00,110.20
1033,168.00,110.20
1034,168.00,110.20
1035,168.00,110.20
1036,168.00,111.20
1037,168.00,111.20
1038,168.00,111.20
1039,168.00,111.20
1040,168.00,111.20
1041,168.00,112.20
1042,168.00,112.20
1043,168.00,112.20
1044,168.00,113.20
1045,168.00,113.20
1046,168.00,113.20
1047,168.00,114.20
1048,168.00,114.20
1049,168.00,114.20
1050,168.00,115.20
1051,168.00,115.20
1052,168.00,115.20
1053,168.00,116.20
1054,168.00,116.20
1055,169.00,117.20
1056,169.00,117.20
1057,169.00,117.20
1058,169.00,117.20
1059,169.00,118.20
1060,169.00,118.20
1061,169.00,118.20
1062,169.00,118.20
1063,169.00,118.20
1064,169.00,119.20
1065,169.00,119.20
1066,169.00,119.20
1067,169.00,119.20
1068,169.00,120.20
1069,169.00,120.20
1070,169.00,120.20
1071,169.00,120.20
1072,169.00,120.20
1073,169.00,121.20
1074,169.00,121.20
1075,169.00,121.20
1076,170.00,122.20
1077,170.00,122.20
1078,170.00,123.20
1079,170.00,123.20
1080,170.00,123.20
1081,170.00,123.20
1082,170.00,123.20
1083,170.00,124.20
1084,170.00,124.20
1085,170.00,124.20
1086,170.00,125.20
1087,170.00,125.20
1088,170.00,126.20
1089,170.00,127.20
1090,170.00,127.20
1091,170.00,127.20
1092,170.00,128.20
1093,170.00,128.20
1094,170.00,129.20
1095,170.00,129.20
1096,170.00,129.20
1097,170.00,130.20
1098,171.00,130.20
1099,171.00,130.20
1100,171.00,131.20
1101,171.00,131.20
1102,171.00,132.20
1103,171.00,132.20
1104,171.00,132.20
1105,171.00,133.20
1106,171.00,133.20
1107,171.00,134.20
1108,171.00,134.20
1109,171.00,134.20
1110,171.00,134.20
1111,171.00,135.20
1112,171.00,135.20
1113,171.00,135.20
1114,171.00,135.20
1115,171.00,136.20
1116,171.00,136.20
1117,171.00,136.20
1118,171.00,137.20
1119,171.00,137.20
1120,171.00,137.20
1121,171.00,137.20
1122,171.00,138.20
1123,171.00,138.20
1124,171.00,138.20
1125,171.00,138.20
1126,171.00,139.20
1127,171.00,139.20
1128,171.00,139.20
1129,171.00,139.20
1130,171.00,139.20
1131,171.00,140.20
1132,171.00,140.20
1133,171.00,140.20
1134,171.00,140.20
1135,171.00,140.20
1136,171.00,141.20
1137,171.00,141.20
1138,171.00,141.20
1139,171.00,141.20
1140,171.00,142.20
1141,172.00,142.20
1142,172.00,142.20
1143,172.00,143.20
1144,172.00,143.20
1145,172.00,144.20
1146,172.00,144.20
1147,172.00,144.20
1148,172.00,145.20
1149,172.00,145.20
1150,172.00,146.20
1151,172.00,146.20
1152,172.00,147.20
1153,172.00,147.20
1154,172.00,147.20
1155,172.00,148.20
1156,172.00,148.20
1157,172.00,148.20
1158,172.00,148.20
1159,172.00,148.20
1160,172.00,149.20
1161,172.00,149.20
1162,172.00,149.20
1163,172.00,149.20
1164,172.00,149.20
1165,172.00,149.20
1166,172.00,150.20
1167,172.00,150.20
1168,172.00,150.20
1169,172.00,150.20
1170,172.00,150.20
1171,172.00,151.20
1172,172.00,151.20
1173,172.00,151.20
1174,172.00,151.20
1175,172.00,152.20
1176,172.00,152.20
1177,172.00,152.20
1178,172.00,152.20
1179,172.00,153.20
1180,172.00,153.20
1181,172.00,153.20
1182,172.00,153.20
1183,172.00,153.20
1184,172.00,154.20
1185,172.00,154.20
1186,172.00,154.20
1187,172.00,154.20
1188,172.00,154.20
1189,172.00,154.20
1190,172.00,155.20
1191,172.00,155.20
1192,172.00,155.20
1193,172.00,155.20
1194,172.00,155.20
1195,172.00,156.20
1196,172.00,156.20
1197,172.00,156.20
1198,172.00,156.20
1199,172.00,157.20
1200,172.00,157.20
1201,172.00,157.20
1202,172.00,158.20
1203,172.00,158.20
1204,172.00,158.20
1205,172.00,159.20
1206,172.00,159.20
1207,172.00,159.20
1208,172.00,160.20
1209,172.00,160.20
1210,172.00,161.20
1211,172.00,161.20
1212,172.00,162.20
1213,172.00,162.20
1214,173.00,163.20
1215,173.00,163.20
1216,173.00,164.20
1217,173.00,164.20
1218,173.00,165.20
1219,173.00,165.20
1220,173.00,166.20
1221,173.00,166.20
1222,173.00,167.20
1223,173.00,168.20
1224,173.00,168.20
1225,173.00,168.20
1226,173.00,169.20
1227,173.00,169.20
1228,173.00,170.20
1229,173.00,170.20
1230,173.00,170.20
1231,173.00,171.20
1232,173.00,171.20
1233,173.00,171.20
1234,173.00,172.20
1235,173.00,172.20
1236,173.00,172.20
1237,173.00,172.20
1238,173.00,173.20
1239,173.00,173.20
1240,174.00,173.20
1241,174.00,174.20
1242,174.00,174.20
1243,174.00,174.20
1244,174.00,175.20
1245,174.00,175.20
1246,174.00,175.20
1247,174.00,176.20
1248,174.00,176.20
1249,174.00,177.20
1250,174.00,177.20
1251,174.00,178.20
1252,174.00,178.20
1253,174.00,179.20
1254,174.00,179.20
1255,174.00,180.20
1256,174.00,180.20
1257,174.00,180.20
1258,174.00,181.20
1259,174.00,181.20
1260,175.00,181.20
1261,175.00,181.20
1262,175.00,182.20
1263,175.00,182.20
1264,175.00,183.20
1265,175.00,183.20
1266,175.00,184.20
1267,175.00,184.20
1268,175.00,185.20
1269,175.00,185.20
1270,175.00,185.20
1271,175.00,185.20
1272,175.00,185.20
1273,175.00,185.20
1274,175.00,186.20
1275,175.00,186.20
1276,175.00,186.20
1277,175.00,186.20
1278,175.00,186.20
1279,175.00,187.20
1280,175.00,187.20
1281,175.00,187.20
1282,175.00,187.20
1283,175.00,188.20
1284,175.00,188.20
1285,175.00,188.20
1286,175.00,189.20
1287,175.00,189.20
1288,175.00,189.20
1289,175.00,189.20
1290,175.00,190.20
1291,176.00,190.20
1292,176.00,190.20
1293,176.00,190.20
1294,176.00,191.20
1295,176.00,191.20
1296,176.00,191.20
1297,176.00,191.20
1298,176.00,191.20
1299,176.00,192.20
1300,176.00,192.20
1301,176.00,192.20
1302,176.00,193.20
1303,176.00,193.20
1304,177.00,193.20
1305,177.00,194.20
1306,177.00,195.20
1307,177.00,195.20
1308,177.00,195.20
1309,177.00,195.20
1310,177.00,196.20
1311,177.00,196.20
1312,177.00,196.20
1313,177.00,197.20
1314,177.00,197.20
1315,177.00,197.20
1316,177.00,198.20
1317,177.00,198.20
1318,177.00,198.20
1319,177.00,199.20
1320,177.00,199.20
1321,177.00,200.20
1322,177.00,200.20
1323,177.00,201.20
1324,177.00,201.20
1325,177.00,201.20
1326,177.00,202.20
1327,177.00,202.20
1328,177.00,203.20
1329,177.00,203.20
1330,177.00,204.20
1331,178.00,204.20
1332,178.00,204.20
1333,178.00,204.20
1334,178.00,205.20
1335,178.00,205.20
1336,178.00,206.20
1337,178.00,206.20
1338,178.00,206.20
1339,178.00,207.20
1340,178.00,207.20
1341,178.00,207.20
1342,178.00,208.20
1343,178.00,208.20
1344,178.00,208.20
1345,178.00,208.20
1346,178.00,209.20
1347,178.00,209.20
1348,178.00,210.20
1349,178.00,210.20
1350,178.00,210.20
1351,178.00,211.20
1352,178.00,211.20
1353,178.00,212.20
1354,178.00,212.20
1355,178.00,213.20
1356,179.00,213.20
1357,179.00,214.20
1358,179.00,215.20
1359,179.00,216.20
1360,179.00,216.20
1361,179.00,217.20
1362,179.00,217.20
1363,179.00,218.20
1364,179.00,218.20
1365,179.00,219.20
1366,179.00,219.20
1367,179.00,220.20
1368,179.00,220.20
1369,179.00,221.20
1370,179.00,221.20
1371,179.00,221.20
1372,179.00,221.20
1373,179.00,222.20
1374,179.00,222.20
1375,179.00,223.20
1376,179.00,223.20
1377,179.00,223.20
1378,179.00,224.20
1379,179.00,224.20
1380,179.00,224.20
1381,179.00,225.20
1382,179.00,225.20
1383,179.00,226.20
1384,179.00,226.20
1385,179.00,226.20
1386,179.00,226.20
1387,179.00,227.20
1388,179.00,227.20
1389,179.00,228.20
1390,179.00,228.20
1391,179.00,228.20
1392,179.00,228.20
1393,179.00,229.20
1394,179.00,229.20
1395,179.00,229.20
1396,179.00,230.20
1397,179.00,230.20
1398,179.00,230.20
1399,179.00,231.20
1400,179.00,231.20
1401,179.00,231.20
1402,179.00,232.20
1403,179.00,232.20
1404,179.00,232.20
1405,180.00,232.20
1406,180.00,233.20
1407,180.00,233.20
1408,180.00,233.20
1409,180.00,234.20
1410,180.00,234.20
1411,180.00,235.20
1412,180.00,235.20
1413,180.00,235.20
1414,180.00,236.20
1415,180.00,236.20
1416,180.00,237.20
1417,180.00,237.20
1418,180.00,237.20
1419,180.00,238.20
1420,181.00,239.20
1421,181.00,239.20
1422,181.00,240.20
1423,181.00,241.20
1424,181.00,241.20
1425,181.00,242.20
1426,181.00,242.20
1427,181.00,242.20
1428,181.00,243.20
1429,181.00,243.20
1430,181.00,243.20
1431,181.00,244.20
1432,181.00,244.20
1433,181.00,244.20
1434,181.00,245.20
1435,181.00,245.20
1436,181.00,245.20
1437,181.00,245.20
1438,181.00,246.20
1439,181.00,246.20
1440,181.00,246.20
1441,181.00,246.20
1442,181.00,246.20
1443,181.00,247.20
1444,182.00,247.20
1445,182.00,247.20
1446,182.00,247.20
1447,182.00,248.20
1448,182.00,248.20
1449,182.00,249.20
1450,182.00,249.20
1451,182.00,249.20
1452,182.00,249.20
1453,182.00,250.20
1454,182.00,250.20
1455,182.00,250.20
1456,182.00,251.20
1457,182.00,251.20
1458,182.00,252.20
1459,182.00,252.20
1460,182.00,252.20
1461,182.00,252.20
1462,182.00,253.20
1463,182.00,253.20
1464,182.00,253.20
1465,183.00,253.20
1466,183.00,253.20
1467,183.00,253.20
1468,183.00,254.20
1469,183.00,254.20
1470,183.00,255.20
1471,183.00,255.20
1472,183.00,256.20
1473,183.00,256.20
1474,183.00,257.20
1475,183.00,257.20
1476,183.00,258.20
1477,183.00,258.20
1478,183.00,258.20
1479,183.00,259.20
1480,183.00,259.20
1481,183.00,259.20
1482,183.00,259.20
1483,183.00,260.20
1484,183.00,260.20
1485,183.00,260.20
1486,183.00,261.20
1487,183.00,261.20
1488,183.00,261.20
1489,183.00,261.20
1490,183.00,262.20
1491,183.00,262.20
1492,183.00,262.20
1493,183.00,263.20
1494,183.00,263.20
1495,183.00,263.20
1496,183.00,263.20
1497,183.00,264.20
1498,183.00,264.20
1499,183.00,264.20
1500,183.00,264.20
1501,183.00,265.20
1502,183.00,265.20
1503,183.00,265.20
1504,183.00,265.20
1505,183.00,266.20
1506,183.00,266.20
1507,183.00,266.20
1508,183.00,267.20
1509,183.00,267.20
1510,183.00,267.20
1511,183.00,268.20
1512,184.00,268.20
1513,184.00,269.20
1514,184.00,269.20
1515,184.00,269.20
1516,184.00,270.20
1517,184.00,270.20
1518,184.00,270.20
1519,184.00,271.20
1520,184.00,271.20
1521,184.00,272.20
1522,184.00,272.20
1523,184.00,272.20
1524,184.00,273.20
1525,184.00,273.20
1526,184.00,274.20
1527,184.00,274.20
1528,184.00,274.20
1529,184.00,274.20
1530,185.00,275.20
1531,185.00,275.20
1532,185.00,276.20
1533,185.00,276.20
1534,185.00,276.20
1535,185.00,276.20
1536,185.00,277.20
1537,185.00,277.20
1538,185.00,277.20
1539,185.00,277.20
1540,185.00,278.20
1541,185.00,278.20
1542,185.00,278.20
1543,185.00,278.20
1544,185.00,279.20
1545,185.00,279.20
1546,185.00,280.20
1547,185.00,280.20
1548,185.00,280.20
1549,186.00,281.20
1550,186.00,281.20
1551,186.00,282.20
1552,186.00,282.20
1553,186.00,282.20
1554,186.00,283.20
1555,186.00,283.20
1556,186.00,284.20
1557,186.00,284.20
1558,186.00,285.20
1559,186.00,285.20
1560,186.00,286.20
1561,186.00,286.20
1562,186.00,287.20
1563,186.00,287.20
1564,187.00,288.20
1565,187.00,288.20
1566,187.00,288.20
1567,187.00,289.20
1568,187.00,289.20
1569,187.00,289.20
1570,187.00,290.20
1571,187.00,290.20
1572,187.00,290.20
1573,187.00,291.20
1574,187.00,291.20
1575,187.00,292.20
1576,187.00,293.20
1577,187.00,293.20
1578,187.00,293.20
1579,187.00,294.20
1580,187.00,294.20
1581,187.00,295.20
1582,187.00,295.20
1583,187.00,295.20
1584,187.00,295.20
1585,187.00,296.20
1586,187.00,296.20
1587,187.00,296.20
1588,187.00,297.20
1589,187.00,297.20
1590,187.00,297.20
1591,187.00,298.20
1592,187.00,298.20
1593,187.00,299.20
1594,187.00,299.20
1595,188.00,300.20
1596,188.00,300.20
1597,188.00,300.20
1598,188.00,301.20
1599,188.00,301.20
1600,188.00,302.20
1601,188.00,302.20
1602,188.00,303.20
1603,188.00,303.20
1604,189.00,304.20
1605,189.00,305.20
1606,189.00,306.20
1607,189.00,307.20
1608,189.00,308.20
1609,189.00,308.20
1610,189.00,309.20
1611,189.00,310.20
1612,190.00,311.20
1613,190.00,312.20
1614,190.00,312.20
1615,190.00,313.20
1616,190.00,314.20
1617,190.00,314.20
1618,191.00,315.20
1619,191.00,315.20
1620,191.00,316.20
1621,191.00,317.20
1622,191.00,317.20
1623,191.00,318.20
1624,191.00,318.20
1625,192.00,319.20
1626,192.00,319.20
1627,192.00,319.20
1628,192.00,319.20
1629,192.00,320.20
1630,192.00,320.20
1631,192.00,320.20
1632,192.00,320.20
1633,192.00,320.20
1634,192.00,321.20
1635,192.00,321.20
1636,192.00,321.20
1637,192.00,321.20
1638,193.00,321.20
1639,193.00,322.20
1640,193.00,322.20
1641,193.00,323.20
1642,193.00,323.20
1643,193.00,323.20
1644,193.00,323.20
1645,193.00,323.20
1646,193.00,324.20
1647,194.00,324.20
1648,194.00,324.20
1649,194.00,324.20
1650,194.00,324.20
1651,194.00,324.20
1652,194.00,325.20
1653,194.00,325.20
1654,194.00,325.20
1655,195.00,325.20
1656,195.00,325.20
1657,195.00,326.20
1658,195.00,326.20
1659,195.00,326.20
1660,195.00,326.20
1661,195.00,327.20
1662,195.00,327.20
1663,195.00,327.20
1664,195.00,327.20
1665,195.00,327.20
1666,195.00,328.20
1667,195.00,328.20
1668,195.00,328.20
1669,195.00,328.20
1670,195.00,328.20
1671,195.00,329.20
1672,195.00,329.20
1673,196.00,329.20
1674,196.00,330.20
1675,196.00,330.20
1676,196.00,330.20
1677,196.00,330.20
1678,196.00,330.20
1679,196.00,330.20
1680,196.00,331.20
1681,196.00,331.20
1682,196.00,331.20
1683,196.00,331.20
1684,196.00,331.20
1685,196.00,331.20
1686,197.00,331.20
1687,197.00,332.20
1688,197.00,332.20
1689,197.00,332.20
1690,197.00,332.20
1691,197.00,332.20
1692,197.00,332.20
1693,197.00,332.20
1694,197.00,332.20
1695,197.00,332.20
1696,197.00,333.20
1697,198.00,333.20
1698,198.00,333.20
1699,198.00,333.20
1700,198.00,333.20
1701,198.00,333.20
1702,198.00,333.20
1703,199.00,333.20
1704,199.00,333.20
1705,199.00,333.20
1706,199.00,333.20
1707,199.00,333.20
1708,199.00,333.20
1709,199.00,333.20
1710,200.00,333.20
1711,200.00,333.20
1712,200.00,333.20
1713,200.00,333.20
1714,200.00,333.20
1715,201.00,333.20
1716,201.00,333.20
1717,201.00,333.20
1718,201.00,333.20
1719,201.00,333.20
1720,202.00,333.20
1721,202.00,333.20
1722,202.00,333.20
1723,202.00,333.20
1724,202.00,333.20
1725,202.00,333.20
1726,203.00,333.20
1727,203.00,333.20
1728,203.00,333.20
1729,203.00,332.20
1730,203.00,332.20
1731,203.00,332.20
1732,203.00,332.20
1733,203.00,332.20
1734,203.00,332.20
1735,203.00,332.20
1736,204.00,331.20
1737,204.00,331.20
1738,204.00,331.20
1739,204.00,330.20
1740,204.00,330.20
1741,204.00,330.20
1742,205.00,329.20
1743,205.00,329.20
1744,205.00,329.20
1745,205.00,329.20
1746,205.00,329.20
1747,205.00,329.20
1748,205.00,328.20
1749,205.00,328.20
1750,206.00,328.20
1751,206.00,328.20
1752,206.00,327.20
1753,206.00,327.20
1754,206.00,327.20
1755,206.00,326.20
1756,206.00,326.20
1757,206.00,325.20
1758,206.00,325.20
1759,207.00,324.20
1760,207.00,324.20
1761,207.00,323.20
1762,207.00,323.20
1763,208.00,322.20
1764,208.00,322.20
1765,208.00,322.20
1766,208.00,321.20
1767,208.00,321.20
1768,208.00,321.20
1769,209.00,320.20
1770,209.00,320.20
1771,209.00,320.20
1772,209.00,319.20
1773,209.00,319.20
1774,209.00,319.20
1775,210.00,318.20
1776,210.00,318.20
1777,210.00,318.20
1778,210.00,317.20
1779,210.00,317.20
1780,210.00,317.20
1781,210.00,317.20
1782,211.00,316.20
1783,211.00,316.20
1784,211.00,316.20
1785,211.00,316.20
1786,211.00,316.20
1787,211.00,315.20
1788,211.00,315.20
1789,211.00,315.20
1790,211.00,315.20
1791,211.00,314.20
1792,211.00,314.20
1793,211.00,314.20
1794,211.00,314.20
1795,211.00,314.20
1796,212.00,313.20
1797,212.00,313.20
1798,212.00,313.20
1799,212.00,313.20
1800,212.00,313.20
1801,212.00,313.20
1802,212.00,312.20
1803,212.00,312.20
1804,212.00,312.20
1805,212.00,312.20
1806,212.00,312.20
1807,212.00,311.20
1808,212.00,311.20
1809,212.00,311.20
1810,212.00,311.20
1811,212.00,311.20
1812,212.00,310.20
1813,212.00,310.20
1814,212.00,310.20
1815,212.00,310.20
1816,212.00,309.20
1817,212.00,309.20
1818,213.00,309.20
1819,213.00,309.20
1820,213.00,308.20
1821,213.00,308.20
1822,213.00,308.20
1823,213.00,308.20
1824,213.00,307.20
1825,213.00,307.20
1826,213.00,307.20
1827,213.00,306.20
1828,213.00,306.20
1829,214.00,306.20
1830,214.00,306.20
1831,214.00,305.20
1832,214.00,305.20
1833,214.00,305.20
1834,214.00,304.20
1835,215.00,304.20
1836,215.00,303.20
1837,215.00,303.20
1838,215.00,302.20
1839,215.00,302.20
1840,216.00,302.20
1841,216.00,302.20
1842,216.00,301.20
1843,216.00,301.20
1844,216.00,301.20
1845,216.00,301.20
1846,216.00,300.20
1847,216.00,300.20
1848,216.00,300.20
1849,216.00,300.20
1850,216.00,299.20
1851,216.00,299.20
1852,216.00,299.20
1853,216.00,298.20
1854,216.00,298.20
1855,216.00,298.20
1856,217.00,297.20
1857,217.00,297.20
1858,217.00,297.20
1859,217.00,296.20
1860,217.00,296.20
1861,217.00,296.20
1862,217.00,295.20
1863,217.00,295.20
1864,217.00,295.20
1865,217.00,295.20
1866,217.00,294.20
1867,217.00,294.20
1868,217.00,294.20
1869,218.00,294.20
1870,218.00,293.20
1871,218.00,293.20
1872,218.00,293.20
1873,218.00,292.20
1874,218.00,292.20
1875,218.00,292.20
1876,218.00,292.20
1877,218.00,292.20
1878,218.00,291.20
1879,218.00,291.20
1880,218.00,291.20
1881,219.00,290.20
1882,219.00,290.20
1883,219.00,289.20
1884,219.00,289.20
1885,219.00,289.20
1886,220.00,289.20
1887,220.00,288.20
1888,220.00,288.20
1889,220.00,287.20
1890,220.00,287.20
1891,220.00,287.20
1892,221.00,286.20
1893,221.00,286.20
1894,221.00,285.20
1895,221.00,285.20
1896,222.00,285.20
1897,222.00,284.20
1898,222.00,284.20
1899,222.00,284.20
1900,222.00,284.20
1901,222.00,283.20
1902,223.00,283.20
1903,223.00,283.20
1904,223.00,283.20
1905,223.00,282.20
1906,223.00,282.20
1907,224.00,282.20
1908,224.00,281.20
1909,224.00,281.20
1910,224.00,281.20
1911,225.00,281.20
1912,225.00,280.20
1913,225.00,280.20
1914,225.00,279.20
1915,226.00,279.20
1916,226.00,279.20
1917,227.00,278.20
1918,227.00,278.20
1919,227.00,278.20
1920,227.00,277.20
1921,227.00,277.20
1922,227.00,277.20
1923,228.00,277.20
1924,228.00,277.20
1925,228.00,277.20
1926,228.00,276.20
1927,228.00,276.20
1928,228.00,276.20
1929,228.00,276.20
1930,228.00,276.20
1931,229.00,276.20
1932,229.00,275.20
1933,229.00,275.20
1934,229.00,275.20
1935,229.00,275.20
1936,229.00,275.20
1937,229.00,275.20
1938,230.00,274.20
1939,230.00,274.20
1940,230.00,274.20
1941,230.00,274.20
1942,230.00,274.20
1943,230.00,274.20
1944,230.00,273.20
1945,231.00,273.20
1946,231.00,273.20
1947,231.00,273.20
1948,231.00,273.20
1949,231.00,273.20
1950,231.00,272.20
1951,231.00,272.20
1952,232.00,272.20
1953,232.00,272.20
1954,232.00,271.20
1955,232.00,271.20
1956,232.00,271.20
1957,233.00,271.20
1958,233.00,270.20
1959,233.00,270.20
1960,233.00,270.20
1961,233.00,270.20
1962,233.00,269.20
1963,234.00,269.20
1964,234.00,269.20
1965,234.00,269.20
1966,235.00,268.20
1967,235.00,268.20
1968,235.00,268.20
1969,235.00,267.20
1970,236.00,267.20
1971,236.00,267.20
1972,236.00,267.20
1973,236.00,267.20
1974,237.00,266.20
1975,237.00,266.20
1976,237.00,266.20
1977,238.00,266.20
1978,238.00,266.20
1979,238.00,265.20
1980,239.00,265.20
1981,239.00,265.20
1982,240.00,265.20
1983,240.00,265.20
1984,240.00,265.20
1985,241.00,265.20
1986,241.00,264.20
1987,242.00,264.20
1988,242.00,264.20
1989,242.00,264.20
1990,242.00,264.20
1991,242.00,264.20
1992,243.00,264.20
1993,243.00,264.20
1994,243.00,264.20
1995,243.00,263.20
1996,243.00,263.20
1997,244.00,263.20
1998,244.00,263.20
1999,244.00,263.20
2000,244.00,263.20
2001,244.00,262.20
2002,245.00,262.20
2003,245.00,262.20
2004,245.00,262.20
2005,245.00,262.20
2006,245.00,262.20
2007,245.00,262.20
2008,245.00,262.20
2009,246.00,262.20
2010,246.00,262.20
2011,246.00,261.20
2012,246.00,261.20
2013,246.00,260.20
2014,246.00,260.20
2015,246.00,259.20
2016,246.00,259.20
2017,247.00,259.20
2018,247.00,258.20
2019,247.00,258.20
2020,247.00,258.20
2021,247.00,257.20
2022,247.00,257.20
2023,247.00,257.20
2024,248.00,256.20
2025,248.00,255.20
2026,248.00,255.20
2027,248.00,254.20
2028,249.00,253.20
2029,249.00,253.20
2030,249.00,253.20
2031,249.00,252.20
2032,249.00,252.20
2033,249.00,252.20
2034,250.00,251.20
2035,250.00,251.20
2036,250.00,250.20
2037,251.00,249.20
2038,251.00,249.20
2039,251.00,249.20
2040,251.00,248.20
2041,252.00,248.20
2042,252.00,248.20
2043,252.00,248.20
2044,252.00,247.20
2045,252.00,247.20
2046,253.00,246.20
2047,253.00,246.20
2048,253.00,246.20
2049,253.00,246.20
2050,253.00,246.20
2051,253.00,246.20
2052,253.00,246.20
2053,253.00,245.20
2054,253.00,245.20
2055,253.00,245.20
2056,253.00,245.20
2057,253.00,245.20
2058,253.00,245.20
2059,253.00,244.20
2060,254.00,244.20
2061,254.00,244.20
2062,254.00,244.20
2063,254.00,244.20
2064,254.00,243.20
2065,254.00,243.20
2066,254.00,243.20
2067,254.00,242.20
2068,254.00,242.20
2069,254.00,242.20
2070,254.00,242.20
2071,254.00,241.20
2072,254.00,241.20
2073,254.00,241.20
2074,255.00,240.20
2075,255.00,240.20
2076,255.00,239.20
2077,255.00,239.20
2078,255.00,239.20
2079,255.00,239.20
2080,255.00,238.20
2081,255.00,238.20
2082,255.00,238.20
2083,255.00,238.20
2084,255.00,237.20
2085,255.00,237.20
2086,256.00,237.20
2087,256.00,237.20
2088,256.00,236.20
2089,256.00,236.20
2090,256.00,236.20
2091,256.00,236.20
2092,256.00,235.20
2093,256.00,235.20
2094,256.00,235.20
2095,256.00,235.20
2096,257.00,235.20
2097,257.00,235.20
2098,257.00,234.20
2099,257.00,233.20
2100,257.00,233.20
2101,257.00,232.20
2102,257.00,231.20
2103,257.00,231.20
2104,257.00,230.20
2105,257.00,230.20
2106,257.00,230.20
2107,258.00,229.20
2108,258.00,229.20
2109,258.00,228.20
2110,258.00,227.20
2111,258.00,227.20
2112,258.00,226.20
2113,258.00,226.20
2114,258.00,225.20
2115,258.00,225.20
2116,258.00,225.20
2117,259.00,225.20
2118,259.00,224.20
2119,259.00,224.20
2120,259.00,224.20
2121,259.00,223.20
2122,259.00,223.20
2123,259.00,223.20
2124,259.00,222.20
2125,259.00,222.20
2126,259.00,221.20
2127,259.00,221.20
2128,259.00,220.20
2129,260.00,220.20
2130,260.00,220.20
2131,260.00,219.20
2132,260.00,219.20
2133,260.00,219.20
2134,260.00,218.20
2135,260.00,218.20
2136,260.00,218.20
2137,260.00,218.20
2138,260.00,217.20
2139,260.00,217.20
2140,260.00,217.20
2141,260.00,217.20
2142,260.00,217.20
2143,260.00,217.20
2144,260.00,216.20
2145,261.00,216.20
2146,261.00,216.20
2147,261.00,216.20
2148,261.00,213.20
2149,261.00,213.20
2150,261.00,212.20
2151,261.00,211.20
2152,261.00,211.20
2153,261.00,210.20
2154,261.00,210.20
2155,261.00,210.20
2156,261.00,209.20
2157,261.00,209.20
2158,261.00,209.20
2159,261.00,208.20
2160,262.00,208.20
2161,262.00,207.20
2162,262.00,207.20
2163,262.00,206.20
2164,262.00,206.20
2165,262.00,206.20
2166,262.00,205.20
2167,262.00,205.20
2168,262.00,204.20
2169,263.00,204.20
2170,263.00,203.20
2171,263.00,203.20
2172,263.00,202.20
2173,263.00,202.20
2174,263.00,202.20
2175,263.00,202.20
2176,263.00,201.20
2177,263.00,201.20
2178,263.00,200.20
2179,263.00,199.20
2180,263.00,199.20
2181,264.00,198.20
2182,264.00,198.20
2183,264.00,198.20
2184,264.00,197.20
2185,264.00,197.20
2186,264.00,197.20
2187,264.00,197.20
2188,264.00,197.20
2189,264.00,196.20
2190,264.00,196.20
2191,264.00,196.20
2192,264.00,196.20
2193,264.00,196.20
2194,264.00,195.20
2195,264.00,195.20
2196,264.00,195.20
2197,264.00,195.20
2198,264.00,195.20
2199,264.00,194.20
2200,264.00,193.20
2201,264.00,193.20
2202,264.00,193.20
2203,264.00,193.20
2204,264.00,192.20
2205,264.00,192.20
2206,264.00,191.20
2207,264.00,191.20
2208,264.00,190.20
2209,264.00,190.20
2210,264.00,190.20
2211,264.00,189.20
2212,264.00,189.20
2213,264.00,189.20
2214,264.00,188.20
2215,264.00,188.20
2216,264.00,187.20
2217,264.00,187.20
2218,264.00,186.20
2219,264.00,186.20
2220,264.00,185.20
2221,264.00,185.20
2222,264.00,185.20
2223,264.00,184.20
2224,264.00,184.20
2225,265.00,184.20
2226,265.00,183.20
2227,265.00,183.20
2228,265.00,183.20
2229,265.00,182.20
2230,265.00,182.20
2231,265.00,181.20
2232,265.00,181.20
2233,265.00,181.20
2234,265.00,181.20
2235,265.00,180.20
2236,265.00,180.20
2237,265.00,180.20
2238,266.00,180.20
2239,266.00,179.20
2240,266.00,179.20
2241,266.00,179.20
2242,266.00,179.20
2243,266.00,179.20
2244,266.00,178.20
2245,266.00,178.20
2246,266.00,178.20
2247,266.00,178.20
2248,266.00,177.20
2249,266.00,177.20
2250,267.00,176.20
2251,267.00,175.20
2252,267.00,174.20
2253,267.00,173.20
2254,267.00,173.20
2255,267.00,172.20
2256,267.00,172.20
2257,267.00,172.20
2258,267.00,172.20
2259,267.00,172.20
2260,267.00,172.20
2261,268.00,172.20
2262,268.00,171.20
2263,268.00,170.20
2264,268.00,169.20
2265,267.00,168.20
2266,267.00,167.20
2267,267.00,167.20
2268,267.00,166.20
2269,267.00,166.20
2270,267.00,165.20
2271,267.00,165.20
2272,267.00,165.20
2273,267.00,164.20
2274,267.00,164.20
2275,267.00,164.20
2276,267.00,163.20
2277,267.00,163.20
2278,267.00,163.20
2279,267.00,162.20
2280,267.00,162.20
2281,267.00,161.20
2282,267.00,161.20
2283,267.00,161.20
2284,267.00,160.20
2285,267.00,160.20
2286,267.00,159.20
2287,267.00,159.20
2288,267.00,158.20
2289,267.00,157.20
2290,267.00,156.20
2291,268.00,156.20
2292,268.00,155.20
2293,268.00,155.20
2294,268.00,154.20
2295,268.00,154.20
2296,268.00,153.20
2297,268.00,153.20
2298,268.00,153.20
2299,268.00,153.20
2300,268.00,152.20
2301,268.00,152.20
2302,268.00,151.20
2303,268.00,151.20
2304,269.00,150.20
2305,269.00,149.20
2306,269.00,149.20
2307,269.00,148.20
2308,269.00,148.20
2309,270.00,148.20
2310,270.00,147.20
2311,270.00,147.20
2312,270.00,147.20
2313,270.00,147.20
2314,270.00,147.20
2315,270.00,146.20
2316,270.00,145.20
2317,270.00,144.20
2318,270.00,143.20
2319,270.00,142.20
2320,270.00,142.20
2321,270.00,142.20
2322,270.00,141.20
2323,270.00,141.20
2324,270.00,141.20
2325,270.00,140.20
2326,270.00,140.20
2327,270.00,139.20
2328,270.00,139.20
2329,270.00,139.20
2330,270.00,138.20
2331,270.00,138.20
2332,270.00,138.20
2333,270.00,137.20
2334,270.00,137.20
2335,270.00,137.20
2336,270.00,136.20
2337,271.00,136.20
2338,271.00,136.20
2339,271.00,135.20
2340,271.00,135.20
2341,271.00,134.20
2342,271.00,134.20
2343,271.00,133.20
2344,271.00,133.20
2345,271.00,132.20
2346,271.00,131.20
2347,271.00,131.20
2348,271.00,130.20
2349,272.00,129.20
2350,272.00,128.20
2351,272.00,128.20
2352,272.00,128.20
2353,272.00,127.20
2354,272.00,127.20
2355,272.00,126.20
2356,272.00,125.20
2357,272.00,125.20
2358,272.00,124.20
2359,273.00,124.20
2360,273.00,124.20
2361,273.00,123.20
2362,273.00,123.20
2363,273.00,122.20
2364,273.00,122.20
2365,273.00,122.20
2366,273.00,121.20
2367,273.00,121.20
2368,273.00,121.20
2369,273.00,120.20
2370,273.00,120.20
2371,273.00,120.20
2372,273.00,119.20
2373,273.00,119.20
2374,273.00,118.20
2375,274.00,118.20
2376,274.00,117.20
2377,274.00,117.20
2378,274.00,117.20
2379,274.00,117.20
2380,274.00,116.20
2381,274.00,116.20
2382,274.00,116.20
2383,274.00,116.20
2384,274.00,116.20
2385,274.00,115.20
2386,274.00,115.20
2387,274.00,114.20
2388,274.00,114.20
2389,274.00,113.20
2390,274.00,112.20
2391,274.00,111.20
2392,274.00,111.20
2393,274.00,110.20
2394,274.00,110.20
2395,274.00,110.20
2396,274.00,109.20
2397,274.00,109.20
2398,274.00,109.20
2399,274.00,108.20
2400,274.00,108.20
2401,274.00,107.20
2402,274.00,107.20
2403,274.00,107.20
2404,274.00,106.20
2405,274.00,106.20
2406,274.00,105.20
2407,274.00,105.20
2408,274.00,104.20
2409,274.00,104.20
2410,274.00,103.20
2411,274.00,103.20
2412,274.00,102.20
2413,274.00,102.20
2414,274.00,101.20
2415,274.00,100.20
2416,274.00,100.20
2417,274.00,99.20
2418,274.00,98.20
2419,275.00,98.20
2420,275.00,97.20
2421,275.00,97.20
2422,275.00,96.20
2423,275.00,95.20
2424,275.00,94.20
2425,275.00,94.20
2426,275.00,93.20
2427,275.00,92.20
2428,276.00,92.20
2429,276.00,91.20
2430,276.00,91.20
2431,276.00,91.20
2432,276.00,90.20
2433,276.00,90.20
2434,276.00,89.20
2435,276.00,89.20
2436,277.00,89.20
2437,277.00,89.20
2438,277.00,89.20
2439,277.00,88.20
2440,277.00,88.20
2441,277.00,86.20
2442,277.00,85.20
2443,277.00,84.20
2444,277.00,83.20
2445,277.00,83.20
2446,277.00,82.20
2447,277.00,82.20
2448,277.00,82.20
2449,277.00,81.20
2450,277.00,81.20
2451,277.00,80.20
2452,277.00,80.20
2453,277.00,79.20
2454,277.00,79.20
2455,277.00,79.20
2456,277.00,79.20
2457,277.00,78.20
2458,277.00,78.20
2459,277.00,77.20
2460,277.00,76.20
2461,277.00,76.20
2462,277.00,75.20
2463,277.00,75.20
2464,277.00,74.20
2465,278.00,74.20
2466,278.00,73.20
2467,278.00,73.20
2468,278.00,73.20
2469,278.00,72.20
2470,278.00,72.20
2471,278.00,71.20
2472,278.00,71.20
2473,279.00,70.20
2474,279.00,70.20
2475,279.00,70.20
2476,279.00,69.20
2477,279.00,69.20
2478,279.00,69.20
2479,279.00,68.20
2480,279.00,68.20
2481,279.00,68.20
2482,279.00,68.20
2483,279.00,68.20
2484,279.00,67.20
2485,279.00,67.20
2486,279.00,67.20
2487,279.00,66.20
2488,279.00,66.20
2489,279.00,66.20
2490,279.00,65.20
2491,279.00,65.20
2492,279.00,64.20
2493,279.00,64.20
2494,279.00,64.20
2495,279.00,63.20
2496,279.00,63.20
2497,280.00,61.20
2498,280.00,61.20
2499,280.00,60.20
2500,280.00,59.20
2501,280.00,59.20
2502,280.00,59.20
2503,280.00,59.20
2504,280.00,58.20
2505,280.00,58.20
2506,280.00,58.20
2507,280.00,58.20
2508,280.00,57.20
2509,280.00,57.20
2510,280.00,56.20
2511,280.00,56.20
2512,280.00,56.20
2513,280.00,56.20
2514,280.00,55.20
2515,280.00,55.20
2516,280.00,55.20
2517,280.00,54.20
2518,280.00,54.20
2519,280.00,54.20
2520,280.00,53.20
2521,280.00,53.20
2522,280.00,52.20
2523,280.00,52.20
2524,280.00,52.20
2525,280.00,52.20
2526,280.00,51.20
2527,281.00,51.20
2528,281.00,51.20
2529,281.00,50.20
2530,281.00,50.20
2531,281.00,50.20
2532,281.00,49.20
2533,281.00,49.20
2534,281.00,49.20
2535,281.00,48.20
2536,281.00,48.20
2537,281.00,48.20
2538,281.00,48.20
2539,281.00,47.20
2540,281.00,47.20
2541,281.00,47.20
2542,281.00,46.20
2543,281.00,46.20
2544,281.00,46.20
2545,281.00,46.20
2546,281.00,46.20
2547,281.00,46.20
2548,281.00,45.20
2549,281.00,45.20
2550,281.00,45.20
2551,281.00,45.20
2552,281.00,45.20
2553,281.00,44.20
2554,281.00,44.20
2555,281.00,44.20
2556,281.00,44.20
2557,281.00,44.20
2558,282.00,44.20
2559,282.00,44.20
2560,282.00,43.20
2561,282.00,43.20
2562,282.00,43.20
2563,282.00,43.20
2564,282.00,43.20
2565,282.00,43.20
2566,282.00,43.20
2567,282.00,43.20
2568,282.00,42.20
2569,282.00,42.20
2570,282.00,42.20
2571,282.00,42.20
2572,282.00,42.20
2573,282.00,41.20
2574,283.00,41.20
2575,283.00,41.20
2576,283.00,41.20
2577,284.00,41.20
2578,285.00,41.20
2579,285.00,41.20
2580,286.00,41.20
2581,286.00,41.20
2582,287.00,41.20
2583,287.00,41.20
2584,287.00,41.20
2585,287.00,42.20
2586,288.00,42.20
2587,288.00,42.20
2588,288.00,42.20
2589,288.00,42.20
2590,288.00,42.20
2591,289.00,42.20
2592,289.00,42.20
2593,289.00,42.20
2594,289.00,42.20
2595,289.00,42.20
2596,290.00,42.20
2597,290.00,42.20
2598,290.00,42.20
2599,290.00,42.20
2600,290.00,42.20
2601,291.00,42.20
2602,291.00,42.20
2603,292.00,42.20
2604,292.00,42.20
2605,293.00,42.20
2606,294.00,42.20
2607,295.00,42.20
2608,295.00,42.20
2609,296.00,42.20
2610,296.00,42.20
2611,297.00,42.20
2612,298.00,42.20
2613,298.00,42.20
2614,299.00,42.20
2615,299.00,42.20
2616,299.00,42.20
2617,300.00,42.20
2618,300.00,42.20
2619,300.00,42.20
2620,300.00,42.20
2621,300.00,43.20
2622,301.00,43.20
2623,301.00,43.20
2624,301.00,43.20
2625,302.00,43.20
2626,302.00,43.20
2627,302.00,43.20
2628,303.00,43.20
2629,303.00,43.20
2630,303.00,43.20
2631,304.00,43.20
2632,304.00,43.20
2633,304.00,43.20
2634,304.00,43.20
2635,304.00,43.20
2636,305.00,43.20
2637,305.00,43.20
2638,305.00,43.20
2639,305.00,43.20
2640,305.00,43.20
2641,305.00,43.20
2642,306.00,43.20
2643,306.00,43.20
2644,306.00,43.20
2645,306.00,43.20
2646,306.00,43.20
2647,307.00,43.20
2648,307.00,43.20
2649,307.00,43.20
2650,307.00,43.20
2651,307.00,43.20
2652,308.00,43.20
2653,308.00,43.20
2654,308.00,43.20
2655,308.00,43.20
2656,308.00,43.20
2657,308.00,43.20
2658,309.00,43.20
2659,309.00,43.20
2660,309.00,43.20
2661,309.00,43.20
2662,309.00,43.20
2663,309.00,43.20
2664,309.00,44.20
2665,309.00,44.20
2666,309.00,44.20
2667,309.00,44.20
2668,309.00,44.20
2669,309.00,45.20
2670,309.00,45.20
2671,310.00,45.20
2672,310.00,45.20
2673,310.00,46.20
2674,310.00,46.20
2675,310.00,47.20
2676,310.00,48.20
2677,310.00,48.20
2678,311.00,48.20
2679,311.00,49.20
2680,311.00,49.20
2681,311.00,50.20
2682,311.00,50.20
2683,311.00,50.20
2684,311.00,51.20
2685,311.00,51.20
2686,311.00,52.20
2687,312.00,52.20
2688,312.00,53.20
2689,312.00,53.20
2690,312.00,54.20
2691,312.00,54.20
2692,312.00,55.20
2693,312.00,55.20
2694,312.00,56.20
2695,312.00,56.20
2696,312.00,57.20
2697,312.00,58.20
2698,312.00,58.20
2699,312.00,59.20
2700,312.00,59.20
2701,312.00,60.20
2702,312.00,60.20
2703,312.00,61.20
2704,312.00,61.20
2705,312.00,61.20
2706,312.00,62.20
2707,312.00,62.20
2708,312.00,63.20
2709,313.00,63.20
2710,313.00,63.20
2711,313.00,64.20
2712,313.00,64.20
2713,313.00,64.20
2714,313.00,65.20
2715,313.00,65.20
2716,313.00,65.20
2717,313.00,66.20
2718,313.00,66.20
2719,313.00,66.20
2720,313.00,66.20
2721,313.00,67.20
2722,314.00,67.20
2723,314.00,68.20
2724,314.00,69.20
2725,314.00,69.20
2726,314.00,70.20
2727,314.00,70.20
2728,314.00,71.20
2729,314.00,71.20
2730,314.00,72.20
2731,314.00,72.20
2732,314.00,72.20
2733,314.00,72.20
2734,314.00,73.20
2735,314.00,74.20
2736,314.00,75.20
2737,314.00,75.20
2738,314.00,76.20
2739,314.00,77.20
2740,314.00,78.20
2741,314.00,78.20
2742,314.00,78.20
2743,314.00,79.20
2744,314.00,79.20
2745,314.00,80.20
2746,314.00,80.20
2747,314.00,80.20
2748,314.00,81.20
2749,314.00,81.20
2750,314.00,82.20
2751,314.00,83.20
2752,314.00,83.20
2753,314.00,84.20
2754,314.00,84.20
2755,314.00,85.20
2756,314.00,85.20
2757,314.00,85.20
2758,314.00,86.20
2759,314.00,86.20
2760,315.00,86.20
2761,315.00,87.20
2762,315.00,87.20
2763,315.00,88.20
2764,315.00,88.20
2765,315.00,89.20
2766,315.00,89.20
2767,315.00,89.20
2768,315.00,90.20
2769,315.00,90.20
2770,316.00,91.20
2771,316.00,91.20
2772,316.00,91.20
2773,316.00,92.20
2774,316.00,93.20
2775,316.00,93.20
2776,316.00,94.20
2777,316.00,94.20
2778,316.00,94.20
2779,316.00,95.20
2780,316.00,95.20
2781,316.00,96.20
2782,316.00,96.20
2783,316.00,97.20
2784,316.00,97.20
2785,316.00,98.20
2786,316.00,99.20
2787,316.00,99.20
2788,316.00,100.20
2789,316.00,100.20
2790,316.00,101.20
2791,316.00,101.20
2792,316.00,102.20
2793,316.00,102.20
2794,316.00,103.20
2795,316.00,103.20
2796,316.00,103.20
2797,316.00,104.20
2798,316.00,105.20
2799,316.00,105.20
2800,317.00,105.20
2801,317.00,106.20
2802,317.00,106.20
2803,317.00,107.20
2804,317.00,107.20
2805,317.00,108.20
2806,317.00,109.20
2807,317.00,110.20
2808,317.00,112.20
2809,317.00,112.20
2810,318.00,113.20
2811,318.00,113.20
2812,318.00,114.20
2813,318.00,114.20
2814,318.00,115.20
2815,318.00,115.20
2816,318.00,116.20
2817,318.00,116.20
2818,318.00,117.20
2819,318.00,117.20
2820,318.00,118.20
2821,318.00,119.20
2822,318.00,119.20
2823,318.00,120.20
2824,318.00,120.20
2825,318.00,120.20
2826,318.00,121.20
2827,318.00,121.20
2828,318.00,122.20
2829,318.00,122.20
2830,318.00,122.20
2831,319.00,123.20
2832,319.00,123.20
2833,319.00,124.20
2834,319.00,124.20
2835,319.00,124.20
2836,319.00,125.20
2837,319.00,125.20
2838,319.00,125.20
2839,319.00,125.20
2840,319.00,126.20
2841,319.00,126.20
2842,319.00,126.20
2843,319.00,127.20
2844,319.00,127.20
2845,319.00,127.20
2846,319.00,127.20
2847,319.00,128.20
2848,319.00,128.20
2849,319.00,128.20
2850,319.00,128.20
2851,319.00,128.20
2852,319.00,129.20
2853,319.00,130.20
2854,319.00,130.20
2855,319.00,131.20
2856,319.00,132.20
2857,319.00,132.20
2858,319.00,133.20
2859,319.00,133.20
2860,319.00,134.20
2861,319.00,134.20
2862,319.00,134.20
2863,319.00,135.20
2864,319.00,135.20
2865,319.00,135.20
2866,320.00,136.20
2867,320.00,136.20
2868,320.00,137.20
2869,320.00,137.20
2870,320.00,137.20
2871,320.00,138.20
2872,320.00,138.20
2873,320.00,139.20
2874,320.00,139.20
2875,320.00,139.20
2876,321.00,140.20
2877,321.00,140.20
2878,321.00,141.20
2879,321.00,141.20
2880,321.00,142.20
2881,321.00,142.20
2882,321.00,143.20
2883,321.00,143.20
2884,321.00,144.20
2885,322.00,144.20
2886,322.00,144.20
2887,322.00,145.20
2888,322.00,146.20
2889,322.00,146.20
2890,322.00,147.20
2891,322.00,148.20
2892,322.00,148.20
2893,322.00,148.20
2894,322.00,149.20
2895,322.00,149.20
2896,322.00,150.20
2897,322.00,151.20
2898,322.00,152.20
2899,323.00,152.20
2900,323.00,153.20
2901,323.00,154.20
2902,323.00,154.20
2903,323.00,155.20
2904,323.00,156.20
2905,323.00,156.20
2906,323.00,157.20
2907,323.00,157.20
2908,323.00,158.20
2909,323.00,158.20
2910,323.00,159.20
2911,323.00,160.20
2912,323.00,161.20
2913,323.00,161.20
2914,323.00,162.20
2915,323.00,163.20
2916,323.00,164.20
2917,323.00,165.20
2918,323.00,165.20
2919,323.00,166.20
2920,323.00,167.20
2921,323.00,168.20
2922,323.00,169.20
2923,323.00,169.20
2924,323.00,170.20
2925,323.00,171.20
2926,323.00,171.20
2927,323.00,172.20
2928,323.00,173.20
2929,323.00,173.20
2930,323.00,174.20
2931,324.00,174.20
2932,324.00,175.20
2933,324.00,175.20
2934,324.00,175.20
2935,324.00,176.20
2936,324.00,176.20
2937,324.00,177.20
2938,324.00,177.20
2939,324.00,177.20
2940,324.00,177.20
2941,324.00,177.20
2942,324.00,178.20
2943,325.00,178.20
2944,325.00,178.20
2945,325.00,179.20
2946,325.00,179.20
2947,325.00,180.20
2948,325.00,180.20
2949,325.00,181.20
2950,325.00,181.20
2951,325.00,182.20
2952,325.00,183.20
2953,325.00,183.20
2954,326.00,184.20
2955,326.00,185.20
2956,326.00,185.20
2957,326.00,186.20
2958,326.00,187.20
2959,326.00,187.20
2960,326.00,188.20
2961,326.00,188.20
2962,326.00,188.20
2963,326.00,189.20
2964,326.00,189.20
2965,327.00,189.20
2966,327.00,190.20
2967,327.00,190.20
2968,327.00,190.20
2969,327.00,191.20
2970,327.00,191.20
2971,327.00,192.20
2972,327.00,192.20
2973,327.00,193.20
2974,327.00,193.20
2975,327.00,193.20
2976,327.00,194.20
2977,327.00,195.20
2978,327.00,196.20
2979,327.00,197.20
2980,327.00,197.20
2981,327.00,198.20
2982,327.00,200.20
2983,327.00,201.20
2984,327.00,202.20
2985,327.00,202.20
2986,327.00,203.20
2987,327.00,203.20
2988,327.00,204.20
2989,327.00,205.20
2990,327.00,206.20
2991,327.00,207.20
2992,327.00,207.20
2993,327.00,208.20
2994,327.00,209.20
2995,327.00,209.20
2996,327.00,210.20
2997,327.00,210.20
2998,327.00,211.20
2999,327.00,211.20
3000,327.00,211.20
3001,327.00,212.20
3002,327.00,213.20
3003,327.00,213.20
3004,327.00,214.20
3005,327.00,214.20
3006,328.00,215.20
3007,328.00,215.20
3008,328.00,216.20
3009,328.00,216.20
3010,328.00,217.20
3011,328.00,217.20
3012,328.00,218.20
3013,328.00,218.20
3014,328.00,218.20
3015,328.00,219.20
3016,328.00,219.20
3017,328.00,220.20
3018,329.00,220.20
3019,329.00,221.20
3020,329.00,221.20
3021,329.00,222.20
3022,329.00,222.20
3023,329.00,222.20
3024,329.00,223.20
3025,329.00,223.20
3026,329.00,223.20
3027,329.00,224.20
3028,329.00,224.20
3029,329.00,225.20
3030,329.00,225.20
3031,329.00,226.20
3032,329.00,226.20
3033,329.00,226.20
3034,330.00,227.20
3035,330.00,227.20
3036,330.00,228.20
3037,330.00,228.20
3038,330.00,228.20
3039,330.00,228.20
3040,330.00,229.20
3041,330.00,229.20
3042,330.00,229.20
3043,330.00,229.20
3044,330.00,230.20
3045,330.00,231.20
3046,330.00,231.20
3047,330.00,232.20
3048,330.00,233.20
3049,330.00,233.20
3050,330.00,234.20
3051,330.00,234.20
3052,330.00,235.20
3053,330.00,236.20
3054,330.00,236.20
3055,330.00,237.20
3056,330.00,237.20
3057,330.00,237.20
3058,330.00,238.20
3059,330.00,238.20
3060,330.00,239.20
3061,330.00,239.20
3062,330.00,239.20
3063,330.00,240.20
3064,330.00,240.20
3065,330.00,240.20
3066,330.00,240.20
3067,330.00,241.20
3068,330.00,241.20
3069,330.00,242.20
3070,330.00,242.20
3071,331.00,242.20
3072,331.00,243.20
3073,331.00,243.20
3074,331.00,244.20
3075,331.00,244.20
3076,331.00,245.20
3077,331.00,245.20
3078,331.00,246.20
3079,331.00,246.20
3080,331.00,247.20
3081,331.00,248.20
3082,331.00,248.20
3083,331.00,249.20
3084,331.00,250.20
3085,331.00,251.20
3086,332.00,252.20
3087,332.00,252.20
3088,332.00,253.20
3089,332.00,254.20
3090,332.00,254.20
3091,332.00,255.20
3092,332.00,255.20
3093,332.00,255.20
3094,332.00,256.20
3095,332.00,257.20
3096,332.00,257.20
3097,332.00,258.20
3098,332.00,259.20
3099,332.00,259.20
3100,332.00,260.20
3101,333.00,261.20
3102,333.00,261.20
3103,333.00,262.20
3104,333.00,263.20
3105,333.00,263.20
3106,333.00,264.20
3107,333.00,265.20
3108,333.00,266.20
3109,333.00,266.20
3110,333.00,266.20
3111,333.00,267.20
3112,333.00,267.20
3113,333.00,267.20
3114,333.00,267.20
3115,333.00,267.20
3116,333.00,268.20
3117,333.00,269.20
3118,333.00,269.20
3119,333.00,269.20
3120,333.00,270.20
3121,333.00,271.20
3122,333.00,271.20
3123,334.00,272.20
3124,334.00,272.20
3125,334.00,272.20
3126,334.00,273.20
3127,334.00,273.20
3128,334.00,274.20
3129,334.00,274.20
3130,334.00,274.20
3131,334.00,275.20
3132,334.00,275.20
3133,334.00,276.20
3134,334.00,276.20
3135,335.00,277.20
3136,335.00,277.20
3137,335.00,278.20
3138,335.00,278.20
3139,335.00,278.20
3140,335.00,279.20
3141,335.00,280.20
3142,335.00,280.20
3143,336.00,281.20
3144,336.00,281.20
3145,336.00,282.20
3146,336.00,283.20
3147,337.00,283.20
3148,337.00,284.20
3149,337.00,285.20
3150,337.00,285.20
3151,337.00,286.20
3152,338.00,287.20
3153,338.00,287.20
3154,338.00,288.20
3155,338.00,288.20
3156,338.00,289.20
3157,339.00,289.20
3158,339.00,290.20
3159,339.00,291.20
3160,339.00,291.20
3161,339.00,292.20
3162,340.00,293.20
3163,340.00,294.20
3164,340.00,295.20
3165,340.00,296.20
3166,341.00,296.20
3167,341.00,296.20
3168,341.00,297.20
3169,341.00,297.20
3170,341.00,298.20
3171,341.00,298.20
3172,341.00,299.20
3173,341.00,299.20
3174,341.00,299.20
3175,341.00,300.20
3176,341.00,300.20
3177,341.00,300.20
3178,341.00,301.20
3179,342.00,301.20
3180,342.00,302.20
3181,342.00,302.20
3182,342.00,303.20
3183,342.00,303.20
3184,342.00,303.20
3185,342.00,304.20
3186,342.00,304.20
3187,342.00,305.20
3188,342.00,305.20
3189,342.00,305.20
3190,342.00,306.20
3191,342.00,306.20
3192,342.00,307.20
3193,342.00,307.20
3194,342.00,307.20
3195,342.00,307.20
3196,342.00,307.20
3197,342.00,308.20
3198,342.00,308.20
3199,342.00,308.20
3200,342.00,309.20
3201,342.00,309.20
3202,342.00,309.20
3203,342.00,309.20
3204,343.00,309.20
3205,343.00,310.20
3206,343.00,310.20
3207,343.00,310.20
3208,343.00,310.20
3209,344.00,310.20
3210,344.00,311.20
3211,344.00,311.20
3212,344.00,311.20
3213,345.00,311.20
3214,345.00,312.20
3215,345.00,312.20
3216,345.00,312.20
3217,345.00,312.20
3218,345.00,312.20
3219,345.00,312.20
3220,345.00,313.20
3221,345.00,313.20
3222,345.00,313.20
3223,346.00,313.20
3224,346.00,313.20
3225,346.00,313.20
3226,346.00,314.20
3227,346.00,314.20
3228,346.00,314.20
3229,346.00,314.20
3230,346.00,314.20
3231,346.00,314.20
3232,347.00,314.20
3233,347.00,314.20
3234,347.00,314.20
3235,347.00,314.20
3236,347.00,315.20
3237,348.00,315.20
3238,348.00,315.20
3239,348.00,315.20
3240,348.00,315.20
3241,348.00,315.20
3242,348.00,315.20
3243,348.00,315.20
3244,349.00,315.20
3245,349.00,315.20
3246,349.00,315.20
3247,349.00,315.20
3248,349.00,315.20
3249,350.00,315.20
3250,350.00,315.20
3251,350.00,315.20
3252,350.00,315.20
3253,350.00,315.20
3254,351.00,315.20
3255,351.00,315.20
3256,352.00,315.20
3257,352.00,314.20
3258,353.00,314.20
3259,353.00,314.20
3260,353.00,314.20
3261,353.00,313.20
3262,354.00,313.20
3263,354.00,313.20
3264,354.00,313.20
3265,355.00,312.20
3266,355.00,312.20
3267,355.00,312.20
3268,355.00,312.20
3269,355.00,312.20
3270,356.00,312.20
3271,356.00,311.20
3272,356.00,311.20
3273,356.00,311.20
3274,356.00,311.20
3275,356.00,311.20
3276,357.00,310.20
3277,357.00,310.20
3278,357.00,310.20
3279,357.00,310.20
3280,357.00,309.20
3281,357.00,309.20
3282,357.00,309.20
3283,357.00,309.20
3284,357.00,309.20
3285,357.00,308.20
3286,357.00,308.20
3287,357.00,308.20
3288,358.00,308.20
3289,358.00,307.20
3290,358.00,307.20
3291,358.00,307.20
3292,358.00,306.20
3293,358.00,306.20
3294,359.00,306.20
3295,359.00,305.20
3296,359.00,305.20
3297,359.00,305.20
3298,359.00,304.20
3299,359.00,304.20
3300,359.00,304.20
3301,360.00,304.20
3302,360.00,303.20
3303,360.00,303.20
3304,360.00,303.20
3305,360.00,302.20
3306,360.00,302.20
3307,360.00,301.20
3308,360.00,301.20
3309,361.00,301.20
3310,361.00,301.20
3311,361.00,300.20
3312,361.00,300.20
3313,361.00,300.20
3314,361.00,299.20
3315,362.00,299.20
3316,362.00,298.20
3317,362.00,298.20
3318,362.00,298.20
3319,362.00,297.20
3320,362.00,297.20
3321,362.00,296.20
3322,363.00,296.20
3323,363.00,296.20
3324,363.00,295.20
3325,363.00,295.20
3326,363.00,295.20
3327,363.00,294.20
3328,364.00,294.20
3329,364.00,294.20
3330,364.00,293.20
3331,364.00,293.20
3332,364.00,293.20
3333,365.00,292.20
3334,365.00,292.20
3335,365.00,292.20
3336,365.00,292.20
3337,365.00,291.20
3338,366.00,291.20
3339,367.00,290.20
3340,367.00,290.20
3341,367.00,289.20
3342,367.00,289.20
3343,367.00,289.20
3344,368.00,289.20
3345,368.00,288.20
3346,368.00,288.20
3347,368.00,288.20
3348,369.00,288.20
3349,369.00,287.20
3350,369.00,287.20
3351,369.00,287.20
3352,369.00,287.20
3353,369.00,286.20
3354,370.00,286.20
3355,370.00,286.20
3356,370.00,286.20
3357,371.00,286.20
3358,371.00,285.20
3359,371.00,285.20
3360,371.00,285.20
3361,372.00,285.20
3362,372.00,285.20
3363,372.00,284.20
3364,372.00,284.20
3365,373.00,284.20
3366,373.00,284.20
3367,373.00,284.20
3368,373.00,284.20
3369,373.00,283.20
3370,374.00,283.20
3371,374.00,283.20
3372,374.00,283.20
3373,374.00,283.20
3374,374.00,283.20
3375,375.00,283.20
3376,375.00,283.20
3377,375.00,282.20
3378,375.00,282.20
3379,375.00,282.20
3380,375.00,282.20
3381,375.00,282.20
3382,376.00,282.20
3383,376.00,282.20
3384,376.00,282.20
3385,376.00,282.20
3386,377.00,282.20
3387,377.00,282.20
3388,378.00,282.20
3389,379.00,282.20
3390,380.00,282.20
3391,380.00,282.20
3392,381.00,282.20
3393,381.00,283.20
3394,381.00,283.20
3395,382.00,283.20
3396,382.00,283.20
3397,383.00,284.20
3398,383.00,284.20
3399,383.00,284.20
3400,383.00,284.20
3401,383.00,284.20
3402,384.00,284.20
3403,384.00,284.20
3404,384.00,284.20
3405,384.00,284.20
3406,385.00,285.20
3407,385.00,285.20
3408,385.00,285.20
3409,385.00,285.20
3410,386.00,285.20
3411,386.00,285.20
3412,386.00,285.20
3413,386.00,285.20
3414,387.00,285.20
3415,387.00,285.20
3416,388.00,285.20
3417,388.00,285.20
3418,388.00,285.20
3419,388.00,285.20
3420,389.00,285.20
3421,389.00,285.20
3422,389.00,285.20
3423,389.00,285.20
3424,389.00,285.20
3425,390.00,285.20
3426,390.00,285.20
3427,390.00,285.20
3428,390.00,285.20
3429,391.00,285.20
3430,391.00,285.20
3431,391.00,285.20
3432,391.00,285.20
3433,391.00,284.20
3434,391.00,284.20
3435,392.00,284.20
3436,392.00,284.20
3437,392.00,284.20
3438,392.00,284.20
3439,393.00,284.20
3440,393.00,284.20
3441,393.00,283.20
3442,393.00,283.20
3443,393.00,283.20
3444,394.00,283.20
3445,394.00,283.20
3446,394.00,282.20
3447,394.00,282.20
3448,395.00,281.20
3449,395.00,281.20
3450,395.00,281.20
3451,395.00,280.20
3452,395.00,280.20
3453,396.00,280.20
3454,396.00,280.20
3455,396.00,279.20
3456,396.00,279.20
3457,396.00,279.20
3458,396.00,279.20
3459,396.00,278.20
3460,396.00,278.20
3461,396.00,278.20
3462,396.00,278.20
3463,396.00,278.20
3464,397.00,277.20
3465,397.00,277.20
3466,397.00,277.20
3467,397.00,277.20
3468,397.00,277.20
3469,397.00,277.20
3470,397.00,276.20
3471,397.00,276.20
3472,398.00,275.20
3473,398.00,275.20
3474,398.00,274.20
3475,398.00,274.20
3476,398.00,274.20
3477,398.00,274.20
3478,398.00,273.20
3479,398.00,273.20
3480,399.00,273.20
3481,399.00,272.20
3482,399.00,272.20
3483,399.00,271.20
3484,400.00,271.20
3485,400.00,271.20
3486,400.00,270.20
3487,400.00,270.20
3488,400.00,270.20
3489,400.00,270.20
3490,400.00,269.20
3491,400.00,269.20
3492,400.00,269.20
3493,400.00,269.20
3494,400.00,268.20
3495,401.00,268.20
3496,401.00,267.20
3497,401.00,267.20
3498,401.00,267.20
3499,401.00,267.20
3500,401.00,267.20
3501,401.00,267.20
3502,401.00,266.20
3503,401.00,266.20
3504,401.00,266.20
3505,401.00,266.20
3506,402.00,265.20
3507,402.00,265.20
3508,402.00,264.20
3509,402.00,264.20
3510,402.00,264.20
3511,402.00,264.20
3512,403.00,264.20
3513,403.00,264.20
3514,403.00,263.20
3515,403.00,262.20
3516,403.00,261.20
3517,403.00,260.20
3518,403.00,260.20
3519,404.00,259.20
3520,404.00,257.20
3521,404.00,257.20
3522,404.00,256.20
3523,404.00,256.20
3524,404.00,255.20
3525,404.00,255.20
3526,404.00,255.20
3527,404.00,255.20
3528,404.00,254.20
3529,404.00,254.20
3530,405.00,254.20
3531,405.00,253.20
3532,405.00,253.20
3533,405.00,252.20
3534,405.00,252.20
3535,405.00,251.20
3536,405.00,251.20
3537,405.00,250.20
3538,406.00,249.20
3539,406.00,249.20
3540,406.00,248.20
3541,406.00,248.20
3542,407.00,248.20
3543,407.00,247.20
3544,407.00,247.20
3545,407.00,247.20
3546,407.00,246.20
3547,407.00,246.20
3548,407.00,246.20
3549,407.00,245.20
3550,407.00,245.20
3551,407.00,245.20
3552,407.00,245.20
3553,407.00,244.20
3554,407.00,244.20
3555,407.00,244.20
3556,407.00,244.20
3557,407.00,244.20
3558,407.00,243.20
3559,407.00,242.20
3560,407.00,241.20
3561,407.00,240.20
3562,407.00,239.20
3563,407.00,238.20
3564,407.00,238.20
3565,407.00,237.20
3566,407.00,236.20
3567,408.00,235.20
3568,408.00,235.20
3569,408.00,234.20
3570,408.00,234.20
3571,408.00,234.20
3572,408.00,233.20
3573,408.00,232.20
3574,408.00,232.20
3575,408.00,232.20
3576,408.00,231.20
3577,408.00,231.20
3578,408.00,231.20
3579,408.00,230.20
3580,408.00,230.20
3581,408.00,230.20
3582,408.00,230.20
3583,408.00,229.20
3584,408.00,229.20
3585,409.00,228.20
3586,409.00,228.20
3587,409.00,228.20
3588,409.00,228.20
3589,409.00,227.20
3590,409.00,227.20
3591,409.00,227.20
3592,409.00,227.20
3593,409.00,226.20
3594,409.00,226.20
3595,409.00,226.20
3596,409.00,225.20
3597,409.00,225.20
3598,409.00,225.20
3599,409.00,225.20
3600,409.00,225.20
3601,410.00,224.20
3602,410.00,224.20
3603,410.00,223.20
3604,410.00,221.20
3605,410.00,220.20
3606,410.00,219.20
3607,410.00,218.20
3608,410.00,217.20
3609,411.00,216.20
3610,411.00,216.20
3611,411.00,215.20
3612,411.00,214.20
3613,411.00,213.20
3614,411.00,212.20
3615,411.00,212.20
3616,411.00,211.20
3617,411.00,211.20
3618,411.00,210.20
3619,412.00,210.20
3620,412.00,209.20
3621,412.00,208.20
3622,412.00,208.20
3623,412.00,208.20
3624,412.00,207.20
3625,412.00,207.20
3626,412.00,207.20
3627,412.00,206.20
3628,412.00,205.20
3629,412.00,205.20
3630,412.00,205.20
3631,412.00,204.20
3632,412.00,204.20
3633,412.00,203.20
3634,412.00,202.20
3635,412.00,202.20
3636,413.00,201.20
3637,413.00,201.20
3638,413.00,200.20
3639,413.00,200.20
3640,413.00,200.20
3641,413.00,200.20
3642,413.00,200.20
3643,413.00,199.20
3644,413.00,198.20
3645,413.00,198.20
3646,413.00,197.20
3647,413.00,196.20
3648,413.00,195.20
3649,413.00,195.20
3650,413.00,194.20
3651,413.00,193.20
3652,413.00,193.20
3653,413.00,192.20
3654,413.00,192.20
3655,413.00,191.20
3656,413.00,190.20
3657,413.00,189.20
3658,413.00,189.20
3659,414.00,188.20
3660,414.00,188.20
3661,414.00,188.20
3662,414.00,187.20
3663,414.00,187.20
3664,414.00,186.20
3665,414.00,186.20
3666,414.00,185.20
3667,414.00,185.20
3668,415.00,185.20
3669,415.00,185.20
3670,415.00,184.20
3671,415.00,184.20
3672,415.00,183.20
3673,415.00,183.20
3674,415.00,182.20
3675,415.00,182.20
3676,415.00,181.20
3677,415.00,181.20
3678,415.00,180.20
3679,415.00,180.20
3680,415.00,179.20
3681,415.00,179.20
3682,415.00,179.20
3683,415.00,178.20
3684,416.00,178.20
3685,416.00,178.20
3686,416.00,177.20
3687,416.00,177.20
3688,416.00,177.20
3689,416.00,177.20
3690,416.00,177.20
3691,416.00,176.20
3692,416.00,176.20
3693,416.00,176.20
3694,416.00,175.20
3695,416.00,174.20
3696,416.00,174.20
3697,416.00,173.20
3698,416.00,172.20
3699,416.00,172.20
3700,416.00,171.20
3701,416.00,171.20
3702,416.00,171.20
3703,416.00,170.20
3704,416.00,170.20
3705,416.00,170.20
3706,416.00,169.20
3707,416.00,169.20
3708,416.00,168.20
3709,416.00,168.20
3710,416.00,168.20
3711,417.00,167.20
3712,417.00,166.20
3713,417.00,166.20
3714,417.00,165.20
3715,417.00,165.20
3716,417.00,164.20
3717,417.00,163.20
3718,418.00,162.20
3719,418.00,162.20
3720,418.00,161.20
3721,418.00,160.20
3722,418.00,160.20
3723,418.00,159.20
3724,418.00,159.20
3725,418.00,159.20
3726,419.00,158.20
3727,419.00,158.20
3728,419.00,157.20
3729,419.00,157.20
3730,419.00,156.20
3731,419.00,156.20
3732,419.00,156.20
3733,419.00,156.20
3734,419.00,155.20
3735,419.00,155.20
3736,419.00,155.20
3737,419.00,155.20
3738,419.00,155.20
3739,419.00,155.20
3740,419.00,154.20
3741,419.00,153.20
3742,419.00,153.20
3743,419.00,151.20
3744,419.00,149.20
3745,419.00,149.20
3746,419.00,148.20
3747,419.00,147.20
3748,419.00,146.20
3749,419.00,145.20
3750,419.00,144.20
3751,419.00,143.20
3752,419.00,142.20
3753,419.00,142.20
3754,419.00,142.20
3755,419.00,141.20
3756,420.00,140.20
3757,420.00,140.20
3758,420.00,139.20
3759,420.00,139.20
3760,420.00,139.20
3761,420.00,139.20
3762,420.00,138.20
3763,420.00,138.20
3764,420.00,138.20
3765,420.00,137.20
3766,420.00,136.20
3767,420.00,136.20
3768,420.00,135.20
3769,420.00,135.20
3770,420.00,134.20
3771,420.00,134.20
3772,420.00,133.20
3773,420.00,133.20
3774,420.00,132.20
3775,420.00,131.20
3776,420.00,131.20
3777,420.00,130.20
3778,420.00,130.20
3779,420.00,129.20
3780,420.00,128.20
3781,420.00,128.20
3782,420.00,127.20
3783,420.00,127.20
3784,421.00,127.20
3785,421.00,127.20
3786,421.00,127.20
3787,421.00,127.20
3788,421.00,125.20
3789,421.00,125.20
3790,421.00,124.20
3791,421.00,122.20
3792,421.00,122.20
3793,421.00,121.20
3794,421.00,121.20
3795,421.00,120.20
3796,421.00,120.20
3797,421.00,119.20
3798,422.00,118.20
3799,422.00,117.20
3800,422.00,116.20
3801,422.00,116.20
3802,422.00,115.20
3803,423.00,114.20
3804,423.00,113.20
3805,423.00,113.20
3806,423.00,112.20
3807,423.00,111.20
3808,423.00,110.20
3809,423.00,110.20
3810,424.00,110.20
3811,424.00,109.20
3812,424.00,109.20
3813,424.00,108.20
3814,424.00,108.20
3815,424.00,108.20
3816,424.00,107.20
3817,424.00,107.20
3818,424.00,106.20
3819,424.00,105.20
3820,425.00,105.20
3821,425.00,104.20
3822,425.00,104.20
3823,425.00,103.20
3824,425.00,102.20
3825,425.00,102.20
3826,425.00,102.20
3827,425.00,101.20
3828,425.00,101.20
3829,425.00,101.20
3830,425.00,101.20
3831,425.00,100.20
3832,425.00,100.20
3833,425.00,100.20
3834,425.00,100.20
3835,425.00,99.20
3836,425.00,99.20
3837,425.00,99.20
3838,425.00,98.20
3839,425.00,97.20
3840,425.00,96.20
3841,425.00,95.20
3842,425.00,95.20
3843,425.00,93.20
3844,425.00,93.20
3845,425.00,92.20
3846,425.00,92.20
3847,425.00,92.20
3848,425.00,92.20
3849,425.00,92.20
3850,425.00,91.20
3851,425.00,91.20
3852,425.00,91.20
3853,425.00,90.20
3854,425.00,90.20
3855,425.00,89.20
3856,425.00,89.20
3857,425.00,89.20
3858,425.00,88.20
3859,425.00,88.20
3860,425.00,87.20
3861,425.00,87.20
3862,425.00,87.20
3863,425.00,86.20
3864,425.00,86.20
3865,425.00,85.20
3866,425.00,84.20
3867,425.00,83.20
3868,425.00,82.20
3869,425.00,82.20
3870,425.00,81.20
3871,425.00,80.20
3872,425.00,80.20
3873,425.00,79.20
3874,425.00,78.20
3875,425.00,77.20
3876,425.00,77.20
3877,425.00,76.20
3878,425.00,76.20
3879,425.00,75.20
3880,425.00,74.20
3881,425.00,74.20
3882,425.00,74.20
3883,425.00,73.20
3884,425.00,73.20
3885,425.00,73.20
3886,425.00,73.20
3887,425.00,70.20
3888,425.00,68.20
3889,426.00,67.20
3890,426.00,65.20
3891,426.00,64.20
3892,426.00,63.20
3893,426.00,63.20
3894,426.00,62.20
3895,427.00,61.20
3896,427.00,61.20
3897,427.00,60.20
3898,427.00,60.20
3899,427.00,59.20
3900,427.00,58.20
3901,427.00,58.20
3902,427.00,58.20
3903,427.00,58.20
3904,427.00,57.20
3905,427.00,57.20
3906,427.00,57.20
3907,427.00,56.20
3908,428.00,55.20
3909,428.00,55.20
3910,428.00,54.20
3911,428.00,54.20
3912,428.00,53.20
3913,428.00,53.20
3914,428.00,53.20
3915,428.00,53.20
3916,428.00,52.20
3917,428.00,52.20
3918,428.00,51.20
3919,428.00,51.20
3920,428.00,51.20
3921,428.00,50.20
3922,428.00,50.20
3923,428.00,50.20
3924,428.00,50.20
3925,428.00,50.20
3926,428.00,49.20
3927,428.00,49.20
3928,428.00,49.20
3929,428.00,49.20
3930,428.00,49.20
3931,429.00,48.20
3932,429.00,48.20
3933,429.00,48.20
3934,429.00,48.20
3935,429.00,47.20
3936,429.00,47.20
3937,429.00,46.20
3938,430.00,46.20
3939,430.00,45.20
3940,430.00,45.20
3941,430.00,44.20
3942,430.00,44.20
3943,430.00,44.20
3944,430.00,44.20
3945,430.00,44.20
3946,430.00,44.20
3947,430.00,43.20
3948,430.00,43.20
3949,430.00,43.20
3950,430.00,43.20
3951,431.00,43.20
3952,431.00,43.20
3953,432.00,43.20
3954,432.00,43.20
3955,432.00,43.20
3956,432.00,43.20
3957,433.00,43.20
3958,433.00,42.20
3959,433.00,42.20
3960,434.00,42.20
3961,434.00,42.20
3962,434.00,42.20
3963,435.00,42.20
3964,435.00,42.20
3965,435.00,42.20
3966,435.00,42.20
3967,436.00,42.20
3968,436.00,41.20
3969,436.00,41.20
3970,436.00,41.20
3971,437.00,41.20
3972,437.00,41.20
3973,438.00,41.20
3974,439.00,41.20
3975,439.00,41.20
3976,439.00,41.20
3977,440.00,41.20
3978,441.00,41.20
3979,441.00,41.20
3980,442.00,41.20
3981,442.00,41.20
3982,443.00,41.20
3983,444.00,41.20
3984,445.00,41.20
3985,446.00,41.20
3986,446.00,41.20
3987,447.00,41.20
3988,448.00,41.20
3989,448.00,41.20
3990,449.00,41.20
3991,449.00,41.20
3992,450.00,41.20
3993,450.00,41.20
3994,450.00,41.20
3995,451.00,41.20
3996,451.00,41.20
3997,451.00,41.20
3998,452.00,41.20
3999,452.00,41.20
4000,452.00,41.20
4001,453.00,41.20
4002,453.00,41.20
4003,453.00,41.20
4004,453.00,41.20
4005,453.00,41.20
4006,454.00,41.20
4007,454.00,41.20
4008,454.00,41.20
4009,454.00,41.20
4010,455.00,41.20
4011,455.00,41.20
4012,455.00,41.20
4013,455.00,41.20
4014,455.00,41.20
4015,456.00,41.20
4016,456.00,41.20
4017,456.00,41.20
4018,456.00,41.20
4019,457.00,41.20
4020,457.00,41.20
4021,457.00,41.20
4022,457.00,41.20
4023,457.00,41.20
4024,458.00,41.20
4025,458.00,41.20
4026,458.00,41.20
4027,458.00,41.20
4028,458.00,41.20
4029,458.00,42.20
4030,458.00,42.20
4031,459.00,43.20
4032,459.00,43.20
4033,459.00,44.20
4034,459.00,44.20
4035,459.00,45.20
4036,459.00,46.20
4037,460.00,47.20
4038,460.00,48.20
4039,460.00,48.20
4040,460.00,49.20
4041,460.00,49.20
4042,460.00,50.20
4043,460.00,50.20
4044,460.00,51.20
4045,460.00,51.20
4046,460.00,52.20
4047,460.00,52.20
4048,460.00,52.20
4049,460.00,53.20
4050,461.00,53.20
4051,461.00,54.20
4052,461.00,55.20
4053,461.00,55.20
4054,461.00,56.20
4055,461.00,56.20
4056,461.00,57.20
4057,461.00,58.20
4058,461.00,58.20
4059,461.00,59.20
4060,461.00,59.20
4061,461.00,60.20
4062,461.00,61.20
4063,461.00,61.20
4064,461.00,61.20
4065,461.00,61.20
4066,461.00,61.20
4067,461.00,61.20
4068,461.00,61.20
4069,461.00,62.20
4070,461.00,62.20
4071,461.00,63.20
4072,461.00,64.20
4073,461.00,64.20
4074,461.00,65.20
4075,461.00,66.20
4076,461.00,67.20
4077,461.00,67.20
4078,461.00,68.20
4079,461.00,69.20
4080,461.00,69.20
4081,461.00,70.20
4082,461.00,71.20
4083,461.00,71.20
4084,461.00,72.20
4085,461.00,73.20
4086,461.00,73.20
4087,461.00,74.20
4088,461.00,74.20
4089,461.00,75.20
4090,461.00,76.20
4091,461.00,76.20
4092,461.00,77.20
4093,462.00,77.20
4094,462.00,78.20
4095,462.00,78.20
4096,462.00,79.20
4097,462.00,80.20
4098,462.00,81.20
4099,462.00,81.20
4100,462.00,82.20
4101,462.00,82.20
4102,463.00,83.20
4103,463.00,83.20
4104,463.00,84.20
4105,463.00,85.20
4106,463.00,85.20
4107,463.00,86.20
4108,463.00,88.20
4109,463.00,89.20
4110,463.00,90.20
4111,463.00,90.20
4112,463.00,91.20
4113,463.00,91.20
4114,463.00,92.20
4115,463.00,93.20
4116,463.00,93.20
4117,463.00,93.20
4118,463.00,94.20
4119,464.00,95.20
4120,464.00,96.20
4121,464.00,97.20
4122,464.00,97.20
4123,464.00,98.20
4124,464.00,99.20
4125,464.00,100.20
4126,465.00,100.20
4127,465.00,101.20
4128,465.00,101.20
4129,465.00,101.20
4130,465.00,102.20
4131,465.00,102.20
4132,465.00,103.20
4133,465.00,103.20
4134,465.00,104.20
4135,465.00,104.20
4136,465.00,105.20
4137,465.00,105.20
4138,465.00,105.20
4139,466.00,105.20
4140,466.00,106.20
4141,466.00,106.20
4142,466.00,106.20
4143,466.00,107.20
4144,466.00,107.20
4145,466.00,108.20
4146,466.00,108.20
4147,466.00,109.20
4148,466.00,109.20
4149,466.00,109.20
4150,466.00,109.20
4151,466.00,110.20
4152,466.00,112.20
4153,466.00,113.20
4154,466.00,114.20
4155,466.00,114.20
4156,466.00,115.20
4157,466.00,115.20
4158,466.00,116.20
4159,466.00,117.20
4160,466.00,118.20
4161,466.00,118.20
4162,466.00,119.20
4163,466.00,119.20
4164,466.00,120.20
4165,466.00,121.20
4166,466.00,122.20
4167,466.00,123.20
4168,466.00,123.20
4169,466.00,124.20
4170,466.00,124.20
4171,466.00,125.20
4172,466.00,126.20
4173,466.00,126.20
4174,466.00,126.20
4175,466.00,127.20
4176,466.00,127.20
4177,466.00,128.20
4178,466.00,129.20
4179,466.00,129.20
4180,466.00,130.20
4181,466.00,131.20
4182,466.00,131.20
4183,466.00,131.20
4184,466.00,131.20
4185,466.00,132.20
4186,466.00,132.20
4187,466.00,132.20
4188,466.00,132.20
4189,466.00,132.20
4190,467.00,133.20
4191,467.00,133.20
4192,467.00,134.20
4193,467.00,134.20
4194,467.00,134.20
4195,467.00,135.20
4196,467.00,136.20
4197,467.00,137.20
4198,468.00,138.20
4199,468.00,139.20
4200,468.00,140.20
4201,468.00,141.20
4202,468.00,142.20
4203,468.00,143.20
4204,469.00,143.20
4205,469.00,144.20
4206,469.00,145.20
4207,469.00,145.20
4208,469.00,146.20
4209,469.00,146.20
4210,469.00,146.20
4211,469.00,147.20
4212,469.00,147.20
4213,469.00,147.20
4214,469.00,148.20
4215,469.00,148.20
4216,469.00,148.20
4217,469.00,149.20
4218,469.00,149.20
4219,469.00,149.20
4220,469.00,150.20
4221,469.00,150.20
4222,469.00,151.20
4223,469.00,151.20
4224,469.00,152.20
4225,469.00,152.20
4226,469.00,153.20
4227,469.00,153.20
4228,469.00,154.20
4229,469.00,154.20
4230,469.00,155.20
4231,469.00,155.20
4232,469.00,155.20
4233,469.00,156.20
4234,469.00,156.20
4235,469.00,157.20
4236,469.00,157.20
4237,469.00,158.20
4238,469.00,158.20
4239,469.00,158.20
4240,469.00,159.20
4241,469.00,160.20
4242,469.00,161.20
4243,469.00,161.20
4244,469.00,161.20
4245,469.00,162.20
4246,469.00,162.20
4247,469.00,162.20
4248,470.00,162.20
4249,470.00,162.20
4250,470.00,164.20
4251,470.00,166.20
4252,471.00,167.20
4253,471.00,168.20
4254,472.00,169.20
4255,472.00,169.20
4256,472.00,169.20
4257,472.00,170.20
4258,472.00,170.20
4259,472.00,170.20
4260,472.00,171.20
4261,472.00,171.20
4262,473.00,171.20
4263,473.00,172.20
4264,473.00,172.20
4265,474.00,174.20
4266,474.00,175.20
4267,474.00,175.20
4268,475.00,176.20
4269,475.00,177.20
4270,475.00,178.20
4271,475.00,179.20
4272,475.00,179.20
4273,475.00,180.20
4274,475.00,180.20
4275,475.00,181.20
4276,475.00,181.20
4277,475.00,182.20
4278,476.00,183.20
4279,476.00,183.20
4280,476.00,184.20
4281,476.00,184.20
4282,476.00,185.20
4283,476.00,186.20
4284,476.00,186.20
4285,476.00,187.20
4286,476.00,188.20
4287,476.00,188.20
4288,476.00,189.20
4289,476.00,189.20
4290,476.00,190.20
4291,476.00,190.20
4292,476.00,191.20
4293,476.00,192.20
4294,476.00,192.20
4295,476.00,193.20
4296,476.00,193.20
4297,476.00,194.20
4298,476.00,194.20
4299,476.00,195.20
4300,476.00,195.20
4301,476.00,196.20
4302,476.00,197.20
4303,476.00,198.20
4304,476.00,198.20
4305,476.00,199.20
4306,476.00,199.20
4307,476.00,200.20
4308,476.00,200.20
4309,476.00,201.20
4310,476.00,201.20
4311,476.00,202.20
4312,476.00,203.20
4313,477.00,203.20
4314,477.00,203.20
4315,477.00,203.20
4316,477.00,204.20
4317,477.00,204.20
4318,477.00,204.20
4319,477.00,205.20
4320,477.00,205.20
4321,477.00,206.20
4322,477.00,206.20
4323,477.00,207.20
4324,477.00,207.20
4325,477.00,208.20
4326,477.00,209.20
4327,477.00,210.20
4328,477.00,211.20
4329,477.00,211.20
4330,477.00,211.20
4331,477.00,212.20
4332,477.00,212.20
4333,477.00,213.20
4334,477.00,213.20
4335,477.00,213.20
4336,477.00,214.20
4337,477.00,215.20
4338,477.00,216.20
4339,477.00,217.20
4340,477.00,217.20
4341,477.00,218.20
4342,477.00,219.20
4343,477.00,220.20
4344,477.00,220.20
4345,477.00,221.20
4346,477.00,222.20
4347,477.00,222.20
4348,477.00,223.20
4349,477.00,223.20
4350,477.00,223.20
4351,477.00,224.20
4352,478.00,224.20
4353,478.00,224.20
4354,478.00,225.20
4355,478.00,225.20
4356,478.00,225.20
4357,478.00,226.20
4358,479.00,226.20
4359,479.00,227.20
4360,479.00,227.20
4361,479.00,228.20
4362,479.00,229.20
4363,479.00,229.20
4364,479.00,230.20
4365,479.00,230.20
4366,479.00,231.20
4367,479.00,231.20
4368,480.00,232.20
4369,480.00,233.20
4370,480.00,233.20
4371,480.00,234.20
4372,480.00,234.20
4373,480.00,235.20
4374,480.00,235.20
4375,480.00,236.20
4376,480.00,236.20
4377,480.00,237.20
4378,480.00,238.20
4379,480.00,238.20
4380,480.00,239.20
4381,480.00,239.20
4382,480.00,240.20
4383,481.00,240.20
4384,481.00,241.20
4385,481.00,241.20
4386,481.00,242.20
4387,481.00,242.20
4388,481.00,243.20
4389,481.00,243.20
4390,481.00,244.20
4391,481.00,245.20
4392,482.00,245.20
4393,482.00,246.20
4394,482.00,246.20
4395,482.00,247.20
4396,482.00,248.20
4397,482.00,248.20
4398,482.00,248.20
4399,482.00,249.20
4400,483.00,250.20
4401,483.00,251.20
4402,483.00,251.20
4403,483.00,252.20
4404,483.00,253.20
4405,483.00,254.20
4406,484.00,255.20
4407,484.00,256.20
4408,484.00,257.20
4409,484.00,257.20
4410,484.00,258.20
4411,484.00,259.20
4412,484.00,260.20
4413,484.00,261.20
4414,484.00,261.20
4415,484.00,262.20
4416,484.00,262.20
4417,484.00,263.20
4418,484.00,263.20
4419,484.00,263.20
4420,484.00,263.20
4421,485.00,263.20
4422,485.00,263.20
4423,485.00,265.20
4424,485.00,265.20
4425,485.00,266.20
4426,485.00,267.20
4427,485.00,268.20
4428,485.00,268.20
4429,485.00,269.20
4430,485.00,269.20
4431,485.00,269.20
4432,485.00,269.20
4433,485.00,269.20
4434,485.00,270.20
4435,485.00,270.20
4436,485.00,270.20
4437,485.00,271.20
4438,485.00,271.20
4439,485.00,272.20
4440,485.00,273.20
4441,485.00,273.20
4442,486.00,273.20
4443,486.00,274.20
4444,486.00,274.20
4445,486.00,274.20
4446,486.00,274.20
4447,486.00,275.20
4448,486.00,275.20
4449,486.00,275.20
4450,486.00,276.20
4451,487.00,276.20
4452,487.00,277.20
4453,487.00,278.20
4454,487.00,279.20
4455,487.00,280.20
4456,487.00,281.20
4457,487.00,281.20
4458,488.00,282.20
4459,488.00,283.20
4460,488.00,283.20
4461,488.00,284.20
4462,488.00,284.20
4463,488.00,285.20
4464,488.00,285.20
4465,488.00,286.20
4466,488.00,286.20
4467,488.00,287.20
4468,488.00,287.20
4469,488.00,287.20
4470,488.00,288.20
4471,488.00,288.20
4472,488.00,288.20
4473,489.00,289.20
4474,489.00,289.20
4475,489.00,289.20
4476,489.00,289.20
4477,489.00,290.20
4478,489.00,290.20
4479,490.00,290.20
4480,490.00,291.20
4481,490.00,291.20
4482,491.00,291.20
4483,491.00,292.20
4484,491.00,292.20
4485,491.00,292.20
4486,492.00,292.20
4487,492.00,292.20
4488,492.00,293.20
4489,492.00,293.20
4490,492.00,293.20
4491,492.00,293.20
4492,493.00,293.20
4493,493.00,293.20
4494,493.00,294.20
4495,493.00,294.20
4496,493.00,294.20
4497,493.00,294.20
4498,493.00,294.20
4499,493.00,294.20
4500,494.00,294.20
4501,494.00,294.20
4502,494.00,294.20
4503,494.00,294.20
4504,494.00,295.20
4505,494.00,295.20
4506,494.00,295.20
4507,495.00,295.20
4508,495.00,295.20
4509,495.00,295.20
4510,495.00,295.20
4511,495.00,295.20
4512,495.00,295.20
4513,496.00,295.20
4514,496.00,295.20
4515,496.00,295.20
4516,496.00,295.20
4517,496.00,296.20
4518,497.00,296.20
4519,497.00,296.20
4520,497.00,296.20
4521,497.00,296.20
4522,497.00,296.20
4523,498.00,296.20
4524,498.00,296.20
4525,498.00,296.20
4526,498.00,296.20
4527,498.00,296.20
4528,499.00,296.20
4529,499.00,296.20
4530,499.00,296.20
4531,500.00,296.20
4532,500.00,296.20
4533,501.00,296.20
4534,501.00,296.20
4535,501.00,296.20
4536,502.00,296.20
4537,502.00,295.20
4538,503.00,295.20
4539,503.00,294.20
4540,504.00,294.20
4541,504.00,294.20
4542,505.00,294.20
4543,505.00,293.20
4544,505.00,293.20
4545,506.00,293.20
4546,506.00,292.20
4547,506.00,292.20
4548,506.00,292.20
4549,506.00,292.20
4550,507.00,292.20
4551,507.00,291.20
4552,507.00,291.20
4553,507.00,291.20
4554,508.00,291.20
4555,508.00,290.20
4556,508.00,290.20
4557,508.00,290.20
4558,509.00,289.20
4559,509.00,289.20
4560,509.00,289.20
4561,509.00,289.20
4562,509.00,289.20
4563,509.00,289.20
4564,510.00,289.20
4565,510.00,289.20
4566,510.00,288.20
4567,510.00,288.20
4568,511.00,288.20
4569,511.00,288.20
4570,511.00,288.20
4571,511.00,288.20
4572,512.00,288.20
4573,512.00,288.20
4574,512.00,288.20
4575,512.00,288.20
4576,513.00,288.20
4577,513.00,288.20
4578,513.00,288.20
4579,513.00,288.20
4580,513.00,287.20
4581,514.00,287.20
4582,514.00,287.20
4583,514.00,287.20
4584,515.00,287.20
4585,515.00,287.20
4586,516.00,287.20
4587,516.00,287.20
4588,517.00,287.20
4589,517.00,287.20
4590,517.00,287.20
4591,518.00,287.20
4592,518.00,287.20
4593,518.00,287.20
4594,519.00,287.20
4595,519.00,287.20
4596,520.00,287.20
4597,520.00,287.20
4598,520.00,287.20
4599,520.00,287.20
4600,520.00,287.20
4601,520.00,287.20
4602,521.00,288.20
4603,521.00,288.20
4604,521.00,288.20
4605,522.00,289.20
4606,522.00,289.20
4607,522.00,289.20
4608,522.00,289.20
4609,522.00,289.20
4610,522.00,289.20
4611,522.00,289.20
4612,522.00,290.20
4613,522.00,290.20
4614,523.00,290.20
4615,523.00,290.20
4616,523.00,291.20
4617,523.00,291.20
4618,524.00,291.20
4619,524.00,292.20
4620,524.00,292.20
4621,524.00,292.20
4622,524.00,292.20
4623,525.00,292.20
4624,525.00,292.20
4625,525.00,293.20
4626,525.00,293.20
4627,525.00,293.20
4628,526.00,293.20
4629,526.00,294.20
4630,526.00,294.20
4631,527.00,294.20
4632,527.00,295.20
4633,528.00,295.20
4634,528.00,295.20
4635,528.00,296.20
4636,529.00,296.20
4637,529.00,296.20
4638,529.00,297.20
4639,529.00,297.20
4640,529.00,297.20
4641,530.00,297.20
4642,530.00,297.20
4643,530.00,297.20
4644,530.00,298.20
4645,530.00,298.20
4646,531.00,298.20
4647,531.00,298.20
4648,531.00,299.20
4649,531.00,299.20
4650,531.00,299.20
4651,532.00,299.20
4652,532.00,299.20
4653,532.00,299.20
4654,532.00,300.20
4655,532.00,300.20
4656,532.00,300.20
4657,532.00,300.20
4658,533.00,300.20
4659,533.00,301.20
4660,533.00,301.20
4661,533.00,301.20
4662,533.00,302.20
4663,533.00,302.20
4664,534.00,302.20
4665,534.00,302.20
4666,534.00,302.20
4667,534.00,302.20
4668,534.00,302.20
4669,535.00,303.20
4670,535.00,303.20
4671,535.00,303.20
4672,535.00,303.20
4673,536.00,303.20
4674,536.00,303.20
4675,536.00,303.20
4676,536.00,304.20
4677,537.00,304.20
4678,537.00,304.20
4679,537.00,304.20
4680,537.00,304.20
4681,538.00,304.20
4682,538.00,304.20
4683,538.00,304.20
4684,538.00,304.20
4685,539.00,304.20
4686,539.00,304.20
4687,539.00,304.20
4688,539.00,304.20
4689,540.00,304.20
4690,540.00,304.20
4691,540.00,304.20
4692,540.00,304.20
4693,541.00,304.20
4694,541.00,303.20
4695,541.00,303.20
4696,541.00,303.20
4697,541.00,302.20
4698,542.00,302.20
4699,542.00,302.20
4700,542.00,302.20
4701,542.00,301.20
4702,542.00,301.20
4703,542.00,301.20
4704,543.00,301.20
4705,543.00,300.20
4706,543.00,300.20
4707,543.00,300.20
4708,543.00,300.20
4709,543.00,300.20
4710,543.00,299.20
4711,543.00,299.20
4712,544.00,299.20
4713,544.00,299.20
4714,544.00,298.20
4715,544.00,298.20
4716,544.00,298.20
4717,545.00,297.20
4718,545.00,297.20
4719,545.00,297.20
4720,545.00,297.20
4721,545.00,297.20
4722,545.00,296.20
4723,545.00,296.20
4724,545.00,296.20
4725,545.00,295.20
4726,545.00,295.20
4727,546.00,294.20
4728,546.00,294.20
4729,546.00,294.20
4730,546.00,293.20
4731,547.00,293.20
4732,547.00,292.20
4733,547.00,292.20
4734,548.00,291.20
4735,548.00,290.20
4736,548.00,290.20
4737,549.00,289.20
4738,549.00,289.20
4739,549.00,288.20
4740,549.00,288.20
4741,549.00,288.20
4742,550.00,287.20
4743,550.00,287.20
4744,550.00,287.20
4745,550.00,286.20
4746,550.00,286.20
4747,551.00,285.20
4748,551.00,285.20
4749,551.00,284.20
4750,551.00,284.20
4751,551.00,284.20
4752,551.00,283.20
4753,551.00,282.20
4754,551.00,282.20
4755,551.00,281.20
4756,551.00,281.20
4757,551.00,281.20
4758,551.00,280.20
4759,551.00,280.20
4760,551.00,280.20
4761,552.00,279.20
4762,552.00,279.20
4763,552.00,279.20
4764,552.00,277.20
4765,552.00,276.20
4766,552.00,275.20
4767,552.00,275.20
4768,552.00,274.20
4769,553.00,272.20
4770,553.00,271.20
4771,553.00,271.20
4772,553.00,271.20
4773,553.00,270.20
4774,553.00,269.20
4775,553.00,269.20
4776,554.00,269.20
4777,554.00,268.20
4778,554.00,268.20
4779,554.00,267.20
4780,554.00,267.20
4781,554.00,267.20
4782,554.00,266.20
4783,554.00,266.20
4784,554.00,266.20
4785,554.00,265.20
4786,554.00,265.20
4787,554.00,264.20
4788,554.00,264.20
4789,554.00,264.20
4790,554.00,264.20
4791,554.00,263.20
4792,554.00,263.20
4793,554.00,263.20
4794,554.00,262.20
4795,554.00,260.20
4796,554.00,259.20
4797,554.00,258.20
4798,554.00,257.20
4799,554.00,256.20
4800,554.00,255.20
4801,554.00,255.20
4802,554.00,254.20
4803,554.00,254.20
4804,554.00,254.20
4805,554.00,253.20
4806,554.00,253.20
4807,555.00,252.20
4808,555.00,252.20
4809,555.00,251.20
4810,555.00,251.20
4811,555.00,251.20
4812,555.00,250.20
4813,556.00,249.20
4814,556.00,248.20
4815,556.00,247.20
4816,556.00,247.20
4817,556.00,247.20
4818,556.00,246.20
4819,556.00,246.20
4820,556.00,245.20
4821,556.00,245.20
4822,556.00,245.20
4823,556.00,244.20
4824,556.00,244.20
4825,556.00,243.20
4826,556.00,242.20
4827,556.00,242.20
4828,556.00,241.20
4829,556.00,241.20
4830,556.00,241.20
4831,556.00,241.20
4832,556.00,240.20
4833,557.00,240.20
4834,557.00,240.20
4835,557.00,240.20
4836,557.00,239.20
4837,557.00,238.20
4838,557.00,238.20
4839,558.00,238.20
4840,558.00,237.20
4841,558.00,237.20
4842,558.00,237.20
4843,558.00,236.20
4844,558.00,235.20
4845,558.00,234.20
4846,558.00,233.20
4847,558.00,233.20
4848,558.00,232.20
4849,558.00,232.20
4850,558.00,231.20
4851,558.00,230.20
4852,558.00,230.20
4853,558.00,229.20
4854,558.00,229.20
4855,558.00,229.20
4856,558.00,228.20
4857,558.00,228.20
4858,558.00,228.20
4859,558.00,228.20
4860,558.00,228.20
4861,558.00,227.20
4862,559.00,225.20
4863,560.00,223.20
4864,560.00,221.20
4865,561.00,220.20
4866,561.00,219.20
4867,561.00,218.20
4868,562.00,217.20
4869,562.00,216.20
4870,562.00,215.20
4871,562.00,215.20
4872,562.00,214.20
4873,562.00,214.20
4874,562.00,213.20
4875,562.00,212.20
4876,563.00,212.20
4877,563.00,212.20
4878,563.00,211.20
4879,563.00,211.20
4880,563.00,211.20
4881,563.00,210.20
4882,563.00,209.20
4883,563.00,208.20
4884,563.00,207.20
4885,563.00,206.20
4886,563.00,206.20
4887,563.00,205.20
4888,563.00,204.20
4889,563.00,203.20
4890,563.00,202.20
4891,563.00,202.20
4892,563.00,201.20
4893,563.00,200.20
4894,563.00,200.20
4895,563.00,199.20
4896,563.00,199.20
4897,563.00,198.20
4898,563.00,197.20
4899,563.00,196.20
4900,563.00,195.20
4901,563.00,194.20
4902,563.00,194.20
4903,563.00,193.20
4904,563.00,192.20
4905,563.00,192.20
4906,563.00,191.20
4907,563.00,191.20
4908,563.00,191.20
4909,563.00,190.20
4910,563.00,189.20
4911,563.00,187.20
4912,563.00,187.20
4913,563.00,186.20
4914,563.00,186.20
4915,563.00,186.20
4916,563.00,185.20
4917,563.00,184.20
4918,563.00,183.20
4919,563.00,182.20
4920,563.00,181.20
4921,563.00,179.20
4922,563.00,177.20
4923,564.00,176.20
4924,564.00,175.20
4925,565.00,174.20
4926,565.00,172.20
4927,565.00,172.20
4928,565.00,171.20
4929,566.00,170.20
4930,566.00,169.20
4931,566.00,168.20
4932,566.00,167.20
4933,566.00,166.20
4934,567.00,165.20
4935,567.00,165.20
4936,567.00,165.20
4937,567.00,164.20
4938,567.00,164.20
4939,567.00,164.20
4940,567.00,163.20
4941,567.00,163.20
4942,567.00,162.20
4943,567.00,162.20
4944,567.00,162.20
4945,567.00,161.20
4946,567.00,161.20
4947,567.00,161.20
4948,567.00,160.20
4949,567.00,160.20
4950,567.00,160.20
4951,567.00,159.20
4952,567.00,158.20
4953,567.00,157.20
4954,567.00,156.20
4955,567.00,155.20
4956,567.00,155.20
4957,567.00,154.20
4958,567.00,154.20
4959,567.00,153.20
4960,567.00,152.20
4961,567.00,152.20
4962,567.00,151.20
4963,567.00,150.20
4964,567.00,149.20
4965,567.00,148.20
4966,567.00,147.20
4967,567.00,147.20
4968,567.00,147.20
4969,567.00,146.20
4970,567.00,146.20
4971,567.00,145.20
4972,567.00,145.20
4973,567.00,144.20
4974,567.00,143.20
4975,567.00,143.20
4976,567.00,142.20
4977,567.00,142.20
4978,567.00,142.20
4979,567.00,141.20
4980,567.00,140.20
4981,567.00,138.20
4982,567.00,137.20
4983,567.00,137.20
4984,567.00,137.20
4985,567.00,137.20
4986,567.00,136.20
4987,567.00,134.20
4988,567.00,132.20
4989,567.00,130.20
4990,567.00,129.20
4991,567.00,128.20
4992,567.00,128.20
4993,568.00,128.20
4994,568.00,128.20
4995,568.00,127.20
4996,568.00,126.20
4997,568.00,124.20
4998,568.00,123.20
4999,569.00,122.20
5000,569.00,121.20
5001,569.00,120.20
5002,569.00,120.20
5003,570.00,119.20
5004,570.00,119.20
5005,570.00,118.20
5006,570.00,118.20
5007,570.00,117.20
5008,570.00,117.20
5009,570.00,116.20
5010,571.00,115.20
5011,571.00,115.20
5012,571.00,115.20
5013,571.00,114.20
5014,571.00,114.20
5015,571.00,114.20
5016,571.00,113.20
5017,571.00,113.20
5018,571.00,113.20
5019,571.00,112.20
5020,571.00,111.20
5021,572.00,111.20
5022,572.00,110.20
5023,572.00,109.20
5024,572.00,109.20
5025,572.00,108.20
5026,572.00,108.20
5027,572.00,108.20
5028,572.00,107.20
5029,572.00,107.20
5030,572.00,106.20
5031,572.00,105.20
5032,572.00,104.20
5033,572.00,103.20
5034,572.00,102.20
5035,572.00,102.20
5036,572.00,101.20
5037,572.00,101.20
5038,572.00,100.20
5039,572.00,100.20
5040,572.00,100.20
5041,572.00,100.20
5042,573.00,100.20
5043,573.00,100.20
5044,573.00,99.20
5045,573.00,99.20
5046,573.00,97.20
5047,573.00,96.20
5048,573.00,96.20
5049,573.00,95.20
5050,573.00,95.20
5051,573.00,95.20
5052,573.00,94.20
5053,573.00,93.20
5054,573.00,92.20
5055,573.00,92.20
5056,573.00,91.20
5057,573.00,90.20
5058,573.00,89.20
5059,573.00,89.20
5060,573.00,88.20
5061,573.00,88.20
5062,573.00,87.20
5063,573.00,86.20
5064,573.00,86.20
5065,573.00,85.20
5066,573.00,85.20
5067,573.00,85.20
5068,573.00,84.20
5069,574.00,83.20
5070,574.00,83.20
5071,574.00,82.20
5072,574.00,82.20
5073,574.00,81.20
5074,574.00,81.20
5075,574.00,81.20
5076,574.00,80.20
5077,574.00,80.20
5078,574.00,80.20
5079,574.00,80.20
5080,574.00,79.20
5081,574.00,79.20
5082,575.00,78.20
5083,575.00,77.20
5084,575.00,77.20
5085,575.00,76.20
5086,575.00,76.20
5087,575.00,75.20
5088,575.00,75.20
5089,575.00,74.20
5090,575.00,73.20
5091,575.00,72.20
5092,575.00,71.20
5093,575.00,70.20
5094,575.00,70.20
5095,575.00,69.20
5096,575.00,69.20
5097,575.00,68.20
5098,575.00,67.20
5099,576.00,67.20
5100,576.00,66.20
5101,576.00,66.20
5102,576.00,65.20
5103,576.00,65.20
5104,576.00,65.20
5105,576.00,65.20
5106,576.00,64.20
5107,576.00,63.20
5108,576.00,63.20
5109,576.00,62.20
5110,576.00,62.20
5111,576.00,61.20
5112,576.00,61.20
5113,576.00,61.20
5114,576.00,60.20
5115,576.00,60.20
5116,576.00,59.20
5117,576.00,59.20
5118,576.00,57.20
5119,576.00,57.20
5120,576.00,57.20
5121,576.00,56.20
5122,576.00,56.20
5123,576.00,55.20
5124,576.00,55.20
5125,576.00,55.20
5126,576.00,54.20
5127,576.00,54.20
5128,576.00,54.20
5129,576.00,54.20
5130,576.00,53.20
5131,576.00,53.20
5132,576.00,52.20
5133,576.00,52.20
5134,577.00,52.20
5135,577.00,52.20
5136,577.00,52.20
5137,577.00,51.20
5138,577.00,50.20
5139,577.00,50.20
5140,577.00,50.20
5141,577.00,49.20
5142,577.00,49.20
5143,577.00,49.20
5144,578.00,48.20
5145,578.00,48.20
5146,578.00,48.20
5147,578.00,48.20
5148,578.00,48.20
5149,578.00,47.20
5150,578.00,47.20
5151,578.00,47.20
5152,578.00,47.20
5153,578.00,46.20
5154,578.00,46.20
5155,578.00,46.20
5156,578.00,45.20
5157,578.00,45.20
5158,578.00,45.20
5159,578.00,45.20
5160,578.00,44.20
5161,578.00,44.20
5162,578.00,44.20
5163,578.00,43.20
5164,578.00,43.20
5165,578.00,43.20
5166,578.00,42.20
5167,578.00,42.20
5168,579.00,42.20
5169,579.00,42.20
5170,580.00,42.20
5171,580.00,42.20
5172,581.00,42.20
5173,581.00,42.20
5174,582.00,42.20
5175,582.00,42.20
5176,582.00,42.20
5177,583.00,42.20
5178,583.00,41.20
5179,584.00,41.20
5180,584.00,41.20
5181,584.00,41.20
5182,585.00,41.20
5183,585.00,41.20
5184,585.00,41.20
5185,586.00,41.20
5186,586.00,41.20
5187,586.00,41.20
5188,587.00,41.20
5189,587.00,41.20
5190,587.00,41.20
5191,588.00,41.20
5192,588.00,41.20
5193,589.00,41.20
5194,590.00,41.20
5195,590.00,41.20
5196,590.00,41.20
5197,591.00,41.20
5198,591.00,42.20
5199,592.00,42.20
5200,592.00,42.20
5201,592.00,42.20
5202,592.00,42.20
5203,593.00,42.20
5204,594.00,42.20
5205,594.00,42.20
5206,594.00,42.20
5207,595.00,42.20
5208,595.00,42.20
5209,596.00,42.20
5210,597.00,42.20
5211,597.00,42.20
5212,598.00,42.20
5213,598.00,42.20
5214,599.00,42.20
5215,599.00,42.20
5216,600.00,42.20
5217,600.00,42.20
5218,601.00,42.20
5219,601.00,42.20
5220,602.00,42.20
5221,602.00,42.20
5222,603.00,42.20
5223,603.00,42.20
5224,603.00,42.20
5225,604.00,42.20
5226,604.00,42.20
5227,604.00,42.20
5228,604.00,42.20
5229,605.00,42.20
5230,605.00,42.20
5231,605.00,42.20
5232,605.00,42.20
5233,605.00,42.20
5234,605.00,43.20
5235,605.00,44.20
5236,605.00,44.20
5237,605.00,45.20
5238,605.00,46.20
5239,606.00,46.20
5240,606.00,47.20
5241,606.00,47.20
5242,606.00,47.20
5243,606.00,48.20
5244,606.00,48.20
5245,606.00,49.20
5246,606.00,49.20
5247,607.00,50.20
5248,607.00,50.20
5249,607.00,51.20
5250,607.00,52.20
5251,607.00,52.20
5252,607.00,53.20
5253,607.00,53.20
5254,607.00,54.20
5255,607.00,54.20
5256,608.00,54.20
5257,608.00,55.20
5258,608.00,55.20
5259,608.00,56.20
5260,608.00,56.20
5261,608.00,56.20
5262,608.00,57.20
5263,608.00,57.20
5264,608.00,58.20
5265,608.00,58.20
5266,608.00,59.20
5267,608.00,59.20
5268,608.00,60.20
5269,608.00,61.20
5270,608.00,62.20
5271,608.00,63.20
5272,608.00,63.20
5273,608.00,64.20
5274,608.00,65.20
5275,608.00,66.20
5276,608.00,67.20
5277,609.00,68.20
5278,609.00,69.20
5279,609.00,70.20
5280,609.00,70.20
5281,609.00,71.20
5282,609.00,72.20
5283,609.00,73.20
5284,610.00,74.20
5285,610.00,74.20
5286,610.00,75.20
5287,610.00,76.20
5288,610.00,77.20
5289,610.00,78.20
5290,611.00,78.20
5291,611.00,79.20
5292,611.00,80.20
5293,611.00,81.20
5294,611.00,81.20
5295,612.00,82.20
5296,612.00,83.20
5297,612.00,84.20
5298,612.00,84.20
5299,612.00,85.20
5300,612.00,86.20
5301,612.00,86.20
5302,612.00,87.20
5303,612.00,87.20
5304,612.00,87.20
5305,613.00,87.20
5306,613.00,87.20
5307,613.00,87.20
5308,613.00,88.20
5309,613.00,89.20
5310,613.00,90.20
5311,613.00,90.20
5312,614.00,91.20
5313,614.00,92.20
5314,614.00,93.20
5315,614.00,93.20
5316,614.00,94.20
5317,614.00,94.20
5318,614.00,95.20
5319,614.00,96.20
5320,614.00,96.20
5321,614.00,97.20
5322,614.00,98.20
5323,615.00,98.20
5324,615.00,99.20
5325,615.00,100.20
5326,615.00,100.20
5327,615.00,100.20
5328,615.00,101.20
5329,615.00,101.20
5330,615.00,102.20
5331,615.00,102.20
5332,615.00,102.20
5333,615.00,102.20
5334,615.00,103.20
5335,615.00,104.20
5336,615.00,104.20
5337,615.00,106.20
5338,615.00,106.20
5339,615.00,107.20
5340,615.00,108.20
5341,616.00,109.20
5342,616.00,109.20
5343,616.00,110.20
5344,616.00,110.20
5345,616.00,111.20
5346,616.00,111.20
5347,616.00,112.20
5348,616.00,112.20
5349,616.00,113.20
5350,616.00,113.20
5351,617.00,113.20
5352,617.00,113.20
5353,617.00,114.20
5354,617.00,114.20
5355,617.00,114.20
5356,617.00,115.20
5357,617.00,115.20
5358,617.00,116.20
5359,617.00,116.20
5360,617.00,116.20
5361,617.00,117.20
5362,617.00,118.20
5363,617.00,119.20
5364,617.00,119.20
5365,617.00,120.20
5366,617.00,121.20
5367,617.00,122.20
5368,617.00,122.20
5369,617.00,123.20
5370,617.00,123.20
5371,617.00,124.20
5372,617.00,124.20
5373,617.00,125.20
5374,617.00,125.20
5375,617.00,125.20
5376,617.00,126.20
5377,617.00,126.20
5378,617.00,127.20
5379,617.00,127.20
5380,617.00,128.20
5381,617.00,128.20
5382,617.00,129.20
5383,617.00,129.20
5384,617.00,129.20
5385,618.00,130.20
5386,618.00,130.20
5387,618.00,131.20
5388,618.00,131.20
5389,618.00,132.20
5390,618.00,133.20
5391,618.00,135.20
5392,618.00,136.20
5393,618.00,137.20
5394,618.00,138.20
5395,618.00,139.20
5396,618.00,140.20
5397,618.00,140.20
5398,618.00,141.20
5399,618.00,142.20
5400,618.00,143.20
5401,618.00,144.20
5402,618.00,144.20
5403,618.00,145.20
5404,618.00,145.20
5405,618.00,145.20
5406,618.00,145.20
5407,618.00,145.20
5408,618.00,146.20
5409,618.00,146.20
5410,618.00,146.20
5411,617.00,147.20
5412,617.00,147.20
5413,618.00,147.20
5414,618.00,148.20
5415,618.00,149.20
5416,618.00,150.20
5417,618.00,151.20
5418,618.00,151.20
5419,618.00,152.20
5420,618.00,153.20
5421,618.00,153.20
5422,618.00,154.20
5423,618.00,155.20
5424,618.00,156.20
5425,618.00,156.20
5426,618.00,157.20
5427,618.00,158.20
5428,618.00,159.20
5429,618.00,159.20
5430,618.00,160.20
5431,618.00,160.20
5432,618.00,161.20
5433,618.00,162.20
5434,618.00,163.20
5435,618.00,164.20
5436,618.00,164.20
5437,618.00,165.20
5438,618.00,165.20
5439,618.00,166.20
5440,618.00,166.20
5441,618.00,167.20
5442,618.00,167.20
5443,618.00,168.20
5444,618.00,168.20
5445,618.00,169.20
5446,619.00,169.20
5447,619.00,170.20
5448,619.00,170.20
5449,619.00,171.20
5450,619.00,171.20
5451,619.00,172.20
5452,619.00,173.20
5453,619.00,173.20
5454,620.00,174.20
5455,620.00,174.20
5456,620.00,175.20
5457,620.00,176.20
5458,620.00,176.20
5459,620.00,177.20
5460,621.00,178.20
5461,621.00,178.20
5462,621.00,178.20
5463,621.00,179.20
5464,621.00,180.20
5465,621.00,180.20
5466,621.00,181.20
5467,621.00,181.20
5468,622.00,182.20
5469,622.00,183.20
5470,622.00,183.20
5471,622.00,183.20
5472,622.00,183.20
5473,622.00,185.20
5474,622.00,186.20
5475,622.00,186.20
5476,622.00,188.20
5477,622.00,188.20
5478,622.00,190.20
5479,622.00,190.20
5480,622.00,191.20
5481,622.00,191.20
5482,622.00,192.20
5483,622.00,192.20
5484,622.00,193.20
5485,622.00,194.20
5486,622.00,194.20
5487,622.00,195.20
5488,622.00,196.20
5489,622.00,196.20
5490,622.00,197.20
5491,622.00,197.20
5492,622.00,198.20
5493,622.00,199.20
5494,623.00,199.20
5495,623.00,200.20
5496,623.00,200.20
5497,623.00,201.20
5498,623.00,202.20
5499,623.00,202.20
5500,623.00,203.20
5501,623.00,203.20
5502,624.00,204.20
5503,624.00,204.20
5504,624.00,205.20
5505,624.00,206.20
5506,624.00,206.20
5507,624.00,207.20
5508,624.00,207.20
5509,625.00,207.20
5510,625.00,208.20
5511,625.00,208.20
5512,625.00,209.20
5513,625.00,209.20
5514,625.00,210.20
5515,625.00,210.20
5516,625.00,211.20
5517,625.00,211.20
5518,625.00,212.20
5519,625.00,212.20
5520,625.00,213.20
5521,626.00,213.20
5522,626.00,214.20
5523,626.00,214.20
5524,626.00,214.20
5525,626.00,215.20
5526,626.00,215.20
5527,626.00,216.20
5528,626.00,216.20
5529,626.00,216.20
5530,626.00,217.20
5531,626.00,217.20
5532,626.00,218.20
5533,626.00,219.20
5534,626.00,220.20
5535,626.00,221.20
5536,626.00,222.20
5537,626.00,222.20
5538,626.00,223.20
5539,626.00,224.20
5540,626.00,225.20
5541,626.00,226.20
5542,626.00,227.20
5543,626.00,227.20
5544,626.00,228.20
5545,626.00,228.20
5546,626.00,229.20
5547,626.00,229.20
5548,626.00,230.20
5549,626.00,230.20
5550,627.00,230.20
5551,627.00,231.20
5552,627.00,231.20
5553,627.00,232.20
5554,628.00,232.20
5555,628.00,233.20
5556,628.00,233.20
5557,628.00,234.20
5558,628.00,234.20
5559,629.00,235.20
5560,629.00,235.20
5561,629.00,235.20
5562,629.00,236.20
5563,629.00,236.20
5564,629.00,237.20
5565,630.00,237.20
5566,630.00,238.20
5567,630.00,238.20
5568,630.00,239.20
5569,630.00,239.20
5570,630.00,240.20
5571,630.00,240.20
5572,630.00,240.20
5573,630.00,240.20
5574,630.00,240.20
5575,630.00,241.20
5576,630.00,241.20
5577,630.00,242.20
5578,630.00,243.20
5579,630.00,244.20
5580,630.00,244.20
5581,630.00,245.20
5582,630.00,246.20
5583,630.00,247.20
5584,631.00,248.20
5585,631.00,248.20
5586,631.00,249.20
5587,631.00,250.20
5588,631.00,250.20
5589,631.00,251.20
5590,631.00,252.20
5591,632.00,252.20
5592,632.00,253.20
5593,632.00,253.20
5594,632.00,254.20
5595,632.00,254.20
5596,632.00,255.20
5597,633.00,255.20
5598,633.00,255.20
5599,633.00,256.20
5600,633.00,256.20
5601,633.00,257.20
5602,634.00,258.20
5603,634.00,259.20
5604,634.00,260.20
5605,634.00,260.20
5606,634.00,261.20
5607,635.00,261.20
5608,635.00,262.20
5609,635.00,262.20
5610,635.00,262.20
5611,635.00,262.20
5612,635.00,263.20
5613,635.00,263.20
5614,635.00,264.20
5615,635.00,264.20
5616,636.00,265.20
5617,636.00,265.20
5618,636.00,266.20
5619,636.00,266.20
5620,636.00,267.20
5621,636.00,267.20
5622,636.00,267.20
5623,636.00,268.20
5624,636.00,268.20
5625,637.00,268.20
5626,637.00,268.20
5627,637.00,268.20
5628,637.00,268.20
5629,637.00,269.20
5630,637.00,269.20
5631,637.00,269.20
5632,638.00,270.20
5633,638.00,270.20
5634,638.00,270.20
5635,639.00,270.20
5636,639.00,270.20
5637,639.00,271.20
5638,639.00,271.20
5639,640.00,272.20
5640,640.00,272.20
5641,640.00,272.20
5642,640.00,273.20
5643,641.00,273.20

matched_data
index,target_x,target_y,user_x,user_y,offset_px
0,60.00,336.46,60.00,335.20,0.38
1,61.50,331.70,62.00,326.20,1.04
2,63.00,326.48,63.00,322.20,1.11
3,64.50,320.91,64.00,318.20,1.16
4,66.00,315.10,65.00,315.20,0.94
5,67.50,309.16,67.00,309.20,0.48
6,69.00,303.19,67.00,305.20,1.45
7,70.50,297.29,68.00,302.20,1.21
8,72.00,291.54,70.00,299.20,0.01
9,73.50,286.02,71.00,295.20,0.04
10,75.00,280.79,72.00,284.20,1.94
11,76.50,275.91,74.00,280.20,1.13
12,78.00,271.41,75.00,274.20,1.96
13,79.50,267.32,78.00,267.20,1.45
14,81.00,263.66,81.00,263.20,0.19
15,82.50,260.42,84.00,258.20,0.28
16,84.00,257.59,86.00,254.20,0.14
17,85.50,255.15,88.00,251.20,0.40
18,87.00,253.04,91.00,248.20,0.35
19,88.50,251.22,94.00,244.20,1.30
20,90.00,249.64,97.00,240.20,1.83
21,91.50,248.21,99.00,234.20,3.39
22,93.00,246.86,101.00,230.20,3.23
23,94.50,245.52,105.00,223.20,1.83
24,96.00,244.09,108.00,218.20,0.34
25,97.50,242.49,109.00,214.20,0.38
26,99.00,240.63,111.00,208.20,0.21
27,100.50,238.42,111.00,201.20,1.23
28,102.00,235.79,112.00,197.20,1.01
29,103.50,232.64,115.00,189.20,0.51
30,105.00,228.93,116.00,186.20,0.99
31,106.50,224.58,117.00,181.20,1.16
32,108.00,219.54,117.00,174.20,0.06
33,109.50,213.79,118.00,169.20,0.31
34,111.00,207.29,119.00,164.20,0.57
35,112.50,200.02,120.00,158.20,0.73
36,114.00,192.01,120.00,150.20,0.37
37,115.50,183.26,121.00,143.20,0.30
38,117.00,173.80,122.00,135.20,0.34
39,118.50,163.68,123.00,131.20,0.14
40,120.00,152.97,124.00,123.20,0.14
41,121.50,141.74,126.00,113.20,0.89
42,123.00,130.09,126.00,104.20,0.21
43,124.50,118.10,127.00,95.20,0.30
44,126.00,105.89,128.00,90.20,0.08
45,127.50,93.59,129.00,84.20,0.35
46,129.00,81.32,129.00,78.20,0.38
47,130.50,69.22,130.00,73.20,0.01
48,132.00,57.42,131.00,68.20,0.37
49,133.50,46.06,133.00,58.20,1.09
50,135.00,42.00,133.00,54.20,0.57
51,136.50,42.00,134.00,50.20,1.04
52,138.00,42.00,134.00,46.20,0.51
53,139.50,42.00,134.00,43.20,0.52
54,141.00,42.00,137.00,42.20,0.20
55,142.50,42.00,140.00,41.20,0.80
56,144.00,42.00,143.00,41.20,0.80
57,145.50,42.00,149.00,41.20,0.80
58,147.00,42.00,154.00,41.20,0.80
59,148.50,42.00,157.00,41.20,0.80
60,150.00,42.00,159.00,44.20,2.07
61,151.50,42.00,161.00,45.20,0.44
62,153.00,42.00,163.00,49.20,0.75
63,154.50,42.00,164.00,53.20,1.29
64,156.00,42.00,165.00,59.20,1.61
65,157.50,42.00,165.00,65.20,0.98
66,159.00,42.00,165.00,70.20,0.45
67,160.50,42.00,165.00,77.20,0.27
68,162.00,47.02,165.00,82.20,0.77
69,163.50,60.30,166.00,89.20,0.48
70,165.00,74.47,168.00,94.20,1.03
71,166.50,89.39,168.00,99.20,0.55
72,168.00,104.91,168.00,105.20,0.03
73,169.50,120.89,168.00,110.20,0.49
74,171.00,137.17,168.00,113.20,0.77
75,172.50,153.58,169.00,117.20,0.15
76,174.00,169.97,169.00,120.20,0.43
77,175.50,186.19,170.00,125.20,0.10
78,177.00,202.09,171.00,131.20,0.55
79,178.50,217.52,171.00,135.20,0.18
80,180.00,232.35,171.00,139.20,0.18
81,181.50,246.45,172.00,143.20,0.45
82,183.00,259.72,172.00,148.20,0.01
83,184.50,272.05,172.00,151.20,0.28
84,186.00,283.37,172.00,154.20,0.55
85,187.50,293.60,172.00,157.20,0.83
86,189.00,302.70,172.00,162.20,1.28
87,190.50,310.62,173.00,169.20,0.93
88,192.00,317.35,174.00,174.20,0.39
89,193.50,322.89,174.00,180.20,0.94
90,195.00,327.24,175.00,185.20,0.41
91,196.50,330.45,175.00,188.20,0.69
92,198.00,332.55,176.00,191.20,0.03
93,199.50,333.60,177.00,196.20,0.55
94,201.00,333.68,177.00,202.20,0.01
95,202.50,332.85,178.00,207.20,0.50
96,204.00,331.22,178.00,212.20,0.02
97,205.50,328.88,179.00,220.20,0.23
98,207.00,325.93,179.00,226.20,0.38
99,208.50,322.47,179.00,230.20,0.78
100,210.00,318.62,180.00,235.20,0.30
101,211.50,314.48,181.00,242.20,0.05
102,213.00,310.15,181.00,246.20,0.47
103,214.50,305.73,182.00,250.20,0.08
104,216.00,301.33,183.00,253.20,0.73
105,217.50,297.02,183.00,259.20,0.06
106,219.00,292.88,183.00,263.20,0.42
107,220.50,288.98,183.00,267.20,0.90
108,222.00,285.37,184.00,273.20,0.65
109,223.50,282.10,185.00,277.20,0.18
110,225.00,279.19,186.00,282.20,0.15
111,226.50,276.66,187.00,288.20,0.29
112,228.00,274.52,187.00,294.20,0.59
113,229.50,272.75,187.00,299.20,1.40
114,231.00,271.33,189.00,308.20,1.02
115,232.50,270.23,191.00,317.20,0.94
116,234.00,269.38,192.00,321.20,1.01
117,235.50,268.75,194.00,324.20,0.04
118,237.00,268.25,195.00,327.20,0.01
119,238.50,267.81,196.00,330.20,0.35
120,240.00,267.35,197.00,332.20,0.61
121,241.50,266.78,199.00,333.20,0.04
122,243.00,266.01,202.00,333.20,0.06
123,244.50,264.96,203.00,332.20,0.08
124,246.00,263.52,205.00,328.20,0.75
125,247.50,261.62,208.00,322.20,0.56
126,249.00,259.18,210.00,317.20,0.48
127,250.50,256.10,211.00,314.20,0.56
128,252.00,252.34,212.00,312.20,0.27
129,253.50,247.83,213.00,308.20,0.63
130,255.00,242.52,214.00,304.20,0.97
131,256.50,236.39,216.00,300.20,0.37
132,258.00,229.40,217.00,295.20,1.09
133,259.50,221.57,218.00,292.20,1.18
134,261.00,212.88,220.00,287.20,1.14
135,262.50,203.38,223.00,282.20,0.41
136,264.00,193.09,227.00,278.20,1.21
137,265.50,182.08,229.00,275.20,1.20
138,267.00,170.41,231.00,273.20,1.36
139,268.50,158.17,233.00,270.20,0.22
140,270.00,145.45,237.00,266.20,1.97
141,271.50,132.35,242.00,264.20,2.06
142,273.00,119.01,245.00,262.20,1.61
143,274.50,105.55,247.00,259.20,1.69
144,276.00,92.09,249.00,252.20,2.84
145,277.50,78.79,253.00,246.20,0.92
146,279.00,65.78,254.00,244.20,0.51
147,280.50,53.21,255.00,240.20,0.55
148,282.00,42.00,256.00,236.20,0.53
149,283.50,42.00,257.00,231.20,0.60
150,285.00,42.00,258.00,225.20,0.79
151,286.50,42.00,260.00,220.20,0.26
152,288.00,42.00,260.00,216.20,0.42
153,289.50,42.00,261.00,209.20,0.57
154,291.00,42.00,263.00,202.20,0.32
155,292.50,42.00,264.00,197.20,0.59
156,294.00,42.00,264.00,193.20,0.02
157,295.50,42.00,264.00,188.20,0.66
158,297.00,42.00,265.00,182.20,0.48
159,298.50,42.00,266.00,179.20,0.13
160,300.00,42.00,267.00,172.20,0.23
161,301.50,42.00,267.00,165.20,0.63
162,303.00,42.00,267.00,160.20,1.24
163,304.50,42.00,268.00,152.20,1.20
164,306.00,42.00,270.00,147.20,0.21
165,307.50,42.00,270.00,139.20,0.71
166,309.00,42.00,271.00,134.20,0.29
167,310.50,46.82,272.00,125.20,0.30
168,312.00,60.21,273.00,120.20,0.13
169,313.50,74.37,274.00,116.20,0.68
170,315.00,89.18,274.00,109.20,0.09
171,316.50,104.47,274.00,102.20,0.87
172,318.00,120.09,275.00,93.20,0.87
173,319.50,135.88,277.00,86.20,0.33
174,321.00,151.69,277.00,79.20,0.45
175,322.50,167.38,278.00,72.20,0.26
176,324.00,182.79,279.00,68.20,0.28
177,325.50,197.78,280.00,61.20,0.45
178,327.00,212.23,280.00,56.20,0.14
179,328.50,226.01,280.00,52.20,0.63
180,330.00,239.02,281.00,47.20,0.30
181,331.50,251.17,281.00,44.20,0.70
182,333.00,262.37,282.00,42.20,0.03
183,334.50,272.57,287.00,41.20,0.80
184,336.00,281.70,290.00,42.20,0.20
185,337.50,289.76,296.00,42.20,0.20
186,339.00,296.70,301.00,43.20,1.20
187,340.50,302.55,305.00,43.20,1.20
188,342.00,307.31,308.00,43.20,1.20
189,343.50,311.02,309.00,44.20,0.65
190,345.00,313.71,311.00,49.20,0.23
191,346.50,315.46,312.00,56.20,0.45
192,348.00,316.32,313.00,63.20,0.68
193,349.50,316.38,314.00,68.20,1.15
194,351.00,315.72,314.00,75.20,0.41
195,352.50,314.45,314.00,83.20,0.39
196,354.00,312.65,315.00,89.20,0.00
197,355.50,310.43,316.00,95.20,0.41
198,357.00,307.89,316.00,102.20,0.28
199,358.50,305.13,317.00,110.20,0.05
200,360.00,302.25,318.00,119.20,0.08
201,361.50,299.34,319.00,125.20,0.51
202,363.00,296.49,319.00,128.20,0.23
203,364.50,293.77,319.00,135.20,0.43
204,366.00,291.25,321.00,141.20,0.99
205,367.50,288.99,322.00,148.20,1.33
206,369.00,287.03,323.00,157.20,1.47
207,370.50,285.41,323.00,167.20,0.51
208,372.00,284.14,324.00,175.20,0.74
209,373.50,283.24,325.00,180.20,1.25
210,375.00,282.69,326.00,189.20,1.35
211,376.50,282.47,327.00,195.20,1.75
212,378.00,282.55,327.00,207.20,0.52
213,379.50,282.88,327.00,214.20,0.21
214,381.00,283.41,329.00,221.20,1.02
215,382.50,284.07,329.00,226.20,0.47
216,384.00,284.78,330.00,232.20,0.78
217,385.50,285.46,330.00,239.20,0.02
218,387.00,286.02,331.00,244.20,0.36
219,388.50,286.37,332.00,254.20,0.09
220,390.00,286.41,333.00,263.20,0.12
221,391.50,286.06,333.00,269.20,0.99
222,393.00,285.21,334.00,275.20,0.92
223,394.50,283.79,336.00,283.20,0.27
224,396.00,281.70,339.00,291.20,1.16
225,397.50,278.87,341.00,299.20,1.32
226,399.00,275.24,342.00,305.20,0.63
227,400.50,270.75,342.00,309.20,0.71
228,402.00,265.35,345.00,312.20,0.74
229,403.50,259.03,346.00,314.20,0.44
230,405.00,251.75,349.00,315.20,1.16
231,406.50,243.52,353.00,314.20,0.22
232,408.00,234.36,356.00,311.20,0.85
233,409.50,224.29,357.00,308.20,0.16
234,411.00,213.36,360.00,304.20,0.90
235,412.50,201.63,362.00,299.20,0.38
236,414.00,189.18,364.00,294.20,0.23
237,415.50,176.09,367.00,289.20,0.30
238,417.00,162.47,371.00,285.20,0.16
239,418.50,148.44,374.00,283.20,0.14
240,420.00,134.12,377.00,282.20,0.29
241,421.50,119.64,383.00,284.20,0.09
242,423.00,105.14,387.00,285.20,0.76
243,424.50,90.78,390.00,285.20,1.18
244,426.00,76.69,393.00,283.20,1.46
245,427.50,63.02,396.00,279.20,1.17
246,429.00,49.93,397.00,276.20,1.48
247,430.50,42.00,400.00,271.20,0.33
248,432.00,42.00,401.00,267.20,0.47
249,433.50,42.00,403.00,264.20,0.71
250,435.00,42.00,404.00,255.20,0.28
251,436.50,42.00,406.00,248.20,0.35
252,438.00,42.00,407.00,244.20,0.61
253,439.50,42.00,408.00,234.20,0.02
254,441.00,42.00,408.00,229.20,0.76
255,442.50,42.00,409.00,225.20,0.36
256,444.00,42.00,411.00,214.20,0.11
257,445.50,42.00,412.00,207.20,0.21
258,447.00,42.00,413.00,200.20,0.33
259,448.50,42.00,413.00,192.20,0.63
260,450.00,42.00,415.00,185.20,0.54
261,451.50,42.00,415.00,179.20,0.14
262,453.00,42.00,416.00,174.20,0.29
263,454.50,42.00,416.00,168.20,0.37
264,456.00,42.00,418.00,159.20,0.65
265,457.50,42.00,419.00,155.20,1.22
266,459.00,48.13,419.00,142.20,0.15
267,460.50,61.40,420.00,136.20,0.22
268,462.00,75.32,420.00,128.20,0.61
269,463.50,89.75,421.00,120.20,0.44
270,465.00,104.54,423.00,110.20,0.52
271,466.50,119.53,425.00,103.20,1.79
272,468.00,134.58,425.00,99.20,1.37
273,469.50,149.54,425.00,91.20,0.54
274,471.00,164.26,425.00,85.20,0.09
275,472.50,178.63,425.00,74.20,1.27
276,474.00,192.50,426.00,62.20,1.58
277,475.50,205.76,428.00,55.20,0.39
278,477.00,218.32,428.00,50.20,0.96
279,478.50,230.08,429.00,47.20,0.51
280,480.00,240.98,430.00,43.20,0.27
281,481.50,250.94,435.00,42.20,0.20
282,483.00,259.94,441.00,41.20,0.80
283,484.50,267.94,450.00,41.20,0.80
284,486.00,274.93,454.00,41.20,0.80
285,487.50,280.91,457.00,41.20,0.80
286,489.00,285.90,459.00,45.20,0.70
287,490.50,289.95,460.00,53.20,0.42
288,492.00,293.09,461.00,61.20,0.52
289,493.50,295.38,461.00,67.20,0.12
290,495.00,296.89,461.00,76.20,1.09
291,496.50,297.71,463.00,85.20,0.03
292,498.00,297.91,464.00,95.20,0.05
293,499.50,297.59,465.00,103.20,0.13
294,501.00,296.85,466.00,109.20,0.53
295,502.50,295.77,466.00,119.20,0.46
296,504.00,294.47,466.00,127.20,1.26
297,505.50,293.02,467.00,133.20,0.86
298,507.00,291.53,469.00,143.20,0.13
299,508.50,290.07,469.00,149.20,0.46
300,510.00,288.73,469.00,155.20,1.07
301,511.50,287.57,469.00,162.20,1.78
302,513.00,286.66,472.00,171.20,0.27
303,514.50,286.03,475.00,181.20,2.21
304,516.00,285.73,476.00,189.20,2.34
305,517.50,285.77,476.00,198.20,1.35
306,519.00,286.17,477.00,204.20,1.67
307,520.50,286.92,477.00,212.20,0.73
308,522.00,288.01,477.00,221.20,0.36
309,523.50,289.39,479.00,227.20,0.86
310,525.00,291.03,480.00,235.20,0.79
311,526.50,292.88,481.00,242.20,0.81
312,528.00,294.86,483.00,251.20,1.44
313,529.50,296.91,484.00,262.20,0.57
314,531.00,298.93,485.00,269.20,0.22
315,532.50,300.84,486.00,274.20,0.15
316,534.00,302.54,488.00,282.20,0.11
317,535.50,303.93,488.00,288.20,1.74
318,537.00,304.92,492.00,292.20,0.38
319,538.50,305.41,494.00,294.20,1.06
320,540.00,305.30,496.00,295.20,1.90
321,541.50,304.51,499.00,296.20,1.47
322,543.00,302.94,505.00,293.20,0.22
323,544.50,300.53,508.00,290.20,0.26
324,546.00,297.20,511.00,288.20,0.19
325,547.50,292.91,515.00,287.20,1.24
326,549.00,287.61,520.00,287.20,0.47
327,550.50,281.27,522.00,290.20,1.61
328,552.00,273.89,525.00,293.20,1.37
329,553.50,265.46,530.00,297.20,0.23
330,555.00,256.01,532.00,300.20,0.00
331,556.50,245.56,535.00,303.20,0.20
332,558.00,234.18,538.00,304.20,1.00
333,559.50,221.92,542.00,302.20,1.24
334,561.00,208.88,544.00,299.20,1.00
335,562.50,195.14,545.00,295.20,1.60
336,564.00,180.81,549.00,288.20,0.16
337,565.50,166.01,551.00,282.20,0.70
338,567.00,150.88,552.00,274.20,0.06
339,568.50,135.55,554.00,266.20,0.62
340,570.00,120.17,554.00,258.20,0.64
341,571.50,104.89,555.00,251.20,0.68
342,573.00,89.87,556.00,243.20,0.80
343,574.50,75.24,558.00,238.20,0.53
344,576.00,61.17,558.00,229.20,0.61
345,577.50,47.81,561.00,218.20,1.06
346,579.00,42.00,563.00,210.20,2.14
347,580.50,42.00,563.00,199.20,0.94
348,582.00,42.00,563.00,190.20,0.02
349,583.50,42.00,564.00,175.20,0.57
350,585.00,42.00,567.00,164.20,1.31
351,586.50,42.00,567.00,158.20,0.72
352,588.00,42.00,567.00,147.20,0.36
353,589.50,42.00,567.00,140.20,1.04
354,591.00,42.00,568.00,128.20,1.21
355,592.50,42.00,570.00,117.20,0.29
356,594.00,42.00,572.00,110.20,1.02
357,595.50,42.00,572.00,101.20,0.13
358,597.00,42.00,573.00,95.20,0.53
359,598.50,42.00,573.00,85.20,0.48
360,600.00,42.00,574.00,80.20,0.01
361,601.50,42.00,575.00,70.20,0.04
362,603.00,42.00,576.00,63.20,0.21
363,604.50,42.00,576.00,56.20,0.55
364,606.00,42.00,577.00,52.20,0.01
365,607.50,50.76,578.00,47.20,0.33
366,609.00,63.65,578.00,43.20,0.67
367,610.50,77.07,583.00,42.20,0.20
368,612.00,90.87,588.00,41.20,0.80
369,613.50,104.90,594.00,42.20,0.20
370,615.00,119.01,602.00,42.20,0.20
371,616.50,133.06,605.00,43.20,1.19
372,618.00,146.93,607.00,50.20,0.40
373,619.50,160.47,608.00,57.20,0.25
374,621.00,173.57,608.00,67.20,1.39
375,622.50,186.13,611.00,78.20,0.38
376,624.00,198.04,612.00,87.20,0.40
377,625.50,209.23,614.00,96.20,1.42
378,627.00,219.62,615.00,102.20,1.78
379,628.50,229.17,616.00,112.20,1.71
380,630.00,237.83,617.00,117.20,2.18
381,631.50,245.59,617.00,125.20,1.33
382,633.00,252.43,618.00,132.20,1.58
383,634.50,258.37,618.00,145.20,0.19
384,636.00,263.42,618.00,151.20,0.47
385,637.50,267.64,618.00,160.20,1.46
386,639.00,271.05,618.00,169.20,2.48
387,640.50,273.73,621.00,178.20,0.55
388,642.00,275.75,622.00,186.20,0.50
389,643.50,277.17,622.00,196.20,1.75
390,645.00,278.10,624.00,204.20,0.82
391,646.50,278.61,625.00,211.20,0.78
392,648.00,278.79,626.00,217.20,0.64
393,649.50,278.75,626.00,228.20,2.32
394,651.00,278.58,628.00,234.20,1.35
395,652.50,278.35,630.00,240.20,0.45
396,654.00,278.16,631.00,250.20,1.48
397,655.50,278.08,633.00,257.20,1.17
398,657.00,278.19,635.00,264.20,1.20
399,658.50,278.54,637.00,269.20,1.09
400,660.00,279.18,641.00,273.20,0.70