trial,3
timestamp,2026-03-11T15:31:15.612Z
mode,spatial-color

target_curve
index,target_x,target_y
0,60.00,336.46
1,61.50,331.70
2,63.00,326.48
3,64.50,320.91
4,66.00,315.10
5,67.50,309.16
6,69.00,303.19
7,70.50,297.29
8,72.00,291.54
9,73.50,286.02
10,75.00,280.79
11,76.50,275.91
12,78.00,271.41
13,79.50,267.32
14,81.00,263.66
15,82.50,260.42
16,84.00,257.59
17,85.50,255.15
18,87.00,253.04
19,88.50,251.22
20,90.00,249.64
21,91.50,248.21
22,93.00,246.86
23,94.50,245.52
24,96.00,244.09
25,97.50,242.49
26,99.00,240.63
27,100.50,238.42
28,102.00,235.79
29,103.50,232.64
30,105.00,228.93
31,106.50,224.58
32,108.00,219.54
33,109.50,213.79
34,111.00,207.29
35,112.50,200.02
36,114.00,192.01
37,115.50,183.26
38,117.00,173.80
39,118.50,163.68
40,120.00,152.97
41,121.50,141.74
42,123.00,130.09
43,124.50,118.10
44,126.00,105.89
45,127.50,93.59
46,129.00,81.32
47,130.50,69.22
48,132.00,57.42
49,133.50,46.06
50,135.00,42.00
51,136.50,42.00
52,138.00,42.00
53,139.50,42.00
54,141.00,42.00
55,142.50,42.00
56,144.00,42.00
57,145.50,42.00
58,147.00,42.00
59,148.50,42.00
60,150.00,42.00
61,151.50,42.00
62,153.00,42.00
63,154.50,42.00
64,156.00,42.00
65,157.50,42.00
66,159.00,42.00
67,160.50,42.00
68,162.00,47.02
69,163.50,60.30
70,165.00,74.47
71,166.50,89.39
72,168.00,104.91
73,169.50,120.89
74,171.00,137.17
75,172.50,153.58
76,174.00,169.97
77,175.50,186.19
78,177.00,202.09
79,178.50,217.52
80,180.00,232.35
81,181.50,246.45
82,183.00,259.72
83,184.50,272.05
84,186.00,283.37
85,187.50,293.60
86,189.00,302.70
87,190.50,310.62
88,192.00,317.35
89,193.50,322.89
90,195.00,327.24
91,196.50,330.45
92,198.00,332.55
93,199.50,333.60
94,201.00,333.68
95,202.50,332.85
96,204.00,331.22
97,205.50,328.88
98,207.00,325.93
99,208.50,322.47
100,210.00,318.62
101,211.50,314.48
102,213.00,310.15
103,214.50,305.73
104,216.00,301.33
105,217.50,297.02
106,219.00,292.88
107,220.50,288.98
108,222.00,285.37
109,223.50,282.10
110,225.00,279.19
111,226.50,276.66
112,228.00,274.52
113,229.50,272.75
114,231.00,271.33
115,232.50,270.23
116,234.00,269.38
117,235.50,268.75
118,237.00,268.25
119,238.50,267.81
120,240.00,267.35
121,241.50,266.78
122,243.00,266.01
123,244.50,264.96
124,246.00,263.52
125,247.50,261.62
126,249.00,259.18
127,250.50,256.10
128,252.00,252.34
129,253.50,247.83
130,255.00,242.52
131,256.50,236.39
132,258.00,229.40
133,259.50,221.57
134,261.00,212.88
135,262.50,203.38
136,264.00,193.09
137,265.50,182.08
138,267.00,170.41
139,268.50,158.17
140,270.00,145.45
141,271.50,132.35
142,273.00,119.01
143,274.50,105.55
144,276.00,92.09
145,277.50,78.79
146,279.00,65.78
147,280.50,53.21
148,282.00,42.00
149,283.50,42.00
150,285.00,42.00
151,286.50,42.00
152,288.00,42.00
153,289.50,42.00
154,291.00,42.00
155,292.50,42.00
156,294.00,42.00
157,295.50,42.00
158,297.00,42.00
159,298.50,42.00
160,300.00,42.00
161,301.50,42.00
162,303.00,42.00
163,304.50,42.00
164,306.00,42.00
165,307.50,42.00
166,309.00,42.00
167,310.50,46.82
168,312.00,60.21
169,313.50,74.37
170,315.00,89.18
171,316.50,104.47
172,318.00,120.09
173,319.50,135.88
174,321.00,151.69
175,322.50,167.38
176,324.00,182.79
177,325.50,197.78
178,327.00,212.23
179,328.50,226.01
180,330.00,239.02
181,331.50,251.17
182,333.00,262.37
183,334.50,272.57
184,336.00,281.70
185,337.50,289.76
186,339.00,296.70
187,340.50,302.55
188,342.00,307.31
189,343.50,311.02
190,345.00,313.71
191,346.50,315.46
192,348.00,316.32
193,349.50,316.38
194,351.00,315.72
195,352.50,314.45
196,354.00,312.65
197,355.50,310.43
198,357.00,307.89
199,358.50,305.13
200,360.00,302.25
201,361.50,299.34
202,363.00,296.49
203,364.50,293.77
204,366.00,291.25
205,367.50,288.99
206,369.00,287.03
207,370.50,285.41
208,372.00,284.14
209,373.50,283.24
210,375.00,282.69
211,376.50,282.47
212,378.00,282.55
213,379.50,282.88
214,381.00,283.41
215,382.50,284.07
216,384.00,284.78
217,385.50,285.46
218,387.00,286.02
219,388.50,286.37
220,390.00,286.41
221,391.50,286.06
222,393.00,285.21
223,394.50,283.79
224,396.00,281.70
225,397.50,278.87
226,399.00,275.24
227,400.50,270.75
228,402.00,265.35
229,403.50,259.03
230,405.00,251.75
231,406.50,243.52
232,408.00,234.36
233,409.50,224.29
234,411.00,213.36
235,412.50,201.63
236,414.00,189.18
237,415.50,176.09
238,417.00,162.47
239,418.50,148.44
240,420.00,134.12
241,421.50,119.64
242,423.00,105.14
243,424.50,90.78
244,426.00,76.69
245,427.50,63.02
246,429.00,49.93
247,430.50,42.00
248,432.00,42.00
249,433.50,42.00
250,435.00,42.00
251,436.50,42.00
252,438.00,42.00
253,439.50,42.00
254,441.00,42.00
255,442.50,42.00
256,444.00,42.00
257,445.50,42.00
258,447.00,42.00
259,448.50,42.00
260,450.00,42.00
261,451.50,42.00
262,453.00,42.00
263,454.50,42.00
264,456.00,42.00
265,457.50,42.00
266,459.00,48.13
267,460.50,61.40
268,462.00,75.32
269,463.50,89.75
270,465.00,104.54
271,466.50,119.53
272,468.00,134.58
273,469.50,149.54
274,471.00,164.26
275,472.50,178.63
276,474.00,192.50
277,475.50,205.76
278,477.00,218.32
279,478.50,230.08
280,480.00,240.98
281,481.50,250.94
282,483.00,259.94
283,484.50,267.94
284,486.00,274.93
285,487.50,280.91
286,489.00,285.90
287,490.50,289.95
288,492.00,293.09
289,493.50,295.38
290,495.00,296.89
291,496.50,297.71
292,498.00,297.91
293,499.50,297.59
294,501.00,296.85
295,502.50,295.77
296,504.00,294.47
297,505.50,293.02
298,507.00,291.53
299,508.50,290.07
300,510.00,288.73
301,511.50,287.57
302,513.00,286.66
303,514.50,286.03
304,516.00,285.73
305,517.50,285.77
306,519.00,286.17
307,520.50,286.92
308,522.00,288.01
309,523.50,289.39
310,525.00,291.03
311,526.50,292.88
312,528.00,294.86
313,529.50,296.91
314,531.00,298.93
315,532.50,300.84
316,534.00,302.54
317,535.50,303.93
318,537.00,304.92
319,538.50,305.41
320,540.00,305.30
321,541.50,304.51
322,543.00,302.94
323,544.50,300.53
324,546.00,297.20
325,547.50,292.91
326,549.00,287.61
327,550.50,281.27
328,552.00,273.89
329,553.50,265.46
330,555.00,256.01
331,556.50,245.56
332,558.00,234.18
333,559.50,221.92
334,561.00,208.88
335,562.50,195.14
336,564.00,180.81
337,565.50,166.01
338,567.00,150.88
339,568.50,135.55
340,570.00,120.17
341,571.50,104.89
342,573.00,89.87
343,574.50,75.24
344,576.00,61.17
345,577.50,47.81
346,579.00,42.00
347,580.50,42.00
348,582.00,42.00
349,583.50,42.00
350,585.00,42.00
351,586.50,42.00
352,588.00,42.00
353,589.50,42.00
354,591.00,42.00
355,592.50,42.00
356,594.00,42.00
357,595.50,42.00
358,597.00,42.00
359,598.50,42.00
360,600.00,42.00
361,601.50,42.00
362,603.00,42.00
363,604.50,42.00
364,606.00,42.00
365,607.50,50.76
366,609.00,63.65
367,610.50,77.07
368,612.00,90.87
369,613.50,104.90
370,615.00,119.01
371,616.50,133.06
372,618.00,146.93
373,619.50,160.47
374,621.00,173.57
375,622.50,186.13
376,624.00,198.04
377,625.50,209.23
378,627.00,219.62
379,628.50,229.17
380,630.00,237.83
381,631.50,245.59
382,633.00,252.43
383,634.50,258.37
384,636.00,263.42
385,637.50,267.64
386,639.00,271.05
387,640.50,273.73
388,642.00,275.75
389,643.50,277.17
390,645.00,278.10
391,646.50,278.61
392,648.00,278.79
393,649.50,278.75
394,651.00,278.58
395,652.50,278.35
396,654.00,278.16
397,655.50,278.08
398,657.00,278.19
399,658.50,278.54
400,660.00,279.18

user_path
index,user_x,user_y
0,58.00,337.20
1,58.00,337.20
2,58.00,337.20
3,58.00,336.20
4,59.00,335.20
5,59.00,335.20
6,59.00,335.20
7,59.00,334.20
8,60.00,334.20
9,60.00,334.20
10,60.00,334.20
11,60.00,333.20
12,60.00,333.20
13,60.00,333.20
14,60.00,333.20
15,60.00,333.20
16,60.00,332.20
17,60.00,332.20
18,60.00,332.20
19,60.00,331.20
20,61.00,331.20
21,61.00,331.20
22,61.00,331.20
23,61.00,330.20
24,61.00,330.20
25,61.00,330.20
26,61.00,330.20
27,61.00,330.20
28,62.00,329.20
29,62.00,329.20
30,62.00,329.20
31,62.00,329.20
32,62.00,329.20
33,62.00,329.20
34,62.00,328.20
35,62.00,328.20
36,62.00,328.20
37,62.00,328.20
38,62.00,328.20
39,62.00,327.20
40,62.00,327.20
41,63.00,327.20
42,63.00,327.20
43,63.00,326.20
44,63.00,326.20
45,63.00,326.20
46,63.00,325.20
47,63.00,325.20
48,63.00,325.20
49,63.00,325.20
50,63.00,325.20
51,63.00,324.20
52,63.00,324.20
53,63.00,323.20
54,64.00,323.20
55,64.00,323.20
56,64.00,323.20
57,64.00,322.20
58,64.00,322.20
59,64.00,322.20
60,64.00,321.20
61,64.00,320.20
62,64.00,319.20
63,64.00,319.20
64,64.00,318.20
65,64.00,318.20
66,64.00,318.20
67,64.00,318.20
68,64.00,318.20
69,65.00,317.20
70,65.00,317.20
71,65.00,317.20
72,65.00,317.20
73,65.00,317.20
74,65.00,316.20
75,65.00,316.20
76,65.00,316.20
77,65.00,316.20
78,65.00,315.20
79,66.00,314.20
80,66.00,314.20
81,66.00,314.20
82,66.00,313.20
83,66.00,313.20
84,66.00,313.20
85,66.00,312.20
86,67.00,312.20
87,67.00,312.20
88,67.00,312.20
89,67.00,312.20
90,67.00,312.20
91,67.00,311.20
92,67.00,311.20
93,67.00,311.20
94,67.00,311.20
95,67.00,311.20
96,67.00,311.20
97,67.00,310.20
98,67.00,310.20
99,67.00,310.20
100,67.00,310.20
101,67.00,309.20
102,67.00,309.20
103,67.00,308.20
104,68.00,308.20
105,68.00,308.20
106,68.00,307.20
107,68.00,307.20
108,68.00,306.20
109,68.00,306.20
110,68.00,305.20
111,68.00,305.20
112,68.00,304.20
113,68.00,304.20
114,68.00,304.20
115,68.00,304.20
116,68.00,303.20
117,68.00,303.20
118,69.00,302.20
119,69.00,302.20
120,69.00,302.20
121,69.00,302.20
122,69.00,301.20
123,69.00,301.20
124,69.00,301.20
125,69.00,300.20
126,69.00,300.20
127,69.00,299.20
128,69.00,299.20
129,69.00,298.20
130,69.00,298.20
131,69.00,298.20
132,69.00,298.20
133,69.00,298.20
134,69.00,298.20
135,69.00,297.20
136,70.00,297.20
137,70.00,296.20
138,70.00,296.20
139,70.00,296.20
140,70.00,295.20
141,70.00,295.20
142,70.00,295.20
143,70.00,295.20
144,70.00,294.20
145,70.00,294.20
146,70.00,294.20
147,71.00,293.20
148,71.00,293.20
149,71.00,293.20
150,71.00,292.20
151,71.00,291.20
152,71.00,290.20
153,71.00,289.20
154,71.00,289.20
155,71.00,288.20
156,71.00,288.20
157,71.00,288.20
158,71.00,288.20
159,72.00,287.20
160,72.00,286.20
161,72.00,286.20
162,72.00,285.20
163,72.00,285.20
164,72.00,284.20
165,72.00,284.20
166,72.00,284.20
167,73.00,284.20
168,73.00,283.20
169,73.00,283.20
170,73.00,282.20
171,73.00,281.20
172,73.00,281.20
173,73.00,281.20
174,73.00,281.20
175,73.00,280.20
176,74.00,280.20
177,74.00,280.20
178,74.00,279.20
179,74.00,278.20
180,74.00,278.20
181,74.00,278.20
182,75.00,277.20
183,75.00,277.20
184,75.00,277.20
185,75.00,276.20
186,75.00,276.20
187,75.00,275.20
188,75.00,274.20
189,76.00,273.20
190,76.00,272.20
191,76.00,272.20
192,76.00,272.20
193,76.00,272.20
194,76.00,272.20
195,77.00,271.20
196,77.00,271.20
197,77.00,270.20
198,77.00,270.20
199,78.00,270.20
200,78.00,269.20
201,78.00,269.20
202,78.00,269.20
203,78.00,269.20
204,78.00,268.20
205,79.00,268.20
206,79.00,267.20
207,79.00,266.20
208,79.00,266.20
209,80.00,266.20
210,80.00,265.20
211,80.00,265.20
212,80.00,265.20
213,80.00,265.20
214,80.00,264.20
215,80.00,264.20
216,80.00,264.20
217,81.00,263.20
218,81.00,263.20
219,81.00,262.20
220,81.00,262.20
221,81.00,262.20
222,81.00,262.20
223,82.00,261.20
224,82.00,261.20
225,82.00,260.20
226,82.00,260.20
227,83.00,259.20
228,83.00,259.20
229,83.00,259.20
230,83.00,259.20
231,83.00,258.20
232,83.00,258.20
233,83.00,258.20
234,83.00,257.20
235,84.00,257.20
236,84.00,256.20
237,84.00,256.20
238,85.00,255.20
239,85.00,255.20
240,85.00,254.20
241,85.00,254.20
242,86.00,253.20
243,86.00,252.20
244,87.00,252.20
245,87.00,251.20
246,87.00,251.20
247,88.00,251.20
248,88.00,251.20
249,88.00,251.20
250,88.00,250.20
251,89.00,250.20
252,89.00,250.20
253,89.00,249.20
254,90.00,249.20
255,90.00,249.20
256,90.00,249.20
257,90.00,249.20
258,91.00,249.20
259,91.00,248.20
260,91.00,248.20
261,91.00,248.20
262,92.00,248.20
263,92.00,248.20
264,92.00,247.20
265,93.00,247.20
266,93.00,247.20
267,94.00,247.20
268,94.00,246.20
269,95.00,246.20
270,95.00,246.20
271,95.00,246.20
272,96.00,245.20
273,96.00,245.20
274,96.00,245.20
275,97.00,245.20
276,97.00,244.20
277,98.00,244.20
278,98.00,244.20
279,98.00,243.20
280,98.00,243.20
281,98.00,243.20
282,98.00,243.20
283,99.00,243.20
284,99.00,243.20
285,99.00,242.20
286,99.00,242.20
287,99.00,242.20
288,99.00,242.20
289,99.00,242.20
290,99.00,241.20
291,99.00,241.20
292,99.00,241.20
293,99.00,241.20
294,99.00,241.20
295,99.00,240.20
296,99.00,240.20
297,99.00,240.20
298,99.00,240.20
299,99.00,240.20
300,100.00,239.20
301,100.00,239.20
302,100.00,239.20
303,100.00,238.20
304,100.00,238.20
305,101.00,238.20
306,101.00,238.20
307,101.00,237.20
308,101.00,237.20
309,101.00,237.20
310,101.00,237.20
311,101.00,237.20
312,102.00,236.20
313,102.00,236.20
314,102.00,236.20
315,102.00,236.20
316,102.00,235.20
317,102.00,235.20
318,102.00,235.20
319,102.00,235.20
320,102.00,234.20
321,103.00,234.20
322,103.00,234.20
323,103.00,234.20
324,103.00,234.20
325,104.00,233.20
326,104.00,233.20
327,104.00,232.20
328,104.00,232.20
329,104.00,231.20
330,104.00,231.20
331,104.00,230.20
332,104.00,230.20
333,104.00,229.20
334,104.00,229.20
335,105.00,228.20
336,105.00,227.20
337,105.00,226.20
338,105.00,226.20
339,105.00,225.20
340,106.00,225.20
341,106.00,225.20
342,106.00,224.20
343,106.00,224.20
344,106.00,224.20
345,106.00,224.20
346,106.00,223.20
347,106.00,223.20
348,106.00,223.20
349,106.00,222.20
350,106.00,222.20
351,106.00,221.20
352,106.00,221.20
353,106.00,221.20
354,107.00,220.20
355,107.00,220.20
356,107.00,219.20
357,107.00,218.20
358,107.00,218.20
359,107.00,218.20
360,107.00,217.20
361,107.00,217.20
362,108.00,217.20
363,108.00,216.20
364,108.00,216.20
365,108.00,215.20
366,108.00,215.20
367,108.00,214.20
368,108.00,214.20
369,108.00,214.20
370,109.00,213.20
371,109.00,213.20
372,109.00,213.20
373,109.00,213.20
374,109.00,213.20
375,109.00,212.20
376,109.00,212.20
377,109.00,212.20
378,109.00,212.20
379,109.00,212.20
380,109.00,211.20
381,109.00,211.20
382,109.00,211.20
383,109.00,211.20
384,109.00,210.20
385,109.00,210.20
386,109.00,210.20
387,109.00,209.20
388,109.00,209.20
389,109.00,209.20
390,110.00,208.20
391,110.00,207.20
392,110.00,207.20
393,110.00,207.20
394,110.00,207.20
395,110.00,206.20
396,110.00,206.20
397,110.00,206.20
398,110.00,205.20
399,110.00,205.20
400,110.00,205.20
401,111.00,204.20
402,111.00,204.20
403,111.00,203.20
404,111.00,203.20
405,111.00,203.20
406,111.00,203.20
407,111.00,202.20
408,111.00,202.20
409,111.00,202.20
410,112.00,202.20
411,112.00,201.20
412,112.00,201.20
413,112.00,201.20
414,112.00,200.20
415,112.00,200.20
416,112.00,199.20
417,112.00,199.20
418,112.00,199.20
419,112.00,198.20
420,112.00,198.20
421,112.00,198.20
422,112.00,198.20
423,113.00,197.20
424,113.00,197.20
425,113.00,197.20
426,113.00,196.20
427,113.00,195.20
428,113.00,195.20
429,113.00,194.20
430,113.00,194.20
431,114.00,193.20
432,114.00,193.20
433,114.00,192.20
434,114.00,192.20
435,114.00,191.20
436,114.00,191.20
437,114.00,191.20
438,114.00,190.20
439,114.00,190.20
440,114.00,190.20
441,115.00,189.20
442,115.00,189.20
443,115.00,189.20
444,115.00,188.20
445,115.00,188.20
446,115.00,187.20
447,115.00,187.20
448,115.00,187.20
449,115.00,186.20
450,115.00,186.20
451,115.00,186.20
452,115.00,185.20
453,115.00,185.20
454,115.00,185.20
455,115.00,184.20
456,116.00,184.20
457,116.00,183.20
458,116.00,182.20
459,116.00,182.20
460,116.00,181.20
461,116.00,181.20
462,116.00,181.20
463,117.00,181.20
464,117.00,181.20
465,117.00,180.20
466,117.00,179.20
467,117.00,177.20
468,117.00,176.20
469,117.00,175.20
470,117.00,174.20
471,117.00,174.20
472,117.00,173.20
473,117.00,173.20
474,117.00,172.20
475,117.00,172.20
476,117.00,172.20
477,117.00,172.20
478,117.00,171.20
479,117.00,171.20
480,117.00,171.20
481,117.00,170.20
482,117.00,169.20
483,117.00,168.20
484,117.00,168.20
485,117.00,167.20
486,117.00,166.20
487,117.00,165.20
488,117.00,164.20
489,117.00,164.20
490,117.00,164.20
491,117.00,163.20
492,117.00,163.20
493,118.00,162.20
494,118.00,161.20
495,118.00,161.20
496,118.00,160.20
497,118.00,159.20
498,118.00,159.20
499,119.00,159.20
500,119.00,159.20
501,119.00,159.20
502,119.00,158.20
503,119.00,158.20
504,119.00,158.20
505,119.00,158.20
506,119.00,157.20
507,119.00,157.20
508,119.00,156.20
509,119.00,156.20
510,119.00,156.20
511,119.00,155.20
512,119.00,155.20
513,119.00,154.20
514,119.00,154.20
515,119.00,153.20
516,119.00,153.20
517,119.00,152.20
518,119.00,151.20
519,120.00,150.20
520,120.00,150.20
521,120.00,149.20
522,120.00,149.20
523,120.00,149.20
524,120.00,148.20
525,120.00,148.20
526,120.00,148.20
527,120.00,147.20
528,120.00,147.20
529,120.00,147.20
530,120.00,146.20
531,120.00,146.20
532,120.00,146.20
533,120.00,145.20
534,120.00,145.20
535,120.00,145.20
536,120.00,144.20
537,120.00,144.20
538,120.00,144.20
539,121.00,143.20
540,121.00,143.20
541,121.00,143.20
542,121.00,143.20
543,121.00,142.20
544,121.00,142.20
545,121.00,141.20
546,121.00,141.20
547,121.00,141.20
548,121.00,141.20
549,121.00,141.20
550,121.00,141.20
551,121.00,141.20
552,121.00,140.20
553,121.00,140.20
554,121.00,139.20
555,121.00,139.20
556,121.00,138.20
557,121.00,137.20
558,121.00,136.20
559,121.00,135.20
560,121.00,134.20
561,121.00,133.20
562,121.00,131.20
563,121.00,130.20
564,121.00,130.20
565,121.00,129.20
566,121.00,128.20
567,122.00,127.20
568,122.00,127.20
569,122.00,126.20
570,122.00,126.20
571,122.00,125.20
572,122.00,125.20
573,122.00,124.20
574,122.00,123.20
575,122.00,123.20
576,122.00,122.20
577,123.00,122.20
578,123.00,121.20
579,123.00,121.20
580,123.00,121.20
581,123.00,120.20
582,123.00,120.20
583,123.00,119.20
584,123.00,119.20
585,123.00,118.20
586,123.00,117.20
587,123.00,116.20
588,124.00,116.20
589,124.00,115.20
590,124.00,114.20
591,124.00,114.20
592,124.00,113.20
593,125.00,112.20
594,125.00,111.20
595,125.00,110.20
596,125.00,109.20
597,125.00,109.20
598,125.00,109.20
599,125.00,108.20
600,125.00,107.20
601,125.00,107.20
602,125.00,106.20
603,125.00,106.20
604,125.00,105.20
605,126.00,104.20
606,126.00,104.20
607,126.00,103.20
608,126.00,102.20
609,126.00,102.20
610,126.00,102.20
611,126.00,101.20
612,126.00,100.20
613,126.00,100.20
614,126.00,99.20
615,126.00,99.20
616,127.00,98.20
617,127.00,98.20
618,127.00,97.20
619,127.00,97.20
620,127.00,97.20
621,127.00,96.20
622,127.00,95.20
623,127.00,95.20
624,128.00,94.20
625,128.00,93.20
626,128.00,92.20
627,128.00,91.20
628,128.00,90.20
629,128.00,90.20
630,129.00,89.20
631,129.00,88.20
632,129.00,88.20
633,129.00,87.20
634,129.00,87.20
635,129.00,86.20
636,129.00,85.20
637,130.00,85.20
638,130.00,85.20
639,130.00,84.20
640,130.00,84.20
641,130.00,84.20
642,130.00,83.20
643,130.00,83.20
644,130.00,83.20
645,130.00,83.20
646,130.00,82.20
647,130.00,82.20
648,130.00,82.20
649,130.00,82.20
650,130.00,81.20
651,130.00,81.20
652,130.00,80.20
653,130.00,79.20
654,130.00,78.20
655,130.00,78.20
656,130.00,76.20
657,130.00,76.20
658,130.00,75.20
659,131.00,73.20
660,131.00,73.20
661,131.00,73.20
662,131.00,72.20
663,131.00,71.20
664,131.00,71.20
665,131.00,70.20
666,131.00,70.20
667,131.00,70.20
668,131.00,70.20
669,131.00,69.20
670,131.00,69.20
671,131.00,69.20
672,131.00,68.20
673,131.00,68.20
674,131.00,67.20
675,131.00,67.20
676,131.00,66.20
677,131.00,66.20
678,131.00,66.20
679,131.00,65.20
680,131.00,65.20
681,131.00,64.20
682,132.00,64.20
683,132.00,63.20
684,132.00,63.20
685,132.00,62.20
686,132.00,62.20
687,132.00,61.20
688,132.00,61.20
689,132.00,61.20
690,132.00,60.20
691,132.00,60.20
692,132.00,59.20
693,133.00,58.20
694,133.00,57.20
695,133.00,56.20
696,133.00,56.20
697,133.00,55.20
698,133.00,55.20
699,133.00,54.20
700,133.00,54.20
701,133.00,53.20
702,133.00,52.20
703,133.00,52.20
704,133.00,51.20
705,133.00,51.20
706,133.00,51.20
707,133.00,50.20
708,133.00,49.20
709,133.00,49.20
710,133.00,48.20
711,134.00,48.20
712,134.00,48.20
713,134.00,48.20
714,134.00,47.20
715,134.00,47.20
716,134.00,47.20
717,134.00,47.20
718,134.00,47.20
719,134.00,46.20
720,134.00,46.20
721,134.00,46.20
722,134.00,46.20
723,134.00,45.20
724,134.00,45.20
725,134.00,45.20
726,134.00,45.20
727,134.00,44.20
728,134.00,44.20
729,134.00,43.20
730,134.00,43.20
731,134.00,43.20
732,134.00,43.20
733,134.00,42.20
734,134.00,42.20
735,134.00,42.20
736,134.00,42.20
737,134.00,42.20
738,134.00,41.20
739,134.00,41.20
740,134.00,41.20
741,135.00,41.20
742,135.00,41.20
743,135.00,41.20
744,135.00,41.20
745,136.00,41.20
746,136.00,41.20
747,136.00,41.20
748,136.00,41.20
749,137.00,41.20
750,137.00,41.20
751,138.00,41.20
752,138.00,41.20
753,138.00,41.20
754,139.00,41.20
755,139.00,41.20
756,140.00,41.20
757,140.00,41.20
758,140.00,41.20
759,141.00,41.20
760,141.00,41.20
761,141.00,41.20
762,142.00,41.20
763,142.00,41.20
764,142.00,41.20
765,143.00,41.20
766,143.00,41.20
767,143.00,41.20
768,143.00,41.20
769,143.00,41.20
770,144.00,41.20
771,144.00,41.20
772,144.00,41.20
773,144.00,41.20
774,144.00,41.20
775,144.00,41.20
776,145.00,41.20
777,145.00,41.20
778,145.00,41.20
779,145.00,41.20
780,146.00,41.20
781,146.00,41.20
782,146.00,41.20
783,147.00,41.20
784,147.00,41.20
785,147.00,41.20
786,147.00,41.20
787,148.00,41.20
788,148.00,41.20
789,148.00,41.20
790,149.00,41.20
791,149.00,41.20
792,149.00,41.20
793,149.00,41.20
794,150.00,41.20
795,150.00,41.20
796,150.00,41.20
797,150.00,41.20
798,150.00,41.20
799,151.00,41.20
800,151.00,41.20
801,151.00,41.20
802,151.00,41.20
803,152.00,41.20
804,152.00,41.20
805,152.00,41.20
806,153.00,41.20
807,153.00,41.20
808,153.00,41.20
809,154.00,41.20
810,154.00,41.20
811,154.00,41.20
812,154.00,41.20
813,155.00,41.20
814,155.00,41.20
815,155.00,40.20
816,155.00,40.20
817,156.00,40.20
818,156.00,40.20
819,156.00,40.20
820,156.00,40.20
821,156.00,40.20
822,157.00,40.20
823,157.00,40.20
824,157.00,40.20
825,157.00,40.20
826,158.00,40.20
827,158.00,40.20
828,158.00,40.20
829,158.00,40.20
830,158.00,40.20
831,159.00,40.20
832,159.00,40.20
833,159.00,40.20
834,159.00,40.20
835,159.00,40.20
836,159.00,41.20
837,159.00,41.20
838,159.00,42.20
839,160.00,42.20
840,160.00,42.20
841,160.00,42.20
842,160.00,42.20
843,160.00,43.20
844,160.00,43.20
845,160.00,43.20
846,160.00,43.20
847,160.00,43.20
848,160.00,44.20
849,160.00,44.20
850,160.00,44.20
851,161.00,44.20
852,161.00,44.20
853,161.00,44.20
854,161.00,44.20
855,161.00,45.20
856,161.00,45.20
857,162.00,45.20
858,162.00,45.20
859,162.00,45.20
860,162.00,46.20
861,162.00,46.20
862,162.00,46.20
863,162.00,47.20
864,162.00,47.20
865,162.00,47.20
866,162.00,48.20
867,162.00,48.20
868,162.00,48.20
869,162.00,49.20
870,162.00,49.20
871,162.00,49.20
872,162.00,49.20
873,162.00,50.20
874,162.00,50.20
875,162.00,50.20
876,162.00,50.20
877,162.00,50.20
878,162.00,51.20
879,162.00,51.20
880,162.00,51.20
881,162.00,51.20
882,162.00,51.20
883,162.00,52.20
884,162.00,52.20
885,162.00,52.20
886,162.00,52.20
887,162.00,53.20
888,162.00,54.20
889,162.00,54.20
890,162.00,54.20
891,162.00,54.20
892,162.00,55.20
893,162.00,55.20
894,162.00,55.20
895,162.00,55.20
896,162.00,56.20
897,162.00,56.20
898,163.00,56.20
899,163.00,56.20
900,163.00,56.20
901,163.00,57.20
902,163.00,57.20
903,163.00,57.20
904,163.00,57.20
905,163.00,57.20
906,163.00,58.20
907,163.00,58.20
908,163.00,58.20
909,163.00,58.20
910,164.00,58.20
911,164.00,58.20
912,164.00,58.20
913,164.00,58.20
914,164.00,59.20
915,164.00,59.20
916,164.00,59.20
917,164.00,59.20
918,164.00,59.20
919,164.00,59.20
920,164.00,59.20
921,164.00,60.20
922,164.00,60.20
923,164.00,60.20
924,164.00,61.20
925,164.00,61.20
926,164.00,61.20
927,164.00,62.20
928,164.00,62.20
929,164.00,62.20
930,164.00,62.20
931,164.00,62.20
932,164.00,63.20
933,164.00,63.20
934,164.00,63.20
935,164.00,64.20
936,164.00,64.20
937,164.00,64.20
938,164.00,64.20
939,165.00,65.20
940,165.00,65.20
941,165.00,65.20
942,165.00,66.20
943,165.00,66.20
944,165.00,66.20
945,165.00,66.20
946,165.00,67.20
947,165.00,67.20
948,165.00,67.20
949,165.00,67.20
950,165.00,68.20
951,165.00,68.20
952,165.00,68.20
953,166.00,69.20
954,166.00,69.20
955,166.00,70.20
956,166.00,70.20
957,166.00,71.20
958,166.00,71.20
959,166.00,71.20
960,166.00,72.20
961,166.00,72.20
962,166.00,72.20
963,166.00,73.20
964,166.00,73.20
965,166.00,74.20
966,166.00,74.20
967,166.00,74.20
968,166.00,75.20
969,166.00,76.20
970,166.00,77.20
971,166.00,78.20
972,166.00,79.20
973,166.00,79.20
974,166.00,80.20
975,166.00,81.20
976,166.00,81.20
977,166.00,82.20
978,166.00,83.20
979,166.00,84.20
980,166.00,84.20
981,166.00,85.20
982,166.00,85.20
983,166.00,86.20
984,166.00,86.20
985,166.00,86.20
986,166.00,86.20
987,166.00,86.20
988,166.00,87.20
989,166.00,87.20
990,166.00,87.20
991,166.00,87.20
992,166.00,88.20
993,166.00,88.20
994,166.00,88.20
995,166.00,89.20
996,166.00,89.20
997,166.00,90.20
998,166.00,90.20
999,166.00,90.20
1000,166.00,91.20
1001,166.00,91.20
1002,166.00,91.20
1003,166.00,92.20
1004,166.00,92.20
1005,166.00,92.20
1006,166.00,92.20
1007,166.00,93.20
1008,166.00,93.20
1009,166.00,93.20
1010,166.00,93.20
1011,166.00,93.20
1012,166.00,94.20
1013,167.00,94.20
1014,167.00,94.20
1015,167.00,94.20
1016,167.00,94.20
1017,167.00,94.20
1018,167.00,94.20
1019,167.00,95.20
1020,167.00,96.20
1021,167.00,98.20
1022,167.00,99.20
1023,167.00,100.20
1024,167.00,101.20
1025,167.00,102.20
1026,167.00,102.20
1027,167.00,103.20
1028,167.00,103.20
1029,167.00,103.20
1030,167.00,104.20
1031,167.00,104.20
1032,167.00,104.20
1033,167.00,105.20
1034,167.00,105.20
1035,167.00,105.20
1036,167.00,106.20
1037,167.00,106.20
1038,167.00,106.20
1039,168.00,107.20
1040,168.00,107.20
1041,168.00,107.20
1042,168.00,108.20
1043,168.00,108.20
1044,168.00,109.20
1045,168.00,109.20
1046,168.00,110.20
1047,168.00,110.20
1048,168.00,111.20
1049,168.00,111.20
1050,168.00,111.20
1051,168.00,111.20
1052,168.00,112.20
1053,168.00,112.20
1054,168.00,112.20
1055,169.00,113.20
1056,169.00,113.20
1057,169.00,114.20
1058,169.00,114.20
1059,169.00,115.20
1060,169.00,115.20
1061,169.00,115.20
1062,169.00,115.20
1063,169.00,116.20
1064,169.00,116.20
1065,169.00,117.20
1066,169.00,117.20
1067,169.00,117.20
1068,169.00,117.20
1069,169.00,118.20
1070,169.00,118.20
1071,169.00,118.20
1072,169.00,119.20
1073,169.00,119.20
1074,169.00,119.20
1075,169.00,120.20
1076,169.00,120.20
1077,170.00,121.20
1078,170.00,121.20
1079,170.00,122.20
1080,170.00,122.20
1081,170.00,123.20
1082,170.00,123.20
1083,170.00,124.20
1084,170.00,124.20
1085,170.00,125.20
1086,170.00,125.20
1087,170.00,126.20
1088,170.00,126.20
1089,170.00,127.20
1090,170.00,127.20
1091,170.00,128.20
1092,170.00,128.20
1093,170.00,128.20
1094,170.00,128.20
1095,170.00,129.20
1096,170.00,129.20
1097,170.00,129.20
1098,170.00,129.20
1099,170.00,129.20
1100,170.00,130.20
1101,170.00,130.20
1102,171.00,130.20
1103,171.00,131.20
1104,171.00,131.20
1105,171.00,132.20
1106,171.00,132.20
1107,171.00,133.20
1108,171.00,134.20
1109,171.00,134.20
1110,171.00,135.20
1111,171.00,135.20
1112,171.00,136.20
1113,171.00,136.20
1114,171.00,136.20
1115,171.00,136.20
1116,171.00,136.20
1117,171.00,137.20
1118,171.00,137.20
1119,171.00,137.20
1120,171.00,137.20
1121,171.00,137.20
1122,171.00,138.20
1123,171.00,138.20
1124,171.00,138.20
1125,171.00,138.20
1126,171.00,138.20
1127,171.00,139.20
1128,171.00,139.20
1129,171.00,139.20
1130,171.00,139.20
1131,171.00,140.20
1132,171.00,141.20
1133,171.00,142.20
1134,171.00,142.20
1135,171.00,143.20
1136,171.00,144.20
1137,171.00,145.20
1138,171.00,145.20
1139,171.00,146.20
1140,171.00,146.20
1141,171.00,147.20
1142,171.00,147.20
1143,171.00,148.20
1144,171.00,149.20
1145,171.00,149.20
1146,171.00,149.20
1147,171.00,150.20
1148,171.00,150.20
1149,171.00,150.20
1150,171.00,150.20
1151,171.00,150.20
1152,171.00,151.20
1153,171.00,151.20
1154,171.00,151.20
1155,171.00,151.20
1156,171.00,152.20
1157,171.00,152.20
1158,171.00,152.20
1159,171.00,151.20
1160,171.00,151.20
1161,171.00,152.20
1162,171.00,153.20
1163,171.00,153.20
1164,171.00,154.20
1165,171.00,155.20
1166,171.00,155.20
1167,171.00,156.20
1168,171.00,157.20
1169,171.00,157.20
1170,172.00,158.20
1171,172.00,158.20
1172,172.00,159.20
1173,172.00,159.20
1174,172.00,159.20
1175,172.00,160.20
1176,172.00,160.20
1177,172.00,160.20
1178,172.00,160.20
1179,172.00,160.20
1180,172.00,161.20
1181,172.00,161.20
1182,172.00,162.20
1183,172.00,162.20
1184,172.00,162.20
1185,172.00,163.20
1186,172.00,163.20
1187,172.00,163.20
1188,172.00,164.20
1189,172.00,164.20
1190,172.00,164.20
1191,172.00,164.20
1192,172.00,165.20
1193,172.00,165.20
1194,172.00,165.20
1195,173.00,166.20
1196,173.00,166.20
1197,173.00,167.20
1198,173.00,168.20
1199,173.00,168.20
1200,173.00,169.20
1201,173.00,170.20
1202,173.00,170.20
1203,173.00,171.20
1204,173.00,171.20
1205,173.00,172.20
1206,173.00,172.20
1207,173.00,173.20
1208,173.00,174.20
1209,173.00,174.20
1210,173.00,175.20
1211,173.00,176.20
1212,173.00,176.20
1213,173.00,177.20
1214,173.00,177.20
1215,173.00,178.20
1216,173.00,178.20
1217,173.00,178.20
1218,173.00,179.20
1219,173.00,179.20
1220,173.00,179.20
1221,173.00,180.20
1222,173.00,180.20
1223,173.00,180.20
1224,173.00,181.20
1225,173.00,181.20
1226,173.00,181.20
1227,173.00,182.20
1228,174.00,182.20
1229,174.00,182.20
1230,174.00,183.20
1231,174.00,183.20
1232,174.00,184.20
1233,174.00,184.20
1234,174.00,185.20
1235,174.00,185.20
1236,174.00,185.20
1237,174.00,186.20
1238,174.00,187.20
1239,174.00,187.20
1240,174.00,188.20
1241,174.00,188.20
1242,175.00,189.20
1243,175.00,189.20
1244,175.00,190.20
1245,175.00,191.20
1246,175.00,191.20
1247,175.00,192.20
1248,175.00,192.20
1249,175.00,193.20
1250,175.00,193.20
1251,175.00,193.20
1252,175.00,193.20
1253,175.00,194.20
1254,175.00,194.20
1255,175.00,194.20
1256,175.00,194.20
1257,175.00,194.20
1258,175.00,195.20
1259,175.00,195.20
1260,175.00,195.20
1261,175.00,195.20
1262,175.00,195.20
1263,175.00,196.20
1264,175.00,196.20
1265,175.00,196.20
1266,175.00,197.20
1267,175.00,197.20
1268,175.00,197.20
1269,175.00,197.20
1270,175.00,198.20
1271,175.00,198.20
1272,175.00,198.20
1273,175.00,199.20
1274,175.00,199.20
1275,175.00,199.20
1276,175.00,200.20
1277,175.00,200.20
1278,175.00,200.20
1279,176.00,201.20
1280,176.00,201.20
1281,176.00,201.20
1282,176.00,202.20
1283,176.00,202.20
1284,176.00,202.20
1285,176.00,203.20
1286,176.00,204.20
1287,176.00,204.20
1288,177.00,206.20
1289,177.00,206.20
1290,177.00,207.20
1291,177.00,207.20
1292,177.00,208.20
1293,177.00,208.20
1294,177.00,208.20
1295,177.00,209.20
1296,177.00,209.20
1297,177.00,209.20
1298,177.00,210.20
1299,177.00,210.20
1300,178.00,211.20
1301,178.00,211.20
1302,178.00,212.20
1303,178.00,212.20
1304,178.00,212.20
1305,178.00,213.20
1306,178.00,213.20
1307,178.00,213.20
1308,178.00,213.20
1309,178.00,213.20
1310,178.00,214.20
1311,178.00,214.20
1312,178.00,215.20
1313,178.00,215.20
1314,178.00,215.20
1315,178.00,216.20
1316,178.00,216.20
1317,178.00,217.20
1318,178.00,217.20
1319,178.00,217.20
1320,178.00,218.20
1321,178.00,218.20
1322,178.00,218.20
1323,178.00,218.20
1324,178.00,219.20
1325,178.00,219.20
1326,178.00,220.20
1327,178.00,220.20
1328,178.00,220.20
1329,178.00,220.20
1330,178.00,221.20
1331,178.00,221.20
1332,178.00,221.20
1333,178.00,221.20
1334,178.00,222.20
1335,178.00,223.20
1336,178.00,224.20
1337,178.00,225.20
1338,178.00,227.20
1339,178.00,228.20
1340,178.00,230.20
1341,178.00,232.20
1342,179.00,234.20
1343,179.00,235.20
1344,179.00,235.20
1345,179.00,236.20
1346,179.00,237.20
1347,179.00,237.20
1348,179.00,237.20
1349,179.00,237.20
1350,179.00,237.20
1351,179.00,238.20
1352,179.00,238.20
1353,179.00,238.20
1354,179.00,239.20
1355,179.00,239.20
1356,179.00,240.20
1357,179.00,240.20
1358,180.00,240.20
1359,180.00,241.20
1360,180.00,241.20
1361,180.00,241.20
1362,180.00,242.20
1363,180.00,242.20
1364,180.00,243.20
1365,180.00,243.20
1366,180.00,244.20
1367,181.00,244.20
1368,181.00,245.20
1369,181.00,245.20
1370,181.00,246.20
1371,181.00,246.20
1372,181.00,246.20
1373,181.00,247.20
1374,181.00,247.20
1375,181.00,247.20
1376,181.00,248.20
1377,182.00,248.20
1378,182.00,248.20
1379,182.00,248.20
1380,182.00,249.20
1381,182.00,249.20
1382,182.00,249.20
1383,182.00,249.20
1384,182.00,249.20
1385,182.00,250.20
1386,182.00,250.20
1387,182.00,250.20
1388,182.00,250.20
1389,182.00,251.20
1390,182.00,252.20
1391,182.00,252.20
1392,182.00,253.20
1393,182.00,254.20
1394,182.00,254.20
1395,182.00,254.20
1396,182.00,255.20
1397,182.00,255.20
1398,182.00,256.20
1399,182.00,256.20
1400,182.00,256.20
1401,182.00,256.20
1402,182.00,257.20
1403,183.00,257.20
1404,183.00,257.20
1405,183.00,258.20
1406,183.00,258.20
1407,183.00,259.20
1408,183.00,260.20
1409,183.00,260.20
1410,183.00,260.20
1411,183.00,261.20
1412,183.00,261.20
1413,183.00,261.20
1414,183.00,262.20
1415,183.00,262.20
1416,183.00,262.20
1417,183.00,262.20
1418,183.00,263.20
1419,183.00,263.20
1420,183.00,264.20
1421,183.00,264.20
1422,183.00,264.20
1423,183.00,265.20
1424,183.00,265.20
1425,183.00,265.20
1426,183.00,266.20
1427,183.00,266.20
1428,183.00,266.20
1429,183.00,266.20
1430,183.00,267.20
1431,183.00,267.20
1432,183.00,268.20
1433,183.00,268.20
1434,183.00,269.20
1435,183.00,270.20
1436,183.00,270.20
1437,183.00,271.20
1438,183.00,271.20
1439,183.00,272.20
1440,183.00,272.20
1441,183.00,273.20
1442,183.00,273.20
1443,183.00,273.20
1444,183.00,273.20
1445,183.00,273.20
1446,183.00,274.20
1447,183.00,274.20
1448,183.00,274.20
1449,183.00,274.20
1450,184.00,272.20
1451,184.00,273.20
1452,184.00,274.20
1453,184.00,275.20
1454,184.00,276.20
1455,184.00,277.20
1456,184.00,278.20
1457,185.00,278.20
1458,185.00,278.20
1459,185.00,279.20
1460,185.00,279.20
1461,185.00,280.20
1462,185.00,280.20
1463,185.00,280.20
1464,185.00,281.20
1465,185.00,281.20
1466,185.00,281.20
1467,185.00,281.20
1468,185.00,281.20
1469,185.00,282.20
1470,185.00,282.20
1471,185.00,282.20
1472,185.00,282.20
1473,185.00,282.20
1474,185.00,283.20
1475,185.00,283.20
1476,185.00,283.20
1477,186.00,284.20
1478,186.00,284.20
1479,186.00,285.20
1480,186.00,285.20
1481,186.00,286.20
1482,186.00,286.20
1483,186.00,287.20
1484,187.00,287.20
1485,187.00,288.20
1486,187.00,288.20
1487,187.00,288.20
1488,187.00,289.20
1489,187.00,289.20
1490,187.00,289.20
1491,187.00,289.20
1492,187.00,290.20
1493,187.00,290.20
1494,187.00,290.20
1495,187.00,291.20
1496,187.00,291.20
1497,187.00,292.20
1498,187.00,292.20
1499,187.00,292.20
1500,187.00,293.20
1501,187.00,293.20
1502,187.00,294.20
1503,187.00,294.20
1504,187.00,295.20
1505,187.00,295.20
1506,187.00,295.20
1507,187.00,296.20
1508,187.00,296.20
1509,187.00,296.20
1510,187.00,296.20
1511,188.00,296.20
1512,188.00,297.20
1513,188.00,297.20
1514,188.00,297.20
1515,188.00,298.20
1516,188.00,298.20
1517,188.00,299.20
1518,188.00,300.20
1519,188.00,301.20
1520,188.00,302.20
1521,188.00,303.20
1522,188.00,304.20
1523,188.00,304.20
1524,188.00,305.20
1525,189.00,305.20
1526,189.00,306.20
1527,189.00,306.20
1528,189.00,306.20
1529,189.00,307.20
1530,189.00,307.20
1531,189.00,308.20
1532,189.00,308.20
1533,189.00,308.20
1534,189.00,308.20
1535,189.00,309.20
1536,189.00,309.20
1537,189.00,310.20
1538,189.00,310.20
1539,190.00,311.20
1540,190.00,311.20
1541,190.00,312.20
1542,190.00,312.20
1543,190.00,313.20
1544,190.00,313.20
1545,190.00,314.20
1546,190.00,314.20
1547,190.00,315.20
1548,190.00,315.20
1549,191.00,316.20
1550,191.00,316.20
1551,191.00,317.20
1552,191.00,318.20
1553,191.00,318.20
1554,192.00,318.20
1555,192.00,319.20
1556,192.00,319.20
1557,192.00,320.20
1558,193.00,322.20
1559,193.00,322.20
1560,193.00,323.20
1561,193.00,324.20
1562,193.00,324.20
1563,194.00,324.20
1564,194.00,324.20
1565,194.00,325.20
1566,194.00,325.20
1567,194.00,325.20
1568,194.00,325.20
1569,194.00,325.20
1570,194.00,325.20
1571,194.00,326.20
1572,194.00,326.20
1573,195.00,326.20
1574,195.00,326.20
1575,195.00,326.20
1576,195.00,327.20
1577,195.00,327.20
1578,195.00,327.20
1579,195.00,327.20
1580,196.00,327.20
1581,196.00,328.20
1582,196.00,328.20
1583,196.00,328.20
1584,196.00,329.20
1585,197.00,329.20
1586,197.00,330.20
1587,197.00,330.20
1588,197.00,330.20
1589,198.00,330.20
1590,198.00,331.20
1591,198.00,331.20
1592,198.00,331.20
1593,198.00,331.20
1594,198.00,331.20
1595,198.00,331.20
1596,198.00,331.20
1597,199.00,331.20
1598,199.00,332.20
1599,199.00,332.20
1600,199.00,332.20
1601,199.00,332.20
1602,199.00,332.20
1603,199.00,332.20
1604,199.00,332.20
1605,200.00,332.20
1606,200.00,332.20
1607,200.00,332.20
1608,200.00,332.20
1609,200.00,333.20
1610,201.00,333.20
1611,201.00,333.20
1612,201.00,333.20
1613,201.00,333.20
1614,201.00,333.20
1615,201.00,333.20
1616,202.00,333.20
1617,202.00,333.20
1618,202.00,332.20
1619,202.00,332.20
1620,202.00,332.20
1621,203.00,332.20
1622,203.00,332.20
1623,203.00,331.20
1624,203.00,331.20
1625,203.00,331.20
1626,203.00,331.20
1627,203.00,331.20
1628,204.00,331.20
1629,204.00,331.20
1630,204.00,331.20
1631,204.00,331.20
1632,204.00,330.20
1633,204.00,330.20
1634,204.00,330.20
1635,204.00,330.20
1636,204.00,330.20
1637,204.00,330.20
1638,204.00,330.20
1639,205.00,330.20
1640,205.00,329.20
1641,205.00,329.20
1642,205.00,329.20
1643,205.00,329.20
1644,205.00,328.20
1645,205.00,328.20
1646,205.00,328.20
1647,205.00,328.20
1648,205.00,327.20
1649,205.00,327.20
1650,206.00,327.20
1651,206.00,327.20
1652,206.00,326.20
1653,206.00,326.20
1654,206.00,326.20
1655,207.00,325.20
1656,207.00,325.20
1657,207.00,324.20
1658,207.00,324.20
1659,207.00,324.20
1660,207.00,323.20
1661,208.00,323.20
1662,208.00,323.20
1663,208.00,323.20
1664,208.00,322.20
1665,208.00,322.20
1666,209.00,322.20
1667,209.00,322.20
1668,209.00,321.20
1669,209.00,321.20
1670,209.00,321.20
1671,209.00,321.20
1672,209.00,321.20
1673,210.00,320.20
1674,210.00,320.20
1675,210.00,320.20
1676,210.00,319.20
1677,210.00,319.20
1678,210.00,319.20
1679,210.00,318.20
1680,210.00,318.20
1681,210.00,318.20
1682,210.00,317.20
1683,210.00,317.20
1684,211.00,316.20
1685,211.00,315.20
1686,211.00,314.20
1687,212.00,314.20
1688,212.00,313.20
1689,213.00,312.20
1690,213.00,311.20
1691,214.00,310.20
1692,214.00,310.20
1693,214.00,309.20
1694,214.00,308.20
1695,215.00,308.20
1696,215.00,307.20
1697,215.00,306.20
1698,215.00,306.20
1699,215.00,305.20
1700,216.00,305.20
1701,216.00,304.20
1702,216.00,304.20
1703,216.00,303.20
1704,216.00,302.20
1705,216.00,302.20
1706,216.00,301.20
1707,216.00,301.20
1708,216.00,300.20
1709,216.00,299.20
1710,216.00,298.20
1711,217.00,298.20
1712,217.00,298.20
1713,217.00,297.20
1714,217.00,297.20
1715,217.00,296.20
1716,217.00,296.20
1717,217.00,296.20
1718,218.00,295.20
1719,218.00,295.20
1720,218.00,295.20
1721,218.00,294.20
1722,218.00,294.20
1723,218.00,293.20
1724,218.00,293.20
1725,218.00,292.20
1726,218.00,292.20
1727,219.00,291.20
1728,219.00,290.20
1729,219.00,290.20
1730,219.00,290.20
1731,220.00,289.20
1732,220.00,288.20
1733,220.00,287.20
1734,221.00,286.20
1735,221.00,286.20
1736,221.00,285.20
1737,221.00,284.20
1738,222.00,284.20
1739,222.00,283.20
1740,222.00,283.20
1741,222.00,283.20
1742,223.00,282.20
1743,223.00,281.20
1744,223.00,281.20
1745,223.00,281.20
1746,223.00,280.20
1747,223.00,280.20
1748,224.00,279.20
1749,224.00,279.20
1750,224.00,279.20
1751,224.00,278.20
1752,224.00,278.20
1753,225.00,277.20
1754,225.00,277.20
1755,225.00,276.20
1756,226.00,275.20
1757,226.00,275.20
1758,226.00,274.20
1759,227.00,273.20
1760,227.00,272.20
1761,228.00,272.20
1762,228.00,272.20
1763,228.00,271.20
1764,228.00,271.20
1765,228.00,271.20
1766,228.00,271.20
1767,229.00,271.20
1768,229.00,270.20
1769,229.00,270.20
1770,229.00,270.20
1771,229.00,270.20
1772,230.00,270.20
1773,230.00,270.20
1774,230.00,270.20
1775,231.00,269.20
1776,231.00,269.20
1777,232.00,269.20
1778,232.00,269.20
1779,233.00,269.20
1780,233.00,268.20
1781,233.00,268.20
1782,234.00,268.20
1783,234.00,268.20
1784,235.00,268.20
1785,235.00,268.20
1786,235.00,268.20
1787,236.00,267.20
1788,236.00,267.20
1789,236.00,267.20
1790,237.00,267.20
1791,237.00,267.20
1792,237.00,267.20
1793,237.00,267.20
1794,238.00,267.20
1795,238.00,266.20
1796,238.00,266.20
1797,238.00,266.20
1798,238.00,266.20
1799,238.00,266.20
1800,239.00,266.20
1801,239.00,266.20
1802,239.00,266.20
1803,239.00,266.20
1804,240.00,266.20
1805,240.00,265.20
1806,240.00,265.20
1807,241.00,265.20
1808,241.00,265.20
1809,241.00,265.20
1810,242.00,265.20
1811,242.00,265.20
1812,242.00,265.20
1813,243.00,265.20
1814,243.00,264.20
1815,243.00,264.20
1816,244.00,264.20
1817,244.00,264.20
1818,244.00,264.20
1819,244.00,264.20
1820,244.00,264.20
1821,245.00,263.20
1822,245.00,263.20
1823,245.00,263.20
1824,245.00,263.20
1825,245.00,263.20
1826,245.00,263.20
1827,246.00,263.20
1828,246.00,263.20
1829,246.00,263.20
1830,246.00,262.20
1831,248.00,262.20
1832,248.00,262.20
1833,248.00,262.20
1834,248.00,261.20
1835,248.00,261.20
1836,248.00,261.20
1837,248.00,261.20
1838,249.00,260.20
1839,249.00,260.20
1840,249.00,260.20
1841,249.00,259.20
1842,249.00,259.20
1843,249.00,259.20
1844,249.00,259.20
1845,249.00,259.20
1846,250.00,259.20
1847,250.00,258.20
1848,250.00,258.20
1849,250.00,258.20
1850,250.00,258.20
1851,250.00,258.20
1852,250.00,258.20
1853,251.00,258.20
1854,251.00,257.20
1855,251.00,257.20
1856,251.00,256.20
1857,251.00,256.20
1858,251.00,255.20
1859,252.00,255.20
1860,252.00,254.20
1861,252.00,253.20
1862,252.00,253.20
1863,253.00,252.20
1864,253.00,252.20
1865,253.00,251.20
1866,253.00,251.20
1867,253.00,251.20
1868,253.00,251.20
1869,253.00,250.20
1870,253.00,250.20
1871,254.00,250.20
1872,254.00,250.20
1873,254.00,250.20
1874,254.00,249.20
1875,254.00,249.20
1876,254.00,249.20
1877,254.00,249.20
1878,254.00,248.20
1879,254.00,248.20
1880,254.00,248.20
1881,254.00,247.20
1882,254.00,247.20
1883,254.00,246.20
1884,254.00,245.20
1885,254.00,245.20
1886,254.00,245.20
1887,255.00,245.20
1888,255.00,244.20
1889,255.00,244.20
1890,255.00,244.20
1891,255.00,243.20
1892,255.00,243.20
1893,255.00,243.20
1894,256.00,242.20
1895,256.00,242.20
1896,256.00,241.20
1897,256.00,241.20
1898,256.00,241.20
1899,256.00,240.20
1900,256.00,240.20
1901,256.00,240.20
1902,256.00,239.20
1903,257.00,239.20
1904,257.00,239.20
1905,257.00,239.20
1906,257.00,238.20
1907,257.00,238.20
1908,257.00,238.20
1909,257.00,237.20
1910,257.00,237.20
1911,257.00,236.20
1912,257.00,236.20
1913,257.00,235.20
1914,257.00,234.20
1915,258.00,234.20
1916,258.00,234.20
1917,258.00,233.20
1918,258.00,233.20
1919,258.00,233.20
1920,258.00,232.20
1921,258.00,232.20
1922,258.00,232.20
1923,258.00,232.20
1924,258.00,231.20
1925,258.00,231.20
1926,258.00,231.20
1927,258.00,231.20
1928,258.00,230.20
1929,259.00,230.20
1930,259.00,230.20
1931,259.00,229.20
1932,259.00,229.20
1933,259.00,228.20
1934,259.00,228.20
1935,259.00,228.20
1936,259.00,228.20
1937,259.00,228.20
1938,259.00,227.20
1939,259.00,227.20
1940,259.00,227.20
1941,259.00,226.20
1942,259.00,226.20
1943,259.00,226.20
1944,259.00,226.20
1945,259.00,226.20
1946,259.00,225.20
1947,259.00,225.20
1948,259.00,225.20
1949,259.00,225.20
1950,259.00,224.20
1951,259.00,224.20
1952,259.00,224.20
1953,259.00,224.20
1954,259.00,224.20
1955,259.00,223.20
1956,259.00,223.20
1957,259.00,223.20
1958,259.00,223.20
1959,260.00,222.20
1960,260.00,222.20
1961,260.00,222.20
1962,260.00,222.20
1963,260.00,222.20
1964,260.00,221.20
1965,260.00,221.20
1966,260.00,221.20
1967,260.00,221.20
1968,260.00,221.20
1969,260.00,221.20
1970,261.00,221.20
1971,261.00,220.20
1972,261.00,220.20
1973,261.00,220.20
1974,261.00,220.20
1975,261.00,219.20
1976,261.00,219.20
1977,261.00,219.20
1978,261.00,219.20
1979,261.00,219.20
1980,261.00,218.20
1981,261.00,218.20
1982,261.00,218.20
1983,261.00,218.20
1984,261.00,218.20
1985,261.00,217.20
1986,261.00,217.20
1987,261.00,216.20
1988,261.00,216.20
1989,261.00,216.20
1990,261.00,215.20
1991,261.00,215.20
1992,261.00,215.20
1993,261.00,215.20
1994,261.00,215.20
1995,261.00,214.20
1996,261.00,214.20
1997,261.00,213.20
1998,261.00,213.20
1999,261.00,212.20
2000,261.00,212.20
2001,261.00,211.20
2002,261.00,211.20
2003,261.00,211.20
2004,261.00,210.20
2005,261.00,210.20
2006,261.00,209.20
2007,261.00,208.20
2008,261.00,207.20
2009,261.00,207.20
2010,261.00,207.20
2011,261.00,207.20
2012,261.00,206.20
2013,261.00,206.20
2014,261.00,206.20
2015,261.00,205.20
2016,262.00,204.20
2017,262.00,204.20
2018,262.00,203.20
2019,262.00,203.20
2020,262.00,203.20
2021,262.00,203.20
2022,262.00,202.20
2023,262.00,202.20
2024,262.00,201.20
2025,262.00,201.20
2026,262.00,200.20
2027,262.00,200.20
2028,263.00,200.20
2029,263.00,199.20
2030,263.00,199.20
2031,263.00,198.20
2032,263.00,198.20
2033,263.00,197.20
2034,263.00,197.20
2035,263.00,197.20
2036,263.00,196.20
2037,263.00,196.20
2038,263.00,195.20
2039,263.00,195.20
2040,263.00,194.20
2041,263.00,194.20
2042,264.00,193.20
2043,264.00,193.20
2044,264.00,193.20
2045,264.00,193.20
2046,264.00,193.20
2047,264.00,192.20
2048,264.00,192.20
2049,264.00,192.20
2050,264.00,191.20
2051,264.00,190.20
2052,264.00,190.20
2053,265.00,189.20
2054,265.00,189.20
2055,265.00,189.20
2056,265.00,188.20
2057,265.00,188.20
2058,265.00,187.20
2059,265.00,187.20
2060,265.00,187.20
2061,265.00,187.20
2062,265.00,186.20
2063,265.00,186.20
2064,265.00,186.20
2065,265.00,186.20
2066,265.00,185.20
2067,265.00,185.20
2068,265.00,185.20
2069,265.00,185.20
2070,265.00,185.20
2071,265.00,184.20
2072,265.00,184.20
2073,265.00,184.20
2074,265.00,184.20
2075,265.00,183.20
2076,265.00,183.20
2077,265.00,183.20
2078,265.00,182.20
2079,265.00,182.20
2080,265.00,182.20
2081,265.00,182.20
2082,265.00,181.20
2083,265.00,181.20
2084,265.00,181.20
2085,265.00,180.20
2086,266.00,179.20
2087,266.00,179.20
2088,266.00,178.20
2089,266.00,177.20
2090,266.00,177.20
2091,266.00,176.20
2092,266.00,176.20
2093,266.00,176.20
2094,266.00,176.20
2095,266.00,175.20
2096,266.00,174.20
2097,266.00,174.20
2098,266.00,174.20
2099,266.00,174.20
2100,266.00,173.20
2101,266.00,173.20
2102,266.00,172.20
2103,266.00,172.20
2104,267.00,172.20
2105,267.00,171.20
2106,267.00,171.20
2107,267.00,171.20
2108,267.00,171.20
2109,267.00,170.20
2110,267.00,170.20
2111,267.00,169.20
2112,267.00,169.20
2113,267.00,169.20
2114,267.00,168.20
2115,267.00,168.20
2116,267.00,168.20
2117,267.00,167.20
2118,267.00,167.20
2119,267.00,167.20
2120,267.00,167.20
2121,267.00,167.20
2122,267.00,166.20
2123,267.00,166.20
2124,267.00,166.20
2125,267.00,166.20
2126,267.00,165.20
2127,267.00,165.20
2128,267.00,165.20
2129,267.00,165.20
2130,268.00,164.20
2131,268.00,164.20
2132,268.00,163.20
2133,268.00,163.20
2134,268.00,162.20
2135,268.00,162.20
2136,268.00,161.20
2137,268.00,160.20
2138,269.00,160.20
2139,269.00,160.20
2140,269.00,159.20
2141,269.00,159.20
2142,269.00,159.20
2143,269.00,158.20
2144,269.00,158.20
2145,269.00,158.20
2146,269.00,158.20
2147,269.00,157.20
2148,269.00,157.20
2149,269.00,157.20
2150,269.00,156.20
2151,269.00,156.20
2152,269.00,156.20
2153,269.00,155.20
2154,269.00,154.20
2155,269.00,154.20
2156,269.00,154.20
2157,269.00,153.20
2158,269.00,153.20
2159,269.00,153.20
2160,269.00,152.20
2161,269.00,152.20
2162,270.00,152.20
2163,270.00,151.20
2164,270.00,151.20
2165,270.00,151.20
2166,270.00,150.20
2167,270.00,150.20
2168,270.00,149.20
2169,270.00,149.20
2170,270.00,149.20
2171,270.00,149.20
2172,270.00,149.20
2173,270.00,148.20
2174,270.00,147.20
2175,270.00,146.20
2176,270.00,146.20
2177,270.00,146.20
2178,270.00,146.20
2179,270.00,146.20
2180,270.00,145.20
2181,270.00,145.20
2182,270.00,145.20
2183,270.00,144.20
2184,270.00,144.20
2185,270.00,144.20
2186,270.00,143.20
2187,270.00,143.20
2188,270.00,143.20
2189,270.00,143.20
2190,270.00,142.20
2191,270.00,142.20
2192,270.00,141.20
2193,270.00,141.20
2194,270.00,141.20
2195,270.00,140.20
2196,270.00,140.20
2197,270.00,139.20
2198,270.00,139.20
2199,270.00,139.20
2200,270.00,138.20
2201,270.00,138.20
2202,270.00,138.20
2203,270.00,137.20
2204,270.00,137.20
2205,271.00,136.20
2206,271.00,136.20
2207,271.00,135.20
2208,271.00,135.20
2209,271.00,134.20
2210,271.00,133.20
2211,271.00,132.20
2212,271.00,131.20
2213,272.00,131.20
2214,272.00,130.20
2215,272.00,129.20
2216,272.00,128.20
2217,272.00,128.20
2218,272.00,128.20
2219,273.00,127.20
2220,273.00,127.20
2221,273.00,127.20
2222,273.00,127.20
2223,273.00,126.20
2224,273.00,126.20
2225,273.00,126.20
2226,273.00,126.20
2227,273.00,125.20
2228,273.00,125.20
2229,273.00,125.20
2230,273.00,124.20
2231,273.00,124.20
2232,273.00,123.20
2233,274.00,122.20
2234,274.00,121.20
2235,274.00,120.20
2236,274.00,120.20
2237,274.00,119.20
2238,275.00,117.20
2239,275.00,116.20
2240,275.00,116.20
2241,275.00,115.20
2242,275.00,114.20
2243,275.00,114.20
2244,275.00,113.20
2245,275.00,113.20
2246,276.00,112.20
2247,276.00,111.20
2248,276.00,111.20
2249,276.00,110.20
2250,276.00,109.20
2251,276.00,108.20
2252,276.00,107.20
2253,276.00,107.20
2254,277.00,106.20
2255,277.00,106.20
2256,277.00,106.20
2257,277.00,105.20
2258,277.00,105.20
2259,277.00,105.20
2260,277.00,105.20
2261,277.00,105.20
2262,277.00,104.20
2263,277.00,104.20
2264,277.00,104.20
2265,277.00,103.20
2266,277.00,103.20
2267,277.00,103.20
2268,277.00,102.20
2269,277.00,102.20
2270,277.00,102.20
2271,277.00,101.20
2272,277.00,101.20
2273,277.00,100.20
2274,277.00,100.20
2275,277.00,99.20
2276,277.00,99.20
2277,277.00,98.20
2278,277.00,98.20
2279,277.00,97.20
2280,277.00,97.20
2281,277.00,97.20
2282,277.00,97.20
2283,277.00,96.20
2284,277.00,95.20
2285,277.00,95.20
2286,277.00,95.20
2287,277.00,95.20
2288,277.00,95.20
2289,277.00,94.20
2290,277.00,94.20
2291,277.00,94.20
2292,277.00,93.20
2293,277.00,93.20
2294,277.00,93.20
2295,277.00,92.20
2296,277.00,92.20
2297,277.00,92.20
2298,277.00,91.20
2299,277.00,91.20
2300,277.00,90.20
2301,277.00,89.20
2302,277.00,88.20
2303,277.00,88.20
2304,277.00,87.20
2305,277.00,86.20
2306,277.00,85.20
2307,277.00,85.20
2308,277.00,83.20
2309,277.00,83.20
2310,277.00,82.20
2311,277.00,81.20
2312,277.00,81.20
2313,277.00,80.20
2314,277.00,80.20
2315,277.00,79.20
2316,277.00,79.20
2317,277.00,78.20
2318,277.00,78.20
2319,278.00,78.20
2320,278.00,77.20
2321,278.00,77.20
2322,278.00,77.20
2323,278.00,77.20
2324,278.00,77.20
2325,278.00,76.20
2326,278.00,75.20
2327,278.00,74.20
2328,278.00,73.20
2329,278.00,72.20
2330,278.00,72.20
2331,278.00,72.20
2332,278.00,71.20
2333,278.00,71.20
2334,278.00,71.20
2335,278.00,70.20
2336,278.00,70.20
2337,278.00,69.20
2338,278.00,69.20
2339,278.00,68.20
2340,278.00,68.20
2341,278.00,68.20
2342,278.00,68.20
2343,278.00,67.20
2344,278.00,66.20
2345,278.00,65.20
2346,278.00,64.20
2347,278.00,64.20
2348,278.00,63.20
2349,278.00,63.20
2350,278.00,62.20
2351,278.00,62.20
2352,278.00,61.20
2353,278.00,60.20
2354,278.00,60.20
2355,278.00,59.20
2356,278.00,59.20
2357,278.00,58.20
2358,278.00,58.20
2359,278.00,57.20
2360,278.00,57.20
2361,279.00,56.20
2362,279.00,55.20
2363,279.00,55.20
2364,279.00,54.20
2365,279.00,53.20
2366,280.00,53.20
2367,280.00,52.20
2368,280.00,51.20
2369,280.00,51.20
2370,280.00,50.20
2371,280.00,50.20
2372,280.00,49.20
2373,280.00,49.20
2374,280.00,48.20
2375,280.00,48.20
2376,280.00,48.20
2377,281.00,47.20
2378,281.00,47.20
2379,281.00,47.20
2380,281.00,47.20
2381,281.00,47.20
2382,281.00,46.20
2383,281.00,46.20
2384,281.00,46.20
2385,281.00,46.20
2386,281.00,46.20
2387,281.00,45.20
2388,281.00,45.20
2389,281.00,45.20
2390,281.00,45.20
2391,281.00,45.20
2392,281.00,44.20
2393,281.00,44.20
2394,281.00,44.20
2395,281.00,43.20
2396,281.00,43.20
2397,281.00,43.20
2398,281.00,43.20
2399,281.00,43.20
2400,281.00,42.20
2401,282.00,42.20
2402,282.00,42.20
2403,282.00,42.20
2404,282.00,41.20
2405,282.00,41.20
2406,282.00,41.20
2407,283.00,41.20
2408,283.00,41.20
2409,284.00,41.20
2410,284.00,41.20
2411,285.00,41.20
2412,285.00,41.20
2413,286.00,41.20
2414,286.00,41.20
2415,286.00,41.20
2416,287.00,41.20
2417,287.00,41.20
2418,287.00,41.20
2419,287.00,41.20
2420,288.00,41.20
2421,288.00,41.20
2422,288.00,41.20
2423,288.00,41.20
2424,289.00,41.20
2425,289.00,41.20
2426,289.00,41.20
2427,289.00,41.20
2428,290.00,41.20
2429,290.00,41.20
2430,290.00,41.20
2431,291.00,41.20
2432,291.00,41.20
2433,292.00,41.20
2434,293.00,41.20
2435,294.00,41.20
2436,296.00,41.20
2437,298.00,41.20
2438,299.00,41.20
2439,300.00,41.20
2440,300.00,41.20
2441,301.00,41.20
2442,301.00,41.20
2443,302.00,41.20
2444,302.00,41.20
2445,302.00,41.20
2446,302.00,41.20
2447,303.00,41.20
2448,303.00,41.20
2449,303.00,41.20
2450,303.00,41.20
2451,303.00,41.20
2452,304.00,41.20
2453,304.00,41.20
2454,304.00,41.20
2455,304.00,41.20
2456,304.00,41.20
2457,305.00,41.20
2458,305.00,41.20
2459,305.00,41.20
2460,305.00,41.20
2461,305.00,41.20
2462,306.00,41.20
2463,306.00,41.20
2464,306.00,41.20
2465,306.00,41.20
2466,306.00,41.20
2467,307.00,41.20
2468,307.00,41.20
2469,307.00,41.20
2470,307.00,41.20
2471,307.00,41.20
2472,307.00,41.20
2473,308.00,41.20
2474,308.00,41.20
2475,308.00,41.20
2476,308.00,41.20
2477,308.00,41.20
2478,309.00,41.20
2479,309.00,42.20
2480,309.00,42.20
2481,309.00,42.20
2482,309.00,42.20
2483,310.00,42.20
2484,310.00,43.20
2485,310.00,43.20
2486,310.00,43.20
2487,311.00,43.20
2488,311.00,43.20
2489,311.00,43.20
2490,311.00,44.20
2491,311.00,44.20
2492,311.00,44.20
2493,312.00,44.20
2494,312.00,44.20
2495,312.00,45.20
2496,312.00,45.20
2497,312.00,45.20
2498,312.00,46.20
2499,312.00,46.20
2500,312.00,47.20
2501,312.00,47.20
2502,312.00,48.20
2503,312.00,49.20
2504,312.00,49.20
2505,312.00,50.20
2506,312.00,51.20
2507,312.00,52.20
2508,312.00,52.20
2509,312.00,53.20
2510,313.00,53.20
2511,313.00,54.20
2512,313.00,54.20
2513,313.00,54.20
2514,313.00,55.20
2515,313.00,55.20
2516,313.00,56.20
2517,313.00,56.20
2518,313.00,57.20
2519,313.00,58.20
2520,313.00,59.20
2521,313.00,59.20
2522,313.00,60.20
2523,313.00,60.20
2524,313.00,61.20
2525,313.00,61.20
2526,313.00,62.20
2527,313.00,62.20
2528,313.00,63.20
2529,313.00,63.20
2530,313.00,63.20
2531,313.00,64.20
2532,313.00,64.20
2533,313.00,65.20
2534,313.00,65.20
2535,313.00,65.20
2536,314.00,66.20
2537,314.00,66.20
2538,314.00,66.20
2539,314.00,67.20
2540,314.00,67.20
2541,314.00,68.20
2542,314.00,68.20
2543,314.00,69.20
2544,314.00,69.20
2545,314.00,70.20
2546,314.00,70.20
2547,314.00,70.20
2548,314.00,71.20
2549,314.00,71.20
2550,314.00,71.20
2551,314.00,71.20
2552,314.00,72.20
2553,314.00,72.20
2554,314.00,72.20
2555,314.00,72.20
2556,314.00,73.20
2557,314.00,73.20
2558,314.00,73.20
2559,314.00,73.20
2560,314.00,73.20
2561,314.00,74.20
2562,314.00,74.20
2563,314.00,74.20
2564,314.00,75.20
2565,314.00,75.20
2566,314.00,76.20
2567,314.00,76.20
2568,314.00,76.20
2569,314.00,77.20
2570,314.00,77.20
2571,314.00,77.20
2572,314.00,78.20
2573,314.00,78.20
2574,314.00,78.20
2575,315.00,78.20
2576,315.00,78.20
2577,315.00,79.20
2578,315.00,80.20
2579,315.00,82.20
2580,315.00,84.20
2581,315.00,87.20
2582,315.00,88.20
2583,315.00,89.20
2584,315.00,90.20
2585,315.00,91.20
2586,315.00,92.20
2587,315.00,93.20
2588,315.00,94.20
2589,315.00,95.20
2590,315.00,95.20
2591,315.00,96.20
2592,315.00,96.20
2593,315.00,97.20
2594,315.00,97.20
2595,315.00,98.20
2596,315.00,98.20
2597,316.00,99.20
2598,316.00,100.20
2599,316.00,101.20
2600,316.00,101.20
2601,316.00,102.20
2602,316.00,102.20
2603,316.00,102.20
2604,316.00,103.20
2605,316.00,103.20
2606,316.00,104.20
2607,316.00,104.20
2608,316.00,105.20
2609,316.00,105.20
2610,316.00,105.20
2611,316.00,106.20
2612,316.00,106.20
2613,316.00,107.20
2614,316.00,107.20
2615,316.00,108.20
2616,316.00,108.20
2617,316.00,108.20
2618,316.00,109.20
2619,316.00,109.20
2620,316.00,109.20
2621,316.00,110.20
2622,317.00,110.20
2623,317.00,111.20
2624,317.00,112.20
2625,317.00,113.20
2626,317.00,114.20
2627,317.00,114.20
2628,317.00,115.20
2629,317.00,115.20
2630,317.00,116.20
2631,317.00,116.20
2632,318.00,117.20
2633,318.00,118.20
2634,318.00,119.20
2635,318.00,120.20
2636,318.00,121.20
2637,318.00,122.20
2638,318.00,122.20
2639,318.00,123.20
2640,318.00,123.20
2641,318.00,124.20
2642,318.00,124.20
2643,318.00,124.20
2644,318.00,125.20
2645,318.00,126.20
2646,319.00,127.20
2647,319.00,128.20
2648,319.00,128.20
2649,319.00,129.20
2650,319.00,129.20
2651,319.00,130.20
2652,319.00,130.20
2653,319.00,130.20
2654,319.00,131.20
2655,319.00,131.20
2656,319.00,131.20
2657,319.00,131.20
2658,319.00,132.20
2659,319.00,132.20
2660,319.00,132.20
2661,319.00,132.20
2662,319.00,133.20
2663,319.00,133.20
2664,319.00,133.20
2665,319.00,133.20
2666,319.00,134.20
2667,319.00,134.20
2668,319.00,134.20
2669,319.00,135.20
2670,319.00,135.20
2671,320.00,135.20
2672,320.00,135.20
2673,320.00,136.20
2674,320.00,137.20
2675,320.00,138.20
2676,320.00,139.20
2677,320.00,140.20
2678,320.00,141.20
2679,320.00,143.20
2680,320.00,145.20
2681,320.00,146.20
2682,320.00,147.20
2683,320.00,148.20
2684,320.00,149.20
2685,320.00,151.20
2686,320.00,151.20
2687,320.00,152.20
2688,320.00,153.20
2689,320.00,154.20
2690,321.00,155.20
2691,321.00,155.20
2692,321.00,157.20
2693,321.00,158.20
2694,321.00,159.20
2695,321.00,159.20
2696,321.00,160.20
2697,321.00,161.20
2698,321.00,161.20
2699,321.00,162.20
2700,322.00,163.20
2701,322.00,164.20
2702,322.00,165.20
2703,322.00,166.20
2704,322.00,168.20
2705,322.00,169.20
2706,322.00,170.20
2707,322.00,170.20
2708,322.00,171.20
2709,322.00,172.20
2710,322.00,172.20
2711,323.00,173.20
2712,323.00,174.20
2713,323.00,175.20
2714,323.00,176.20
2715,323.00,177.20
2716,323.00,177.20
2717,323.00,178.20
2718,323.00,179.20
2719,323.00,180.20
2720,323.00,181.20
2721,323.00,182.20
2722,323.00,183.20
2723,323.00,184.20
2724,323.00,185.20
2725,324.00,186.20
2726,324.00,187.20
2727,324.00,188.20
2728,324.00,189.20
2729,324.00,190.20
2730,324.00,191.20
2731,324.00,192.20
2732,324.00,193.20
2733,324.00,194.20
2734,324.00,195.20
2735,324.00,195.20
2736,324.00,196.20
2737,324.00,196.20
2738,324.00,197.20
2739,324.00,198.20
2740,324.00,198.20
2741,324.00,199.20
2742,324.00,200.20
2743,325.00,200.20
2744,325.00,201.20
2745,325.00,201.20
2746,325.00,202.20
2747,325.00,202.20
2748,325.00,203.20
2749,325.00,203.20
2750,325.00,204.20
2751,325.00,205.20
2752,325.00,206.20
2753,325.00,207.20
2754,325.00,208.20
2755,325.00,209.20
2756,325.00,209.20
2757,325.00,210.20
2758,325.00,210.20
2759,325.00,211.20
2760,325.00,211.20
2761,325.00,212.20
2762,326.00,212.20
2763,326.00,213.20
2764,326.00,213.20
2765,326.00,214.20
2766,326.00,214.20
2767,326.00,215.20
2768,326.00,215.20
2769,326.00,215.20
2770,326.00,216.20
2771,326.00,216.20
2772,326.00,217.20
2773,326.00,217.20
2774,327.00,217.20
2775,327.00,218.20
2776,327.00,218.20
2777,327.00,219.20
2778,327.00,219.20
2779,327.00,219.20
2780,327.00,220.20
2781,327.00,220.20
2782,328.00,220.20
2783,328.00,220.20
2784,328.00,220.20
2785,328.00,221.20
2786,328.00,222.20
2787,328.00,223.20
2788,328.00,225.20
2789,328.00,227.20
2790,329.00,228.20
2791,329.00,230.20
2792,329.00,230.20
2793,329.00,231.20
2794,329.00,233.20
2795,329.00,233.20
2796,329.00,236.20
2797,329.00,236.20
2798,330.00,237.20
2799,330.00,238.20
2800,330.00,239.20
2801,330.00,240.20
2802,330.00,241.20
2803,330.00,241.20
2804,330.00,242.20
2805,330.00,243.20
2806,331.00,244.20
2807,331.00,244.20
2808,331.00,246.20
2809,331.00,247.20
2810,331.00,248.20
2811,331.00,249.20
2812,331.00,250.20
2813,332.00,250.20
2814,332.00,251.20
2815,332.00,251.20
2816,332.00,252.20
2817,332.00,252.20
2818,332.00,252.20
2819,332.00,253.20
2820,332.00,253.20
2821,332.00,254.20
2822,332.00,254.20
2823,332.00,254.20
2824,332.00,255.20
2825,332.00,255.20
2826,332.00,255.20
2827,332.00,256.20
2828,332.00,257.20
2829,332.00,258.20
2830,333.00,259.20
2831,333.00,260.20
2832,333.00,261.20
2833,333.00,261.20
2834,333.00,262.20
2835,333.00,262.20
2836,333.00,263.20
2837,333.00,263.20
2838,333.00,264.20
2839,334.00,264.20
2840,334.00,264.20
2841,334.00,265.20
2842,334.00,267.20
2843,334.00,269.20
2844,334.00,271.20
2845,334.00,273.20
2846,334.00,275.20
2847,334.00,276.20
2848,334.00,279.20
2849,334.00,280.20
2850,334.00,283.20
2851,334.00,284.20
2852,334.00,285.20
2853,334.00,285.20
2854,334.00,286.20
2855,334.00,287.20
2856,334.00,287.20
2857,334.00,288.20
2858,335.00,288.20
2859,335.00,289.20
2860,335.00,289.20
2861,335.00,290.20
2862,335.00,291.20
2863,335.00,291.20
2864,335.00,291.20
2865,336.00,292.20
2866,336.00,292.20
2867,336.00,293.20
2868,336.00,294.20
2869,336.00,294.20
2870,336.00,295.20
2871,337.00,295.20
2872,337.00,295.20
2873,337.00,296.20
2874,337.00,297.20
2875,338.00,297.20
2876,338.00,298.20
2877,338.00,299.20
2878,339.00,299.20
2879,339.00,300.20
2880,339.00,301.20
2881,339.00,301.20
2882,339.00,302.20
2883,339.00,302.20
2884,339.00,303.20
2885,340.00,303.20
2886,340.00,303.20
2887,340.00,304.20
2888,341.00,305.20
2889,341.00,305.20
2890,341.00,306.20
2891,342.00,306.20
2892,342.00,307.20
2893,342.00,307.20
2894,342.00,307.20
2895,342.00,307.20
2896,342.00,307.20
2897,342.00,308.20
2898,343.00,308.20
2899,343.00,308.20
2900,343.00,308.20
2901,343.00,308.20
2902,343.00,308.20
2903,343.00,309.20
2904,343.00,309.20
2905,344.00,309.20
2906,344.00,309.20
2907,344.00,310.20
2908,344.00,310.20
2909,345.00,310.20
2910,345.00,311.20
2911,345.00,311.20
2912,345.00,312.20
2913,345.00,312.20
2914,345.00,312.20
2915,346.00,312.20
2916,346.00,312.20
2917,346.00,313.20
2918,346.00,313.20
2919,347.00,314.20
2920,347.00,314.20
2921,347.00,314.20
2922,347.00,314.20
2923,347.00,314.20
2924,347.00,314.20
2925,348.00,314.20
2926,348.00,314.20
2927,348.00,314.20
2928,348.00,314.20
2929,348.00,314.20
2930,349.00,314.20
2931,349.00,314.20
2932,349.00,314.20
2933,349.00,314.20
2934,349.00,314.20
2935,349.00,314.20
2936,350.00,314.20
2937,350.00,314.20
2938,350.00,314.20
2939,350.00,314.20
2940,351.00,314.20
2941,351.00,314.20
2942,351.00,314.20
2943,351.00,314.20
2944,351.00,314.20
2945,352.00,314.20
2946,352.00,314.20
2947,352.00,314.20
2948,352.00,314.20
2949,352.00,313.20
2950,353.00,313.20
2951,353.00,313.20
2952,353.00,313.20
2953,353.00,313.20
2954,353.00,313.20
2955,353.00,312.20
2956,353.00,312.20
2957,353.00,312.20
2958,354.00,312.20
2959,354.00,312.20
2960,354.00,312.20
2961,354.00,311.20
2962,354.00,311.20
2963,354.00,311.20
2964,354.00,311.20
2965,355.00,310.20
2966,355.00,310.20
2967,355.00,310.20
2968,355.00,310.20
2969,355.00,310.20
2970,355.00,309.20
2971,355.00,309.20
2972,355.00,309.20
2973,355.00,309.20
2974,355.00,309.20
2975,356.00,309.20
2976,356.00,308.20
2977,356.00,308.20
2978,356.00,308.20
2979,356.00,308.20
2980,357.00,307.20
2981,357.00,307.20
2982,357.00,307.20
2983,357.00,306.20
2984,357.00,306.20
2985,357.00,306.20
2986,358.00,305.20
2987,358.00,305.20
2988,358.00,304.20
2989,359.00,304.20
2990,359.00,303.20
2991,359.00,303.20
2992,359.00,303.20
2993,360.00,302.20
2994,360.00,302.20
2995,360.00,301.20
2996,361.00,300.20
2997,362.00,299.20
2998,362.00,299.20
2999,362.00,298.20
3000,363.00,298.20
3001,363.00,298.20
3002,364.00,297.20
3003,364.00,297.20
3004,364.00,296.20
3005,365.00,296.20
3006,365.00,295.20
3007,365.00,294.20
3008,366.00,294.20
3009,366.00,293.20
3010,367.00,293.20
3011,367.00,292.20
3012,367.00,291.20
3013,367.00,291.20
3014,368.00,290.20
3015,368.00,290.20
3016,368.00,289.20
3017,368.00,289.20
3018,369.00,289.20
3019,369.00,288.20
3020,369.00,288.20
3021,370.00,287.20
3022,370.00,287.20
3023,370.00,287.20
3024,370.00,286.20
3025,371.00,286.20
3026,371.00,286.20
3027,371.00,285.20
3028,372.00,285.20
3029,372.00,285.20
3030,372.00,284.20
3031,372.00,284.20
3032,373.00,284.20
3033,373.00,284.20
3034,373.00,284.20
3035,374.00,283.20
3036,374.00,283.20
3037,374.00,283.20
3038,375.00,283.20
3039,375.00,283.20
3040,375.00,283.20
3041,375.00,283.20
3042,375.00,283.20
3043,376.00,283.20
3044,376.00,283.20
3045,376.00,283.20
3046,377.00,283.20
3047,377.00,283.20
3048,377.00,283.20
3049,378.00,283.20
3050,378.00,283.20
3051,378.00,283.20
3052,379.00,283.20
3053,379.00,283.20
3054,379.00,283.20
3055,379.00,283.20
3056,379.00,283.20
3057,380.00,283.20
3058,380.00,283.20
3059,380.00,283.20
3060,380.00,283.20
3061,380.00,283.20
3062,381.00,283.20
3063,381.00,283.20
3064,381.00,283.20
3065,381.00,283.20
3066,381.00,283.20
3067,381.00,283.20
3068,382.00,283.20
3069,382.00,283.20
3070,382.00,283.20
3071,382.00,283.20
3072,382.00,283.20
3073,382.00,283.20
3074,383.00,284.20
3075,383.00,284.20
3076,383.00,284.20
3077,383.00,284.20
3078,383.00,284.20
3079,384.00,284.20
3080,384.00,284.20
3081,384.00,284.20
3082,385.00,284.20
3083,385.00,284.20
3084,385.00,284.20
3085,386.00,284.20
3086,386.00,284.20
3087,387.00,284.20
3088,387.00,284.20
3089,387.00,284.20
3090,387.00,284.20
3091,388.00,285.20
3092,388.00,285.20
3093,389.00,285.20
3094,389.00,285.20
3095,389.00,285.20
3096,389.00,285.20
3097,390.00,285.20
3098,390.00,285.20
3099,390.00,285.20
3100,390.00,285.20
3101,390.00,285.20
3102,391.00,285.20
3103,391.00,285.20
3104,391.00,285.20
3105,392.00,285.20
3106,392.00,285.20
3107,392.00,285.20
3108,393.00,285.20
3109,393.00,285.20
3110,393.00,285.20
3111,393.00,285.20
3112,394.00,285.20
3113,394.00,285.20
3114,394.00,285.20
3115,395.00,285.20
3116,395.00,284.20
3117,395.00,284.20
3118,395.00,284.20
3119,395.00,284.20
3120,396.00,284.20
3121,396.00,284.20
3122,396.00,284.20
3123,396.00,283.20
3124,396.00,283.20
3125,396.00,283.20
3126,396.00,283.20
3127,397.00,283.20
3128,397.00,282.20
3129,397.00,282.20
3130,397.00,282.20
3131,397.00,281.20
3132,397.00,281.20
3133,398.00,281.20
3134,398.00,281.20
3135,398.00,281.20
3136,398.00,280.20
3137,398.00,280.20
3138,398.00,280.20
3139,398.00,279.20
3140,398.00,279.20
3141,399.00,277.20
3142,399.00,277.20
3143,400.00,276.20
3144,400.00,276.20
3145,400.00,276.20
3146,400.00,276.20
3147,400.00,276.20
3148,400.00,275.20
3149,400.00,275.20
3150,401.00,274.20
3151,401.00,274.20
3152,401.00,273.20
3153,401.00,272.20
3154,401.00,272.20
3155,401.00,272.20
3156,401.00,272.20
3157,401.00,271.20
3158,401.00,270.20
3159,401.00,269.20
3160,401.00,269.20
3161,401.00,268.20
3162,402.00,268.20
3163,402.00,268.20
3164,402.00,267.20
3165,402.00,267.20
3166,402.00,266.20
3167,402.00,266.20
3168,402.00,265.20
3169,402.00,265.20
3170,402.00,265.20
3171,402.00,265.20
3172,402.00,265.20
3173,402.00,265.20
3174,402.00,264.20
3175,403.00,264.20
3176,403.00,264.20
3177,403.00,263.20
3178,403.00,263.20
3179,403.00,263.20
3180,403.00,263.20
3181,403.00,263.20
3182,403.00,262.20
3183,403.00,262.20
3184,403.00,262.20
3185,403.00,262.20
3186,403.00,262.20
3187,403.00,261.20
3188,404.00,260.20
3189,404.00,260.20
3190,404.00,259.20
3191,404.00,258.20
3192,404.00,258.20
3193,404.00,258.20
3194,404.00,257.20
3195,404.00,256.20
3196,404.00,256.20
3197,404.00,255.20
3198,404.00,255.20
3199,404.00,254.20
3200,404.00,254.20
3201,404.00,254.20
3202,405.00,253.20
3203,405.00,253.20
3204,405.00,253.20
3205,405.00,253.20
3206,405.00,253.20
3207,405.00,252.20
3208,405.00,251.20
3209,405.00,250.20
3210,405.00,249.20
3211,405.00,248.20
3212,405.00,248.20
3213,405.00,247.20
3214,405.00,247.20
3215,405.00,247.20
3216,405.00,246.20
3217,405.00,246.20
3218,405.00,246.20
3219,405.00,246.20
3220,405.00,246.20
3221,405.00,245.20
3222,405.00,245.20
3223,405.00,245.20
3224,405.00,244.20
3225,406.00,244.20
3226,406.00,243.20
3227,406.00,243.20
3228,406.00,242.20
3229,406.00,242.20
3230,406.00,241.20
3231,406.00,240.20
3232,406.00,239.20
3233,406.00,239.20
3234,406.00,238.20
3235,406.00,238.20
3236,406.00,238.20
3237,406.00,238.20
3238,406.00,237.20
3239,406.00,237.20
3240,406.00,236.20
3241,407.00,235.20
3242,407.00,235.20
3243,407.00,234.20
3244,407.00,234.20
3245,407.00,234.20
3246,407.00,233.20
3247,407.00,233.20
3248,407.00,232.20
3249,407.00,232.20
3250,407.00,231.20
3251,408.00,231.20
3252,408.00,230.20
3253,408.00,230.20
3254,408.00,229.20
3255,408.00,229.20
3256,408.00,229.20
3257,408.00,228.20
3258,408.00,228.20
3259,408.00,227.20
3260,408.00,226.20
3261,408.00,226.20
3262,408.00,225.20
3263,409.00,225.20
3264,409.00,225.20
3265,409.00,225.20
3266,409.00,224.20
3267,409.00,224.20
3268,409.00,224.20
3269,409.00,223.20
3270,409.00,222.20
3271,409.00,221.20
3272,409.00,221.20
3273,410.00,220.20
3274,410.00,219.20
3275,410.00,218.20
3276,410.00,218.20
3277,410.00,216.20
3278,410.00,215.20
3279,411.00,215.20
3280,411.00,213.20
3281,411.00,212.20
3282,411.00,212.20
3283,411.00,211.20
3284,411.00,211.20
3285,411.00,211.20
3286,411.00,210.20
3287,411.00,210.20
3288,411.00,210.20
3289,411.00,209.20
3290,411.00,209.20
3291,411.00,209.20
3292,411.00,209.20
3293,412.00,208.20
3294,412.00,208.20
3295,412.00,208.20
3296,412.00,208.20
3297,412.00,207.20
3298,412.00,206.20
3299,412.00,205.20
3300,412.00,204.20
3301,412.00,204.20
3302,412.00,203.20
3303,412.00,202.20
3304,412.00,202.20
3305,412.00,201.20
3306,412.00,201.20
3307,412.00,200.20
3308,412.00,199.20
3309,412.00,199.20
3310,412.00,198.20
3311,412.00,197.20
3312,412.00,197.20
3313,412.00,197.20
3314,412.00,197.20
3315,412.00,196.20
3316,413.00,196.20
3317,413.00,195.20
3318,413.00,195.20
3319,413.00,195.20
3320,413.00,195.20
3321,413.00,195.20
3322,413.00,194.20
3323,413.00,194.20
3324,413.00,193.20
3325,413.00,193.20
3326,413.00,192.20
3327,413.00,191.20
3328,413.00,191.20
3329,413.00,190.20
3330,414.00,189.20
3331,414.00,189.20
3332,414.00,188.20
3333,414.00,188.20
3334,414.00,188.20
3335,414.00,187.20
3336,414.00,187.20
3337,414.00,186.20
3338,414.00,186.20
3339,414.00,185.20
3340,414.00,185.20
3341,414.00,184.20
3342,414.00,184.20
3343,414.00,184.20
3344,414.00,183.20
3345,414.00,183.20
3346,414.00,182.20
3347,414.00,181.20
3348,414.00,181.20
3349,414.00,180.20
3350,414.00,180.20
3351,414.00,180.20
3352,414.00,179.20
3353,414.00,179.20
3354,415.00,179.20
3355,415.00,179.20
3356,415.00,179.20
3357,415.00,178.20
3358,415.00,178.20
3359,415.00,178.20
3360,415.00,178.20
3361,415.00,177.20
3362,415.00,177.20
3363,415.00,177.20
3364,415.00,177.20
3365,415.00,176.20
3366,415.00,176.20
3367,415.00,176.20
3368,415.00,176.20
3369,415.00,175.20
3370,415.00,174.20
3371,416.00,174.20
3372,416.00,174.20
3373,416.00,174.20
3374,416.00,173.20
3375,416.00,173.20
3376,416.00,172.20
3377,416.00,171.20
3378,416.00,171.20
3379,417.00,171.20
3380,417.00,170.20
3381,417.00,170.20
3382,417.00,169.20
3383,417.00,169.20
3384,417.00,169.20
3385,417.00,169.20
3386,417.00,168.20
3387,417.00,167.20
3388,417.00,166.20
3389,417.00,165.20
3390,417.00,165.20
3391,417.00,164.20
3392,417.00,164.20
3393,417.00,163.20
3394,417.00,162.20
3395,418.00,161.20
3396,418.00,160.20
3397,418.00,160.20
3398,418.00,159.20
3399,418.00,158.20
3400,418.00,157.20
3401,418.00,157.20
3402,418.00,156.20
3403,418.00,156.20
3404,419.00,156.20
3405,419.00,155.20
3406,419.00,155.20
3407,419.00,154.20
3408,419.00,154.20
3409,419.00,153.20
3410,419.00,152.20
3411,419.00,151.20
3412,419.00,151.20
3413,419.00,150.20
3414,419.00,149.20
3415,419.00,149.20
3416,419.00,148.20
3417,419.00,147.20
3418,419.00,146.20
3419,419.00,145.20
3420,419.00,144.20
3421,419.00,144.20
3422,419.00,143.20
3423,419.00,142.20
3424,419.00,141.20
3425,420.00,141.20
3426,420.00,139.20
3427,420.00,138.20
3428,420.00,136.20
3429,420.00,134.20
3430,420.00,134.20
3431,420.00,133.20
3432,420.00,132.20
3433,421.00,131.20
3434,421.00,131.20
3435,421.00,131.20
3436,421.00,130.20
3437,421.00,129.20
3438,421.00,127.20
3439,421.00,125.20
3440,421.00,124.20
3441,421.00,123.20
3442,421.00,121.20
3443,421.00,121.20
3444,421.00,120.20
3445,421.00,119.20
3446,421.00,119.20
3447,421.00,118.20
3448,421.00,117.20
3449,421.00,117.20
3450,421.00,116.20
3451,421.00,115.20
3452,421.00,115.20
3453,421.00,114.20
3454,421.00,113.20
3455,421.00,112.20
3456,421.00,111.20
3457,421.00,110.20
3458,421.00,109.20
3459,421.00,109.20
3460,421.00,108.20
3461,421.00,107.20
3462,421.00,106.20
3463,421.00,105.20
3464,421.00,104.20
3465,421.00,103.20
3466,421.00,102.20
3467,421.00,100.20
3468,421.00,99.20
3469,421.00,98.20
3470,421.00,97.20
3471,421.00,95.20
3472,422.00,94.20
3473,422.00,94.20
3474,422.00,93.20
3475,422.00,92.20
3476,422.00,91.20
3477,422.00,91.20
3478,422.00,90.20
3479,422.00,89.20
3480,423.00,89.20
3481,423.00,88.20
3482,423.00,86.20
3483,423.00,85.20
3484,424.00,83.20
3485,424.00,83.20
3486,424.00,82.20
3487,424.00,81.20
3488,425.00,80.20
3489,425.00,80.20
3490,425.00,79.20
3491,425.00,79.20
3492,425.00,78.20
3493,425.00,78.20
3494,425.00,78.20
3495,425.00,77.20
3496,425.00,77.20
3497,425.00,76.20
3498,425.00,76.20
3499,425.00,76.20
3500,425.00,76.20
3501,426.00,75.20
3502,426.00,75.20
3503,426.00,75.20
3504,426.00,75.20
3505,426.00,74.20
3506,426.00,73.20
3507,426.00,73.20
3508,426.00,72.20
3509,426.00,71.20
3510,426.00,71.20
3511,426.00,70.20
3512,426.00,70.20
3513,426.00,69.20
3514,426.00,69.20
3515,426.00,69.20
3516,427.00,68.20
3517,427.00,67.20
3518,427.00,67.20
3519,427.00,66.20
3520,427.00,66.20
3521,427.00,65.20
3522,427.00,64.20
3523,427.00,64.20
3524,428.00,63.20
3525,428.00,62.20
3526,428.00,62.20
3527,428.00,61.20
3528,428.00,59.20
3529,428.00,58.20
3530,428.00,58.20
3531,428.00,57.20
3532,428.00,57.20
3533,428.00,56.20
3534,428.00,56.20
3535,428.00,55.20
3536,428.00,55.20
3537,429.00,55.20
3538,429.00,54.20
3539,429.00,54.20
3540,429.00,54.20
3541,429.00,54.20
3542,429.00,53.20
3543,429.00,53.20
3544,429.00,53.20
3545,429.00,52.20
3546,429.00,52.20
3547,429.00,51.20
3548,429.00,51.20
3549,429.00,50.20
3550,429.00,49.20
3551,429.00,48.20
3552,430.00,47.20
3553,430.00,46.20
3554,430.00,46.20
3555,430.00,46.20
3556,430.00,45.20
3557,430.00,45.20
3558,430.00,45.20
3559,430.00,45.20
3560,430.00,45.20
3561,430.00,45.20
3562,430.00,44.20
3563,430.00,44.20
3564,430.00,44.20
3565,430.00,44.20
3566,430.00,44.20
3567,430.00,44.20
3568,430.00,43.20
3569,431.00,43.20
3570,431.00,43.20
3571,431.00,43.20
3572,431.00,43.20
3573,431.00,42.20
3574,431.00,42.20
3575,431.00,42.20
3576,431.00,42.20
3577,431.00,42.20
3578,431.00,41.20
3579,431.00,41.20
3580,431.00,41.20
3581,431.00,41.20
3582,431.00,41.20
3583,431.00,41.20
3584,431.00,41.20
3585,431.00,41.20
3586,431.00,41.20
3587,432.00,41.20
3588,432.00,41.20
3589,432.00,41.20
3590,433.00,41.20
3591,433.00,41.20
3592,433.00,41.20
3593,433.00,41.20
3594,433.00,41.20
3595,434.00,41.20
3596,434.00,41.20
3597,434.00,41.20
3598,435.00,41.20
3599,435.00,41.20
3600,436.00,41.20
3601,437.00,41.20
3602,438.00,41.20
3603,438.00,41.20
3604,439.00,41.20
3605,440.00,41.20
3606,440.00,41.20
3607,441.00,41.20
3608,442.00,40.20
3609,442.00,40.20
3610,443.00,40.20
3611,443.00,40.20
3612,444.00,40.20
3613,444.00,40.20
3614,445.00,40.20
3615,445.00,40.20
3616,446.00,40.20
3617,446.00,40.20
3618,447.00,40.20
3619,447.00,40.20
3620,448.00,40.20
3621,448.00,40.20
3622,448.00,40.20
3623,449.00,40.20
3624,450.00,40.20
3625,450.00,40.20
3626,451.00,40.20
3627,452.00,40.20
3628,452.00,40.20
3629,453.00,40.20
3630,453.00,40.20
3631,453.00,40.20
3632,454.00,40.20
3633,454.00,40.20
3634,454.00,40.20
3635,455.00,40.20
3636,455.00,40.20
3637,455.00,40.20
3638,455.00,40.20
3639,455.00,40.20
3640,456.00,40.20
3641,456.00,40.20
3642,456.00,40.20
3643,456.00,40.20
3644,456.00,40.20
3645,457.00,40.20
3646,457.00,40.20
3647,457.00,40.20
3648,457.00,40.20
3649,457.00,40.20
3650,458.00,40.20
3651,458.00,40.20
3652,458.00,40.20
3653,458.00,40.20
3654,458.00,40.20
3655,458.00,41.20
3656,458.00,41.20
3657,458.00,43.20
3658,458.00,43.20
3659,459.00,44.20
3660,459.00,45.20
3661,459.00,46.20
3662,460.00,48.20
3663,460.00,49.20
3664,460.00,49.20
3665,460.00,49.20
3666,460.00,50.20
3667,460.00,50.20
3668,460.00,51.20
3669,461.00,51.20
3670,461.00,51.20
3671,461.00,52.20
3672,461.00,52.20
3673,461.00,53.20
3674,461.00,53.20
3675,461.00,54.20
3676,461.00,55.20
3677,461.00,55.20
3678,461.00,57.20
3679,462.00,58.20
3680,462.00,58.20
3681,462.00,59.20
3682,462.00,60.20
3683,462.00,61.20
3684,462.00,62.20
3685,463.00,64.20
3686,463.00,65.20
3687,463.00,66.20
3688,463.00,67.20
3689,463.00,67.20
3690,463.00,68.20
3691,463.00,69.20
3692,463.00,70.20
3693,463.00,70.20
3694,463.00,71.20
3695,463.00,72.20
3696,464.00,72.20
3697,464.00,73.20
3698,464.00,75.20
3699,464.00,76.20
3700,464.00,77.20
3701,464.00,78.20
3702,464.00,79.20
3703,464.00,80.20
3704,464.00,81.20
3705,464.00,82.20
3706,464.00,82.20
3707,464.00,82.20
3708,464.00,83.20
3709,464.00,84.20
3710,464.00,85.20
3711,464.00,85.20
3712,464.00,86.20
3713,464.00,87.20
3714,464.00,87.20
3715,464.00,88.20
3716,464.00,88.20
3717,464.00,89.20
3718,464.00,90.20
3719,464.00,90.20
3720,464.00,91.20
3721,464.00,91.20
3722,464.00,92.20
3723,464.00,92.20
3724,464.00,92.20
3725,464.00,93.20
3726,464.00,93.20
3727,464.00,94.20
3728,464.00,94.20
3729,464.00,94.20
3730,464.00,94.20
3731,464.00,95.20
3732,464.00,95.20
3733,464.00,95.20
3734,465.00,95.20
3735,465.00,95.20
3736,465.00,96.20
3737,465.00,99.20
3738,465.00,101.20
3739,465.00,107.20
3740,465.00,111.20
3741,465.00,112.20
3742,465.00,114.20
3743,465.00,115.20
3744,465.00,116.20
3745,465.00,117.20
3746,466.00,118.20
3747,466.00,119.20
3748,466.00,121.20
3749,466.00,121.20
3750,466.00,122.20
3751,466.00,123.20
3752,466.00,123.20
3753,466.00,124.20
3754,466.00,124.20
3755,466.00,126.20
3756,467.00,127.20
3757,467.00,127.20
3758,467.00,128.20
3759,467.00,129.20
3760,467.00,130.20
3761,468.00,131.20
3762,468.00,133.20
3763,468.00,135.20
3764,468.00,136.20
3765,468.00,136.20
3766,468.00,137.20
3767,468.00,138.20
3768,468.00,139.20
3769,469.00,141.20
3770,469.00,143.20
3771,469.00,145.20
3772,470.00,147.20
3773,470.00,148.20
3774,470.00,149.20
3775,470.00,151.20
3776,470.00,152.20
3777,470.00,153.20
3778,471.00,154.20
3779,471.00,155.20
3780,471.00,156.20
3781,471.00,157.20
3782,471.00,158.20
3783,472.00,159.20
3784,472.00,160.20
3785,472.00,162.20
3786,472.00,163.20
3787,472.00,164.20
3788,473.00,165.20
3789,473.00,166.20
3790,473.00,167.20
3791,473.00,169.20
3792,473.00,171.20
3793,473.00,172.20
3794,474.00,174.20
3795,474.00,175.20
3796,474.00,176.20
3797,474.00,177.20
3798,474.00,178.20
3799,474.00,178.20
3800,474.00,179.20
3801,474.00,180.20
3802,474.00,180.20
3803,474.00,180.20
3804,474.00,180.20
3805,475.00,180.20
3806,475.00,180.20
3807,475.00,181.20
3808,475.00,183.20
3809,475.00,184.20
3810,475.00,185.20
3811,475.00,186.20
3812,475.00,188.20
3813,475.00,189.20
3814,475.00,191.20
3815,475.00,193.20
3816,475.00,195.20
3817,475.00,196.20
3818,475.00,197.20
3819,475.00,197.20
3820,475.00,198.20
3821,475.00,199.20
3822,475.00,199.20
3823,475.00,200.20
3824,475.00,201.20
3825,476.00,202.20
3826,476.00,202.20
3827,476.00,202.20
3828,476.00,203.20
3829,476.00,204.20
3830,476.00,204.20
3831,476.00,205.20
3832,476.00,206.20
3833,476.00,207.20
3834,476.00,208.20
3835,476.00,209.20
3836,477.00,209.20
3837,477.00,210.20
3838,477.00,211.20
3839,477.00,212.20
3840,478.00,214.20
3841,478.00,216.20
3842,478.00,217.20
3843,478.00,218.20
3844,478.00,219.20
3845,478.00,220.20
3846,478.00,221.20
3847,478.00,221.20
3848,479.00,223.20
3849,479.00,224.20
3850,479.00,225.20
3851,479.00,227.20
3852,479.00,228.20
3853,479.00,229.20
3854,480.00,230.20
3855,480.00,231.20
3856,480.00,232.20
3857,480.00,233.20
3858,480.00,234.20
3859,480.00,234.20
3860,480.00,235.20
3861,480.00,236.20
3862,480.00,236.20
3863,480.00,237.20
3864,480.00,238.20
3865,480.00,239.20
3866,480.00,239.20
3867,481.00,240.20
3868,481.00,242.20
3869,481.00,243.20
3870,481.00,243.20
3871,481.00,245.20
3872,481.00,246.20
3873,481.00,246.20
3874,481.00,247.20
3875,481.00,248.20
3876,481.00,248.20
3877,482.00,249.20
3878,482.00,249.20
3879,482.00,249.20
3880,482.00,250.20
3881,482.00,250.20
3882,482.00,250.20
3883,482.00,249.20
3884,482.00,251.20
3885,482.00,252.20
3886,482.00,253.20
3887,482.00,254.20
3888,482.00,255.20
3889,482.00,256.20
3890,482.00,257.20
3891,482.00,258.20
3892,482.00,258.20
3893,482.00,259.20
3894,482.00,260.20
3895,483.00,261.20
3896,483.00,262.20
3897,483.00,262.20
3898,483.00,263.20
3899,483.00,264.20
3900,483.00,265.20
3901,483.00,265.20
3902,484.00,266.20
3903,484.00,267.20
3904,484.00,267.20
3905,484.00,268.20
3906,484.00,269.20
3907,485.00,270.20
3908,485.00,271.20
3909,485.00,272.20
3910,485.00,272.20
3911,485.00,273.20
3912,485.00,273.20
3913,485.00,274.20
3914,486.00,275.20
3915,486.00,276.20
3916,486.00,276.20
3917,486.00,277.20
3918,486.00,278.20
3919,487.00,278.20
3920,487.00,279.20
3921,487.00,280.20
3922,487.00,280.20
3923,487.00,281.20
3924,487.00,281.20
3925,487.00,281.20
3926,488.00,282.20
3927,488.00,283.20
3928,488.00,283.20
3929,488.00,284.20
3930,488.00,284.20
3931,488.00,284.20
3932,489.00,285.20
3933,489.00,285.20
3934,489.00,286.20
3935,489.00,286.20
3936,490.00,287.20
3937,490.00,288.20
3938,490.00,289.20
3939,490.00,289.20
3940,490.00,289.20
3941,490.00,290.20
3942,490.00,290.20
3943,491.00,290.20
3944,491.00,291.20
3945,491.00,291.20
3946,492.00,292.20
3947,492.00,292.20
3948,492.00,293.20
3949,492.00,293.20
3950,492.00,293.20
3951,493.00,293.20
3952,493.00,294.20
3953,493.00,294.20
3954,493.00,294.20
3955,494.00,294.20
3956,494.00,295.20
3957,494.00,295.20
3958,494.00,295.20
3959,494.00,295.20
3960,495.00,295.20
3961,495.00,295.20
3962,495.00,296.20
3963,495.00,296.20
3964,495.00,296.20
3965,496.00,296.20
3966,496.00,296.20
3967,496.00,296.20
3968,496.00,296.20
3969,496.00,296.20
3970,497.00,296.20
3971,497.00,296.20
3972,497.00,296.20
3973,497.00,297.20
3974,497.00,297.20
3975,498.00,297.20
3976,498.00,297.20
3977,498.00,297.20
3978,498.00,297.20
3979,498.00,297.20
3980,498.00,297.20
3981,499.00,297.20
3982,499.00,297.20
3983,499.00,297.20
3984,499.00,297.20
3985,499.00,297.20
3986,500.00,297.20
3987,500.00,297.20
3988,500.00,296.20
3989,500.00,296.20
3990,500.00,296.20
3991,501.00,296.20
3992,501.00,296.20
3993,501.00,296.20
3994,501.00,296.20
3995,502.00,296.20
3996,502.00,296.20
3997,502.00,296.20
3998,502.00,295.20
3999,502.00,295.20
4000,502.00,295.20
4001,503.00,295.20
4002,503.00,295.20
4003,503.00,295.20
4004,503.00,294.20
4005,503.00,294.20
4006,503.00,294.20
4007,503.00,294.20
4008,504.00,294.20
4009,504.00,294.20
4010,504.00,293.20
4011,504.00,293.20
4012,504.00,293.20
4013,504.00,293.20
4014,504.00,293.20
4015,505.00,293.20
4016,505.00,293.20
4017,505.00,292.20
4018,505.00,292.20
4019,505.00,292.20
4020,506.00,292.20
4021,506.00,292.20
4022,506.00,291.20
4023,507.00,291.20
4024,507.00,291.20
4025,507.00,291.20
4026,508.00,290.20
4027,508.00,290.20
4028,509.00,290.20
4029,509.00,290.20
4030,510.00,289.20
4031,510.00,289.20
4032,510.00,289.20
4033,511.00,289.20
4034,511.00,289.20
4035,511.00,289.20
4036,511.00,289.20
4037,512.00,288.20
4038,512.00,288.20
4039,512.00,288.20
4040,512.00,288.20
4041,512.00,288.20
4042,512.00,287.20
4043,513.00,287.20
4044,513.00,287.20
4045,513.00,287.20
4046,513.00,287.20
4047,513.00,287.20
4048,514.00,287.20
4049,514.00,287.20
4050,514.00,286.20
4051,514.00,286.20
4052,514.00,286.20
4053,514.00,286.20
4054,515.00,286.20
4055,515.00,286.20
4056,515.00,286.20
4057,515.00,286.20
4058,515.00,286.20
4059,515.00,286.20
4060,516.00,286.20
4061,516.00,286.20
4062,516.00,286.20
4063,516.00,286.20
4064,516.00,286.20
4065,517.00,286.20
4066,517.00,286.20
4067,517.00,286.20
4068,518.00,286.20
4069,518.00,286.20
4070,518.00,286.20
4071,518.00,286.20
4072,519.00,286.20
4073,519.00,286.20
4074,519.00,286.20
4075,519.00,286.20
4076,519.00,286.20
4077,519.00,286.20
4078,520.00,286.20
4079,520.00,286.20
4080,520.00,286.20
4081,520.00,286.20
4082,520.00,286.20
4083,520.00,286.20
4084,521.00,286.20
4085,521.00,286.20
4086,521.00,286.20
4087,521.00,287.20
4088,522.00,287.20
4089,522.00,287.20
4090,522.00,288.20
4091,522.00,288.20
4092,522.00,288.20
4093,522.00,288.20
4094,522.00,288.20
4095,522.00,288.20
4096,523.00,288.20
4097,523.00,288.20
4098,523.00,289.20
4099,524.00,289.20
4100,524.00,289.20
4101,524.00,289.20
4102,524.00,289.20
4103,524.00,289.20
4104,525.00,289.20
4105,525.00,290.20
4106,525.00,290.20
4107,525.00,290.20
4108,525.00,290.20
4109,526.00,290.20
4110,526.00,291.20
4111,526.00,291.20
4112,526.00,291.20
4113,526.00,291.20
4114,526.00,292.20
4115,527.00,292.20
4116,527.00,292.20
4117,527.00,292.20
4118,527.00,292.20
4119,527.00,292.20
4120,527.00,292.20
4121,528.00,292.20
4122,528.00,292.20
4123,528.00,293.20
4124,529.00,293.20
4125,529.00,293.20
4126,529.00,293.20
4127,529.00,294.20
4128,530.00,294.20
4129,530.00,294.20
4130,530.00,294.20
4131,530.00,294.20
4132,530.00,295.20
4133,530.00,295.20
4134,531.00,295.20
4135,531.00,295.20
4136,531.00,295.20
4137,531.00,296.20
4138,531.00,296.20
4139,532.00,296.20
4140,532.00,296.20
4141,532.00,297.20
4142,532.00,297.20
4143,532.00,297.20
4144,532.00,297.20
4145,533.00,298.20
4146,533.00,298.20
4147,533.00,298.20
4148,533.00,298.20
4149,533.00,299.20
4150,533.00,299.20
4151,533.00,299.20
4152,533.00,299.20
4153,533.00,299.20
4154,534.00,299.20
4155,534.00,300.20
4156,534.00,300.20
4157,534.00,300.20
4158,534.00,300.20
4159,534.00,300.20
4160,535.00,301.20
4161,535.00,301.20
4162,535.00,301.20
4163,535.00,301.20
4164,535.00,301.20
4165,535.00,301.20
4166,535.00,302.20
4167,535.00,302.20
4168,536.00,302.20
4169,536.00,302.20
4170,536.00,302.20
4171,536.00,303.20
4172,537.00,303.20
4173,537.00,303.20
4174,537.00,303.20
4175,537.00,303.20
4176,537.00,303.20
4177,538.00,303.20
4178,538.00,303.20
4179,538.00,303.20
4180,538.00,303.20
4181,538.00,303.20
4182,539.00,303.20
4183,539.00,303.20
4184,539.00,303.20
4185,539.00,303.20
4186,539.00,303.20
4187,540.00,303.20
4188,540.00,303.20
4189,540.00,303.20
4190,540.00,303.20
4191,540.00,303.20
4192,541.00,303.20
4193,541.00,303.20
4194,541.00,303.20
4195,541.00,303.20
4196,541.00,303.20
4197,542.00,303.20
4198,542.00,303.20
4199,542.00,303.20
4200,542.00,303.20
4201,542.00,303.20
4202,543.00,303.20
4203,543.00,303.20
4204,543.00,303.20
4205,543.00,303.20
4206,543.00,303.20
4207,543.00,303.20
4208,544.00,303.20
4209,544.00,303.20
4210,544.00,303.20
4211,544.00,303.20
4212,544.00,303.20
4213,544.00,303.20
4214,545.00,303.20
4215,545.00,302.20
4216,545.00,302.20
4217,545.00,302.20
4218,545.00,302.20
4219,545.00,301.20
4220,545.00,301.20
4221,545.00,301.20
4222,546.00,300.20
4223,546.00,300.20
4224,546.00,300.20
4225,546.00,300.20
4226,546.00,299.20
4227,546.00,299.20
4228,546.00,298.20
4229,546.00,298.20
4230,546.00,297.20
4231,546.00,297.20
4232,546.00,297.20
4233,547.00,296.20
4234,547.00,295.20
4235,547.00,294.20
4236,547.00,294.20
4237,547.00,293.20
4238,547.00,293.20
4239,547.00,292.20
4240,547.00,292.20
4241,547.00,292.20
4242,547.00,292.20
4243,547.00,291.20
4244,547.00,290.20
4245,548.00,290.20
4246,548.00,290.20
4247,548.00,289.20
4248,548.00,289.20
4249,548.00,289.20
4250,548.00,288.20
4251,548.00,288.20
4252,548.00,288.20
4253,548.00,288.20
4254,548.00,287.20
4255,548.00,287.20
4256,548.00,287.20
4257,548.00,287.20
4258,548.00,287.20
4259,548.00,286.20
4260,548.00,286.20
4261,549.00,286.20
4262,549.00,286.20
4263,549.00,285.20
4264,549.00,285.20
4265,549.00,285.20
4266,549.00,284.20
4267,549.00,284.20
4268,549.00,284.20
4269,549.00,283.20
4270,549.00,283.20
4271,550.00,283.20
4272,550.00,283.20
4273,550.00,283.20
4274,550.00,282.20
4275,550.00,282.20
4276,550.00,282.20
4277,550.00,282.20
4278,550.00,281.20
4279,550.00,281.20
4280,550.00,281.20
4281,550.00,281.20
4282,550.00,280.20
4283,550.00,280.20
4284,550.00,280.20
4285,551.00,280.20
4286,551.00,279.20
4287,551.00,279.20
4288,551.00,277.20
4289,551.00,277.20
4290,551.00,276.20
4291,552.00,275.20
4292,552.00,274.20
4293,552.00,273.20
4294,552.00,272.20
4295,553.00,272.20
4296,553.00,271.20
4297,553.00,270.20
4298,553.00,269.20
4299,553.00,268.20
4300,553.00,268.20
4301,554.00,267.20
4302,554.00,267.20
4303,554.00,266.20
4304,554.00,266.20
4305,554.00,265.20
4306,555.00,265.20
4307,555.00,264.20
4308,555.00,263.20
4309,555.00,262.20
4310,555.00,260.20
4311,556.00,259.20
4312,556.00,258.20
4313,556.00,257.20
4314,556.00,256.20
4315,556.00,255.20
4316,556.00,253.20
4317,556.00,252.20
4318,557.00,251.20
4319,557.00,250.20
4320,557.00,250.20
4321,557.00,249.20
4322,557.00,247.20
4323,557.00,246.20
4324,557.00,245.20
4325,557.00,245.20
4326,557.00,244.20
4327,557.00,243.20
4328,557.00,242.20
4329,558.00,242.20
4330,558.00,241.20
4331,558.00,241.20
4332,558.00,240.20
4333,558.00,240.20
4334,558.00,239.20
4335,558.00,238.20
4336,558.00,237.20
4337,558.00,236.20
4338,558.00,236.20
4339,558.00,235.20
4340,558.00,235.20
4341,558.00,235.20
4342,558.00,235.20
4343,559.00,235.20
4344,559.00,235.20
4345,559.00,233.20
4346,559.00,230.20
4347,559.00,227.20
4348,559.00,225.20
4349,559.00,224.20
4350,559.00,222.20
4351,559.00,221.20
4352,559.00,220.20
4353,559.00,218.20
4354,560.00,217.20
4355,560.00,216.20
4356,560.00,215.20
4357,560.00,214.20
4358,560.00,213.20
4359,560.00,213.20
4360,560.00,212.20
4361,561.00,211.20
4362,561.00,211.20
4363,561.00,210.20
4364,561.00,209.20
4365,561.00,208.20
4366,561.00,208.20
4367,561.00,208.20
4368,561.00,208.20
4369,561.00,207.20
4370,562.00,207.20
4371,562.00,207.20
4372,562.00,206.20
4373,562.00,206.20
4374,562.00,206.20
4375,562.00,205.20
4376,562.00,205.20
4377,562.00,204.20
4378,562.00,204.20
4379,562.00,203.20
4380,562.00,203.20
4381,562.00,202.20
4382,562.00,202.20
4383,562.00,201.20
4384,562.00,200.20
4385,563.00,199.20
4386,563.00,197.20
4387,563.00,197.20
4388,563.00,196.20
4389,563.00,195.20
4390,563.00,195.20
4391,563.00,194.20
4392,563.00,193.20
4393,563.00,193.20
4394,563.00,193.20
4395,563.00,193.20
4396,563.00,192.20
4397,563.00,192.20
4398,563.00,192.20
4399,563.00,192.20
4400,563.00,191.20
4401,563.00,190.20
4402,563.00,190.20
4403,563.00,189.20
4404,563.00,188.20
4405,563.00,187.20
4406,563.00,186.20
4407,563.00,184.20
4408,563.00,183.20
4409,563.00,183.20
4410,563.00,182.20
4411,564.00,182.20
4412,564.00,181.20
4413,564.00,180.20
4414,564.00,179.20
4415,564.00,179.20
4416,564.00,179.20
4417,564.00,178.20
4418,564.00,178.20
4419,564.00,177.20
4420,564.00,176.20
4421,564.00,176.20
4422,565.00,175.20
4423,565.00,174.20
4424,565.00,173.20
4425,565.00,173.20
4426,565.00,172.20
4427,565.00,172.20
4428,565.00,171.20
4429,565.00,170.20
4430,565.00,170.20
4431,565.00,168.20
4432,565.00,167.20
4433,565.00,166.20
4434,566.00,165.20
4435,566.00,165.20
4436,566.00,164.20
4437,566.00,163.20
4438,566.00,163.20
4439,566.00,162.20
4440,566.00,162.20
4441,566.00,161.20
4442,566.00,161.20
4443,566.00,160.20
4444,566.00,159.20
4445,567.00,159.20
4446,567.00,158.20
4447,567.00,158.20
4448,567.00,157.20
4449,567.00,156.20
4450,567.00,156.20
4451,567.00,155.20
4452,567.00,155.20
4453,567.00,154.20
4454,568.00,153.20
4455,568.00,152.20
4456,568.00,151.20
4457,568.00,151.20
4458,568.00,150.20
4459,568.00,149.20
4460,568.00,148.20
4461,568.00,147.20
4462,569.00,146.20
4463,569.00,146.20
4464,569.00,145.20
4465,569.00,144.20
4466,569.00,144.20
4467,569.00,143.20
4468,569.00,142.20
4469,570.00,142.20
4470,570.00,141.20
4471,570.00,140.20
4472,570.00,140.20
4473,570.00,140.20
4474,570.00,139.20
4475,570.00,139.20
4476,570.00,139.20
4477,570.00,138.20
4478,570.00,138.20
4479,570.00,138.20
4480,570.00,137.20
4481,570.00,137.20
4482,570.00,136.20
4483,570.00,136.20
4484,570.00,136.20
4485,571.00,135.20
4486,571.00,135.20
4487,571.00,134.20
4488,571.00,134.20
4489,571.00,133.20
4490,571.00,133.20
4491,571.00,132.20
4492,571.00,131.20
4493,571.00,130.20
4494,571.00,130.20
4495,571.00,128.20
4496,571.00,128.20
4497,572.00,127.20
4498,572.00,126.20
4499,572.00,126.20
4500,572.00,125.20
4501,572.00,124.20
4502,572.00,123.20
4503,572.00,123.20
4504,572.00,122.20
4505,572.00,122.20
4506,572.00,121.20
4507,572.00,120.20
4508,572.00,120.20
4509,572.00,119.20
4510,572.00,118.20
4511,572.00,117.20
4512,572.00,116.20
4513,572.00,115.20
4514,572.00,114.20
4515,572.00,113.20
4516,572.00,112.20
4517,572.00,111.20
4518,572.00,110.20
4519,572.00,110.20
4520,572.00,110.20
4521,572.00,109.20
4522,572.00,109.20
4523,572.00,109.20
4524,572.00,108.20
4525,572.00,108.20
4526,572.00,107.20
4527,572.00,107.20
4528,572.00,107.20
4529,572.00,107.20
4530,572.00,107.20
4531,572.00,107.20
4532,572.00,107.20
4533,572.00,106.20
4534,572.00,104.20
4535,572.00,104.20
4536,572.00,103.20
4537,572.00,103.20
4538,572.00,102.20
4539,572.00,102.20
4540,572.00,102.20
4541,572.00,101.20
4542,572.00,101.20
4543,572.00,101.20
4544,572.00,101.20
4545,572.00,100.20
4546,572.00,100.20
4547,572.00,100.20
4548,572.00,100.20
4549,572.00,100.20
4550,572.00,99.20
4551,572.00,99.20
4552,572.00,98.20
4553,572.00,98.20
4554,572.00,97.20
4555,572.00,96.20
4556,572.00,95.20
4557,572.00,95.20
4558,572.00,94.20
4559,572.00,93.20
4560,572.00,92.20
4561,572.00,92.20
4562,572.00,91.20
4563,572.00,90.20
4564,572.00,90.20
4565,572.00,90.20
4566,572.00,89.20
4567,572.00,89.20
4568,572.00,88.20
4569,572.00,88.20
4570,572.00,88.20
4571,572.00,87.20
4572,572.00,86.20
4573,572.00,86.20
4574,572.00,85.20
4575,572.00,84.20
4576,572.00,84.20
4577,572.00,84.20
4578,572.00,84.20
4579,572.00,83.20
4580,572.00,83.20
4581,572.00,83.20
4582,572.00,83.20
4583,572.00,82.20
4584,572.00,82.20
4585,572.00,82.20
4586,572.00,81.20
4587,572.00,81.20
4588,572.00,81.20
4589,572.00,80.20
4590,573.00,79.20
4591,573.00,79.20
4592,573.00,78.20
4593,573.00,78.20
4594,573.00,77.20
4595,573.00,77.20
4596,573.00,76.20
4597,573.00,76.20
4598,573.00,75.20
4599,574.00,74.20
4600,574.00,74.20
4601,574.00,73.20
4602,574.00,72.20
4603,575.00,72.20
4604,575.00,71.20
4605,575.00,71.20
4606,575.00,70.20
4607,575.00,70.20
4608,575.00,70.20
4609,575.00,70.20
4610,575.00,70.20
4611,575.00,69.20
4612,575.00,69.20
4613,575.00,69.20
4614,575.00,69.20
4615,575.00,68.20
4616,575.00,68.20
4617,575.00,68.20
4618,575.00,67.20
4619,575.00,67.20
4620,575.00,66.20
4621,575.00,66.20
4622,575.00,65.20
4623,575.00,65.20
4624,576.00,65.20
4625,576.00,64.20
4626,576.00,64.20
4627,576.00,63.20
4628,576.00,63.20
4629,576.00,62.20
4630,576.00,62.20
4631,576.00,62.20
4632,576.00,61.20
4633,576.00,61.20
4634,576.00,61.20
4635,576.00,60.20
4636,576.00,60.20
4637,576.00,59.20
4638,576.00,59.20
4639,576.00,58.20
4640,576.00,57.20
4641,576.00,56.20
4642,576.00,56.20
4643,576.00,55.20
4644,577.00,55.20
4645,577.00,54.20
4646,577.00,53.20
4647,577.00,53.20
4648,577.00,52.20
4649,577.00,51.20
4650,577.00,50.20
4651,577.00,50.20
4652,577.00,49.20
4653,578.00,49.20
4654,578.00,49.20
4655,578.00,48.20
4656,578.00,48.20
4657,578.00,48.20
4658,578.00,47.20
4659,578.00,47.20
4660,578.00,46.20
4661,578.00,46.20
4662,578.00,46.20
4663,578.00,45.20
4664,579.00,45.20
4665,579.00,45.20
4666,579.00,45.20
4667,579.00,45.20
4668,579.00,44.20
4669,579.00,44.20
4670,579.00,44.20
4671,579.00,44.20
4672,579.00,44.20
4673,579.00,43.20
4674,579.00,43.20
4675,579.00,42.20
4676,579.00,42.20
4677,579.00,41.20
4678,579.00,41.20
4679,579.00,41.20
4680,579.00,41.20
4681,580.00,41.20
4682,583.00,41.20
4683,587.00,41.20
4684,588.00,41.20
4685,590.00,41.20
4686,591.00,41.20
4687,591.00,41.20
4688,592.00,41.20
4689,592.00,41.20
4690,593.00,41.20
4691,593.00,41.20
4692,593.00,41.20
4693,594.00,41.20
4694,594.00,41.20
4695,595.00,41.20
4696,595.00,41.20
4697,595.00,41.20
4698,596.00,41.20
4699,596.00,41.20
4700,596.00,41.20
4701,597.00,41.20
4702,597.00,41.20
4703,598.00,41.20
4704,598.00,41.20
4705,599.00,41.20
4706,599.00,41.20
4707,599.00,41.20
4708,600.00,41.20
4709,600.00,41.20
4710,600.00,41.20
4711,600.00,41.20
4712,601.00,41.20
4713,601.00,41.20
4714,601.00,41.20
4715,602.00,41.20
4716,602.00,41.20
4717,603.00,41.20
4718,603.00,41.20
4719,604.00,41.20
4720,604.00,41.20
4721,604.00,41.20
4722,604.00,41.20
4723,604.00,41.20
4724,604.00,41.20
4725,605.00,41.20
4726,605.00,41.20
4727,605.00,41.20
4728,605.00,41.20
4729,605.00,41.20
4730,605.00,41.20
4731,605.00,41.20
4732,606.00,41.20
4733,606.00,41.20
4734,606.00,42.20
4735,606.00,43.20
4736,607.00,44.20
4737,607.00,45.20
4738,608.00,47.20
4739,608.00,47.20
4740,609.00,48.20
4741,609.00,49.20
4742,610.00,50.20
4743,610.00,51.20
4744,610.00,51.20
4745,610.00,52.20
4746,610.00,52.20
4747,610.00,52.20
4748,611.00,53.20
4749,611.00,53.20
4750,611.00,54.20
4751,611.00,55.20
4752,611.00,55.20
4753,611.00,56.20
4754,611.00,57.20
4755,611.00,57.20
4756,611.00,58.20
4757,611.00,59.20
4758,611.00,60.20
4759,611.00,61.20
4760,611.00,62.20
4761,611.00,62.20
4762,611.00,63.20
4763,611.00,64.20
4764,611.00,64.20
4765,611.00,64.20
4766,611.00,66.20
4767,611.00,67.20
4768,611.00,68.20
4769,611.00,69.20
4770,611.00,69.20
4771,611.00,69.20
4772,611.00,70.20
4773,611.00,70.20
4774,611.00,71.20
4775,611.00,71.20
4776,611.00,72.20
4777,611.00,72.20
4778,611.00,73.20
4779,611.00,74.20
4780,611.00,75.20
4781,611.00,75.20
4782,611.00,76.20
4783,611.00,76.20
4784,611.00,76.20
4785,611.00,77.20
4786,611.00,77.20
4787,611.00,77.20
4788,611.00,78.20
4789,611.00,78.20
4790,611.00,78.20
4791,611.00,78.20
4792,611.00,79.20
4793,611.00,79.20
4794,611.00,79.20
4795,611.00,79.20
4796,611.00,79.20
4797,612.00,79.20
4798,612.00,80.20
4799,612.00,81.20
4800,612.00,81.20
4801,612.00,83.20
4802,612.00,83.20
4803,612.00,84.20
4804,612.00,85.20
4805,612.00,85.20
4806,612.00,86.20
4807,612.00,86.20
4808,612.00,87.20
4809,612.00,87.20
4810,612.00,88.20
4811,612.00,88.20
4812,612.00,89.20
4813,612.00,90.20
4814,612.00,90.20
4815,612.00,91.20
4816,613.00,91.20
4817,613.00,92.20
4818,613.00,92.20
4819,613.00,92.20
4820,613.00,93.20
4821,613.00,94.20
4822,613.00,94.20
4823,613.00,95.20
4824,613.00,95.20
4825,613.00,96.20
4826,613.00,97.20
4827,613.00,97.20
4828,613.00,98.20
4829,613.00,98.20
4830,613.00,99.20
4831,613.00,100.20
4832,614.00,101.20
4833,614.00,102.20
4834,614.00,102.20
4835,614.00,103.20
4836,614.00,104.20
4837,614.00,104.20
4838,614.00,105.20
4839,614.00,105.20
4840,614.00,106.20
4841,614.00,106.20
4842,614.00,107.20
4843,614.00,107.20
4844,614.00,107.20
4845,614.00,108.20
4846,614.00,108.20
4847,614.00,108.20
4848,614.00,108.20
4849,614.00,109.20
4850,614.00,109.20
4851,614.00,109.20
4852,614.00,109.20
4853,614.00,110.20
4854,614.00,110.20
4855,614.00,110.20
4856,615.00,110.20
4857,615.00,110.20
4858,615.00,110.20
4859,615.00,112.20
4860,615.00,113.20
4861,615.00,114.20
4862,615.00,115.20
4863,615.00,115.20
4864,615.00,116.20
4865,615.00,118.20
4866,615.00,118.20
4867,615.00,119.20
4868,615.00,121.20
4869,615.00,122.20
4870,615.00,123.20
4871,615.00,124.20
4872,615.00,124.20
4873,615.00,125.20
4874,615.00,125.20
4875,615.00,126.20
4876,615.00,126.20
4877,615.00,126.20
4878,615.00,127.20
4879,615.00,128.20
4880,615.00,128.20
4881,615.00,128.20
4882,615.00,129.20
4883,615.00,129.20
4884,615.00,130.20
4885,615.00,130.20
4886,616.00,131.20
4887,616.00,131.20
4888,616.00,132.20
4889,616.00,132.20
4890,616.00,132.20
4891,616.00,133.20
4892,616.00,133.20
4893,617.00,134.20
4894,617.00,134.20
4895,617.00,135.20
4896,617.00,136.20
4897,617.00,136.20
4898,617.00,137.20
4899,617.00,138.20
4900,617.00,138.20
4901,617.00,139.20
4902,618.00,139.20
4903,618.00,140.20
4904,618.00,141.20
4905,618.00,141.20
4906,618.00,142.20
4907,618.00,143.20
4908,618.00,143.20
4909,618.00,144.20
4910,618.00,145.20
4911,618.00,145.20
4912,618.00,146.20
4913,618.00,146.20
4914,618.00,147.20
4915,618.00,147.20
4916,618.00,148.20
4917,618.00,148.20
4918,618.00,149.20
4919,618.00,149.20
4920,618.00,149.20
4921,618.00,150.20
4922,618.00,150.20
4923,618.00,151.20
4924,618.00,151.20
4925,618.00,152.20
4926,618.00,152.20
4927,618.00,152.20
4928,618.00,153.20
4929,618.00,153.20
4930,618.00,153.20
4931,619.00,154.20
4932,619.00,154.20
4933,619.00,155.20
4934,619.00,156.20
4935,619.00,157.20
4936,619.00,158.20
4937,619.00,159.20
4938,619.00,159.20
4939,619.00,160.20
4940,619.00,160.20
4941,619.00,161.20
4942,619.00,162.20
4943,619.00,162.20
4944,619.00,163.20
4945,620.00,164.20
4946,620.00,164.20
4947,620.00,165.20
4948,620.00,165.20
4949,620.00,166.20
4950,620.00,166.20
4951,620.00,166.20
4952,620.00,167.20
4953,620.00,167.20
4954,620.00,167.20
4955,620.00,167.20
4956,620.00,167.20
4957,620.00,167.20
4958,620.00,167.20
4959,620.00,167.20
4960,620.00,169.20
4961,620.00,170.20
4962,620.00,171.20
4963,620.00,172.20
4964,620.00,174.20
4965,620.00,175.20
4966,620.00,176.20
4967,620.00,177.20
4968,620.00,178.20
4969,620.00,179.20
4970,620.00,179.20
4971,620.00,180.20
4972,620.00,181.20
4973,620.00,182.20
4974,620.00,182.20
4975,620.00,183.20
4976,620.00,183.20
4977,620.00,184.20
4978,620.00,185.20
4979,620.00,185.20
4980,620.00,186.20
4981,620.00,186.20
4982,621.00,187.20
4983,621.00,187.20
4984,621.00,188.20
4985,621.00,189.20
4986,621.00,189.20
4987,621.00,190.20
4988,621.00,190.20
4989,621.00,191.20
4990,621.00,191.20
4991,621.00,192.20
4992,622.00,192.20
4993,622.00,193.20
4994,622.00,193.20
4995,622.00,193.20
4996,622.00,193.20
4997,622.00,193.20
4998,622.00,194.20
4999,623.00,194.20
5000,623.00,195.20
5001,623.00,195.20
5002,623.00,196.20
5003,623.00,196.20
5004,623.00,196.20
5005,623.00,197.20
5006,623.00,197.20
5007,623.00,197.20
5008,623.00,197.20
5009,623.00,198.20
5010,624.00,198.20
5011,624.00,198.20
5012,624.00,199.20
5013,624.00,199.20
5014,624.00,200.20
5015,624.00,200.20
5016,624.00,200.20
5017,624.00,200.20
5018,624.00,200.20
5019,624.00,201.20
5020,624.00,201.20
5021,624.00,201.20
5022,624.00,201.20
5023,624.00,202.20
5024,624.00,202.20
5025,625.00,202.20
5026,625.00,202.20
5027,625.00,203.20
5028,625.00,203.20
5029,625.00,204.20
5030,625.00,204.20
5031,625.00,204.20
5032,625.00,205.20
5033,625.00,205.20
5034,625.00,205.20
5035,625.00,206.20
5036,625.00,206.20
5037,625.00,206.20
5038,625.00,207.20
5039,625.00,207.20
5040,625.00,207.20
5041,625.00,207.20
5042,625.00,208.20
5043,625.00,208.20
5044,625.00,208.20
5045,626.00,208.20
5046,626.00,208.20
5047,626.00,208.20
5048,626.00,208.20
5049,626.00,210.20
5050,626.00,211.20
5051,626.00,211.20
5052,626.00,212.20
5053,626.00,213.20
5054,626.00,213.20
5055,626.00,214.20
5056,626.00,215.20
5057,626.00,215.20
5058,626.00,216.20
5059,626.00,217.20
5060,626.00,217.20
5061,626.00,218.20
5062,626.00,219.20
5063,626.00,219.20
5064,626.00,220.20
5065,626.00,220.20
5066,626.00,220.20
5067,626.00,221.20
5068,626.00,221.20
5069,626.00,222.20
5070,626.00,222.20
5071,626.00,222.20
5072,627.00,223.20
5073,627.00,223.20
5074,627.00,224.20
5075,627.00,224.20
5076,627.00,224.20
5077,627.00,224.20
5078,627.00,225.20
5079,627.00,225.20
5080,627.00,225.20
5081,627.00,226.20
5082,628.00,226.20
5083,628.00,227.20
5084,628.00,227.20
5085,628.00,228.20
5086,628.00,228.20
5087,628.00,228.20
5088,628.00,229.20
5089,628.00,229.20
5090,628.00,230.20
5091,628.00,230.20
5092,629.00,231.20
5093,629.00,232.20
5094,629.00,232.20
5095,629.00,232.20
5096,629.00,233.20
5097,629.00,234.20
5098,629.00,234.20
5099,629.00,234.20
5100,629.00,235.20
5101,629.00,235.20
5102,629.00,236.20
5103,629.00,236.20
5104,630.00,236.20
5105,630.00,237.20
5106,630.00,237.20
5107,630.00,238.20
5108,630.00,238.20
5109,630.00,238.20
5110,630.00,239.20
5111,630.00,239.20
5112,630.00,239.20
5113,630.00,240.20
5114,630.00,240.20
5115,630.00,240.20
5116,630.00,241.20
5117,630.00,241.20
5118,630.00,241.20
5119,630.00,242.20
5120,631.00,242.20
5121,631.00,243.20
5122,631.00,243.20
5123,631.00,243.20
5124,631.00,243.20
5125,631.00,244.20
5126,631.00,244.20
5127,631.00,244.20
5128,631.00,245.20
5129,631.00,245.20
5130,632.00,246.20
5131,632.00,246.20
5132,632.00,247.20
5133,632.00,247.20
5134,632.00,247.20
5135,632.00,248.20
5136,632.00,248.20
5137,632.00,249.20
5138,633.00,249.20
5139,633.00,250.20
5140,633.00,250.20
5141,633.00,250.20
5142,633.00,251.20
5143,633.00,251.20
5144,633.00,251.20
5145,633.00,251.20
5146,633.00,252.20
5147,633.00,252.20
5148,633.00,252.20
5149,633.00,253.20
5150,633.00,253.20
5151,634.00,254.20
5152,634.00,255.20
5153,634.00,255.20
5154,634.00,256.20
5155,634.00,256.20
5156,634.00,257.20
5157,634.00,258.20
5158,634.00,258.20
5159,634.00,258.20
5160,634.00,259.20
5161,634.00,259.20
5162,634.00,260.20
5163,634.00,260.20
5164,634.00,261.20
5165,635.00,261.20
5166,635.00,261.20
5167,635.00,262.20
5168,635.00,262.20
5169,635.00,262.20
5170,635.00,263.20
5171,635.00,263.20
5172,635.00,263.20
5173,636.00,263.20
5174,636.00,264.20
5175,636.00,264.20
5176,636.00,265.20
5177,636.00,265.20
5178,636.00,265.20
5179,637.00,265.20
5180,637.00,266.20
5181,637.00,266.20
5182,637.00,267.20
5183,637.00,267.20
5184,637.00,267.20
5185,637.00,268.20
5186,638.00,268.20
5187,638.00,269.20
5188,638.00,269.20
5189,638.00,269.20
5190,638.00,270.20
5191,639.00,270.20
5192,639.00,270.20
5193,639.00,271.20
5194,639.00,271.20
5195,639.00,272.20
5196,639.00,272.20
5197,640.00,273.20
5198,640.00,273.20
5199,640.00,274.20
5200,640.00,274.20
5201,641.00,275.20

matched_data
index,target_x,target_y,user_x,user_y,offset_px
0,60.00,336.46,58.00,337.20,2.13
1,61.50,331.70,60.00,333.20,0.98
2,63.00,326.48,61.00,330.20,0.90
3,64.50,320.91,62.00,327.20,0.76
4,66.00,315.10,63.00,324.20,0.59
5,67.50,309.16,64.00,318.20,1.16
6,69.00,303.19,65.00,315.20,0.94
7,70.50,297.29,67.00,311.20,0.01
8,72.00,291.54,68.00,308.20,0.25
9,73.50,286.02,68.00,303.20,0.97
10,75.00,280.79,69.00,298.20,1.23
11,76.50,275.91,70.00,295.20,1.01
12,78.00,271.41,71.00,288.20,1.84
13,79.50,267.32,73.00,283.20,1.26
14,81.00,263.66,75.00,277.20,1.05
15,82.50,260.42,77.00,271.20,1.01
16,84.00,257.59,79.00,266.20,0.89
17,85.50,255.15,81.00,262.20,0.61
18,87.00,253.04,83.00,257.20,1.07
19,88.50,251.22,88.00,251.20,0.40
20,90.00,249.64,91.00,248.20,0.35
21,91.50,248.21,96.00,245.20,0.80
22,93.00,246.86,99.00,242.20,0.98
23,94.50,245.52,99.00,240.20,0.24
24,96.00,244.09,102.00,236.20,0.20
25,97.50,242.49,104.00,233.20,0.69
26,99.00,240.63,105.00,226.20,0.89
27,100.50,238.42,106.00,221.20,1.44
28,102.00,235.79,108.00,216.20,0.84
29,103.50,232.64,109.00,212.20,0.84
30,105.00,228.93,110.00,208.20,0.77
31,106.50,224.58,111.00,203.20,0.83
32,108.00,219.54,112.00,199.20,0.64
33,109.50,213.79,113.00,194.20,0.58
34,111.00,207.29,115.00,189.20,0.51
35,112.50,200.02,115.00,184.20,0.33
36,114.00,192.01,117.00,176.20,0.38
37,115.50,183.26,117.00,170.20,0.53
38,117.00,173.80,118.00,161.20,0.84
39,118.50,163.68,119.00,157.20,0.40
40,120.00,152.97,120.00,150.20,0.37
41,121.50,141.74,120.00,145.20,1.03
42,123.00,130.09,121.00,141.20,0.57
43,124.50,118.10,121.00,135.20,1.33
44,126.00,105.89,122.00,125.20,1.60
45,127.50,93.59,123.00,118.20,1.48
46,129.00,81.32,125.00,109.20,0.59
47,130.50,69.22,126.00,101.20,0.57
48,132.00,57.42,128.00,94.20,0.57
49,133.50,46.06,130.00,85.20,1.46
50,135.00,42.00,130.00,81.20,0.98
51,136.50,42.00,131.00,71.20,0.74
52,138.00,42.00,131.00,66.20,0.12
53,139.50,42.00,132.00,61.20,0.48
54,141.00,42.00,133.00,52.20,0.31
55,142.50,42.00,134.00,47.20,0.64
56,144.00,42.00,134.00,44.20,0.18
57,145.50,42.00,135.00,41.20,0.80
58,147.00,42.00,139.00,41.20,0.80
59,148.50,42.00,143.00,41.20,0.80
60,150.00,42.00,146.00,41.20,0.80
61,151.50,42.00,149.00,41.20,0.80
62,153.00,42.00,153.00,41.20,0.80
63,154.50,42.00,156.00,40.20,1.80
64,156.00,42.00,159.00,40.20,1.80
65,157.50,42.00,160.00,43.20,0.82
66,159.00,42.00,162.00,45.20,0.52
67,160.50,42.00,162.00,49.20,0.25
68,162.00,47.02,162.00,52.20,0.58
69,163.50,60.30,162.00,56.20,1.03
70,165.00,74.47,164.00,58.20,0.73
71,166.50,89.39,164.00,60.20,0.51
72,168.00,104.91,164.00,64.20,0.09
73,169.50,120.89,165.00,67.20,0.76
74,171.00,137.17,166.00,72.20,1.23
75,172.50,153.58,166.00,81.20,0.32
76,174.00,169.97,166.00,87.20,0.28
77,175.50,186.19,166.00,91.20,0.67
78,177.00,202.09,167.00,94.20,0.03
79,178.50,217.52,167.00,103.20,0.83
80,180.00,232.35,168.00,107.20,0.21
81,181.50,246.45,168.00,112.20,0.68
82,183.00,259.72,169.00,117.20,0.15
83,184.50,272.05,170.00,122.20,0.38
84,186.00,283.37,170.00,128.20,0.17
85,187.50,293.60,171.00,132.20,0.46
86,189.00,302.70,171.00,137.20,0.00
87,190.50,310.62,171.00,140.20,0.28
88,192.00,317.35,171.00,149.20,1.10
89,193.50,322.89,171.00,152.20,1.37
90,195.00,327.24,172.00,158.20,0.92
91,196.50,330.45,172.00,162.20,1.28
92,198.00,332.55,173.00,166.20,0.65
93,199.50,333.60,173.00,174.20,1.38
94,201.00,333.68,173.00,180.20,1.94
95,202.50,332.85,174.00,185.20,1.40
96,204.00,331.22,175.00,192.20,1.06
97,205.50,328.88,175.00,195.20,1.34
98,207.00,325.93,175.00,199.20,1.72
99,208.50,322.47,176.00,204.20,1.20
100,210.00,318.62,178.00,211.20,0.11
101,211.50,314.48,178.00,215.20,0.27
102,213.00,310.15,178.00,220.20,0.77
103,214.50,305.73,178.00,228.20,1.57
104,216.00,301.33,179.00,238.20,1.61
105,217.50,297.02,180.00,243.20,1.15
106,219.00,292.88,182.00,248.20,0.30
107,220.50,288.98,182.00,252.20,0.15
108,222.00,285.37,183.00,257.20,0.28
109,223.50,282.10,183.00,262.20,0.30
110,225.00,279.19,183.00,267.20,0.90
111,226.50,276.66,183.00,273.20,1.64
112,228.00,274.52,184.00,278.20,1.30
113,229.50,272.75,185.00,282.20,0.84
114,231.00,271.33,186.00,286.20,0.41
115,232.50,270.23,187.00,291.20,0.15
116,234.00,269.38,187.00,296.20,0.92
117,235.50,268.75,188.00,303.20,1.08
118,237.00,268.25,189.00,308.20,1.02
119,238.50,267.81,190.00,315.20,1.48
120,240.00,267.35,193.00,323.20,0.58
121,241.50,266.78,195.00,326.20,0.34
122,243.00,266.01,197.00,330.20,0.55
123,244.50,264.96,199.00,332.20,0.86
124,246.00,263.52,201.00,333.20,0.42
125,247.50,261.62,203.00,331.20,0.75
126,249.00,259.18,204.00,330.20,0.55
127,250.50,256.10,206.00,327.20,0.32
128,252.00,252.34,208.00,322.20,0.56
129,253.50,247.83,210.00,319.20,0.21
130,255.00,242.52,213.00,311.20,0.34
131,256.50,236.39,216.00,303.20,0.60
132,258.00,229.40,217.00,296.20,0.75
133,259.50,221.57,219.00,290.20,0.96
134,261.00,212.88,223.00,282.20,0.41
135,262.50,203.38,225.00,276.20,1.53
136,264.00,193.09,229.00,270.20,2.20
137,265.50,182.08,233.00,268.20,1.52
138,267.00,170.41,238.00,267.20,0.73
139,268.50,158.17,241.00,265.20,1.64
140,270.00,145.45,244.00,264.20,0.89
141,271.50,132.35,248.00,262.20,0.75
142,273.00,119.01,250.00,259.20,0.91
143,274.50,105.55,252.00,255.20,1.06
144,276.00,92.09,254.00,250.20,1.22
145,277.50,78.79,254.00,245.20,0.23
146,279.00,65.78,256.00,241.20,0.66
147,280.50,53.21,257.00,236.20,0.45
148,282.00,42.00,258.00,231.20,0.38
149,283.50,42.00,259.00,228.20,0.76
150,285.00,42.00,259.00,224.20,0.00
151,286.50,42.00,260.00,222.20,0.61
152,288.00,42.00,261.00,219.20,1.08
153,289.50,42.00,261.00,216.20,0.56
154,291.00,42.00,261.00,211.20,0.26
155,292.50,42.00,261.00,205.20,1.20
156,294.00,42.00,263.00,200.20,0.04
157,295.50,42.00,263.00,194.20,0.83
158,297.00,42.00,265.00,189.20,0.47
159,298.50,42.00,265.00,185.20,0.07
160,300.00,42.00,265.00,182.20,0.48
161,301.50,42.00,266.00,176.20,0.25
162,303.00,42.00,267.00,171.20,0.10
163,304.50,42.00,267.00,167.20,0.39
164,306.00,42.00,268.00,163.20,0.12
165,307.50,42.00,269.00,158.20,0.50
166,309.00,42.00,269.00,153.20,0.09
167,310.50,46.82,270.00,149.20,0.44
168,312.00,60.21,270.00,144.20,0.14
169,313.50,74.37,270.00,139.20,0.71
170,315.00,89.18,271.00,133.20,0.40
171,316.50,104.47,273.00,126.20,0.80
172,318.00,120.09,274.00,120.20,1.13
173,319.50,135.88,276.00,110.20,2.01
174,321.00,151.69,277.00,104.20,2.34
175,322.50,167.38,277.00,99.20,1.78
176,324.00,182.79,277.00,95.20,1.34
177,325.50,197.78,277.00,89.20,0.67
178,327.00,212.23,277.00,80.20,0.34
179,328.50,226.01,278.00,74.20,0.03
180,330.00,239.02,278.00,68.20,0.72
181,331.50,251.17,278.00,60.20,1.65
182,333.00,262.37,280.00,53.20,0.50
183,334.50,272.57,281.00,47.20,0.30
184,336.00,281.70,281.00,44.20,0.70
185,337.50,289.76,282.00,41.20,0.80
186,339.00,296.70,287.00,41.20,0.80
187,340.50,302.55,291.00,41.20,0.80
188,342.00,307.31,302.00,41.20,0.80
189,343.50,311.02,305.00,41.20,0.80
190,345.00,313.71,307.00,41.20,0.80
191,346.50,315.46,310.00,42.20,0.90
192,348.00,316.32,312.00,45.20,1.91
193,349.50,316.38,312.00,53.20,0.78
194,351.00,315.72,313.00,60.20,1.00
195,352.50,314.45,313.00,65.20,0.47
196,354.00,312.65,314.00,71.20,0.83
197,355.50,310.43,314.00,74.20,0.52
198,357.00,307.89,314.00,78.20,0.11
199,358.50,305.13,315.00,93.20,0.39
200,360.00,302.25,316.00,102.20,0.28
201,361.50,299.34,316.00,107.20,0.76
202,363.00,296.49,317.00,114.20,0.43
203,364.50,293.77,318.00,123.20,0.29
204,366.00,291.25,319.00,130.20,0.04
205,367.50,288.99,319.00,134.20,0.34
206,369.00,287.03,320.00,143.20,0.19
207,370.50,285.41,321.00,157.20,0.52
208,372.00,284.14,322.00,169.20,0.67
209,373.50,283.24,323.00,179.20,0.65
210,375.00,282.69,324.00,192.20,0.94
211,376.50,282.47,325.00,201.20,0.85
212,378.00,282.55,325.00,210.20,1.78
213,379.50,282.88,326.00,216.20,1.42
214,381.00,283.41,328.00,220.20,0.13
215,382.50,284.07,329.00,236.20,0.67
216,384.00,284.78,331.00,247.20,0.01
217,385.50,285.46,332.00,254.20,0.09
218,387.00,286.02,333.00,262.20,0.02
219,388.50,286.37,334.00,279.20,1.57
220,390.00,286.41,335.00,290.20,2.54
221,391.50,286.06,337.00,297.20,2.06
222,393.00,285.21,340.00,304.20,0.97
223,394.50,283.79,343.00,308.20,0.59
224,396.00,281.70,345.00,312.20,0.74
225,397.50,278.87,348.00,314.20,1.84
226,399.00,275.24,350.00,314.20,1.80
227,400.50,270.75,353.00,313.20,0.42
228,402.00,265.35,355.00,310.20,0.54
229,403.50,259.03,356.00,308.20,0.70
230,405.00,251.75,359.00,303.20,0.45
231,406.50,243.52,364.00,296.20,0.74
232,408.00,234.36,368.00,289.20,0.53
233,409.50,224.29,372.00,284.20,0.04
234,411.00,213.36,376.00,283.20,0.65
235,412.50,201.63,379.00,283.20,0.42
236,414.00,189.18,382.00,283.20,0.59
237,415.50,176.09,385.00,284.20,0.94
238,417.00,162.47,389.00,285.20,1.18
239,418.50,148.44,393.00,285.20,0.01
240,420.00,134.12,396.00,284.20,1.46
241,421.50,119.64,398.00,281.20,1.53
242,423.00,105.14,400.00,276.20,1.29
243,424.50,90.78,401.00,269.20,0.07
244,426.00,76.69,402.00,265.20,0.04
245,427.50,63.02,403.00,262.20,0.25
246,429.00,49.93,404.00,254.20,0.48
247,430.50,42.00,405.00,248.20,0.64
248,432.00,42.00,406.00,244.20,0.37
249,433.50,42.00,406.00,237.20,1.51
250,435.00,42.00,408.00,231.20,0.47
251,436.50,42.00,409.00,225.20,0.36
252,438.00,42.00,410.00,216.20,0.60
253,439.50,42.00,411.00,209.20,0.53
254,441.00,42.00,412.00,202.20,0.42
255,442.50,42.00,413.00,196.20,0.15
256,444.00,42.00,413.00,190.20,0.87
257,445.50,42.00,414.00,184.20,0.57
258,447.00,42.00,415.00,179.20,0.14
259,448.50,42.00,415.00,176.20,0.48
260,450.00,42.00,417.00,170.20,0.85
261,451.50,42.00,417.00,162.20,0.03
262,453.00,42.00,419.00,154.20,1.11
263,454.50,42.00,419.00,144.20,0.06
264,456.00,42.00,421.00,131.20,0.69
265,457.50,42.00,421.00,119.20,0.54
266,459.00,48.13,421.00,109.20,1.57
267,460.50,61.40,422.00,94.20,2.13
268,462.00,75.32,424.00,83.20,1.30
269,463.50,89.75,425.00,76.20,1.05
270,465.00,104.54,426.00,70.20,0.71
271,466.50,119.53,428.00,63.20,0.52
272,468.00,134.58,429.00,55.20,0.60
273,469.50,149.54,429.00,49.20,0.14
274,471.00,164.26,430.00,44.20,0.08
275,472.50,178.63,431.00,42.20,0.20
276,474.00,192.50,432.00,41.20,0.80
277,475.50,205.76,438.00,41.20,0.80
278,477.00,218.32,445.00,40.20,1.80
279,478.50,230.08,452.00,40.20,1.80
280,480.00,240.98,456.00,40.20,1.80
281,481.50,250.94,458.00,40.20,1.87
282,483.00,259.94,460.00,50.20,0.76
283,484.50,267.94,462.00,58.20,1.85
284,486.00,274.93,463.00,70.20,1.54
285,487.50,280.91,464.00,82.20,1.28
286,489.00,285.90,464.00,90.20,0.45
287,490.50,289.95,464.00,95.20,0.05
288,492.00,293.09,465.00,117.20,1.26
289,493.50,295.38,467.00,128.20,0.36
290,495.00,296.89,469.00,145.20,0.06
291,496.50,297.71,472.00,160.20,1.41
292,498.00,297.91,474.00,177.20,1.64
293,499.50,297.59,475.00,185.20,1.78
294,501.00,296.85,475.00,200.20,0.13
295,502.50,295.77,477.00,209.20,1.08
296,504.00,294.47,479.00,224.20,1.24
297,505.50,293.02,480.00,236.20,0.65
298,507.00,291.53,481.00,248.20,0.09
299,508.50,290.07,482.00,255.20,0.21
300,510.00,288.73,483.00,265.20,0.97
301,511.50,287.57,486.00,275.20,0.07
302,513.00,286.66,488.00,283.20,0.18
303,514.50,286.03,490.00,289.20,0.21
304,516.00,285.73,493.00,294.20,0.23
305,517.50,285.77,496.00,296.20,1.09
306,519.00,286.17,498.00,297.20,0.70
307,520.50,286.92,501.00,296.20,0.53
308,522.00,288.01,503.00,294.20,0.86
309,523.50,289.39,505.00,292.20,0.93
310,525.00,291.03,510.00,289.20,0.35
311,526.50,292.88,513.00,287.20,0.46
312,528.00,294.86,515.00,286.20,0.26
313,529.50,296.91,518.00,286.20,0.28
314,531.00,298.93,520.00,286.20,0.42
315,532.50,300.84,523.00,288.20,0.54
316,534.00,302.54,526.00,290.20,1.30
317,535.50,303.93,528.00,292.20,1.61
318,537.00,304.92,531.00,295.20,2.22
319,538.50,305.41,533.00,298.20,2.02
320,540.00,305.30,535.00,301.20,1.63
321,541.50,304.51,537.00,303.20,1.44
322,543.00,302.94,540.00,303.20,1.86
323,544.50,300.53,542.00,303.20,0.54
324,546.00,297.20,544.00,303.20,0.99
325,547.50,292.91,546.00,299.20,0.82
326,549.00,287.61,547.00,292.20,0.67
327,550.50,281.27,548.00,288.20,0.80
328,552.00,273.89,549.00,285.20,0.55
329,553.50,265.46,550.00,281.20,0.50
330,555.00,256.01,552.00,275.20,0.26
331,556.50,245.56,554.00,266.20,0.62
332,558.00,234.18,556.00,252.20,0.45
333,559.50,221.92,558.00,241.20,0.92
334,561.00,208.88,559.00,235.20,1.12
335,562.50,195.14,560.00,215.20,0.27
336,564.00,180.81,561.00,207.20,0.18
337,565.50,166.01,562.00,202.20,0.27
338,567.00,150.88,563.00,193.20,0.30
339,568.50,135.55,563.00,183.20,0.75
340,570.00,120.17,564.00,176.20,0.46
341,571.50,104.89,566.00,165.20,0.42
342,573.00,89.87,567.00,158.20,0.72
343,574.50,75.24,568.00,148.20,0.73
344,576.00,61.17,570.00,140.20,1.95
345,577.50,47.81,571.00,135.20,2.45
346,579.00,42.00,572.00,126.20,2.58
347,580.50,42.00,572.00,116.20,1.60
348,582.00,42.00,572.00,108.20,0.82
349,583.50,42.00,572.00,102.20,0.23
350,585.00,42.00,572.00,99.20,0.07
351,586.50,42.00,572.00,90.20,0.96
352,588.00,42.00,572.00,84.20,1.57
353,589.50,42.00,573.00,79.20,1.09
354,591.00,42.00,575.00,72.20,0.17
355,592.50,42.00,575.00,68.20,0.25
356,594.00,42.00,576.00,62.20,0.11
357,595.50,42.00,576.00,56.20,0.55
358,597.00,42.00,578.00,48.20,0.54
359,598.50,42.00,579.00,44.20,0.55
360,600.00,42.00,580.00,41.20,0.80
361,601.50,42.00,594.00,41.20,0.80
362,603.00,42.00,599.00,41.20,0.80
363,604.50,42.00,604.00,41.20,0.80
364,606.00,42.00,606.00,41.20,0.80
365,607.50,50.76,610.00,52.20,2.32
366,609.00,63.65,611.00,61.20,2.27
367,610.50,77.07,611.00,70.20,1.26
368,612.00,90.87,611.00,77.20,0.48
369,613.50,104.90,612.00,80.20,1.15
370,615.00,119.01,612.00,88.20,0.29
371,616.50,133.06,613.00,95.20,0.53
372,618.00,146.93,614.00,104.20,0.57
373,619.50,160.47,614.00,109.20,0.04
374,621.00,173.57,615.00,115.20,0.40
375,622.50,186.13,615.00,126.20,0.76
376,624.00,198.04,616.00,132.20,0.41
377,625.50,209.23,618.00,139.20,0.83
378,627.00,219.62,618.00,147.20,0.03
379,628.50,229.17,618.00,153.20,0.69
380,630.00,237.83,619.00,161.20,0.58
381,631.50,245.59,620.00,167.20,0.27
382,633.00,252.43,620.00,177.20,1.42
383,634.50,258.37,620.00,186.20,2.49
384,636.00,263.42,622.00,193.20,1.38
385,637.50,267.64,623.00,197.20,0.89
386,639.00,271.05,624.00,201.20,0.42
387,640.50,273.73,625.00,205.20,0.04
388,642.00,275.75,626.00,208.20,0.63
389,643.50,277.17,626.00,216.20,0.50
390,645.00,278.10,626.00,222.20,1.39
391,646.50,278.61,628.00,227.20,0.19
392,648.00,278.79,629.00,234.20,0.37
393,649.50,278.75,630.00,239.20,0.26
394,651.00,278.58,631.00,243.20,0.04
395,652.50,278.35,632.00,248.20,0.07
396,654.00,278.16,633.00,253.20,0.19
397,655.50,278.08,634.00,260.20,1.00
398,657.00,278.19,636.00,264.20,0.26
399,658.50,278.54,638.00,269.20,0.17
400,660.00,279.18,641.00,275.20,0.48