trial,1
timestamp,2026-03-11T14:43:44.279Z
mode,no-feedback

target_curve
index,target_x,target_y
0,60.00,336.46
1,61.50,331.70
2,63.00,326.48
3,64.50,320.91
4,66.00,315.10
5,67.50,309.16
6,69.00,303.19
7,70.50,297.29
8,72.00,291.54
9,73.50,286.02
10,75.00,280.79
11,76.50,275.91
12,78.00,271.41
13,79.50,267.32
14,81.00,263.66
15,82.50,260.42
16,84.00,257.59
17,85.50,255.15
18,87.00,253.04
19,88.50,251.22
20,90.00,249.64
21,91.50,248.21
22,93.00,246.86
23,94.50,245.52
24,96.00,244.09
25,97.50,242.49
26,99.00,240.63
27,100.50,238.42
28,102.00,235.79
29,103.50,232.64
30,105.00,228.93
31,106.50,224.58
32,108.00,219.54
33,109.50,213.79
34,111.00,207.29
35,112.50,200.02
36,114.00,192.01
37,115.50,183.26
38,117.00,173.80
39,118.50,163.68
40,120.00,152.97
41,121.50,141.74
42,123.00,130.09
43,124.50,118.10
44,126.00,105.89
45,127.50,93.59
46,129.00,81.32
47,130.50,69.22
48,132.00,57.42
49,133.50,46.06
50,135.00,42.00
51,136.50,42.00
52,138.00,42.00
53,139.50,42.00
54,141.00,42.00
55,142.50,42.00
56,144.00,42.00
57,145.50,42.00
58,147.00,42.00
59,148.50,42.00
60,150.00,42.00
61,151.50,42.00
62,153.00,42.00
63,154.50,42.00
64,156.00,42.00
65,157.50,42.00
66,159.00,42.00
67,160.50,42.00
68,162.00,47.02
69,163.50,60.30
70,165.00,74.47
71,166.50,89.39
72,168.00,104.91
73,169.50,120.89
74,171.00,137.17
75,172.50,153.58
76,174.00,169.97
77,175.50,186.19
78,177.00,202.09
79,178.50,217.52
80,180.00,232.35
81,181.50,246.45
82,183.00,259.72
83,184.50,272.05
84,186.00,283.37
85,187.50,293.60
86,189.00,302.70
87,190.50,310.62
88,192.00,317.35
89,193.50,322.89
90,195.00,327.24
91,196.50,330.45
92,198.00,332.55
93,199.50,333.60
94,201.00,333.68
95,202.50,332.85
96,204.00,331.22
97,205.50,328.88
98,207.00,325.93
99,208.50,322.47
100,210.00,318.62
101,211.50,314.48
102,213.00,310.15
103,214.50,305.73
104,216.00,301.33
105,217.50,297.02
106,219.00,292.88
107,220.50,288.98
108,222.00,285.37
109,223.50,282.10
110,225.00,279.19
111,226.50,276.66
112,228.00,274.52
113,229.50,272.75
114,231.00,271.33
115,232.50,270.23
116,234.00,269.38
117,235.50,268.75
118,237.00,268.25
119,238.50,267.81
120,240.00,267.35
121,241.50,266.78
122,243.00,266.01
123,244.50,264.96
124,246.00,263.52
125,247.50,261.62
126,249.00,259.18
127,250.50,256.10
128,252.00,252.34
129,253.50,247.83
130,255.00,242.52
131,256.50,236.39
132,258.00,229.40
133,259.50,221.57
134,261.00,212.88
135,262.50,203.38
136,264.00,193.09
137,265.50,182.08
138,267.00,170.41
139,268.50,158.17
140,270.00,145.45
141,271.50,132.35
142,273.00,119.01
143,274.50,105.55
144,276.00,92.09
145,277.50,78.79
146,279.00,65.78
147,280.50,53.21
148,282.00,42.00
149,283.50,42.00
150,285.00,42.00
151,286.50,42.00
152,288.00,42.00
153,289.50,42.00
154,291.00,42.00
155,292.50,42.00
156,294.00,42.00
157,295.50,42.00
158,297.00,42.00
159,298.50,42.00
160,300.00,42.00
161,301.50,42.00
162,303.00,42.00
163,304.50,42.00
164,306.00,42.00
165,307.50,42.00
166,309.00,42.00
167,310.50,46.82
168,312.00,60.21
169,313.50,74.37
170,315.00,89.18
171,316.50,104.47
172,318.00,120.09
173,319.50,135.88
174,321.00,151.69
175,322.50,167.38
176,324.00,182.79
177,325.50,197.78
178,327.00,212.23
179,328.50,226.01
180,330.00,239.02
181,331.50,251.17
182,333.00,262.37
183,334.50,272.57
184,336.00,281.70
185,337.50,289.76
186,339.00,296.70
187,340.50,302.55
188,342.00,307.31
189,343.50,311.02
190,345.00,313.71
191,346.50,315.46
192,348.00,316.32
193,349.50,316.38
194,351.00,315.72
195,352.50,314.45
196,354.00,312.65
197,355.50,310.43
198,357.00,307.89
199,358.50,305.13
200,360.00,302.25
201,361.50,299.34
202,363.00,296.49
203,364.50,293.77
204,366.00,291.25
205,367.50,288.99
206,369.00,287.03
207,370.50,285.41
208,372.00,284.14
209,373.50,283.24
210,375.00,282.69
211,376.50,282.47
212,378.00,282.55
213,379.50,282.88
214,381.00,283.41
215,382.50,284.07
216,384.00,284.78
217,385.50,285.46
218,387.00,286.02
219,388.50,286.37
220,390.00,286.41
221,391.50,286.06
222,393.00,285.21
223,394.50,283.79
224,396.00,281.70
225,397.50,278.87
226,399.00,275.24
227,400.50,270.75
228,402.00,265.35
229,403.50,259.03
230,405.00,251.75
231,406.50,243.52
232,408.00,234.36
233,409.50,224.29
234,411.00,213.36
235,412.50,201.63
236,414.00,189.18
237,415.50,176.09
238,417.00,162.47
239,418.50,148.44
240,420.00,134.12
241,421.50,119.64
242,423.00,105.14
243,424.50,90.78
244,426.00,76.69
245,427.50,63.02
246,429.00,49.93
247,430.50,42.00
248,432.00,42.00
249,433.50,42.00
250,435.00,42.00
251,436.50,42.00
252,438.00,42.00
253,439.50,42.00
254,441.00,42.00
255,442.50,42.00
256,444.00,42.00
257,445.50,42.00
258,447.00,42.00
259,448.50,42.00
260,450.00,42.00
261,451.50,42.00
262,453.00,42.00
263,454.50,42.00
264,456.00,42.00
265,457.50,42.00
266,459.00,48.13
267,460.50,61.40
268,462.00,75.32
269,463.50,89.75
270,465.00,104.54
271,466.50,119.53
272,468.00,134.58
273,469.50,149.54
274,471.00,164.26
275,472.50,178.63
276,474.00,192.50
277,475.50,205.76
278,477.00,218.32
279,478.50,230.08
280,480.00,240.98
281,481.50,250.94
282,483.00,259.94
283,484.50,267.94
284,486.00,274.93
285,487.50,280.91
286,489.00,285.90
287,490.50,289.95
288,492.00,293.09
289,493.50,295.38
290,495.00,296.89
291,496.50,297.71
292,498.00,297.91
293,499.50,297.59
294,501.00,296.85
295,502.50,295.77
296,504.00,294.47
297,505.50,293.02
298,507.00,291.53
299,508.50,290.07
300,510.00,288.73
301,511.50,287.57
302,513.00,286.66
303,514.50,286.03
304,516.00,285.73
305,517.50,285.77
306,519.00,286.17
307,520.50,286.92
308,522.00,288.01
309,523.50,289.39
310,525.00,291.03
311,526.50,292.88
312,528.00,294.86
313,529.50,296.91
314,531.00,298.93
315,532.50,300.84
316,534.00,302.54
317,535.50,303.93
318,537.00,304.92
319,538.50,305.41
320,540.00,305.30
321,541.50,304.51
322,543.00,302.94
323,544.50,300.53
324,546.00,297.20
325,547.50,292.91
326,549.00,287.61
327,550.50,281.27
328,552.00,273.89
329,553.50,265.46
330,555.00,256.01
331,556.50,245.56
332,558.00,234.18
333,559.50,221.92
334,561.00,208.88
335,562.50,195.14
336,564.00,180.81
337,565.50,166.01
338,567.00,150.88
339,568.50,135.55
340,570.00,120.17
341,571.50,104.89
342,573.00,89.87
343,574.50,75.24
344,576.00,61.17
345,577.50,47.81
346,579.00,42.00
347,580.50,42.00
348,582.00,42.00
349,583.50,42.00
350,585.00,42.00
351,586.50,42.00
352,588.00,42.00
353,589.50,42.00
354,591.00,42.00
355,592.50,42.00
356,594.00,42.00
357,595.50,42.00
358,597.00,42.00
359,598.50,42.00
360,600.00,42.00
361,601.50,42.00
362,603.00,42.00
363,604.50,42.00
364,606.00,42.00
365,607.50,50.76
366,609.00,63.65
367,610.50,77.07
368,612.00,90.87
369,613.50,104.90
370,615.00,119.01
371,616.50,133.06
372,618.00,146.93
373,619.50,160.47
374,621.00,173.57
375,622.50,186.13
376,624.00,198.04
377,625.50,209.23
378,627.00,219.62
379,628.50,229.17
380,630.00,237.83
381,631.50,245.59
382,633.00,252.43
383,634.50,258.37
384,636.00,263.42
385,637.50,267.64
386,639.00,271.05
387,640.50,273.73
388,642.00,275.75
389,643.50,277.17
390,645.00,278.10
391,646.50,278.61
392,648.00,278.79
393,649.50,278.75
394,651.00,278.58
395,652.50,278.35
396,654.00,278.16
397,655.50,278.08
398,657.00,278.19
399,658.50,278.54
400,660.00,279.18

user_path
index,user_x,user_y
0,59.00,337.20
1,59.00,337.20
2,59.00,335.20
3,60.00,333.20
4,60.00,332.20
5,60.00,332.20
6,60.00,330.20
7,60.00,330.20
8,61.00,329.20
9,61.00,329.20
10,61.00,329.20
11,61.00,329.20
12,61.00,328.20
13,61.00,328.20
14,61.00,328.20
15,61.00,328.20
16,61.00,327.20
17,61.00,327.20
18,61.00,327.20
19,62.00,326.20
20,62.00,326.20
21,62.00,326.20
22,62.00,326.20
23,62.00,326.20
24,62.00,326.20
25,62.00,325.20
26,62.00,325.20
27,62.00,325.20
28,62.00,325.20
29,62.00,325.20
30,62.00,325.20
31,62.00,324.20
32,62.00,324.20
33,62.00,324.20
34,62.00,324.20
35,63.00,324.20
36,63.00,323.20
37,63.00,323.20
38,63.00,323.20
39,63.00,322.20
40,63.00,322.20
41,63.00,322.20
42,63.00,322.20
43,63.00,322.20
44,63.00,321.20
45,63.00,321.20
46,63.00,321.20
47,63.00,321.20
48,63.00,321.20
49,63.00,321.20
50,63.00,320.20
51,63.00,320.20
52,63.00,320.20
53,63.00,320.20
54,63.00,320.20
55,63.00,319.20
56,63.00,319.20
57,63.00,319.20
58,63.00,319.20
59,63.00,319.20
60,63.00,319.20
61,63.00,318.20
62,63.00,318.20
63,63.00,318.20
64,63.00,318.20
65,63.00,318.20
66,63.00,317.20
67,63.00,317.20
68,63.00,317.20
69,63.00,317.20
70,64.00,317.20
71,64.00,316.20
72,64.00,316.20
73,64.00,316.20
74,64.00,316.20
75,64.00,316.20
76,64.00,316.20
77,64.00,315.20
78,64.00,315.20
79,64.00,315.20
80,64.00,315.20
81,64.00,315.20
82,64.00,315.20
83,64.00,315.20
84,65.00,314.20
85,65.00,314.20
86,65.00,314.20
87,65.00,314.20
88,65.00,314.20
89,65.00,314.20
90,65.00,313.20
91,65.00,313.20
92,65.00,313.20
93,65.00,313.20
94,65.00,313.20
95,65.00,313.20
96,65.00,313.20
97,65.00,312.20
98,65.00,312.20
99,65.00,312.20
100,65.00,312.20
101,65.00,312.20
102,65.00,312.20
103,66.00,311.20
104,66.00,311.20
105,66.00,311.20
106,66.00,311.20
107,66.00,311.20
108,66.00,310.20
109,66.00,310.20
110,66.00,310.20
111,66.00,310.20
112,66.00,310.20
113,66.00,310.20
114,66.00,309.20
115,66.00,309.20
116,66.00,309.20
117,66.00,309.20
118,67.00,309.20
119,67.00,309.20
120,67.00,308.20
121,67.00,308.20
122,67.00,308.20
123,67.00,308.20
124,67.00,308.20
125,67.00,307.20
126,67.00,307.20
127,67.00,307.20
128,67.00,307.20
129,67.00,307.20
130,67.00,307.20
131,67.00,307.20
132,67.00,306.20
133,67.00,306.20
134,67.00,306.20
135,67.00,306.20
136,68.00,306.20
137,68.00,306.20
138,68.00,305.20
139,68.00,305.20
140,68.00,305.20
141,68.00,305.20
142,68.00,305.20
143,68.00,304.20
144,68.00,304.20
145,68.00,304.20
146,68.00,304.20
147,68.00,304.20
148,68.00,304.20
149,68.00,303.20
150,68.00,303.20
151,68.00,303.20
152,68.00,303.20
153,69.00,303.20
154,69.00,302.20
155,69.00,302.20
156,69.00,302.20
157,69.00,302.20
158,69.00,302.20
159,69.00,301.20
160,69.00,301.20
161,69.00,301.20
162,69.00,301.20
163,69.00,300.20
164,69.00,300.20
165,69.00,300.20
166,69.00,300.20
167,69.00,299.20
168,69.00,299.20
169,69.00,299.20
170,69.00,299.20
171,69.00,298.20
172,69.00,298.20
173,69.00,298.20
174,69.00,298.20
175,69.00,297.20
176,69.00,297.20
177,69.00,297.20
178,70.00,297.20
179,70.00,297.20
180,70.00,297.20
181,70.00,297.20
182,70.00,296.20
183,70.00,296.20
184,70.00,296.20
185,70.00,296.20
186,70.00,295.20
187,70.00,295.20
188,70.00,295.20
189,70.00,295.20
190,70.00,295.20
191,70.00,294.20
192,70.00,294.20
193,70.00,294.20
194,70.00,293.20
195,70.00,293.20
196,70.00,293.20
197,70.00,292.20
198,70.00,292.20
199,70.00,292.20
200,70.00,292.20
201,70.00,291.20
202,71.00,291.20
203,71.00,290.20
204,71.00,290.20
205,71.00,290.20
206,71.00,290.20
207,71.00,290.20
208,71.00,289.20
209,71.00,289.20
210,71.00,289.20
211,71.00,289.20
212,71.00,289.20
213,71.00,288.20
214,72.00,288.20
215,72.00,288.20
216,72.00,288.20
217,72.00,288.20
218,72.00,287.20
219,72.00,287.20
220,72.00,287.20
221,72.00,287.20
222,72.00,286.20
223,73.00,286.20
224,73.00,286.20
225,73.00,286.20
226,73.00,286.20
227,73.00,286.20
228,73.00,285.20
229,74.00,277.20
230,79.00,264.20
231,80.00,263.20
232,80.00,263.20
233,80.00,263.20
234,80.00,262.20
235,80.00,262.20
236,80.00,262.20
237,80.00,262.20
238,80.00,262.20
239,80.00,262.20
240,80.00,262.20
241,80.00,261.20
242,80.00,261.20
243,81.00,261.20
244,81.00,261.20
245,81.00,261.20
246,81.00,260.20
247,81.00,260.20
248,81.00,260.20
249,81.00,260.20
250,81.00,260.20
251,81.00,260.20
252,81.00,259.20
253,81.00,259.20
254,81.00,259.20
255,81.00,259.20
256,81.00,259.20
257,82.00,259.20
258,82.00,259.20
259,82.00,258.20
260,82.00,258.20
261,82.00,258.20
262,82.00,258.20
263,82.00,258.20
264,82.00,258.20
265,82.00,257.20
266,82.00,257.20
267,83.00,257.20
268,83.00,257.20
269,83.00,257.20
270,83.00,257.20
271,83.00,256.20
272,83.00,256.20
273,83.00,256.20
274,83.00,256.20
275,84.00,256.20
276,84.00,255.20
277,84.00,255.20
278,84.00,255.20
279,84.00,255.20
280,85.00,254.20
281,85.00,254.20
282,85.00,254.20
283,85.00,254.20
284,86.00,253.20
285,86.00,253.20
286,86.00,253.20
287,86.00,253.20
288,86.00,253.20
289,86.00,253.20
290,86.00,252.20
291,87.00,252.20
292,87.00,252.20
293,87.00,252.20
294,87.00,252.20
295,87.00,252.20
296,87.00,252.20
297,87.00,251.20
298,87.00,251.20
299,88.00,251.20
300,88.00,251.20
301,88.00,251.20
302,88.00,251.20
303,88.00,250.20
304,88.00,250.20
305,89.00,250.20
306,89.00,250.20
307,89.00,250.20
308,89.00,250.20
309,89.00,250.20
310,89.00,250.20
311,89.00,250.20
312,89.00,249.20
313,89.00,249.20
314,89.00,249.20
315,90.00,249.20
316,90.00,249.20
317,90.00,249.20
318,90.00,249.20
319,90.00,249.20
320,90.00,248.20
321,90.00,248.20
322,90.00,248.20
323,91.00,248.20
324,91.00,248.20
325,91.00,248.20
326,91.00,248.20
327,91.00,247.20
328,91.00,247.20
329,91.00,247.20
330,92.00,247.20
331,92.00,246.20
332,92.00,246.20
333,92.00,246.20
334,92.00,246.20
335,92.00,246.20
336,92.00,246.20
337,92.00,246.20
338,92.00,246.20
339,93.00,246.20
340,93.00,245.20
341,93.00,245.20
342,93.00,245.20
343,93.00,245.20
344,93.00,245.20
345,93.00,245.20
346,94.00,244.20
347,94.00,244.20
348,94.00,244.20
349,94.00,244.20
350,94.00,244.20
351,94.00,244.20
352,94.00,244.20
353,94.00,244.20
354,94.00,243.20
355,95.00,243.20
356,95.00,243.20
357,95.00,243.20
358,95.00,243.20
359,95.00,243.20
360,95.00,243.20
361,95.00,243.20
362,95.00,243.20
363,95.00,242.20
364,96.00,242.20
365,96.00,242.20
366,96.00,242.20
367,96.00,242.20
368,96.00,242.20
369,96.00,241.20
370,97.00,241.20
371,97.00,241.20
372,97.00,241.20
373,97.00,241.20
374,97.00,241.20
375,97.00,241.20
376,97.00,241.20
377,97.00,240.20
378,98.00,240.20
379,98.00,240.20
380,98.00,240.20
381,98.00,240.20
382,98.00,240.20
383,98.00,240.20
384,98.00,239.20
385,99.00,239.20
386,99.00,239.20
387,99.00,239.20
388,99.00,239.20
389,99.00,239.20
390,99.00,239.20
391,99.00,239.20
392,99.00,239.20
393,99.00,239.20
394,99.00,238.20
395,100.00,238.20
396,100.00,238.20
397,100.00,238.20
398,100.00,238.20
399,100.00,238.20
400,100.00,238.20
401,100.00,238.20
402,100.00,238.20
403,100.00,237.20
404,101.00,237.20
405,101.00,237.20
406,101.00,237.20
407,101.00,237.20
408,101.00,237.20
409,101.00,237.20
410,101.00,236.20
411,102.00,236.20
412,102.00,236.20
413,102.00,236.20
414,102.00,236.20
415,102.00,236.20
416,102.00,235.20
417,102.00,235.20
418,103.00,235.20
419,103.00,235.20
420,103.00,235.20
421,103.00,234.20
422,103.00,234.20
423,103.00,234.20
424,103.00,234.20
425,103.00,234.20
426,103.00,234.20
427,103.00,234.20
428,103.00,233.20
429,103.00,233.20
430,103.00,233.20
431,104.00,233.20
432,104.00,233.20
433,104.00,233.20
434,104.00,232.20
435,104.00,232.20
436,104.00,232.20
437,104.00,231.20
438,104.00,231.20
439,104.00,231.20
440,104.00,230.20
441,104.00,230.20
442,104.00,230.20
443,104.00,229.20
444,104.00,229.20
445,104.00,229.20
446,104.00,228.20
447,104.00,228.20
448,104.00,228.20
449,104.00,228.20
450,104.00,227.20
451,104.00,227.20
452,104.00,227.20
453,104.00,227.20
454,104.00,226.20
455,104.00,226.20
456,104.00,226.20
457,104.00,226.20
458,105.00,225.20
459,105.00,225.20
460,105.00,225.20
461,105.00,225.20
462,105.00,224.20
463,105.00,224.20
464,105.00,224.20
465,105.00,224.20
466,105.00,224.20
467,105.00,224.20
468,105.00,223.20
469,105.00,223.20
470,105.00,223.20
471,105.00,223.20
472,106.00,223.20
473,106.00,223.20
474,106.00,222.20
475,106.00,222.20
476,106.00,222.20
477,106.00,222.20
478,106.00,222.20
479,106.00,221.20
480,106.00,221.20
481,106.00,221.20
482,106.00,221.20
483,106.00,221.20
484,106.00,220.20
485,106.00,220.20
486,106.00,220.20
487,107.00,220.20
488,107.00,220.20
489,107.00,220.20
490,107.00,220.20
491,107.00,219.20
492,107.00,219.20
493,107.00,219.20
494,107.00,219.20
495,107.00,219.20
496,107.00,219.20
497,107.00,218.20
498,107.00,218.20
499,107.00,218.20
500,107.00,218.20
501,108.00,218.20
502,108.00,218.20
503,108.00,217.20
504,108.00,217.20
505,108.00,217.20
506,108.00,217.20
507,108.00,217.20
508,108.00,217.20
509,108.00,216.20
510,108.00,216.20
511,108.00,216.20
512,108.00,216.20
513,108.00,216.20
514,108.00,216.20
515,108.00,215.20
516,108.00,215.20
517,108.00,215.20
518,108.00,215.20
519,108.00,215.20
520,109.00,215.20
521,109.00,215.20
522,109.00,214.20
523,109.00,214.20
524,109.00,214.20
525,109.00,214.20
526,109.00,214.20
527,109.00,214.20
528,109.00,213.20
529,109.00,213.20
530,109.00,213.20
531,109.00,213.20
532,109.00,213.20
533,109.00,213.20
534,110.00,213.20
535,110.00,212.20
536,110.00,212.20
537,110.00,212.20
538,110.00,212.20
539,110.00,212.20
540,110.00,211.20
541,110.00,211.20
542,110.00,211.20
543,110.00,211.20
544,110.00,211.20
545,110.00,211.20
546,110.00,211.20
547,111.00,211.20
548,111.00,210.20
549,111.00,210.20
550,111.00,210.20
551,111.00,210.20
552,111.00,209.20
553,111.00,209.20
554,111.00,209.20
555,111.00,209.20
556,111.00,209.20
557,111.00,209.20
558,111.00,208.20
559,112.00,208.20
560,112.00,208.20
561,112.00,208.20
562,112.00,208.20
563,112.00,208.20
564,112.00,207.20
565,112.00,207.20
566,112.00,207.20
567,112.00,207.20
568,112.00,207.20
569,112.00,207.20
570,112.00,206.20
571,112.00,206.20
572,112.00,206.20
573,112.00,206.20
574,112.00,206.20
575,112.00,206.20
576,112.00,205.20
577,112.00,205.20
578,112.00,205.20
579,112.00,205.20
580,112.00,205.20
581,112.00,205.20
582,112.00,204.20
583,112.00,204.20
584,112.00,204.20
585,112.00,204.20
586,112.00,204.20
587,112.00,203.20
588,112.00,203.20
589,112.00,203.20
590,112.00,203.20
591,112.00,203.20
592,112.00,202.20
593,112.00,202.20
594,112.00,202.20
595,112.00,202.20
596,112.00,202.20
597,112.00,201.20
598,112.00,201.20
599,112.00,201.20
600,112.00,201.20
601,112.00,201.20
602,113.00,201.20
603,113.00,201.20
604,113.00,200.20
605,113.00,200.20
606,113.00,200.20
607,113.00,200.20
608,113.00,200.20
609,113.00,199.20
610,113.00,199.20
611,113.00,199.20
612,113.00,199.20
613,113.00,199.20
614,113.00,198.20
615,113.00,198.20
616,113.00,198.20
617,113.00,198.20
618,113.00,198.20
619,113.00,197.20
620,113.00,197.20
621,113.00,197.20
622,113.00,197.20
623,113.00,197.20
624,113.00,197.20
625,113.00,196.20
626,113.00,196.20
627,113.00,196.20
628,113.00,196.20
629,113.00,196.20
630,113.00,195.20
631,113.00,195.20
632,113.00,195.20
633,113.00,195.20
634,113.00,195.20
635,114.00,195.20
636,114.00,194.20
637,114.00,194.20
638,114.00,194.20
639,114.00,194.20
640,114.00,194.20
641,114.00,193.20
642,114.00,193.20
643,114.00,193.20
644,114.00,193.20
645,114.00,193.20
646,114.00,192.20
647,114.00,192.20
648,114.00,192.20
649,114.00,192.20
650,114.00,192.20
651,114.00,192.20
652,114.00,191.20
653,114.00,191.20
654,114.00,191.20
655,114.00,191.20
656,114.00,191.20
657,114.00,190.20
658,114.00,190.20
659,114.00,190.20
660,114.00,190.20
661,114.00,190.20
662,114.00,190.20
663,114.00,189.20
664,114.00,189.20
665,114.00,189.20
666,114.00,189.20
667,114.00,189.20
668,114.00,189.20
669,114.00,188.20
670,114.00,188.20
671,114.00,188.20
672,114.00,188.20
673,115.00,188.20
674,115.00,188.20
675,115.00,187.20
676,115.00,187.20
677,115.00,187.20
678,115.00,187.20
679,115.00,187.20
680,115.00,186.20
681,115.00,186.20
682,115.00,186.20
683,115.00,186.20
684,115.00,186.20
685,115.00,185.20
686,115.00,185.20
687,115.00,185.20
688,115.00,185.20
689,115.00,185.20
690,115.00,184.20
691,115.00,184.20
692,115.00,184.20
693,115.00,184.20
694,115.00,184.20
695,115.00,184.20
696,115.00,183.20
697,115.00,183.20
698,115.00,183.20
699,115.00,183.20
700,115.00,183.20
701,115.00,182.20
702,115.00,182.20
703,115.00,182.20
704,115.00,182.20
705,115.00,182.20
706,115.00,181.20
707,115.00,181.20
708,115.00,181.20
709,115.00,181.20
710,115.00,181.20
711,115.00,180.20
712,115.00,180.20
713,115.00,180.20
714,115.00,180.20
715,115.00,180.20
716,115.00,180.20
717,115.00,179.20
718,115.00,179.20
719,115.00,179.20
720,115.00,179.20
721,115.00,179.20
722,115.00,178.20
723,115.00,178.20
724,115.00,178.20
725,115.00,178.20
726,115.00,177.20
727,115.00,177.20
728,116.00,177.20
729,116.00,177.20
730,116.00,176.20
731,116.00,176.20
732,116.00,176.20
733,116.00,176.20
734,116.00,176.20
735,116.00,175.20
736,116.00,175.20
737,116.00,175.20
738,116.00,175.20
739,116.00,175.20
740,116.00,175.20
741,116.00,175.20
742,116.00,174.20
743,116.00,174.20
744,116.00,174.20
745,116.00,174.20
746,116.00,174.20
747,116.00,173.20
748,116.00,173.20
749,116.00,173.20
750,116.00,173.20
751,116.00,173.20
752,116.00,172.20
753,116.00,172.20
754,116.00,172.20
755,116.00,172.20
756,116.00,172.20
757,116.00,172.20
758,116.00,171.20
759,116.00,171.20
760,116.00,171.20
761,116.00,171.20
762,116.00,171.20
763,116.00,170.20
764,116.00,170.20
765,116.00,170.20
766,116.00,170.20
767,116.00,169.20
768,116.00,169.20
769,116.00,169.20
770,116.00,169.20
771,116.00,168.20
772,116.00,168.20
773,116.00,167.20
774,116.00,167.20
775,116.00,167.20
776,117.00,167.20
777,117.00,166.20
778,117.00,166.20
779,117.00,166.20
780,117.00,166.20
781,117.00,166.20
782,117.00,165.20
783,117.00,165.20
784,117.00,165.20
785,117.00,165.20
786,117.00,165.20
787,117.00,164.20
788,117.00,164.20
789,117.00,164.20
790,117.00,164.20
791,117.00,164.20
792,117.00,164.20
793,117.00,163.20
794,117.00,163.20
795,118.00,163.20
796,118.00,163.20
797,118.00,163.20
798,118.00,162.20
799,118.00,162.20
800,118.00,162.20
801,118.00,162.20
802,118.00,162.20
803,118.00,161.20
804,118.00,161.20
805,118.00,161.20
806,118.00,161.20
807,118.00,161.20
808,118.00,160.20
809,118.00,160.20
810,118.00,160.20
811,118.00,160.20
812,118.00,160.20
813,118.00,159.20
814,118.00,159.20
815,118.00,159.20
816,118.00,159.20
817,118.00,159.20
818,118.00,158.20
819,118.00,158.20
820,118.00,158.20
821,118.00,158.20
822,118.00,158.20
823,118.00,157.20
824,118.00,157.20
825,118.00,157.20
826,118.00,157.20
827,118.00,157.20
828,118.00,157.20
829,118.00,156.20
830,119.00,156.20
831,119.00,156.20
832,119.00,156.20
833,119.00,156.20
834,119.00,156.20
835,119.00,155.20
836,119.00,155.20
837,119.00,155.20
838,119.00,155.20
839,119.00,155.20
840,119.00,155.20
841,119.00,154.20
842,119.00,154.20
843,119.00,154.20
844,119.00,154.20
845,119.00,154.20
846,119.00,154.20
847,119.00,154.20
848,119.00,153.20
849,119.00,153.20
850,119.00,153.20
851,119.00,153.20
852,119.00,153.20
853,119.00,152.20
854,119.00,152.20
855,120.00,152.20
856,120.00,152.20
857,120.00,152.20
858,120.00,151.20
859,120.00,151.20
860,120.00,151.20
861,120.00,151.20
862,120.00,151.20
863,120.00,150.20
864,120.00,150.20
865,120.00,150.20
866,120.00,150.20
867,120.00,150.20
868,120.00,150.20
869,120.00,149.20
870,120.00,149.20
871,120.00,149.20
872,120.00,149.20
873,120.00,149.20
874,120.00,148.20
875,120.00,148.20
876,120.00,148.20
877,120.00,148.20
878,120.00,148.20
879,120.00,147.20
880,120.00,147.20
881,120.00,147.20
882,120.00,147.20
883,120.00,147.20
884,120.00,147.20
885,120.00,146.20
886,120.00,146.20
887,121.00,146.20
888,121.00,146.20
889,121.00,146.20
890,121.00,146.20
891,121.00,145.20
892,121.00,145.20
893,121.00,145.20
894,121.00,145.20
895,121.00,145.20
896,121.00,144.20
897,121.00,144.20
898,121.00,144.20
899,121.00,144.20
900,121.00,144.20
901,121.00,143.20
902,121.00,143.20
903,121.00,143.20
904,121.00,143.20
905,121.00,143.20
906,121.00,142.20
907,121.00,142.20
908,121.00,142.20
909,121.00,142.20
910,121.00,142.20
911,121.00,142.20
912,121.00,141.20
913,121.00,141.20
914,121.00,141.20
915,121.00,141.20
916,121.00,141.20
917,121.00,140.20
918,121.00,140.20
919,121.00,140.20
920,121.00,140.20
921,121.00,140.20
922,121.00,139.20
923,121.00,139.20
924,121.00,139.20
925,121.00,139.20
926,121.00,139.20
927,121.00,138.20
928,121.00,138.20
929,121.00,138.20
930,121.00,138.20
931,121.00,138.20
932,121.00,138.20
933,121.00,137.20
934,121.00,137.20
935,121.00,137.20
936,122.00,137.20
937,122.00,137.20
938,122.00,137.20
939,122.00,136.20
940,122.00,136.20
941,122.00,136.20
942,122.00,136.20
943,122.00,136.20
944,122.00,135.20
945,122.00,135.20
946,122.00,135.20
947,122.00,135.20
948,122.00,135.20
949,122.00,135.20
950,122.00,134.20
951,122.00,134.20
952,122.00,134.20
953,122.00,134.20
954,122.00,134.20
955,122.00,134.20
956,122.00,134.20
957,122.00,133.20
958,122.00,133.20
959,122.00,133.20
960,122.00,133.20
961,122.00,133.20
962,122.00,132.20
963,122.00,132.20
964,122.00,132.20
965,122.00,132.20
966,122.00,132.20
967,122.00,132.20
968,122.00,131.20
969,122.00,131.20
970,122.00,131.20
971,122.00,131.20
972,122.00,131.20
973,122.00,130.20
974,122.00,130.20
975,122.00,130.20
976,122.00,130.20
977,122.00,130.20
978,122.00,129.20
979,122.00,129.20
980,122.00,129.20
981,122.00,129.20
982,122.00,129.20
983,122.00,128.20
984,122.00,128.20
985,122.00,128.20
986,122.00,128.20
987,122.00,128.20
988,122.00,128.20
989,122.00,127.20
990,123.00,127.20
991,123.00,127.20
992,123.00,127.20
993,123.00,127.20
994,123.00,127.20
995,123.00,126.20
996,123.00,126.20
997,123.00,126.20
998,123.00,126.20
999,123.00,126.20
1000,123.00,126.20
1001,123.00,125.20
1002,123.00,125.20
1003,123.00,125.20
1004,123.00,125.20
1005,123.00,125.20
1006,123.00,124.20
1007,123.00,124.20
1008,123.00,124.20
1009,123.00,124.20
1010,123.00,124.20
1011,123.00,123.20
1012,123.00,123.20
1013,123.00,123.20
1014,123.00,123.20
1015,123.00,123.20
1016,123.00,122.20
1017,123.00,122.20
1018,123.00,122.20
1019,123.00,122.20
1020,123.00,122.20
1021,123.00,122.20
1022,123.00,121.20
1023,123.00,121.20
1024,124.00,120.20
1025,124.00,120.20
1026,124.00,119.20
1027,124.00,119.20
1028,124.00,118.20
1029,124.00,118.20
1030,124.00,117.20
1031,124.00,116.20
1032,124.00,116.20
1033,125.00,116.20
1034,125.00,116.20
1035,125.00,115.20
1036,125.00,115.20
1037,125.00,115.20
1038,125.00,115.20
1039,125.00,115.20
1040,125.00,114.20
1041,125.00,114.20
1042,125.00,114.20
1043,125.00,114.20
1044,125.00,114.20
1045,125.00,113.20
1046,125.00,112.20
1047,125.00,112.20
1048,125.00,111.20
1049,125.00,111.20
1050,125.00,111.20
1051,125.00,110.20
1052,125.00,110.20
1053,125.00,109.20
1054,125.00,109.20
1055,125.00,109.20
1056,125.00,109.20
1057,125.00,109.20
1058,125.00,108.20
1059,125.00,108.20
1060,125.00,108.20
1061,125.00,108.20
1062,125.00,107.20
1063,125.00,107.20
1064,125.00,107.20
1065,125.00,107.20
1066,125.00,107.20
1067,125.00,106.20
1068,125.00,106.20
1069,125.00,106.20
1070,125.00,106.20
1071,125.00,106.20
1072,125.00,105.20
1073,125.00,105.20
1074,125.00,105.20
1075,125.00,105.20
1076,125.00,105.20
1077,125.00,104.20
1078,125.00,104.20
1079,125.00,104.20
1080,125.00,104.20
1081,125.00,104.20
1082,125.00,103.20
1083,125.00,103.20
1084,125.00,103.20
1085,125.00,103.20
1086,125.00,102.20
1087,125.00,102.20
1088,125.00,102.20
1089,125.00,102.20
1090,125.00,101.20
1091,125.00,101.20
1092,125.00,101.20
1093,125.00,101.20
1094,125.00,101.20
1095,125.00,101.20
1096,125.00,100.20
1097,125.00,100.20
1098,125.00,100.20
1099,125.00,100.20
1100,126.00,100.20
1101,126.00,99.20
1102,126.00,99.20
1103,126.00,99.20
1104,126.00,99.20
1105,126.00,99.20
1106,126.00,98.20
1107,126.00,98.20
1108,126.00,98.20
1109,126.00,98.20
1110,126.00,98.20
1111,126.00,97.20
1112,126.00,97.20
1113,126.00,97.20
1114,126.00,97.20
1115,126.00,96.20
1116,126.00,96.20
1117,126.00,96.20
1118,126.00,96.20
1119,126.00,96.20
1120,126.00,95.20
1121,126.00,95.20
1122,126.00,95.20
1123,126.00,95.20
1124,126.00,95.20
1125,126.00,94.20
1126,126.00,94.20
1127,126.00,94.20
1128,126.00,94.20
1129,126.00,94.20
1130,126.00,93.20
1131,126.00,93.20
1132,126.00,93.20
1133,126.00,93.20
1134,126.00,93.20
1135,126.00,93.20
1136,126.00,92.20
1137,126.00,92.20
1138,126.00,92.20
1139,126.00,92.20
1140,126.00,92.20
1141,126.00,92.20
1142,126.00,91.20
1143,127.00,91.20
1144,127.00,91.20
1145,127.00,91.20
1146,127.00,91.20
1147,127.00,91.20
1148,127.00,90.20
1149,127.00,90.20
1150,127.00,90.20
1151,127.00,90.20
1152,127.00,90.20
1153,127.00,90.20
1154,127.00,89.20
1155,127.00,89.20
1156,127.00,89.20
1157,127.00,89.20
1158,127.00,89.20
1159,127.00,88.20
1160,127.00,88.20
1161,127.00,88.20
1162,127.00,88.20
1163,127.00,88.20
1164,127.00,87.20
1165,127.00,87.20
1166,127.00,87.20
1167,127.00,87.20
1168,127.00,87.20
1169,127.00,86.20
1170,127.00,86.20
1171,127.00,86.20
1172,127.00,86.20
1173,127.00,86.20
1174,127.00,86.20
1175,127.00,86.20
1176,127.00,85.20
1177,127.00,85.20
1178,127.00,85.20
1179,127.00,85.20
1180,127.00,85.20
1181,127.00,84.20
1182,128.00,84.20
1183,128.00,84.20
1184,128.00,84.20
1185,128.00,84.20
1186,128.00,83.20
1187,128.00,83.20
1188,128.00,83.20
1189,128.00,83.20
1190,128.00,83.20
1191,128.00,82.20
1192,128.00,82.20
1193,128.00,82.20
1194,128.00,82.20
1195,128.00,82.20
1196,128.00,81.20
1197,128.00,81.20
1198,128.00,81.20
1199,128.00,81.20
1200,128.00,81.20
1201,128.00,80.20
1202,128.00,80.20
1203,128.00,80.20
1204,128.00,80.20
1205,128.00,80.20
1206,128.00,79.20
1207,128.00,79.20
1208,128.00,79.20
1209,128.00,79.20
1210,128.00,79.20
1211,128.00,78.20
1212,128.00,78.20
1213,128.00,78.20
1214,128.00,78.20
1215,128.00,77.20
1216,128.00,77.20
1217,128.00,77.20
1218,129.00,77.20
1219,129.00,77.20
1220,129.00,76.20
1221,129.00,76.20
1222,129.00,76.20
1223,129.00,76.20
1224,129.00,75.20
1225,129.00,75.20
1226,129.00,75.20
1227,129.00,75.20
1228,129.00,75.20
1229,129.00,74.20
1230,129.00,74.20
1231,129.00,74.20
1232,129.00,74.20
1233,129.00,74.20
1234,129.00,74.20
1235,129.00,73.20
1236,129.00,73.20
1237,129.00,73.20
1238,129.00,73.20
1239,129.00,73.20
1240,129.00,72.20
1241,129.00,72.20
1242,129.00,72.20
1243,129.00,72.20
1244,129.00,72.20
1245,129.00,71.20
1246,129.00,71.20
1247,129.00,71.20
1248,129.00,71.20
1249,129.00,71.20
1250,129.00,70.20
1251,129.00,70.20
1252,129.00,70.20
1253,129.00,70.20
1254,129.00,70.20
1255,129.00,70.20
1256,129.00,69.20
1257,129.00,69.20
1258,129.00,69.20
1259,130.00,69.20
1260,130.00,68.20
1261,130.00,68.20
1262,130.00,67.20
1263,130.00,67.20
1264,130.00,67.20
1265,130.00,67.20
1266,130.00,66.20
1267,130.00,66.20
1268,130.00,66.20
1269,130.00,66.20
1270,130.00,66.20
1271,130.00,65.20
1272,130.00,65.20
1273,130.00,65.20
1274,130.00,65.20
1275,131.00,65.20
1276,131.00,65.20
1277,131.00,64.20
1278,131.00,64.20
1279,131.00,64.20
1280,131.00,64.20
1281,131.00,64.20
1282,131.00,64.20
1283,131.00,63.20
1284,131.00,63.20
1285,131.00,63.20
1286,131.00,63.20
1287,131.00,63.20
1288,131.00,62.20
1289,131.00,62.20
1290,131.00,62.20
1291,131.00,62.20
1292,131.00,62.20
1293,131.00,61.20
1294,131.00,61.20
1295,131.00,61.20
1296,131.00,61.20
1297,131.00,61.20
1298,131.00,60.20
1299,131.00,60.20
1300,131.00,60.20
1301,131.00,60.20
1302,131.00,60.20
1303,131.00,59.20
1304,131.00,59.20
1305,131.00,59.20
1306,132.00,59.20
1307,132.00,59.20
1308,132.00,58.20
1309,132.00,58.20
1310,132.00,58.20
1311,132.00,58.20
1312,132.00,58.20
1313,132.00,57.20
1314,132.00,57.20
1315,132.00,57.20
1316,132.00,57.20
1317,132.00,57.20
1318,132.00,56.20
1319,132.00,56.20
1320,132.00,56.20
1321,132.00,56.20
1322,132.00,56.20
1323,132.00,55.20
1324,132.00,55.20
1325,132.00,55.20
1326,132.00,55.20
1327,132.00,55.20
1328,132.00,54.20
1329,132.00,54.20
1330,132.00,54.20
1331,132.00,54.20
1332,132.00,54.20
1333,132.00,53.20
1334,132.00,53.20
1335,132.00,53.20
1336,132.00,53.20
1337,132.00,53.20
1338,132.00,52.20
1339,132.00,52.20
1340,132.00,52.20
1341,132.00,52.20
1342,132.00,52.20
1343,132.00,51.20
1344,132.00,51.20
1345,132.00,51.20
1346,132.00,51.20
1347,132.00,50.20
1348,132.00,50.20
1349,132.00,50.20
1350,132.00,50.20
1351,132.00,50.20
1352,132.00,49.20
1353,132.00,49.20
1354,132.00,49.20
1355,132.00,49.20
1356,132.00,48.20
1357,133.00,48.20
1358,133.00,48.20
1359,133.00,48.20
1360,133.00,48.20
1361,133.00,47.20
1362,133.00,47.20
1363,133.00,47.20
1364,133.00,47.20
1365,133.00,47.20
1366,133.00,47.20
1367,133.00,46.20
1368,133.00,46.20
1369,133.00,46.20
1370,134.00,46.20
1371,134.00,46.20
1372,134.00,46.20
1373,134.00,45.20
1374,134.00,45.20
1375,134.00,45.20
1376,134.00,45.20
1377,134.00,45.20
1378,134.00,45.20
1379,134.00,45.20
1380,134.00,45.20
1381,134.00,44.20
1382,134.00,44.20
1383,134.00,44.20
1384,134.00,44.20
1385,134.00,44.20
1386,134.00,43.20
1387,135.00,43.20
1388,135.00,43.20
1389,135.00,43.20
1390,135.00,43.20
1391,135.00,43.20
1392,135.00,42.20
1393,135.00,42.20
1394,135.00,42.20
1395,136.00,42.20
1396,136.00,42.20
1397,136.00,42.20
1398,136.00,42.20
1399,136.00,42.20
1400,136.00,42.20
1401,137.00,42.20
1402,137.00,42.20
1403,137.00,42.20
1404,137.00,42.20
1405,137.00,42.20
1406,137.00,42.20
1407,138.00,42.20
1408,138.00,42.20
1409,138.00,42.20
1410,138.00,42.20
1411,138.00,42.20
1412,138.00,42.20
1413,139.00,42.20
1414,139.00,42.20
1415,139.00,41.20
1416,139.00,41.20
1417,139.00,41.20
1418,139.00,41.20
1419,140.00,41.20
1420,140.00,41.20
1421,140.00,41.20
1422,140.00,41.20
1423,140.00,41.20
1424,140.00,41.20
1425,141.00,41.20
1426,141.00,41.20
1427,141.00,41.20
1428,141.00,41.20
1429,141.00,41.20
1430,141.00,41.20
1431,142.00,41.20
1432,142.00,40.20
1433,142.00,40.20
1434,142.00,40.20
1435,142.00,40.20
1436,142.00,40.20
1437,143.00,40.20
1438,143.00,40.20
1439,143.00,40.20
1440,143.00,40.20
1441,143.00,40.20
1442,143.00,40.20
1443,144.00,40.20
1444,144.00,40.20
1445,144.00,40.20
1446,144.00,40.20
1447,144.00,40.20
1448,144.00,40.20
1449,144.00,40.20
1450,145.00,40.20
1451,145.00,40.20
1452,145.00,40.20
1453,145.00,40.20
1454,145.00,40.20
1455,145.00,40.20
1456,146.00,40.20
1457,146.00,40.20
1458,146.00,40.20
1459,146.00,40.20
1460,146.00,40.20
1461,147.00,40.20
1462,147.00,39.20
1463,147.00,39.20
1464,147.00,39.20
1465,147.00,39.20
1466,147.00,39.20
1467,148.00,39.20
1468,148.00,39.20
1469,148.00,39.20
1470,148.00,39.20
1471,148.00,39.20
1472,149.00,39.20
1473,149.00,39.20
1474,149.00,39.20
1475,149.00,39.20
1476,149.00,39.20
1477,150.00,39.20
1478,150.00,39.20
1479,150.00,39.20
1480,150.00,39.20
1481,150.00,39.20
1482,150.00,39.20
1483,151.00,39.20
1484,151.00,39.20
1485,151.00,39.20
1486,151.00,39.20
1487,151.00,39.20
1488,152.00,39.20
1489,152.00,39.20
1490,152.00,39.20
1491,152.00,39.20
1492,153.00,39.20
1493,153.00,39.20
1494,153.00,39.20
1495,153.00,39.20
1496,153.00,39.20
1497,154.00,39.20
1498,154.00,39.20
1499,154.00,39.20
1500,154.00,39.20
1501,154.00,40.20
1502,154.00,40.20
1503,155.00,40.20
1504,155.00,40.20
1505,155.00,40.20
1506,155.00,40.20
1507,155.00,40.20
1508,155.00,40.20
1509,155.00,40.20
1510,156.00,40.20
1511,156.00,40.20
1512,156.00,40.20
1513,156.00,40.20
1514,156.00,40.20
1515,156.00,40.20
1516,156.00,40.20
1517,156.00,41.20
1518,156.00,41.20
1519,157.00,41.20
1520,157.00,41.20
1521,157.00,41.20
1522,157.00,41.20
1523,157.00,41.20
1524,157.00,41.20
1525,157.00,41.20
1526,157.00,41.20
1527,158.00,41.20
1528,158.00,41.20
1529,158.00,41.20
1530,158.00,41.20
1531,158.00,41.20
1532,158.00,41.20
1533,159.00,41.20
1534,159.00,42.20
1535,159.00,42.20
1536,159.00,42.20
1537,159.00,42.20
1538,159.00,42.20
1539,159.00,42.20
1540,159.00,42.20
1541,159.00,42.20
1542,159.00,42.20
1543,160.00,42.20
1544,160.00,42.20
1545,160.00,42.20
1546,160.00,43.20
1547,160.00,43.20
1548,160.00,43.20
1549,160.00,43.20
1550,160.00,43.20
1551,160.00,43.20
1552,160.00,44.20
1553,160.00,44.20
1554,160.00,44.20
1555,161.00,44.20
1556,161.00,44.20
1557,161.00,44.20
1558,161.00,44.20
1559,161.00,44.20
1560,161.00,44.20
1561,161.00,44.20
1562,161.00,45.20
1563,161.00,45.20
1564,161.00,45.20
1565,161.00,45.20
1566,161.00,45.20
1567,161.00,45.20
1568,161.00,46.20
1569,161.00,46.20
1570,161.00,46.20
1571,161.00,46.20
1572,161.00,46.20
1573,161.00,47.20
1574,161.00,47.20
1575,161.00,47.20
1576,161.00,47.20
1577,161.00,47.20
1578,161.00,47.20
1579,161.00,48.20
1580,161.00,48.20
1581,161.00,48.20
1582,161.00,48.20
1583,161.00,48.20
1584,161.00,49.20
1585,161.00,49.20
1586,161.00,49.20
1587,161.00,49.20
1588,161.00,49.20
1589,161.00,50.20
1590,161.00,50.20
1591,161.00,50.20
1592,161.00,50.20
1593,161.00,50.20
1594,161.00,50.20
1595,161.00,51.20
1596,161.00,51.20
1597,161.00,51.20
1598,161.00,51.20
1599,161.00,51.20
1600,161.00,52.20
1601,161.00,52.20
1602,161.00,52.20
1603,161.00,52.20
1604,161.00,52.20
1605,161.00,52.20
1606,161.00,53.20
1607,161.00,53.20
1608,161.00,53.20
1609,161.00,53.20
1610,161.00,53.20
1611,161.00,53.20
1612,161.00,54.20
1613,161.00,54.20
1614,161.00,54.20
1615,161.00,54.20
1616,161.00,54.20
1617,162.00,54.20
1618,162.00,55.20
1619,162.00,55.20
1620,162.00,55.20
1621,162.00,55.20
1622,162.00,55.20
1623,162.00,56.20
1624,162.00,56.20
1625,162.00,56.20
1626,162.00,56.20
1627,162.00,56.20
1628,162.00,57.20
1629,162.00,57.20
1630,162.00,57.20
1631,162.00,57.20
1632,162.00,57.20
1633,162.00,58.20
1634,162.00,58.20
1635,162.00,58.20
1636,162.00,58.20
1637,162.00,58.20
1638,162.00,58.20
1639,162.00,59.20
1640,162.00,59.20
1641,162.00,59.20
1642,162.00,59.20
1643,162.00,59.20
1644,162.00,59.20
1645,162.00,60.20
1646,163.00,60.20
1647,163.00,60.20
1648,163.00,60.20
1649,163.00,60.20
1650,163.00,61.20
1651,163.00,61.20
1652,163.00,61.20
1653,163.00,61.20
1654,163.00,61.20
1655,163.00,61.20
1656,163.00,62.20
1657,163.00,62.20
1658,163.00,62.20
1659,163.00,62.20
1660,163.00,62.20
1661,163.00,62.20
1662,163.00,62.20
1663,163.00,63.20
1664,163.00,63.20
1665,163.00,63.20
1666,164.00,63.20
1667,164.00,63.20
1668,164.00,63.20
1669,164.00,64.20
1670,164.00,64.20
1671,164.00,64.20
1672,164.00,64.20
1673,164.00,64.20
1674,164.00,64.20
1675,164.00,64.20
1676,164.00,65.20
1677,164.00,65.20
1678,164.00,65.20
1679,164.00,65.20
1680,164.00,65.20
1681,164.00,65.20
1682,164.00,66.20
1683,164.00,66.20
1684,164.00,66.20
1685,165.00,66.20
1686,165.00,67.20
1687,165.00,67.20
1688,165.00,67.20
1689,165.00,67.20
1690,165.00,67.20
1691,165.00,67.20
1692,165.00,68.20
1693,165.00,68.20
1694,165.00,68.20
1695,165.00,68.20
1696,165.00,69.20
1697,165.00,69.20
1698,165.00,69.20
1699,165.00,69.20
1700,165.00,69.20
1701,165.00,69.20
1702,165.00,70.20
1703,165.00,70.20
1704,165.00,70.20
1705,165.00,72.20
1706,166.00,75.20
1707,166.00,77.20
1708,167.00,79.20
1709,167.00,79.20
1710,167.00,80.20
1711,167.00,80.20
1712,167.00,80.20
1713,167.00,81.20
1714,167.00,81.20
1715,167.00,81.20
1716,167.00,81.20
1717,167.00,81.20
1718,167.00,82.20
1719,167.00,82.20
1720,167.00,82.20
1721,167.00,82.20
1722,167.00,82.20
1723,167.00,83.20
1724,167.00,83.20
1725,167.00,83.20
1726,167.00,84.20
1727,167.00,84.20
1728,167.00,84.20
1729,167.00,85.20
1730,167.00,85.20
1731,167.00,85.20
1732,167.00,86.20
1733,167.00,86.20
1734,167.00,86.20
1735,167.00,86.20
1736,167.00,86.20
1737,166.00,86.20
1738,166.00,87.20
1739,166.00,87.20
1740,166.00,87.20
1741,166.00,87.20
1742,166.00,87.20
1743,166.00,88.20
1744,166.00,88.20
1745,166.00,88.20
1746,166.00,88.20
1747,166.00,88.20
1748,166.00,89.20
1749,166.00,89.20
1750,166.00,89.20
1751,166.00,89.20
1752,166.00,89.20
1753,166.00,90.20
1754,166.00,90.20
1755,166.00,90.20
1756,166.00,90.20
1757,166.00,90.20
1758,166.00,91.20
1759,166.00,91.20
1760,166.00,91.20
1761,166.00,91.20
1762,166.00,91.20
1763,166.00,92.20
1764,166.00,92.20
1765,166.00,92.20
1766,166.00,92.20
1767,166.00,92.20
1768,166.00,93.20
1769,166.00,93.20
1770,166.00,93.20
1771,166.00,93.20
1772,166.00,94.20
1773,166.00,94.20
1774,166.00,94.20
1775,166.00,94.20
1776,166.00,94.20
1777,166.00,95.20
1778,166.00,95.20
1779,166.00,95.20
1780,166.00,95.20
1781,166.00,96.20
1782,166.00,96.20
1783,166.00,96.20
1784,166.00,96.20
1785,166.00,96.20
1786,166.00,96.20
1787,166.00,97.20
1788,166.00,97.20
1789,166.00,97.20
1790,166.00,97.20
1791,167.00,97.20
1792,167.00,97.20
1793,167.00,98.20
1794,167.00,98.20
1795,167.00,98.20
1796,167.00,98.20
1797,167.00,98.20
1798,167.00,98.20
1799,167.00,99.20
1800,167.00,99.20
1801,167.00,99.20
1802,167.00,99.20
1803,167.00,99.20
1804,167.00,99.20
1805,167.00,100.20
1806,167.00,100.20
1807,167.00,100.20
1808,167.00,100.20
1809,167.00,100.20
1810,167.00,101.20
1811,167.00,101.20
1812,167.00,101.20
1813,167.00,101.20
1814,167.00,101.20
1815,167.00,102.20
1816,167.00,102.20
1817,167.00,102.20
1818,167.00,102.20
1819,167.00,102.20
1820,167.00,102.20
1821,167.00,103.20
1822,167.00,103.20
1823,167.00,103.20
1824,167.00,103.20
1825,167.00,103.20
1826,168.00,103.20
1827,168.00,104.20
1828,168.00,104.20
1829,168.00,104.20
1830,168.00,104.20
1831,168.00,104.20
1832,168.00,105.20
1833,168.00,105.20
1834,168.00,105.20
1835,168.00,105.20
1836,168.00,105.20
1837,168.00,105.20
1838,168.00,106.20
1839,168.00,106.20
1840,168.00,106.20
1841,168.00,106.20
1842,168.00,107.20
1843,168.00,107.20
1844,168.00,107.20
1845,168.00,107.20
1846,168.00,107.20
1847,168.00,108.20
1848,168.00,108.20
1849,168.00,108.20
1850,168.00,108.20
1851,168.00,108.20
1852,168.00,109.20
1853,168.00,109.20
1854,168.00,109.20
1855,168.00,109.20
1856,168.00,109.20
1857,168.00,109.20
1858,168.00,110.20
1859,168.00,110.20
1860,168.00,110.20
1861,168.00,110.20
1862,168.00,110.20
1863,168.00,111.20
1864,168.00,111.20
1865,168.00,111.20
1866,168.00,111.20
1867,168.00,111.20
1868,168.00,112.20
1869,168.00,112.20
1870,168.00,112.20
1871,168.00,112.20
1872,168.00,112.20
1873,168.00,113.20
1874,168.00,113.20
1875,168.00,113.20
1876,168.00,113.20
1877,168.00,113.20
1878,168.00,113.20
1879,168.00,114.20
1880,168.00,114.20
1881,168.00,114.20
1882,168.00,114.20
1883,168.00,114.20
1884,168.00,115.20
1885,168.00,115.20
1886,168.00,115.20
1887,168.00,115.20
1888,168.00,115.20
1889,168.00,116.20
1890,168.00,116.20
1891,168.00,116.20
1892,168.00,116.20
1893,168.00,116.20
1894,168.00,117.20
1895,168.00,117.20
1896,168.00,117.20
1897,168.00,117.20
1898,168.00,117.20
1899,168.00,118.20
1900,168.00,118.20
1901,168.00,118.20
1902,168.00,119.20
1903,168.00,119.20
1904,168.00,119.20
1905,168.00,119.20
1906,169.00,119.20
1907,169.00,120.20
1908,169.00,120.20
1909,169.00,120.20
1910,169.00,120.20
1911,169.00,120.20
1912,169.00,121.20
1913,169.00,121.20
1914,169.00,121.20
1915,169.00,121.20
1916,169.00,121.20
1917,169.00,122.20
1918,169.00,122.20
1919,169.00,122.20
1920,169.00,122.20
1921,169.00,122.20
1922,169.00,122.20
1923,169.00,122.20
1924,169.00,123.20
1925,169.00,123.20
1926,169.00,123.20
1927,169.00,123.20
1928,169.00,123.20
1929,169.00,124.20
1930,169.00,124.20
1931,169.00,124.20
1932,169.00,124.20
1933,169.00,125.20
1934,169.00,125.20
1935,169.00,125.20
1936,169.00,125.20
1937,169.00,125.20
1938,169.00,126.20
1939,169.00,126.20
1940,169.00,126.20
1941,169.00,127.20
1942,169.00,127.20
1943,169.00,127.20
1944,169.00,127.20
1945,169.00,127.20
1946,169.00,128.20
1947,169.00,128.20
1948,169.00,128.20
1949,169.00,128.20
1950,169.00,128.20
1951,170.00,129.20
1952,170.00,129.20
1953,170.00,129.20
1954,170.00,129.20
1955,170.00,129.20
1956,170.00,130.20
1957,170.00,130.20
1958,170.00,131.20
1959,170.00,131.20
1960,170.00,131.20
1961,170.00,132.20
1962,171.00,132.20
1963,171.00,133.20
1964,171.00,133.20
1965,171.00,133.20
1966,171.00,133.20
1967,171.00,134.20
1968,171.00,134.20
1969,171.00,134.20
1970,171.00,134.20
1971,171.00,134.20
1972,171.00,134.20
1973,171.00,135.20
1974,171.00,135.20
1975,171.00,135.20
1976,171.00,135.20
1977,171.00,135.20
1978,171.00,136.20
1979,171.00,136.20
1980,171.00,136.20
1981,171.00,136.20
1982,171.00,136.20
1983,171.00,137.20
1984,171.00,137.20
1985,171.00,137.20
1986,171.00,137.20
1987,171.00,137.20
1988,171.00,138.20
1989,171.00,138.20
1990,171.00,138.20
1991,171.00,138.20
1992,171.00,139.20
1993,171.00,139.20
1994,171.00,139.20
1995,171.00,139.20
1996,172.00,139.20
1997,172.00,140.20
1998,172.00,140.20
1999,172.00,140.20
2000,172.00,140.20
2001,172.00,140.20
2002,172.00,141.20
2003,172.00,141.20
2004,172.00,141.20
2005,172.00,141.20
2006,172.00,141.20
2007,172.00,141.20
2008,172.00,142.20
2009,172.00,142.20
2010,172.00,142.20
2011,172.00,142.20
2012,172.00,142.20
2013,172.00,143.20
2014,172.00,143.20
2015,172.00,143.20
2016,172.00,143.20
2017,172.00,143.20
2018,172.00,144.20
2019,172.00,144.20
2020,172.00,144.20
2021,172.00,144.20
2022,172.00,145.20
2023,172.00,145.20
2024,172.00,145.20
2025,172.00,145.20
2026,172.00,145.20
2027,172.00,146.20
2028,172.00,146.20
2029,172.00,146.20
2030,172.00,146.20
2031,172.00,146.20
2032,172.00,147.20
2033,172.00,147.20
2034,172.00,147.20
2035,172.00,147.20
2036,172.00,147.20
2037,172.00,147.20
2038,172.00,147.20
2039,172.00,148.20
2040,172.00,148.20
2041,172.00,148.20
2042,172.00,148.20
2043,172.00,148.20
2044,172.00,149.20
2045,172.00,149.20
2046,172.00,149.20
2047,172.00,149.20
2048,173.00,149.20
2049,173.00,150.20
2050,173.00,150.20
2051,173.00,150.20
2052,173.00,150.20
2053,173.00,150.20
2054,173.00,151.20
2055,173.00,151.20
2056,173.00,151.20
2057,173.00,151.20
2058,173.00,151.20
2059,173.00,152.20
2060,173.00,152.20
2061,173.00,152.20
2062,173.00,152.20
2063,173.00,153.20
2064,173.00,153.20
2065,173.00,153.20
2066,173.00,153.20
2067,173.00,153.20
2068,173.00,154.20
2069,173.00,154.20
2070,173.00,154.20
2071,173.00,154.20
2072,173.00,154.20
2073,173.00,155.20
2074,173.00,155.20
2075,173.00,155.20
2076,173.00,155.20
2077,173.00,155.20
2078,173.00,155.20
2079,173.00,156.20
2080,173.00,156.20
2081,173.00,156.20
2082,173.00,156.20
2083,173.00,156.20
2084,173.00,157.20
2085,173.00,157.20
2086,173.00,157.20
2087,173.00,157.20
2088,173.00,157.20
2089,173.00,158.20
2090,173.00,158.20
2091,173.00,158.20
2092,173.00,158.20
2093,173.00,158.20
2094,173.00,159.20
2095,173.00,159.20
2096,173.00,159.20
2097,173.00,159.20
2098,173.00,159.20
2099,173.00,159.20
2100,173.00,160.20
2101,173.00,160.20
2102,173.00,160.20
2103,173.00,160.20
2104,173.00,161.20
2105,173.00,161.20
2106,173.00,161.20
2107,173.00,161.20
2108,173.00,161.20
2109,173.00,161.20
2110,173.00,161.20
2111,173.00,162.20
2112,173.00,162.20
2113,173.00,162.20
2114,173.00,162.20
2115,173.00,162.20
2116,173.00,163.20
2117,173.00,163.20
2118,173.00,163.20
2119,173.00,163.20
2120,173.00,163.20
2121,173.00,164.20
2122,173.00,164.20
2123,173.00,164.20
2124,173.00,164.20
2125,173.00,164.20
2126,173.00,165.20
2127,173.00,165.20
2128,173.00,165.20
2129,173.00,165.20
2130,173.00,165.20
2131,173.00,166.20
2132,173.00,166.20
2133,173.00,166.20
2134,173.00,166.20
2135,173.00,166.20
2136,173.00,167.20
2137,174.00,167.20
2138,174.00,167.20
2139,174.00,167.20
2140,174.00,167.20
2141,174.00,168.20
2142,174.00,168.20
2143,174.00,168.20
2144,174.00,168.20
2145,174.00,168.20
2146,174.00,169.20
2147,174.00,169.20
2148,174.00,169.20
2149,174.00,169.20
2150,174.00,169.20
2151,174.00,170.20
2152,174.00,170.20
2153,174.00,170.20
2154,174.00,170.20
2155,174.00,171.20
2156,174.00,171.20
2157,174.00,171.20
2158,174.00,171.20
2159,174.00,172.20
2160,174.00,172.20
2161,174.00,172.20
2162,174.00,173.20
2163,174.00,173.20
2164,174.00,173.20
2165,174.00,173.20
2166,174.00,174.20
2167,174.00,174.20
2168,174.00,174.20
2169,174.00,174.20
2170,174.00,175.20
2171,174.00,175.20
2172,174.00,175.20
2173,174.00,175.20
2174,174.00,176.20
2175,174.00,176.20
2176,175.00,176.20
2177,175.00,176.20
2178,175.00,176.20
2179,175.00,177.20
2180,175.00,177.20
2181,175.00,177.20
2182,175.00,177.20
2183,175.00,177.20
2184,175.00,178.20
2185,175.00,178.20
2186,175.00,178.20
2187,175.00,178.20
2188,175.00,178.20
2189,175.00,179.20
2190,175.00,179.20
2191,175.00,179.20
2192,175.00,180.20
2193,175.00,180.20
2194,175.00,180.20
2195,175.00,180.20
2196,175.00,181.20
2197,175.00,181.20
2198,175.00,181.20
2199,175.00,181.20
2200,175.00,182.20
2201,175.00,182.20
2202,175.00,182.20
2203,175.00,182.20
2204,175.00,182.20
2205,175.00,182.20
2206,175.00,183.20
2207,175.00,183.20
2208,175.00,184.20
2209,175.00,185.20
2210,175.00,186.20
2211,176.00,187.20
2212,176.00,187.20
2213,176.00,188.20
2214,176.00,189.20
2215,176.00,189.20
2216,176.00,190.20
2217,176.00,190.20
2218,176.00,190.20
2219,176.00,190.20
2220,176.00,191.20
2221,176.00,191.20
2222,176.00,191.20
2223,176.00,191.20
2224,176.00,192.20
2225,176.00,192.20
2226,176.00,192.20
2227,176.00,192.20
2228,176.00,193.20
2229,177.00,193.20
2230,177.00,194.20
2231,177.00,194.20
2232,177.00,194.20
2233,177.00,195.20
2234,177.00,195.20
2235,177.00,196.20
2236,177.00,196.20
2237,177.00,197.20
2238,177.00,197.20
2239,177.00,198.20
2240,177.00,198.20
2241,178.00,198.20
2242,178.00,199.20
2243,178.00,199.20
2244,178.00,200.20
2245,178.00,200.20
2246,178.00,200.20
2247,178.00,200.20
2248,178.00,200.20
2249,178.00,201.20
2250,178.00,201.20
2251,178.00,201.20
2252,178.00,201.20
2253,178.00,201.20
2254,178.00,202.20
2255,178.00,202.20
2256,178.00,202.20
2257,178.00,202.20
2258,178.00,202.20
2259,178.00,203.20
2260,178.00,203.20
2261,178.00,203.20
2262,178.00,204.20
2263,178.00,204.20
2264,178.00,204.20
2265,178.00,204.20
2266,178.00,205.20
2267,178.00,205.20
2268,178.00,206.20
2269,178.00,206.20
2270,178.00,206.20
2271,178.00,207.20
2272,178.00,207.20
2273,178.00,207.20
2274,178.00,207.20
2275,178.00,208.20
2276,178.00,208.20
2277,178.00,208.20
2278,178.00,209.20
2279,178.00,209.20
2280,178.00,209.20
2281,178.00,209.20
2282,178.00,209.20
2283,178.00,210.20
2284,178.00,210.20
2285,178.00,210.20
2286,178.00,210.20
2287,178.00,211.20
2288,178.00,211.20
2289,178.00,211.20
2290,178.00,211.20
2291,178.00,212.20
2292,178.00,212.20
2293,178.00,212.20
2294,178.00,212.20
2295,178.00,213.20
2296,178.00,213.20
2297,178.00,213.20
2298,178.00,213.20
2299,178.00,213.20
2300,178.00,213.20
2301,178.00,214.20
2302,178.00,214.20
2303,178.00,214.20
2304,178.00,214.20
2305,178.00,214.20
2306,178.00,215.20
2307,178.00,215.20
2308,178.00,215.20
2309,178.00,215.20
2310,178.00,215.20
2311,178.00,216.20
2312,178.00,216.20
2313,178.00,216.20
2314,178.00,216.20
2315,178.00,216.20
2316,178.00,217.20
2317,178.00,217.20
2318,178.00,217.20
2319,178.00,217.20
2320,178.00,217.20
2321,178.00,217.20
2322,178.00,218.20
2323,178.00,218.20
2324,178.00,218.20
2325,178.00,218.20
2326,178.00,218.20
2327,178.00,219.20
2328,178.00,219.20
2329,178.00,219.20
2330,178.00,219.20
2331,178.00,220.20
2332,178.00,220.20
2333,178.00,220.20
2334,178.00,220.20
2335,178.00,220.20
2336,178.00,221.20
2337,178.00,221.20
2338,178.00,221.20
2339,178.00,221.20
2340,178.00,221.20
2341,178.00,222.20
2342,178.00,222.20
2343,178.00,222.20
2344,178.00,222.20
2345,178.00,222.20
2346,178.00,223.20
2347,178.00,223.20
2348,178.00,223.20
2349,178.00,223.20
2350,178.00,224.20
2351,178.00,224.20
2352,178.00,224.20
2353,178.00,224.20
2354,178.00,225.20
2355,178.00,226.20
2356,178.00,226.20
2357,179.00,226.20
2358,179.00,226.20
2359,179.00,227.20
2360,179.00,227.20
2361,179.00,227.20
2362,179.00,227.20
2363,179.00,227.20
2364,179.00,228.20
2365,179.00,228.20
2366,179.00,228.20
2367,179.00,228.20
2368,179.00,228.20
2369,179.00,229.20
2370,179.00,230.20
2371,179.00,230.20
2372,179.00,231.20
2373,179.00,232.20
2374,179.00,232.20
2375,179.00,232.20
2376,179.00,233.20
2377,179.00,233.20
2378,179.00,233.20
2379,179.00,233.20
2380,179.00,233.20
2381,179.00,234.20
2382,179.00,234.20
2383,179.00,234.20
2384,179.00,234.20
2385,179.00,234.20
2386,180.00,235.20
2387,180.00,235.20
2388,180.00,235.20
2389,180.00,235.20
2390,180.00,235.20
2391,180.00,236.20
2392,180.00,236.20
2393,180.00,236.20
2394,180.00,237.20
2395,180.00,237.20
2396,180.00,237.20
2397,180.00,237.20
2398,180.00,237.20
2399,180.00,237.20
2400,180.00,238.20
2401,180.00,238.20
2402,180.00,238.20
2403,180.00,238.20
2404,180.00,238.20
2405,180.00,239.20
2406,180.00,239.20
2407,180.00,239.20
2408,180.00,239.20
2409,180.00,239.20
2410,180.00,240.20
2411,180.00,240.20
2412,180.00,240.20
2413,180.00,240.20
2414,180.00,240.20
2415,180.00,241.20
2416,180.00,241.20
2417,180.00,241.20
2418,180.00,241.20
2419,180.00,242.20
2420,180.00,242.20
2421,180.00,242.20
2422,180.00,242.20
2423,181.00,243.20
2424,181.00,243.20
2425,181.00,243.20
2426,181.00,244.20
2427,181.00,244.20
2428,181.00,244.20
2429,181.00,245.20
2430,181.00,245.20
2431,181.00,245.20
2432,181.00,245.20
2433,181.00,246.20
2434,181.00,246.20
2435,181.00,246.20
2436,181.00,247.20
2437,181.00,247.20
2438,181.00,247.20
2439,181.00,248.20
2440,181.00,248.20
2441,181.00,248.20
2442,181.00,249.20
2443,181.00,249.20
2444,181.00,250.20
2445,181.00,250.20
2446,181.00,250.20
2447,181.00,251.20
2448,182.00,251.20
2449,182.00,251.20
2450,182.00,252.20
2451,182.00,252.20
2452,182.00,252.20
2453,182.00,252.20
2454,182.00,253.20
2455,182.00,253.20
2456,182.00,253.20
2457,182.00,253.20
2458,182.00,254.20
2459,182.00,254.20
2460,182.00,254.20
2461,182.00,254.20
2462,182.00,255.20
2463,182.00,255.20
2464,182.00,255.20
2465,182.00,255.20
2466,183.00,255.20
2467,183.00,256.20
2468,183.00,256.20
2469,183.00,256.20
2470,183.00,256.20
2471,183.00,256.20
2472,183.00,257.20
2473,183.00,257.20
2474,183.00,257.20
2475,183.00,257.20
2476,183.00,257.20
2477,183.00,258.20
2478,183.00,258.20
2479,183.00,258.20
2480,183.00,258.20
2481,183.00,258.20
2482,183.00,259.20
2483,183.00,259.20
2484,183.00,259.20
2485,183.00,259.20
2486,183.00,260.20
2487,183.00,260.20
2488,183.00,260.20
2489,183.00,260.20
2490,183.00,260.20
2491,183.00,261.20
2492,183.00,261.20
2493,183.00,261.20
2494,183.00,261.20
2495,183.00,262.20
2496,183.00,262.20
2497,183.00,262.20
2498,183.00,262.20
2499,183.00,262.20
2500,183.00,263.20
2501,183.00,263.20
2502,183.00,263.20
2503,183.00,263.20
2504,183.00,264.20
2505,183.00,264.20
2506,183.00,264.20
2507,183.00,264.20
2508,184.00,264.20
2509,184.00,265.20
2510,184.00,265.20
2511,184.00,265.20
2512,184.00,265.20
2513,184.00,266.20
2514,184.00,266.20
2515,184.00,266.20
2516,184.00,266.20
2517,184.00,267.20
2518,184.00,267.20
2519,184.00,267.20
2520,184.00,268.20
2521,184.00,268.20
2522,184.00,268.20
2523,184.00,268.20
2524,184.00,269.20
2525,184.00,269.20
2526,184.00,269.20
2527,184.00,269.20
2528,184.00,270.20
2529,184.00,270.20
2530,184.00,270.20
2531,184.00,270.20
2532,184.00,271.20
2533,184.00,271.20
2534,184.00,271.20
2535,184.00,271.20
2536,184.00,271.20
2537,184.00,272.20
2538,184.00,272.20
2539,184.00,272.20
2540,184.00,272.20
2541,184.00,273.20
2542,184.00,273.20
2543,184.00,273.20
2544,184.00,273.20
2545,184.00,273.20
2546,184.00,274.20
2547,184.00,274.20
2548,184.00,274.20
2549,184.00,275.20
2550,184.00,275.20
2551,184.00,275.20
2552,184.00,276.20
2553,184.00,276.20
2554,184.00,276.20
2555,184.00,277.20
2556,184.00,277.20
2557,184.00,277.20
2558,185.00,277.20
2559,185.00,277.20
2560,185.00,277.20
2561,185.00,278.20
2562,185.00,278.20
2563,185.00,279.20
2564,185.00,279.20
2565,185.00,280.20
2566,185.00,280.20
2567,185.00,281.20
2568,185.00,281.20
2569,185.00,281.20
2570,185.00,282.20
2571,185.00,282.20
2572,185.00,282.20
2573,185.00,282.20
2574,185.00,282.20
2575,185.00,283.20
2576,185.00,283.20
2577,186.00,283.20
2578,186.00,283.20
2579,186.00,283.20
2580,186.00,284.20
2581,186.00,284.20
2582,186.00,284.20
2583,186.00,284.20
2584,186.00,284.20
2585,186.00,285.20
2586,186.00,285.20
2587,186.00,285.20
2588,186.00,285.20
2589,186.00,285.20
2590,186.00,286.20
2591,186.00,286.20
2592,186.00,286.20
2593,186.00,287.20
2594,187.00,287.20
2595,187.00,287.20
2596,187.00,288.20
2597,187.00,288.20
2598,187.00,288.20
2599,187.00,289.20
2600,187.00,289.20
2601,187.00,290.20
2602,187.00,290.20
2603,187.00,290.20
2604,187.00,291.20
2605,187.00,291.20
2606,187.00,291.20
2607,187.00,291.20
2608,187.00,292.20
2609,187.00,292.20
2610,187.00,292.20
2611,187.00,292.20
2612,188.00,292.20
2613,188.00,293.20
2614,188.00,293.20
2615,188.00,293.20
2616,188.00,293.20
2617,188.00,294.20
2618,188.00,294.20
2619,188.00,294.20
2620,188.00,294.20
2621,188.00,295.20
2622,188.00,295.20
2623,188.00,295.20
2624,188.00,295.20
2625,188.00,296.20
2626,188.00,296.20
2627,188.00,296.20
2628,188.00,297.20
2629,188.00,297.20
2630,188.00,297.20
2631,188.00,297.20
2632,188.00,297.20
2633,188.00,298.20
2634,188.00,298.20
2635,188.00,298.20
2636,188.00,299.20
2637,188.00,299.20
2638,188.00,299.20
2639,188.00,300.20
2640,188.00,300.20
2641,189.00,300.20
2642,189.00,300.20
2643,189.00,301.20
2644,189.00,301.20
2645,189.00,301.20
2646,189.00,301.20
2647,189.00,301.20
2648,189.00,302.20
2649,189.00,302.20
2650,189.00,302.20
2651,189.00,302.20
2652,189.00,303.20
2653,189.00,303.20
2654,189.00,303.20
2655,189.00,303.20
2656,189.00,304.20
2657,189.00,304.20
2658,189.00,304.20
2659,189.00,304.20
2660,189.00,304.20
2661,189.00,305.20
2662,189.00,305.20
2663,189.00,305.20
2664,190.00,305.20
2665,190.00,305.20
2666,190.00,306.20
2667,190.00,306.20
2668,190.00,306.20
2669,190.00,306.20
2670,190.00,307.20
2671,190.00,307.20
2672,190.00,308.20
2673,190.00,308.20
2674,190.00,308.20
2675,190.00,308.20
2676,190.00,308.20
2677,190.00,309.20
2678,190.00,309.20
2679,190.00,309.20
2680,190.00,309.20
2681,190.00,309.20
2682,190.00,310.20
2683,190.00,310.20
2684,191.00,310.20
2685,191.00,310.20
2686,191.00,311.20
2687,191.00,311.20
2688,191.00,311.20
2689,191.00,311.20
2690,191.00,312.20
2691,191.00,312.20
2692,191.00,312.20
2693,191.00,312.20
2694,191.00,313.20
2695,191.00,313.20
2696,191.00,313.20
2697,191.00,314.20
2698,191.00,314.20
2699,191.00,314.20
2700,191.00,314.20
2701,191.00,315.20
2702,191.00,315.20
2703,192.00,315.20
2704,192.00,316.20
2705,192.00,316.20
2706,192.00,317.20
2707,192.00,317.20
2708,192.00,317.20
2709,192.00,318.20
2710,192.00,318.20
2711,192.00,318.20
2712,192.00,319.20
2713,192.00,319.20
2714,193.00,319.20
2715,193.00,320.20
2716,193.00,320.20
2717,193.00,321.20
2718,193.00,321.20
2719,193.00,321.20
2720,193.00,321.20
2721,193.00,321.20
2722,193.00,321.20
2723,194.00,322.20
2724,194.00,322.20
2725,194.00,322.20
2726,194.00,322.20
2727,194.00,322.20
2728,194.00,323.20
2729,194.00,323.20
2730,194.00,323.20
2731,194.00,324.20
2732,194.00,324.20
2733,194.00,324.20
2734,194.00,325.20
2735,194.00,325.20
2736,194.00,325.20
2737,195.00,325.20
2738,195.00,325.20
2739,195.00,326.20
2740,195.00,326.20
2741,195.00,326.20
2742,195.00,326.20
2743,195.00,326.20
2744,195.00,326.20
2745,195.00,327.20
2746,195.00,327.20
2747,195.00,327.20
2748,195.00,327.20
2749,196.00,327.20
2750,196.00,327.20
2751,196.00,328.20
2752,196.00,328.20
2753,196.00,328.20
2754,196.00,328.20
2755,196.00,328.20
2756,196.00,328.20
2757,196.00,328.20
2758,196.00,328.20
2759,197.00,328.20
2760,197.00,329.20
2761,197.00,329.20
2762,197.00,329.20
2763,197.00,329.20
2764,197.00,329.20
2765,197.00,329.20
2766,197.00,330.20
2767,197.00,330.20
2768,197.00,330.20
2769,198.00,330.20
2770,198.00,330.20
2771,198.00,330.20
2772,198.00,330.20
2773,198.00,330.20
2774,198.00,331.20
2775,198.00,331.20
2776,198.00,331.20
2777,198.00,331.20
2778,199.00,331.20
2779,199.00,331.20
2780,199.00,331.20
2781,199.00,331.20
2782,199.00,331.20
2783,199.00,331.20
2784,199.00,331.20
2785,200.00,331.20
2786,200.00,331.20
2787,200.00,332.20
2788,200.00,332.20
2789,200.00,332.20
2790,200.00,332.20
2791,200.00,332.20
2792,201.00,332.20
2793,201.00,332.20
2794,201.00,332.20
2795,201.00,332.20
2796,201.00,332.20
2797,201.00,332.20
2798,202.00,332.20
2799,202.00,332.20
2800,202.00,332.20
2801,202.00,332.20
2802,202.00,332.20
2803,203.00,332.20
2804,203.00,332.20
2805,203.00,332.20
2806,203.00,332.20
2807,203.00,332.20
2808,204.00,332.20
2809,204.00,332.20
2810,204.00,332.20
2811,204.00,332.20
2812,204.00,332.20
2813,204.00,332.20
2814,204.00,332.20
2815,204.00,331.20
2816,204.00,331.20
2817,204.00,331.20
2818,204.00,331.20
2819,204.00,331.20
2820,204.00,330.20
2821,204.00,330.20
2822,204.00,330.20
2823,204.00,330.20
2824,205.00,330.20
2825,205.00,330.20
2826,205.00,330.20
2827,205.00,329.20
2828,205.00,329.20
2829,205.00,329.20
2830,205.00,329.20
2831,205.00,329.20
2832,205.00,328.20
2833,205.00,328.20
2834,205.00,328.20
2835,205.00,328.20
2836,205.00,328.20
2837,205.00,328.20
2838,205.00,327.20
2839,205.00,327.20
2840,205.00,327.20
2841,205.00,327.20
2842,205.00,327.20
2843,206.00,327.20
2844,206.00,327.20
2845,206.00,326.20
2846,206.00,326.20
2847,206.00,326.20
2848,206.00,326.20
2849,206.00,326.20
2850,206.00,326.20
2851,206.00,326.20
2852,206.00,325.20
2853,206.00,325.20
2854,206.00,325.20
2855,206.00,325.20
2856,206.00,325.20
2857,207.00,325.20
2858,207.00,324.20
2859,207.00,324.20
2860,207.00,324.20
2861,207.00,324.20
2862,207.00,324.20
2863,207.00,323.20
2864,207.00,323.20
2865,207.00,323.20
2866,207.00,323.20
2867,207.00,323.20
2868,207.00,322.20
2869,207.00,322.20
2870,208.00,322.20
2871,208.00,322.20
2872,208.00,322.20
2873,208.00,322.20
2874,208.00,322.20
2875,208.00,321.20
2876,208.00,321.20
2877,208.00,321.20
2878,208.00,321.20
2879,208.00,320.20
2880,208.00,320.20
2881,208.00,320.20
2882,209.00,320.20
2883,209.00,320.20
2884,209.00,319.20
2885,209.00,319.20
2886,209.00,319.20
2887,209.00,319.20
2888,209.00,319.20
2889,209.00,318.20
2890,209.00,318.20
2891,209.00,318.20
2892,209.00,318.20
2893,209.00,318.20
2894,209.00,317.20
2895,209.00,317.20
2896,209.00,317.20
2897,209.00,317.20
2898,209.00,316.20
2899,209.00,316.20
2900,209.00,316.20
2901,209.00,316.20
2902,210.00,316.20
2903,210.00,315.20
2904,210.00,315.20
2905,210.00,315.20
2906,210.00,315.20
2907,210.00,315.20
2908,210.00,315.20
2909,210.00,314.20
2910,210.00,314.20
2911,210.00,314.20
2912,210.00,314.20
2913,211.00,314.20
2914,211.00,314.20
2915,211.00,314.20
2916,211.00,313.20
2917,211.00,313.20
2918,211.00,313.20
2919,211.00,313.20
2920,211.00,313.20
2921,211.00,312.20
2922,212.00,312.20
2923,212.00,312.20
2924,212.00,312.20
2925,212.00,312.20
2926,212.00,312.20
2927,212.00,312.20
2928,212.00,312.20
2929,212.00,311.20
2930,212.00,311.20
2931,212.00,311.20
2932,212.00,311.20
2933,212.00,311.20
2934,212.00,310.20
2935,212.00,310.20
2936,212.00,310.20
2937,212.00,310.20
2938,213.00,310.20
2939,213.00,310.20
2940,213.00,309.20
2941,213.00,309.20
2942,213.00,309.20
2943,213.00,309.20
2944,213.00,309.20
2945,213.00,308.20
2946,213.00,308.20
2947,213.00,308.20
2948,213.00,308.20
2949,213.00,308.20
2950,214.00,307.20
2951,214.00,307.20
2952,214.00,307.20
2953,214.00,307.20
2954,214.00,307.20
2955,214.00,306.20
2956,214.00,306.20
2957,214.00,306.20
2958,214.00,306.20
2959,214.00,306.20
2960,215.00,305.20
2961,215.00,305.20
2962,215.00,305.20
2963,215.00,305.20
2964,215.00,305.20
2965,215.00,304.20
2966,215.00,304.20
2967,216.00,304.20
2968,216.00,304.20
2969,216.00,304.20
2970,216.00,304.20
2971,216.00,303.20
2972,216.00,303.20
2973,216.00,303.20
2974,216.00,303.20
2975,216.00,303.20
2976,216.00,303.20
2977,216.00,303.20
2978,216.00,302.20
2979,216.00,302.20
2980,216.00,302.20
2981,217.00,302.20
2982,217.00,302.20
2983,217.00,301.20
2984,217.00,301.20
2985,217.00,301.20
2986,217.00,301.20
2987,217.00,301.20
2988,217.00,301.20
2989,217.00,301.20
2990,217.00,300.20
2991,217.00,300.20
2992,217.00,300.20
2993,217.00,300.20
2994,217.00,300.20
2995,217.00,299.20
2996,218.00,299.20
2997,218.00,299.20
2998,218.00,299.20
2999,218.00,299.20
3000,218.00,298.20
3001,218.00,298.20
3002,218.00,298.20
3003,218.00,298.20
3004,218.00,297.20
3005,218.00,297.20
3006,218.00,297.20
3007,218.00,297.20
3008,218.00,296.20
3009,218.00,296.20
3010,219.00,296.20
3011,219.00,296.20
3012,219.00,296.20
3013,219.00,296.20
3014,219.00,295.20
3015,219.00,295.20
3016,219.00,295.20
3017,219.00,295.20
3018,219.00,294.20
3019,219.00,294.20
3020,219.00,294.20
3021,219.00,294.20
3022,219.00,294.20
3023,219.00,294.20
3024,219.00,293.20
3025,219.00,293.20
3026,219.00,293.20
3027,220.00,293.20
3028,220.00,293.20
3029,220.00,292.20
3030,220.00,292.20
3031,220.00,292.20
3032,220.00,292.20
3033,220.00,292.20
3034,220.00,291.20
3035,220.00,291.20
3036,220.00,291.20
3037,220.00,291.20
3038,220.00,290.20
3039,220.00,290.20
3040,220.00,290.20
3041,220.00,289.20
3042,220.00,289.20
3043,221.00,289.20
3044,221.00,289.20
3045,221.00,288.20
3046,221.00,288.20
3047,221.00,288.20
3048,221.00,288.20
3049,221.00,287.20
3050,221.00,287.20
3051,221.00,287.20
3052,221.00,287.20
3053,221.00,287.20
3054,221.00,286.20
3055,221.00,286.20
3056,221.00,286.20
3057,221.00,286.20
3058,221.00,286.20
3059,221.00,286.20
3060,221.00,286.20
3061,221.00,285.20
3062,221.00,285.20
3063,221.00,285.20
3064,222.00,285.20
3065,222.00,285.20
3066,222.00,284.20
3067,222.00,284.20
3068,222.00,284.20
3069,222.00,284.20
3070,222.00,284.20
3071,222.00,284.20
3072,222.00,284.20
3073,222.00,283.20
3074,222.00,283.20
3075,222.00,283.20
3076,222.00,283.20
3077,222.00,283.20
3078,222.00,283.20
3079,222.00,283.20
3080,222.00,282.20
3081,223.00,282.20
3082,223.00,282.20
3083,223.00,282.20
3084,223.00,282.20
3085,223.00,282.20
3086,223.00,282.20
3087,223.00,281.20
3088,223.00,281.20
3089,223.00,281.20
3090,223.00,281.20
3091,223.00,281.20
3092,223.00,280.20
3093,224.00,280.20
3094,224.00,280.20
3095,224.00,280.20
3096,224.00,280.20
3097,224.00,280.20
3098,224.00,279.20
3099,224.00,279.20
3100,224.00,279.20
3101,224.00,279.20
3102,224.00,279.20
3103,224.00,279.20
3104,224.00,278.20
3105,224.00,278.20
3106,224.00,278.20
3107,225.00,278.20
3108,225.00,277.20
3109,225.00,277.20
3110,225.00,277.20
3111,225.00,277.20
3112,225.00,277.20
3113,225.00,277.20
3114,225.00,276.20
3115,225.00,276.20
3116,225.00,276.20
3117,225.00,276.20
3118,226.00,276.20
3119,226.00,276.20
3120,226.00,276.20
3121,226.00,275.20
3122,226.00,275.20
3123,226.00,275.20
3124,226.00,275.20
3125,226.00,275.20
3126,226.00,275.20
3127,226.00,275.20
3128,227.00,275.20
3129,227.00,274.20
3130,227.00,274.20
3131,227.00,274.20
3132,227.00,274.20
3133,227.00,274.20
3134,227.00,273.20
3135,228.00,273.20
3136,228.00,273.20
3137,228.00,273.20
3138,228.00,273.20
3139,228.00,273.20
3140,228.00,272.20
3141,228.00,272.20
3142,229.00,272.20
3143,229.00,272.20
3144,229.00,272.20
3145,229.00,272.20
3146,229.00,272.20
3147,229.00,271.20
3148,230.00,271.20
3149,230.00,271.20
3150,230.00,271.20
3151,230.00,270.20
3152,231.00,270.20
3153,231.00,270.20
3154,231.00,270.20
3155,231.00,270.20
3156,231.00,270.20
3157,232.00,270.20
3158,232.00,270.20
3159,232.00,270.20
3160,232.00,270.20
3161,232.00,270.20
3162,232.00,270.20
3163,233.00,269.20
3164,233.00,269.20
3165,233.00,269.20
3166,233.00,269.20
3167,233.00,269.20
3168,233.00,269.20
3169,233.00,269.20
3170,234.00,269.20
3171,234.00,269.20
3172,234.00,269.20
3173,234.00,269.20
3174,234.00,269.20
3175,234.00,268.20
3176,234.00,268.20
3177,234.00,268.20
3178,235.00,268.20
3179,235.00,268.20
3180,235.00,268.20
3181,235.00,268.20
3182,235.00,268.20
3183,235.00,268.20
3184,235.00,268.20
3185,236.00,268.20
3186,236.00,267.20
3187,236.00,267.20
3188,236.00,267.20
3189,236.00,267.20
3190,236.00,267.20
3191,236.00,267.20
3192,237.00,267.20
3193,237.00,267.20
3194,237.00,267.20
3195,237.00,267.20
3196,237.00,266.20
3197,237.00,266.20
3198,238.00,266.20
3199,238.00,266.20
3200,238.00,266.20
3201,238.00,266.20
3202,238.00,266.20
3203,238.00,266.20
3204,238.00,266.20
3205,239.00,266.20
3206,239.00,266.20
3207,239.00,266.20
3208,239.00,265.20
3209,239.00,265.20
3210,239.00,265.20
3211,239.00,265.20
3212,239.00,265.20
3213,240.00,265.20
3214,240.00,265.20
3215,240.00,265.20
3216,240.00,265.20
3217,240.00,265.20
3218,240.00,265.20
3219,241.00,264.20
3220,241.00,264.20
3221,241.00,264.20
3222,241.00,264.20
3223,241.00,264.20
3224,241.00,264.20
3225,242.00,264.20
3226,242.00,264.20
3227,242.00,264.20
3228,242.00,264.20
3229,242.00,263.20
3230,242.00,263.20
3231,242.00,263.20
3232,243.00,263.20
3233,243.00,263.20
3234,243.00,263.20
3235,243.00,263.20
3236,244.00,263.20
3237,244.00,262.20
3238,244.00,262.20
3239,244.00,262.20
3240,244.00,262.20
3241,244.00,262.20
3242,245.00,262.20
3243,245.00,262.20
3244,245.00,261.20
3245,245.00,261.20
3246,245.00,261.20
3247,246.00,261.20
3248,246.00,261.20
3249,246.00,260.20
3250,247.00,260.20
3251,247.00,260.20
3252,247.00,259.20
3253,248.00,259.20
3254,248.00,259.20
3255,248.00,259.20
3256,249.00,259.20
3257,249.00,258.20
3258,249.00,258.20
3259,249.00,258.20
3260,249.00,258.20
3261,249.00,258.20
3262,249.00,257.20
3263,249.00,257.20
3264,249.00,257.20
3265,249.00,257.20
3266,249.00,256.20
3267,250.00,256.20
3268,250.00,256.20
3269,250.00,256.20
3270,250.00,256.20
3271,250.00,255.20
3272,250.00,255.20
3273,250.00,255.20
3274,250.00,255.20
3275,250.00,255.20
3276,250.00,255.20
3277,251.00,254.20
3278,251.00,254.20
3279,251.00,254.20
3280,251.00,254.20
3281,251.00,254.20
3282,251.00,253.20
3283,251.00,253.20
3284,251.00,253.20
3285,252.00,252.20
3286,252.00,252.20
3287,252.00,252.20
3288,252.00,252.20
3289,252.00,251.20
3290,252.00,251.20
3291,252.00,250.20
3292,252.00,250.20
3293,252.00,250.20
3294,252.00,249.20
3295,252.00,249.20
3296,253.00,248.20
3297,253.00,248.20
3298,253.00,248.20
3299,253.00,248.20
3300,253.00,247.20
3301,253.00,247.20
3302,253.00,246.20
3303,253.00,246.20
3304,253.00,246.20
3305,253.00,246.20
3306,254.00,245.20
3307,254.00,245.20
3308,254.00,245.20
3309,254.00,245.20
3310,254.00,244.20
3311,254.00,244.20
3312,254.00,244.20
3313,254.00,243.20
3314,254.00,243.20
3315,254.00,243.20
3316,255.00,243.20
3317,255.00,242.20
3318,255.00,242.20
3319,255.00,242.20
3320,255.00,242.20
3321,255.00,242.20
3322,255.00,241.20
3323,255.00,241.20
3324,255.00,241.20
3325,255.00,241.20
3326,255.00,241.20
3327,255.00,240.20
3328,255.00,240.20
3329,255.00,240.20
3330,255.00,240.20
3331,255.00,239.20
3332,255.00,239.20
3333,255.00,239.20
3334,256.00,239.20
3335,256.00,239.20
3336,256.00,238.20
3337,256.00,238.20
3338,256.00,238.20
3339,256.00,237.20
3340,256.00,237.20
3341,256.00,236.20
3342,256.00,236.20
3343,256.00,236.20
3344,257.00,235.20
3345,257.00,235.20
3346,257.00,235.20
3347,257.00,235.20
3348,257.00,234.20
3349,257.00,234.20
3350,257.00,234.20
3351,257.00,233.20
3352,257.00,233.20
3353,257.00,233.20
3354,257.00,233.20
3355,257.00,232.20
3356,258.00,232.20
3357,258.00,232.20
3358,258.00,232.20
3359,258.00,232.20
3360,258.00,232.20
3361,258.00,231.20
3362,258.00,231.20
3363,258.00,231.20
3364,258.00,231.20
3365,258.00,230.20
3366,258.00,230.20
3367,258.00,230.20
3368,258.00,230.20
3369,258.00,230.20
3370,258.00,229.20
3371,258.00,229.20
3372,258.00,229.20
3373,258.00,229.20
3374,258.00,228.20
3375,258.00,228.20
3376,258.00,228.20
3377,259.00,228.20
3378,259.00,228.20
3379,259.00,227.20
3380,259.00,227.20
3381,259.00,227.20
3382,259.00,227.20
3383,259.00,226.20
3384,259.00,226.20
3385,259.00,226.20
3386,259.00,226.20
3387,259.00,226.20
3388,259.00,225.20
3389,259.00,225.20
3390,259.00,225.20
3391,259.00,225.20
3392,259.00,225.20
3393,259.00,224.20
3394,259.00,224.20
3395,259.00,224.20
3396,259.00,224.20
3397,259.00,224.20
3398,259.00,224.20
3399,259.00,223.20
3400,259.00,223.20
3401,259.00,223.20
3402,260.00,223.20
3403,260.00,222.20
3404,260.00,222.20
3405,260.00,221.20
3406,260.00,221.20
3407,260.00,221.20
3408,260.00,221.20
3409,260.00,221.20
3410,260.00,220.20
3411,260.00,220.20
3412,260.00,220.20
3413,260.00,219.20
3414,260.00,219.20
3415,261.00,219.20
3416,261.00,218.20
3417,261.00,218.20
3418,261.00,218.20
3419,261.00,217.20
3420,261.00,217.20
3421,261.00,217.20
3422,261.00,217.20
3423,261.00,216.20
3424,261.00,216.20
3425,261.00,216.20
3426,261.00,216.20
3427,261.00,216.20
3428,261.00,215.20
3429,261.00,215.20
3430,261.00,215.20
3431,261.00,215.20
3432,261.00,215.20
3433,261.00,214.20
3434,261.00,214.20
3435,261.00,214.20
3436,261.00,214.20
3437,261.00,214.20
3438,261.00,213.20
3439,261.00,213.20
3440,261.00,213.20
3441,261.00,213.20
3442,261.00,213.20
3443,261.00,212.20
3444,261.00,212.20
3445,261.00,212.20
3446,261.00,212.20
3447,261.00,212.20
3448,261.00,211.20
3449,261.00,211.20
3450,261.00,211.20
3451,261.00,211.20
3452,261.00,210.20
3453,261.00,210.20
3454,261.00,209.20
3455,261.00,209.20
3456,261.00,209.20
3457,261.00,208.20
3458,261.00,208.20
3459,261.00,207.20
3460,262.00,207.20
3461,262.00,206.20
3462,262.00,206.20
3463,262.00,206.20
3464,262.00,205.20
3465,262.00,204.20
3466,262.00,204.20
3467,262.00,203.20
3468,262.00,203.20
3469,262.00,203.20
3470,262.00,202.20
3471,262.00,202.20
3472,262.00,201.20
3473,262.00,201.20
3474,262.00,201.20
3475,262.00,201.20
3476,262.00,200.20
3477,262.00,200.20
3478,262.00,200.20
3479,262.00,199.20
3480,262.00,199.20
3481,262.00,199.20
3482,262.00,199.20
3483,262.00,198.20
3484,262.00,198.20
3485,262.00,198.20
3486,262.00,198.20
3487,262.00,197.20
3488,263.00,196.20
3489,263.00,195.20
3490,263.00,195.20
3491,263.00,194.20
3492,264.00,193.20
3493,264.00,193.20
3494,264.00,192.20
3495,264.00,192.20
3496,264.00,191.20
3497,264.00,191.20
3498,264.00,190.20
3499,265.00,190.20
3500,265.00,190.20
3501,265.00,190.20
3502,265.00,189.20
3503,265.00,189.20
3504,265.00,189.20
3505,265.00,189.20
3506,265.00,189.20
3507,265.00,188.20
3508,265.00,188.20
3509,265.00,188.20
3510,265.00,188.20
3511,265.00,188.20
3512,265.00,187.20
3513,265.00,187.20
3514,266.00,187.20
3515,266.00,187.20
3516,266.00,187.20
3517,266.00,186.20
3518,266.00,186.20
3519,266.00,186.20
3520,266.00,185.20
3521,266.00,185.20
3522,266.00,185.20
3523,266.00,184.20
3524,266.00,184.20
3525,266.00,184.20
3526,266.00,183.20
3527,266.00,183.20
3528,266.00,183.20
3529,266.00,183.20
3530,266.00,183.20
3531,266.00,182.20
3532,266.00,182.20
3533,266.00,182.20
3534,266.00,182.20
3535,266.00,182.20
3536,266.00,181.20
3537,266.00,181.20
3538,266.00,181.20
3539,266.00,180.20
3540,266.00,180.20
3541,266.00,180.20
3542,266.00,180.20
3543,266.00,179.20
3544,266.00,179.20
3545,266.00,179.20
3546,266.00,179.20
3547,266.00,179.20
3548,266.00,178.20
3549,266.00,178.20
3550,266.00,178.20
3551,266.00,178.20
3552,266.00,178.20
3553,266.00,177.20
3554,266.00,177.20
3555,266.00,177.20
3556,266.00,176.20
3557,266.00,176.20
3558,266.00,176.20
3559,266.00,176.20
3560,266.00,176.20
3561,266.00,175.20
3562,266.00,175.20
3563,267.00,175.20
3564,267.00,175.20
3565,267.00,174.20
3566,267.00,174.20
3567,267.00,174.20
3568,267.00,174.20
3569,267.00,173.20
3570,267.00,173.20
3571,267.00,173.20
3572,267.00,173.20
3573,267.00,172.20
3574,267.00,172.20
3575,267.00,172.20
3576,267.00,172.20
3577,267.00,171.20
3578,267.00,171.20
3579,267.00,171.20
3580,267.00,170.20
3581,267.00,170.20
3582,267.00,170.20
3583,267.00,170.20
3584,267.00,170.20
3585,267.00,169.20
3586,267.00,169.20
3587,267.00,169.20
3588,267.00,168.20
3589,267.00,168.20
3590,267.00,168.20
3591,267.00,168.20
3592,267.00,167.20
3593,267.00,167.20
3594,267.00,167.20
3595,267.00,166.20
3596,267.00,166.20
3597,267.00,166.20
3598,267.00,166.20
3599,267.00,165.20
3600,267.00,165.20
3601,267.00,165.20
3602,267.00,164.20
3603,267.00,164.20
3604,267.00,164.20
3605,267.00,163.20
3606,267.00,163.20
3607,267.00,163.20
3608,267.00,162.20
3609,267.00,162.20
3610,267.00,162.20
3611,267.00,161.20
3612,267.00,161.20
3613,267.00,161.20
3614,267.00,160.20
3615,267.00,160.20
3616,267.00,159.20
3617,267.00,159.20
3618,267.00,158.20
3619,267.00,157.20
3620,267.00,157.20
3621,267.00,156.20
3622,267.00,155.20
3623,267.00,155.20
3624,267.00,154.20
3625,267.00,153.20
3626,267.00,152.20
3627,267.00,152.20
3628,267.00,151.20
3629,267.00,151.20
3630,267.00,150.20
3631,267.00,150.20
3632,267.00,149.20
3633,267.00,149.20
3634,267.00,149.20
3635,267.00,148.20
3636,267.00,148.20
3637,267.00,148.20
3638,268.00,148.20
3639,268.00,147.20
3640,268.00,147.20
3641,268.00,146.20
3642,268.00,146.20
3643,268.00,146.20
3644,268.00,145.20
3645,268.00,145.20
3646,268.00,144.20
3647,269.00,144.20
3648,269.00,143.20
3649,269.00,143.20
3650,269.00,142.20
3651,269.00,142.20
3652,269.00,142.20
3653,269.00,141.20
3654,269.00,141.20
3655,269.00,141.20
3656,269.00,140.20
3657,269.00,140.20
3658,269.00,140.20
3659,269.00,139.20
3660,269.00,139.20
3661,269.00,139.20
3662,269.00,139.20
3663,269.00,138.20
3664,269.00,138.20
3665,270.00,137.20
3666,270.00,137.20
3667,270.00,137.20
3668,270.00,137.20
3669,270.00,136.20
3670,270.00,136.20
3671,270.00,135.20
3672,270.00,135.20
3673,270.00,135.20
3674,270.00,135.20
3675,270.00,134.20
3676,270.00,134.20
3677,271.00,133.20
3678,271.00,133.20
3679,271.00,133.20
3680,271.00,133.20
3681,271.00,132.20
3682,271.00,132.20
3683,271.00,132.20
3684,271.00,131.20
3685,271.00,131.20
3686,271.00,131.20
3687,271.00,130.20
3688,271.00,130.20
3689,271.00,130.20
3690,271.00,130.20
3691,271.00,130.20
3692,271.00,129.20
3693,271.00,129.20
3694,271.00,129.20
3695,271.00,128.20
3696,271.00,128.20
3697,271.00,128.20
3698,271.00,127.20
3699,271.00,127.20
3700,271.00,126.20
3701,271.00,126.20
3702,271.00,125.20
3703,271.00,125.20
3704,271.00,124.20
3705,271.00,123.20
3706,271.00,123.20
3707,271.00,123.20
3708,271.00,122.20
3709,271.00,122.20
3710,272.00,121.20
3711,272.00,121.20
3712,272.00,121.20
3713,272.00,121.20
3714,272.00,120.20
3715,272.00,120.20
3716,272.00,120.20
3717,272.00,120.20
3718,272.00,119.20
3719,272.00,119.20
3720,272.00,119.20
3721,272.00,118.20
3722,272.00,118.20
3723,272.00,118.20
3724,272.00,117.20
3725,272.00,117.20
3726,272.00,116.20
3727,272.00,116.20
3728,272.00,116.20
3729,272.00,115.20
3730,272.00,115.20
3731,272.00,114.20
3732,272.00,113.20
3733,272.00,113.20
3734,272.00,112.20
3735,272.00,111.20
3736,272.00,111.20
3737,272.00,110.20
3738,273.00,110.20
3739,273.00,109.20
3740,273.00,109.20
3741,273.00,108.20
3742,273.00,107.20
3743,273.00,107.20
3744,273.00,106.20
3745,273.00,105.20
3746,273.00,104.20
3747,273.00,103.20
3748,273.00,102.20
3749,274.00,102.20
3750,274.00,101.20
3751,274.00,100.20
3752,274.00,100.20
3753,274.00,99.20
3754,274.00,99.20
3755,274.00,98.20
3756,274.00,98.20
3757,274.00,97.20
3758,274.00,97.20
3759,274.00,96.20
3760,274.00,96.20
3761,274.00,96.20
3762,274.00,95.20
3763,274.00,95.20
3764,274.00,95.20
3765,274.00,95.20
3766,274.00,94.20
3767,275.00,94.20
3768,275.00,93.20
3769,275.00,93.20
3770,275.00,93.20
3771,275.00,92.20
3772,275.00,92.20
3773,275.00,92.20
3774,275.00,92.20
3775,275.00,92.20
3776,275.00,91.20
3777,275.00,91.20
3778,275.00,91.20
3779,275.00,91.20
3780,275.00,90.20
3781,275.00,90.20
3782,275.00,89.20
3783,275.00,89.20
3784,275.00,88.20
3785,275.00,88.20
3786,275.00,88.20
3787,275.00,88.20
3788,275.00,87.20
3789,275.00,87.20
3790,275.00,87.20
3791,275.00,86.20
3792,275.00,86.20
3793,276.00,86.20
3794,276.00,85.20
3795,276.00,85.20
3796,276.00,84.20
3797,276.00,84.20
3798,276.00,84.20
3799,276.00,83.20
3800,276.00,83.20
3801,276.00,83.20
3802,276.00,82.20
3803,276.00,82.20
3804,276.00,82.20
3805,276.00,81.20
3806,277.00,81.20
3807,277.00,81.20
3808,277.00,81.20
3809,277.00,81.20
3810,277.00,80.20
3811,277.00,80.20
3812,277.00,80.20
3813,277.00,80.20
3814,277.00,79.20
3815,277.00,79.20
3816,277.00,79.20
3817,277.00,78.20
3818,277.00,78.20
3819,277.00,78.20
3820,277.00,78.20
3821,277.00,77.20
3822,277.00,77.20
3823,277.00,77.20
3824,277.00,76.20
3825,277.00,76.20
3826,277.00,76.20
3827,277.00,75.20
3828,278.00,75.20
3829,278.00,75.20
3830,278.00,74.20
3831,278.00,74.20
3832,278.00,73.20
3833,278.00,73.20
3834,278.00,73.20
3835,278.00,72.20
3836,278.00,72.20
3837,278.00,71.20
3838,278.00,71.20
3839,278.00,70.20
3840,278.00,70.20
3841,278.00,69.20
3842,278.00,69.20
3843,278.00,68.20
3844,278.00,68.20
3845,279.00,67.20
3846,279.00,67.20
3847,279.00,66.20
3848,279.00,66.20
3849,279.00,66.20
3850,279.00,65.20
3851,279.00,65.20
3852,279.00,65.20
3853,279.00,64.20
3854,279.00,64.20
3855,279.00,64.20
3856,279.00,63.20
3857,279.00,63.20
3858,279.00,63.20
3859,279.00,62.20
3860,280.00,62.20
3861,280.00,62.20
3862,280.00,61.20
3863,280.00,61.20
3864,280.00,60.20
3865,280.00,60.20
3866,280.00,60.20
3867,280.00,59.20
3868,280.00,59.20
3869,280.00,59.20
3870,280.00,59.20
3871,280.00,58.20
3872,280.00,58.20
3873,280.00,58.20
3874,280.00,57.20
3875,281.00,57.20
3876,281.00,56.20
3877,281.00,56.20
3878,281.00,56.20
3879,281.00,56.20
3880,281.00,55.20
3881,281.00,55.20
3882,281.00,54.20
3883,281.00,54.20
3884,281.00,54.20
3885,281.00,53.20
3886,281.00,53.20
3887,281.00,53.20
3888,281.00,52.20
3889,281.00,52.20
3890,281.00,51.20
3891,281.00,51.20
3892,281.00,51.20
3893,281.00,51.20
3894,281.00,50.20
3895,281.00,50.20
3896,281.00,50.20
3897,281.00,49.20
3898,281.00,49.20
3899,281.00,49.20
3900,281.00,48.20
3901,281.00,48.20
3902,281.00,48.20
3903,281.00,47.20
3904,281.00,47.20
3905,281.00,47.20
3906,281.00,46.20
3907,282.00,46.20
3908,282.00,46.20
3909,282.00,45.20
3910,282.00,45.20
3911,282.00,45.20
3912,282.00,44.20
3913,282.00,44.20
3914,282.00,44.20
3915,282.00,44.20
3916,282.00,44.20
3917,282.00,43.20
3918,282.00,43.20
3919,282.00,43.20
3920,282.00,43.20
3921,282.00,43.20
3922,282.00,42.20
3923,282.00,42.20
3924,282.00,42.20
3925,282.00,42.20
3926,282.00,42.20
3927,282.00,41.20
3928,282.00,41.20
3929,282.00,41.20
3930,282.00,41.20
3931,282.00,41.20
3932,283.00,41.20
3933,283.00,41.20
3934,283.00,41.20
3935,284.00,41.20
3936,284.00,41.20
3937,285.00,41.20
3938,285.00,41.20
3939,285.00,41.20
3940,285.00,41.20
3941,286.00,41.20
3942,286.00,41.20
3943,286.00,41.20
3944,287.00,41.20
3945,287.00,41.20
3946,287.00,41.20
3947,287.00,41.20
3948,287.00,41.20
3949,288.00,41.20
3950,288.00,41.20
3951,288.00,41.20
3952,288.00,41.20
3953,288.00,41.20
3954,289.00,41.20
3955,289.00,41.20
3956,289.00,41.20
3957,289.00,41.20
3958,290.00,41.20
3959,290.00,41.20
3960,290.00,41.20
3961,290.00,41.20
3962,290.00,41.20
3963,291.00,41.20
3964,291.00,41.20
3965,291.00,41.20
3966,291.00,41.20
3967,291.00,41.20
3968,291.00,41.20
3969,292.00,42.20
3970,292.00,42.20
3971,292.00,42.20
3972,292.00,42.20
3973,292.00,42.20
3974,293.00,42.20
3975,293.00,42.20
3976,293.00,42.20
3977,293.00,42.20
3978,294.00,42.20
3979,294.00,42.20
3980,294.00,42.20
3981,295.00,42.20
3982,295.00,42.20
3983,295.00,42.20
3984,295.00,42.20
3985,296.00,42.20
3986,296.00,42.20
3987,296.00,42.20
3988,296.00,42.20
3989,297.00,42.20
3990,297.00,42.20
3991,297.00,42.20
3992,297.00,42.20
3993,297.00,42.20
3994,298.00,42.20
3995,298.00,42.20
3996,298.00,42.20
3997,298.00,42.20
3998,298.00,42.20
3999,299.00,42.20
4000,299.00,42.20
4001,299.00,42.20
4002,299.00,42.20
4003,299.00,42.20
4004,300.00,42.20
4005,300.00,42.20
4006,300.00,42.20
4007,300.00,42.20
4008,300.00,42.20
4009,301.00,42.20
4010,301.00,42.20
4011,301.00,42.20
4012,301.00,42.20
4013,301.00,42.20
4014,301.00,42.20
4015,302.00,42.20
4016,302.00,42.20
4017,302.00,42.20
4018,302.00,42.20
4019,302.00,42.20
4020,303.00,42.20
4021,303.00,42.20
4022,303.00,42.20
4023,303.00,42.20
4024,303.00,42.20
4025,303.00,42.20
4026,304.00,42.20
4027,304.00,42.20
4028,304.00,42.20
4029,304.00,42.20
4030,304.00,42.20
4031,305.00,42.20
4032,305.00,42.20
4033,305.00,42.20
4034,305.00,42.20
4035,305.00,42.20
4036,306.00,42.20
4037,306.00,42.20
4038,306.00,42.20
4039,306.00,42.20
4040,306.00,42.20
4041,307.00,42.20
4042,307.00,42.20
4043,307.00,42.20
4044,307.00,41.20
4045,307.00,41.20
4046,308.00,41.20
4047,308.00,41.20
4048,308.00,41.20
4049,308.00,41.20
4050,308.00,41.20
4051,308.00,41.20
4052,309.00,41.20
4053,309.00,41.20
4054,309.00,41.20
4055,309.00,41.20
4056,309.00,41.20
4057,309.00,41.20
4058,309.00,42.20
4059,309.00,42.20
4060,309.00,42.20
4061,309.00,42.20
4062,309.00,43.20
4063,310.00,43.20
4064,310.00,43.20
4065,310.00,44.20
4066,310.00,44.20
4067,310.00,44.20
4068,310.00,45.20
4069,310.00,45.20
4070,310.00,45.20
4071,311.00,45.20
4072,311.00,45.20
4073,311.00,46.20
4074,311.00,46.20
4075,311.00,46.20
4076,311.00,46.20
4077,311.00,46.20
4078,311.00,46.20
4079,311.00,47.20
4080,311.00,47.20
4081,311.00,47.20
4082,311.00,47.20
4083,311.00,47.20
4084,311.00,48.20
4085,311.00,48.20
4086,312.00,49.20
4087,312.00,49.20
4088,312.00,49.20
4089,312.00,50.20
4090,312.00,50.20
4091,312.00,50.20
4092,312.00,50.20
4093,312.00,50.20
4094,312.00,51.20
4095,312.00,51.20
4096,312.00,51.20
4097,312.00,51.20
4098,312.00,51.20
4099,312.00,52.20
4100,312.00,52.20
4101,312.00,52.20
4102,312.00,52.20
4103,312.00,52.20
4104,312.00,53.20
4105,312.00,53.20
4106,312.00,53.20
4107,312.00,53.20
4108,312.00,54.20
4109,312.00,54.20
4110,312.00,54.20
4111,312.00,54.20
4112,312.00,55.20
4113,312.00,55.20
4114,312.00,55.20
4115,312.00,55.20
4116,312.00,56.20
4117,312.00,56.20
4118,312.00,56.20
4119,312.00,56.20
4120,313.00,57.20
4121,313.00,57.20
4122,313.00,58.20
4123,313.00,58.20
4124,313.00,58.20
4125,313.00,58.20
4126,313.00,59.20
4127,313.00,59.20
4128,313.00,59.20
4129,313.00,60.20
4130,313.00,60.20
4131,313.00,61.20
4132,313.00,61.20
4133,313.00,61.20
4134,313.00,62.20
4135,313.00,62.20
4136,313.00,62.20
4137,313.00,62.20
4138,313.00,63.20
4139,313.00,63.20
4140,314.00,63.20
4141,314.00,64.20
4142,314.00,64.20
4143,314.00,64.20
4144,314.00,65.20
4145,314.00,65.20
4146,314.00,66.20
4147,314.00,66.20
4148,314.00,67.20
4149,314.00,67.20
4150,314.00,68.20
4151,314.00,68.20
4152,314.00,69.20
4153,314.00,69.20
4154,314.00,70.20
4155,314.00,70.20
4156,314.00,70.20
4157,314.00,71.20
4158,314.00,71.20
4159,314.00,71.20
4160,314.00,71.20
4161,314.00,71.20
4162,314.00,72.20
4163,314.00,72.20
4164,314.00,72.20
4165,314.00,72.20
4166,314.00,73.20
4167,314.00,73.20
4168,314.00,74.20
4169,314.00,74.20
4170,314.00,74.20
4171,314.00,74.20
4172,314.00,75.20
4173,314.00,75.20
4174,314.00,75.20
4175,314.00,76.20
4176,314.00,76.20
4177,314.00,76.20
4178,314.00,77.20
4179,314.00,77.20
4180,314.00,78.20
4181,314.00,79.20
4182,314.00,80.20
4183,314.00,81.20
4184,314.00,81.20
4185,314.00,81.20
4186,314.00,82.20
4187,314.00,83.20
4188,314.00,83.20
4189,314.00,83.20
4190,314.00,84.20
4191,314.00,84.20
4192,314.00,84.20
4193,314.00,85.20
4194,314.00,85.20
4195,314.00,86.20
4196,314.00,86.20
4197,314.00,86.20
4198,314.00,87.20
4199,314.00,87.20
4200,314.00,87.20
4201,314.00,88.20
4202,314.00,88.20
4203,314.00,88.20
4204,314.00,89.20
4205,314.00,89.20
4206,314.00,90.20
4207,314.00,90.20
4208,314.00,91.20
4209,314.00,91.20
4210,314.00,91.20
4211,314.00,92.20
4212,314.00,92.20
4213,314.00,93.20
4214,314.00,94.20
4215,314.00,94.20
4216,314.00,94.20
4217,314.00,95.20
4218,314.00,96.20
4219,314.00,96.20
4220,314.00,97.20
4221,314.00,97.20
4222,314.00,97.20
4223,314.00,97.20
4224,314.00,98.20
4225,314.00,98.20
4226,314.00,98.20
4227,314.00,99.20
4228,314.00,99.20
4229,314.00,99.20
4230,314.00,100.20
4231,314.00,100.20
4232,314.00,100.20
4233,314.00,100.20
4234,314.00,101.20
4235,314.00,101.20
4236,314.00,102.20
4237,315.00,102.20
4238,315.00,103.20
4239,315.00,103.20
4240,315.00,103.20
4241,315.00,104.20
4242,315.00,104.20
4243,315.00,105.20
4244,315.00,105.20
4245,315.00,106.20
4246,315.00,106.20
4247,315.00,107.20
4248,315.00,107.20
4249,315.00,107.20
4250,315.00,107.20
4251,315.00,108.20
4252,315.00,108.20
4253,315.00,109.20
4254,315.00,109.20
4255,316.00,110.20
4256,316.00,110.20
4257,316.00,111.20
4258,316.00,111.20
4259,316.00,111.20
4260,316.00,111.20
4261,316.00,111.20
4262,316.00,112.20
4263,316.00,112.20
4264,316.00,112.20
4265,316.00,112.20
4266,316.00,113.20
4267,316.00,113.20
4268,316.00,113.20
4269,316.00,114.20
4270,316.00,114.20
4271,316.00,114.20
4272,316.00,115.20
4273,316.00,115.20
4274,316.00,115.20
4275,317.00,116.20
4276,317.00,116.20
4277,317.00,116.20
4278,317.00,116.20
4279,317.00,116.20
4280,317.00,117.20
4281,317.00,117.20
4282,317.00,117.20
4283,317.00,117.20
4284,317.00,117.20
4285,317.00,118.20
4286,317.00,118.20
4287,317.00,118.20
4288,317.00,119.20
4289,317.00,119.20
4290,317.00,120.20
4291,317.00,120.20
4292,317.00,120.20
4293,317.00,120.20
4294,317.00,121.20
4295,317.00,121.20
4296,317.00,121.20
4297,318.00,122.20
4298,318.00,122.20
4299,318.00,123.20
4300,318.00,123.20
4301,318.00,123.20
4302,318.00,124.20
4303,318.00,124.20
4304,318.00,125.20
4305,318.00,125.20
4306,318.00,125.20
4307,318.00,125.20
4308,318.00,125.20
4309,318.00,126.20
4310,318.00,126.20
4311,318.00,126.20
4312,318.00,126.20
4313,318.00,126.20
4314,318.00,127.20
4315,318.00,127.20
4316,318.00,127.20
4317,318.00,127.20
4318,318.00,128.20
4319,318.00,128.20
4320,318.00,128.20
4321,318.00,128.20
4322,318.00,129.20
4323,318.00,129.20
4324,318.00,130.20
4325,318.00,130.20
4326,318.00,130.20
4327,318.00,130.20
4328,318.00,131.20
4329,318.00,131.20
4330,319.00,131.20
4331,319.00,131.20
4332,319.00,131.20
4333,319.00,132.20
4334,319.00,132.20
4335,319.00,132.20
4336,319.00,133.20
4337,319.00,133.20
4338,319.00,133.20
4339,319.00,134.20
4340,319.00,134.20
4341,319.00,134.20
4342,319.00,135.20
4343,319.00,135.20
4344,319.00,135.20
4345,319.00,135.20
4346,320.00,135.20
4347,320.00,135.20
4348,320.00,136.20
4349,320.00,136.20
4350,320.00,136.20
4351,320.00,137.20
4352,320.00,137.20
4353,320.00,138.20
4354,320.00,138.20
4355,320.00,139.20
4356,320.00,139.20
4357,320.00,140.20
4358,320.00,140.20
4359,320.00,141.20
4360,320.00,141.20
4361,320.00,141.20
4362,320.00,142.20
4363,320.00,142.20
4364,320.00,143.20
4365,320.00,143.20
4366,320.00,144.20
4367,320.00,144.20
4368,320.00,144.20
4369,320.00,144.20
4370,320.00,144.20
4371,320.00,145.20
4372,320.00,145.20
4373,320.00,145.20
4374,320.00,145.20
4375,320.00,146.20
4376,320.00,146.20
4377,320.00,146.20
4378,320.00,147.20
4379,320.00,147.20
4380,320.00,147.20
4381,320.00,147.20
4382,320.00,148.20
4383,320.00,148.20
4384,320.00,148.20
4385,320.00,148.20
4386,320.00,148.20
4387,320.00,149.20
4388,320.00,149.20
4389,320.00,149.20
4390,320.00,150.20
4391,320.00,150.20
4392,320.00,150.20
4393,320.00,150.20
4394,320.00,151.20
4395,320.00,151.20
4396,320.00,151.20
4397,320.00,152.20
4398,320.00,152.20
4399,320.00,152.20
4400,320.00,153.20
4401,320.00,154.20
4402,320.00,154.20
4403,320.00,154.20
4404,320.00,154.20
4405,320.00,155.20
4406,320.00,155.20
4407,320.00,155.20
4408,321.00,156.20
4409,321.00,156.20
4410,321.00,157.20
4411,321.00,157.20
4412,321.00,158.20
4413,321.00,158.20
4414,321.00,159.20
4415,321.00,159.20
4416,321.00,160.20
4417,321.00,160.20
4418,321.00,160.20
4419,321.00,161.20
4420,321.00,161.20
4421,322.00,161.20
4422,322.00,162.20
4423,322.00,162.20
4424,322.00,163.20
4425,322.00,163.20
4426,322.00,163.20
4427,322.00,163.20
4428,322.00,164.20
4429,322.00,164.20
4430,322.00,164.20
4431,322.00,164.20
4432,322.00,165.20
4433,322.00,165.20
4434,322.00,166.20
4435,322.00,166.20
4436,322.00,166.20
4437,322.00,166.20
4438,322.00,166.20
4439,322.00,167.20
4440,322.00,167.20
4441,322.00,167.20
4442,322.00,168.20
4443,322.00,168.20
4444,322.00,168.20
4445,322.00,168.20
4446,322.00,169.20
4447,322.00,170.20
4448,322.00,170.20
4449,322.00,170.20
4450,322.00,171.20
4451,322.00,171.20
4452,322.00,171.20
4453,322.00,172.20
4454,322.00,172.20
4455,322.00,172.20
4456,322.00,172.20
4457,322.00,172.20
4458,322.00,173.20
4459,322.00,173.20
4460,322.00,173.20
4461,322.00,173.20
4462,323.00,173.20
4463,323.00,174.20
4464,323.00,174.20
4465,323.00,174.20
4466,323.00,174.20
4467,323.00,174.20
4468,323.00,174.20
4469,323.00,175.20
4470,323.00,175.20
4471,323.00,175.20
4472,323.00,175.20
4473,323.00,175.20
4474,323.00,176.20
4475,323.00,176.20
4476,323.00,176.20
4477,323.00,176.20
4478,323.00,176.20
4479,323.00,177.20
4480,323.00,177.20
4481,323.00,177.20
4482,323.00,177.20
4483,323.00,177.20
4484,323.00,178.20
4485,323.00,178.20
4486,323.00,178.20
4487,323.00,178.20
4488,323.00,179.20
4489,323.00,179.20
4490,323.00,179.20
4491,323.00,179.20
4492,323.00,180.20
4493,323.00,180.20
4494,323.00,180.20
4495,323.00,180.20
4496,323.00,181.20
4497,323.00,181.20
4498,323.00,181.20
4499,323.00,181.20
4500,323.00,182.20
4501,323.00,182.20
4502,323.00,182.20
4503,323.00,183.20
4504,323.00,183.20
4505,323.00,183.20
4506,323.00,183.20
4507,323.00,183.20
4508,323.00,184.20
4509,323.00,184.20
4510,323.00,184.20
4511,323.00,184.20
4512,323.00,184.20
4513,323.00,185.20
4514,323.00,185.20
4515,323.00,185.20
4516,323.00,186.20
4517,323.00,186.20
4518,323.00,186.20
4519,323.00,186.20
4520,323.00,187.20
4521,324.00,187.20
4522,324.00,188.20
4523,324.00,188.20
4524,324.00,188.20
4525,324.00,189.20
4526,324.00,189.20
4527,324.00,190.20
4528,324.00,190.20
4529,324.00,190.20
4530,324.00,190.20
4531,324.00,191.20
4532,324.00,191.20
4533,324.00,191.20
4534,324.00,192.20
4535,324.00,192.20
4536,325.00,192.20
4537,325.00,192.20
4538,325.00,193.20
4539,325.00,193.20
4540,325.00,193.20
4541,325.00,193.20
4542,325.00,193.20
4543,325.00,194.20
4544,325.00,194.20
4545,325.00,194.20
4546,325.00,194.20
4547,325.00,195.20
4548,325.00,195.20
4549,325.00,196.20
4550,325.00,196.20
4551,325.00,197.20
4552,325.00,197.20
4553,325.00,197.20
4554,325.00,198.20
4555,325.00,198.20
4556,325.00,199.20
4557,325.00,199.20
4558,325.00,199.20
4559,325.00,199.20
4560,325.00,200.20
4561,325.00,200.20
4562,325.00,200.20
4563,325.00,200.20
4564,325.00,200.20
4565,325.00,201.20
4566,325.00,201.20
4567,325.00,201.20
4568,325.00,201.20
4569,326.00,201.20
4570,326.00,202.20
4571,326.00,202.20
4572,326.00,202.20
4573,326.00,203.20
4574,326.00,204.20
4575,326.00,204.20
4576,326.00,204.20
4577,326.00,205.20
4578,326.00,206.20
4579,326.00,206.20
4580,326.00,207.20
4581,326.00,207.20
4582,326.00,207.20
4583,326.00,208.20
4584,326.00,208.20
4585,326.00,208.20
4586,326.00,209.20
4587,326.00,209.20
4588,326.00,209.20
4589,326.00,209.20
4590,326.00,210.20
4591,326.00,210.20
4592,326.00,210.20
4593,326.00,210.20
4594,326.00,210.20
4595,326.00,211.20
4596,326.00,211.20
4597,326.00,211.20
4598,327.00,211.20
4599,327.00,212.20
4600,327.00,212.20
4601,327.00,212.20
4602,327.00,212.20
4603,327.00,213.20
4604,327.00,213.20
4605,327.00,213.20
4606,327.00,213.20
4607,327.00,214.20
4608,327.00,214.20
4609,327.00,214.20
4610,327.00,215.20
4611,327.00,215.20
4612,327.00,215.20
4613,327.00,216.20
4614,327.00,216.20
4615,327.00,216.20
4616,327.00,217.20
4617,327.00,217.20
4618,327.00,217.20
4619,327.00,218.20
4620,327.00,218.20
4621,327.00,218.20
4622,327.00,218.20
4623,327.00,218.20
4624,327.00,219.20
4625,327.00,219.20
4626,327.00,219.20
4627,327.00,220.20
4628,327.00,220.20
4629,327.00,220.20
4630,327.00,220.20
4631,327.00,221.20
4632,327.00,221.20
4633,328.00,222.20
4634,328.00,222.20
4635,328.00,222.20
4636,328.00,223.20
4637,328.00,223.20
4638,328.00,224.20
4639,328.00,224.20
4640,328.00,224.20
4641,328.00,225.20
4642,328.00,225.20
4643,328.00,226.20
4644,328.00,226.20
4645,328.00,227.20
4646,329.00,227.20
4647,329.00,227.20
4648,329.00,228.20
4649,329.00,228.20
4650,329.00,228.20
4651,329.00,229.20
4652,329.00,229.20
4653,329.00,229.20
4654,329.00,229.20
4655,329.00,230.20
4656,329.00,230.20
4657,329.00,231.20
4658,329.00,231.20
4659,329.00,231.20
4660,329.00,232.20
4661,329.00,232.20
4662,329.00,232.20
4663,329.00,232.20
4664,329.00,233.20
4665,329.00,233.20
4666,329.00,234.20
4667,329.00,234.20
4668,329.00,235.20
4669,329.00,235.20
4670,329.00,236.20
4671,329.00,236.20
4672,329.00,236.20
4673,329.00,237.20
4674,329.00,237.20
4675,329.00,238.20
4676,329.00,238.20
4677,329.00,239.20
4678,329.00,239.20
4679,329.00,240.20
4680,329.00,240.20
4681,329.00,241.20
4682,329.00,242.20
4683,329.00,242.20
4684,329.00,242.20
4685,329.00,243.20
4686,329.00,243.20
4687,329.00,244.20
4688,329.00,244.20
4689,329.00,244.20
4690,329.00,245.20
4691,329.00,245.20
4692,329.00,245.20
4693,329.00,245.20
4694,329.00,246.20
4695,330.00,246.20
4696,330.00,246.20
4697,330.00,247.20
4698,330.00,247.20
4699,330.00,248.20
4700,330.00,248.20
4701,330.00,249.20
4702,330.00,249.20
4703,330.00,250.20
4704,330.00,250.20
4705,330.00,251.20
4706,330.00,251.20
4707,330.00,251.20
4708,330.00,252.20
4709,330.00,252.20
4710,330.00,253.20
4711,330.00,253.20
4712,330.00,254.20
4713,331.00,254.20
4714,331.00,255.20
4715,331.00,255.20
4716,331.00,256.20
4717,331.00,256.20
4718,331.00,257.20
4719,331.00,258.20
4720,331.00,259.20
4721,331.00,259.20
4722,331.00,260.20
4723,332.00,261.20
4724,332.00,261.20
4725,332.00,262.20
4726,332.00,263.20
4727,332.00,264.20
4728,332.00,264.20
4729,332.00,265.20
4730,332.00,265.20
4731,332.00,266.20
4732,332.00,266.20
4733,333.00,266.20
4734,333.00,267.20
4735,333.00,267.20
4736,333.00,267.20
4737,333.00,267.20
4738,333.00,268.20
4739,333.00,268.20
4740,333.00,269.20
4741,333.00,269.20
4742,333.00,269.20
4743,333.00,270.20
4744,333.00,270.20
4745,333.00,271.20
4746,333.00,271.20
4747,334.00,272.20
4748,334.00,272.20
4749,334.00,273.20
4750,334.00,273.20
4751,334.00,274.20
4752,334.00,274.20
4753,334.00,275.20
4754,334.00,275.20
4755,335.00,275.20
4756,335.00,276.20
4757,335.00,276.20
4758,335.00,277.20
4759,335.00,277.20
4760,335.00,278.20
4761,335.00,278.20
4762,335.00,279.20
4763,335.00,280.20
4764,336.00,280.20
4765,336.00,281.20
4766,336.00,281.20
4767,336.00,281.20
4768,336.00,282.20
4769,336.00,282.20
4770,336.00,283.20
4771,337.00,283.20
4772,337.00,283.20
4773,337.00,283.20
4774,337.00,284.20
4775,337.00,284.20
4776,337.00,284.20
4777,337.00,284.20
4778,337.00,284.20
4779,337.00,285.20
4780,337.00,285.20
4781,337.00,285.20
4782,337.00,286.20
4783,337.00,286.20
4784,337.00,286.20
4785,337.00,287.20
4786,338.00,287.20
4787,338.00,287.20
4788,338.00,288.20
4789,338.00,288.20
4790,338.00,288.20
4791,338.00,289.20
4792,338.00,289.20
4793,338.00,289.20
4794,338.00,289.20
4795,338.00,289.20
4796,338.00,290.20
4797,339.00,290.20
4798,339.00,290.20
4799,339.00,290.20
4800,339.00,291.20
4801,339.00,291.20
4802,339.00,291.20
4803,339.00,291.20
4804,339.00,292.20
4805,339.00,292.20
4806,339.00,292.20
4807,339.00,293.20
4808,339.00,293.20
4809,339.00,293.20
4810,339.00,293.20
4811,339.00,293.20
4812,340.00,294.20
4813,340.00,294.20
4814,340.00,294.20
4815,340.00,295.20
4816,340.00,295.20
4817,340.00,295.20
4818,340.00,295.20
4819,340.00,296.20
4820,340.00,296.20
4821,340.00,296.20
4822,340.00,297.20
4823,340.00,297.20
4824,340.00,297.20
4825,340.00,297.20
4826,340.00,298.20
4827,340.00,298.20
4828,340.00,298.20
4829,340.00,299.20
4830,341.00,299.20
4831,341.00,299.20
4832,341.00,300.20
4833,341.00,300.20
4834,341.00,300.20
4835,341.00,300.20
4836,341.00,300.20
4837,341.00,301.20
4838,341.00,301.20
4839,341.00,301.20
4840,341.00,301.20
4841,341.00,301.20
4842,341.00,301.20
4843,341.00,302.20
4844,341.00,302.20
4845,341.00,302.20
4846,341.00,302.20
4847,341.00,302.20
4848,341.00,303.20
4849,341.00,303.20
4850,341.00,303.20
4851,342.00,304.20
4852,342.00,304.20
4853,342.00,304.20
4854,342.00,305.20
4855,342.00,305.20
4856,342.00,305.20
4857,342.00,305.20
4858,342.00,305.20
4859,342.00,305.20
4860,342.00,305.20
4861,342.00,305.20
4862,343.00,306.20
4863,343.00,306.20
4864,343.00,306.20
4865,343.00,306.20
4866,343.00,306.20
4867,343.00,307.20
4868,343.00,307.20
4869,343.00,307.20
4870,343.00,307.20
4871,343.00,307.20
4872,343.00,308.20
4873,343.00,308.20
4874,343.00,308.20
4875,343.00,308.20
4876,343.00,308.20
4877,344.00,308.20
4878,344.00,308.20
4879,344.00,309.20
4880,344.00,309.20
4881,344.00,309.20
4882,344.00,309.20
4883,344.00,310.20
4884,344.00,310.20
4885,345.00,310.20
4886,345.00,311.20
4887,345.00,311.20
4888,345.00,311.20
4889,345.00,312.20
4890,345.00,312.20
4891,345.00,312.20
4892,345.00,313.20
4893,345.00,313.20
4894,346.00,313.20
4895,346.00,314.20
4896,346.00,314.20
4897,346.00,314.20
4898,346.00,314.20
4899,346.00,314.20
4900,346.00,315.20
4901,347.00,315.20
4902,347.00,315.20
4903,347.00,315.20
4904,347.00,315.20
4905,347.00,315.20
4906,348.00,315.20
4907,348.00,315.20
4908,348.00,315.20
4909,348.00,315.20
4910,348.00,315.20
4911,348.00,315.20
4912,349.00,315.20
4913,349.00,315.20
4914,349.00,315.20
4915,349.00,315.20
4916,349.00,315.20
4917,350.00,315.20
4918,350.00,315.20
4919,350.00,315.20
4920,350.00,315.20
4921,350.00,315.20
4922,351.00,315.20
4923,351.00,315.20
4924,351.00,315.20
4925,351.00,315.20
4926,351.00,315.20
4927,351.00,315.20
4928,352.00,315.20
4929,352.00,315.20
4930,352.00,315.20
4931,352.00,314.20
4932,352.00,314.20
4933,352.00,314.20
4934,352.00,314.20
4935,352.00,313.20
4936,353.00,313.20
4937,353.00,313.20
4938,353.00,313.20
4939,353.00,313.20
4940,353.00,312.20
4941,353.00,312.20
4942,353.00,312.20
4943,354.00,312.20
4944,354.00,312.20
4945,354.00,312.20
4946,354.00,311.20
4947,354.00,311.20
4948,354.00,311.20
4949,354.00,311.20
4950,355.00,311.20
4951,355.00,310.20
4952,355.00,310.20
4953,355.00,310.20
4954,356.00,310.20
4955,356.00,310.20
4956,356.00,310.20
4957,356.00,309.20
4958,356.00,309.20
4959,356.00,309.20
4960,356.00,309.20
4961,356.00,309.20
4962,356.00,309.20
4963,357.00,308.20
4964,357.00,308.20
4965,357.00,308.20
4966,357.00,308.20
4967,357.00,308.20
4968,357.00,307.20
4969,357.00,307.20
4970,357.00,307.20
4971,357.00,307.20
4972,357.00,307.20
4973,358.00,307.20
4974,358.00,306.20
4975,358.00,306.20
4976,358.00,306.20
4977,358.00,306.20
4978,358.00,306.20
4979,358.00,306.20
4980,358.00,305.20
4981,358.00,305.20
4982,358.00,305.20
4983,359.00,304.20
4984,359.00,304.20
4985,359.00,304.20
4986,359.00,303.20
4987,359.00,303.20
4988,359.00,303.20
4989,359.00,303.20
4990,360.00,302.20
4991,360.00,302.20
4992,360.00,302.20
4993,360.00,301.20
4994,360.00,301.20
4995,360.00,301.20
4996,361.00,300.20
4997,361.00,300.20
4998,361.00,299.20
4999,361.00,299.20
5000,361.00,299.20
5001,361.00,299.20
5002,362.00,298.20
5003,362.00,298.20
5004,362.00,298.20
5005,362.00,298.20
5006,363.00,297.20
5007,363.00,297.20
5008,363.00,296.20
5009,363.00,296.20
5010,364.00,295.20
5011,364.00,295.20
5012,364.00,294.20
5013,365.00,294.20
5014,365.00,293.20
5015,366.00,292.20
5016,366.00,291.20
5017,367.00,291.20
5018,367.00,291.20
5019,367.00,290.20
5020,368.00,290.20
5021,368.00,290.20
5022,368.00,289.20
5023,368.00,289.20
5024,369.00,289.20
5025,369.00,289.20
5026,369.00,288.20
5027,369.00,288.20
5028,369.00,288.20
5029,370.00,288.20
5030,370.00,288.20
5031,370.00,287.20
5032,370.00,287.20
5033,370.00,287.20
5034,370.00,286.20
5035,371.00,286.20
5036,371.00,286.20
5037,371.00,286.20
5038,371.00,286.20
5039,371.00,286.20
5040,372.00,286.20
5041,372.00,286.20
5042,372.00,285.20
5043,372.00,285.20
5044,373.00,285.20
5045,373.00,285.20
5046,373.00,285.20
5047,374.00,284.20
5048,374.00,284.20
5049,374.00,284.20
5050,374.00,284.20
5051,375.00,284.20
5052,375.00,284.20
5053,375.00,284.20
5054,375.00,283.20
5055,376.00,283.20
5056,376.00,283.20
5057,376.00,283.20
5058,377.00,283.20
5059,377.00,283.20
5060,377.00,283.20
5061,377.00,283.20
5062,378.00,283.20
5063,378.00,283.20
5064,378.00,283.20
5065,378.00,283.20
5066,379.00,283.20
5067,379.00,283.20
5068,379.00,282.20
5069,380.00,282.20
5070,380.00,282.20
5071,381.00,282.20
5072,381.00,282.20
5073,381.00,282.20
5074,382.00,282.20
5075,382.00,282.20
5076,382.00,282.20
5077,382.00,282.20
5078,383.00,282.20
5079,383.00,282.20
5080,383.00,282.20
5081,384.00,282.20
5082,384.00,282.20
5083,384.00,282.20
5084,385.00,282.20
5085,385.00,282.20
5086,386.00,282.20
5087,386.00,283.20
5088,386.00,283.20
5089,387.00,283.20
5090,388.00,283.20
5091,389.00,283.20
5092,389.00,284.20
5093,390.00,284.20
5094,390.00,284.20
5095,390.00,284.20
5096,391.00,284.20
5097,391.00,284.20
5098,391.00,284.20
5099,392.00,284.20
5100,392.00,284.20
5101,392.00,285.20
5102,392.00,284.20
5103,392.00,284.20
5104,392.00,284.20
5105,392.00,283.20
5106,392.00,283.20
5107,392.00,282.20
5108,393.00,282.20
5109,393.00,282.20
5110,393.00,281.20
5111,393.00,281.20
5112,393.00,280.20
5113,393.00,280.20
5114,394.00,279.20
5115,394.00,279.20
5116,394.00,279.20
5117,394.00,278.20
5118,394.00,278.20
5119,395.00,277.20
5120,395.00,277.20
5121,395.00,277.20
5122,395.00,276.20
5123,395.00,276.20
5124,396.00,276.20
5125,396.00,275.20
5126,396.00,275.20
5127,396.00,275.20
5128,397.00,274.20
5129,397.00,274.20
5130,397.00,273.20
5131,397.00,273.20
5132,397.00,272.20
5133,397.00,272.20
5134,397.00,271.20
5135,398.00,271.20
5136,398.00,270.20
5137,398.00,270.20
5138,398.00,270.20
5139,398.00,269.20
5140,399.00,268.20
5141,399.00,267.20
5142,399.00,266.20
5143,399.00,266.20
5144,399.00,265.20
5145,399.00,264.20
5146,400.00,263.20
5147,400.00,262.20
5148,400.00,261.20
5149,400.00,261.20
5150,400.00,260.20
5151,400.00,259.20
5152,401.00,258.20
5153,401.00,257.20
5154,401.00,256.20
5155,402.00,255.20
5156,402.00,254.20
5157,402.00,253.20
5158,402.00,253.20
5159,403.00,252.20
5160,403.00,251.20
5161,403.00,250.20
5162,403.00,249.20
5163,404.00,249.20
5164,404.00,248.20
5165,404.00,247.20
5166,404.00,247.20
5167,404.00,246.20
5168,404.00,245.20
5169,404.00,245.20
5170,405.00,244.20
5171,405.00,244.20
5172,405.00,243.20
5173,405.00,243.20
5174,405.00,242.20
5175,405.00,241.20
5176,405.00,240.20
5177,405.00,239.20
5178,406.00,238.20
5179,406.00,237.20
5180,406.00,236.20
5181,406.00,235.20
5182,406.00,234.20
5183,407.00,234.20
5184,407.00,233.20
5185,407.00,233.20
5186,407.00,232.20
5187,407.00,232.20
5188,407.00,231.20
5189,408.00,231.20
5190,408.00,230.20
5191,408.00,230.20
5192,408.00,229.20
5193,408.00,229.20
5194,408.00,229.20
5195,408.00,229.20
5196,408.00,228.20
5197,408.00,227.20
5198,408.00,227.20
5199,408.00,226.20
5200,408.00,225.20
5201,408.00,225.20
5202,408.00,225.20
5203,408.00,224.20
5204,408.00,224.20
5205,409.00,223.20
5206,409.00,222.20
5207,409.00,222.20
5208,409.00,222.20
5209,409.00,221.20
5210,409.00,221.20
5211,409.00,221.20
5212,409.00,220.20
5213,409.00,220.20
5214,410.00,220.20
5215,410.00,220.20
5216,410.00,219.20
5217,410.00,219.20
5218,410.00,218.20
5219,410.00,218.20
5220,410.00,217.20
5221,410.00,217.20
5222,410.00,216.20
5223,410.00,216.20
5224,410.00,216.20
5225,411.00,215.20
5226,411.00,214.20
5227,411.00,213.20
5228,411.00,213.20
5229,411.00,212.20
5230,411.00,211.20
5231,411.00,210.20
5232,411.00,210.20
5233,411.00,209.20
5234,412.00,208.20
5235,412.00,208.20
5236,412.00,207.20
5237,412.00,206.20
5238,412.00,206.20
5239,412.00,205.20
5240,412.00,204.20
5241,412.00,204.20
5242,412.00,203.20
5243,412.00,203.20
5244,412.00,202.20
5245,412.00,202.20
5246,412.00,201.20
5247,412.00,201.20
5248,412.00,200.20
5249,412.00,200.20
5250,412.00,199.20
5251,412.00,198.20
5252,412.00,198.20
5253,412.00,196.20
5254,412.00,195.20
5255,412.00,194.20
5256,412.00,194.20
5257,412.00,193.20
5258,413.00,192.20
5259,413.00,192.20
5260,413.00,191.20
5261,413.00,190.20
5262,413.00,190.20
5263,413.00,189.20
5264,413.00,188.20
5265,413.00,188.20
5266,413.00,187.20
5267,413.00,187.20
5268,413.00,186.20
5269,413.00,186.20
5270,413.00,186.20
5271,413.00,185.20
5272,413.00,184.20
5273,413.00,184.20
5274,413.00,183.20
5275,413.00,182.20
5276,413.00,181.20
5277,413.00,180.20
5278,414.00,180.20
5279,414.00,179.20
5280,414.00,178.20
5281,414.00,177.20
5282,414.00,176.20
5283,415.00,175.20
5284,415.00,174.20
5285,415.00,174.20
5286,415.00,173.20
5287,415.00,172.20
5288,416.00,171.20
5289,416.00,171.20
5290,416.00,171.20
5291,416.00,170.20
5292,416.00,170.20
5293,416.00,170.20
5294,416.00,170.20
5295,416.00,169.20
5296,416.00,169.20
5297,416.00,169.20
5298,416.00,168.20
5299,416.00,168.20
5300,416.00,167.20
5301,416.00,167.20
5302,416.00,167.20
5303,416.00,166.20
5304,416.00,166.20
5305,416.00,165.20
5306,416.00,165.20
5307,417.00,164.20
5308,417.00,164.20
5309,417.00,163.20
5310,417.00,163.20
5311,417.00,163.20
5312,417.00,162.20
5313,417.00,161.20
5314,417.00,160.20
5315,417.00,159.20
5316,417.00,158.20
5317,417.00,158.20
5318,418.00,157.20
5319,418.00,156.20
5320,418.00,156.20
5321,418.00,155.20
5322,418.00,154.20
5323,418.00,154.20
5324,418.00,153.20
5325,419.00,153.20
5326,419.00,152.20
5327,419.00,151.20
5328,419.00,151.20
5329,419.00,150.20
5330,419.00,150.20
5331,419.00,149.20
5332,419.00,148.20
5333,419.00,148.20
5334,419.00,148.20
5335,419.00,147.20
5336,419.00,147.20
5337,419.00,146.20
5338,420.00,146.20
5339,420.00,145.20
5340,420.00,145.20
5341,420.00,144.20
5342,420.00,143.20
5343,420.00,143.20
5344,420.00,142.20
5345,420.00,142.20
5346,420.00,141.20
5347,420.00,140.20
5348,420.00,140.20
5349,420.00,139.20
5350,420.00,138.20
5351,420.00,138.20
5352,420.00,137.20
5353,420.00,136.20
5354,420.00,135.20
5355,420.00,134.20
5356,420.00,134.20
5357,421.00,133.20
5358,421.00,132.20
5359,421.00,132.20
5360,421.00,131.20
5361,421.00,130.20
5362,421.00,129.20
5363,421.00,128.20
5364,421.00,128.20
5365,421.00,127.20
5366,421.00,126.20
5367,421.00,126.20
5368,421.00,125.20
5369,421.00,124.20
5370,421.00,123.20
5371,421.00,123.20
5372,421.00,122.20
5373,422.00,121.20
5374,422.00,120.20
5375,422.00,120.20
5376,422.00,119.20
5377,422.00,118.20
5378,422.00,117.20
5379,422.00,116.20
5380,422.00,116.20
5381,422.00,115.20
5382,423.00,114.20
5383,423.00,114.20
5384,423.00,113.20
5385,423.00,112.20
5386,423.00,111.20
5387,423.00,110.20
5388,423.00,109.20
5389,423.00,109.20
5390,423.00,108.20
5391,423.00,107.20
5392,423.00,106.20
5393,423.00,106.20
5394,423.00,105.20
5395,423.00,105.20
5396,423.00,104.20
5397,423.00,103.20
5398,423.00,103.20
5399,424.00,102.20
5400,424.00,102.20
5401,424.00,102.20
5402,424.00,101.20
5403,424.00,101.20
5404,424.00,101.20
5405,424.00,100.20
5406,424.00,100.20
5407,424.00,99.20
5408,424.00,99.20
5409,424.00,98.20
5410,424.00,97.20
5411,424.00,97.20
5412,425.00,96.20
5413,425.00,96.20
5414,425.00,95.20
5415,425.00,95.20
5416,425.00,95.20
5417,425.00,94.20
5418,425.00,94.20
5419,425.00,93.20
5420,425.00,93.20
5421,425.00,93.20
5422,425.00,92.20
5423,425.00,92.20
5424,425.00,92.20
5425,425.00,92.20
5426,425.00,92.20
5427,425.00,91.20
5428,425.00,91.20
5429,425.00,91.20
5430,425.00,90.20
5431,425.00,90.20
5432,425.00,90.20
5433,425.00,90.20
5434,425.00,89.20
5435,425.00,89.20
5436,425.00,89.20
5437,425.00,88.20
5438,425.00,88.20
5439,426.00,88.20
5440,426.00,87.20
5441,426.00,87.20
5442,426.00,87.20
5443,426.00,86.20
5444,426.00,86.20
5445,426.00,86.20
5446,426.00,85.20
5447,426.00,85.20
5448,426.00,85.20
5449,426.00,84.20
5450,426.00,84.20
5451,426.00,84.20
5452,426.00,84.20
5453,426.00,83.20
5454,426.00,83.20
5455,426.00,82.20
5456,426.00,82.20
5457,426.00,81.20
5458,426.00,81.20
5459,426.00,80.20
5460,426.00,80.20
5461,426.00,79.20
5462,427.00,79.20
5463,427.00,78.20
5464,427.00,77.20
5465,427.00,76.20
5466,427.00,76.20
5467,427.00,75.20
5468,427.00,74.20
5469,428.00,73.20
5470,428.00,72.20
5471,428.00,71.20
5472,428.00,70.20
5473,429.00,69.20
5474,429.00,68.20
5475,429.00,67.20
5476,429.00,66.20
5477,429.00,65.20
5478,429.00,64.20
5479,430.00,62.20
5480,430.00,62.20
5481,430.00,61.20
5482,430.00,59.20
5483,430.00,59.20
5484,430.00,59.20
5485,430.00,58.20
5486,430.00,58.20
5487,430.00,57.20
5488,430.00,56.20
5489,430.00,56.20
5490,430.00,55.20
5491,431.00,55.20
5492,431.00,54.20
5493,431.00,53.20
5494,431.00,53.20
5495,431.00,52.20
5496,431.00,52.20
5497,431.00,51.20
5498,431.00,51.20
5499,431.00,50.20
5500,431.00,50.20
5501,431.00,50.20
5502,431.00,49.20
5503,431.00,49.20
5504,431.00,48.20
5505,431.00,48.20
5506,431.00,47.20
5507,431.00,47.20
5508,431.00,47.20
5509,431.00,47.20
5510,431.00,46.20
5511,431.00,46.20
5512,431.00,46.20
5513,431.00,46.20
5514,431.00,45.20
5515,431.00,45.20
5516,431.00,44.20
5517,431.00,44.20
5518,431.00,44.20
5519,431.00,44.20
5520,431.00,43.20
5521,431.00,43.20
5522,431.00,43.20
5523,431.00,43.20
5524,431.00,43.20
5525,431.00,42.20
5526,431.00,42.20
5527,431.00,42.20
5528,431.00,42.20
5529,431.00,42.20
5530,431.00,41.20
5531,431.00,41.20
5532,431.00,41.20
5533,431.00,41.20
5534,431.00,41.20
5535,431.00,41.20
5536,431.00,41.20
5537,432.00,41.20
5538,432.00,41.20
5539,433.00,41.20
5540,433.00,41.20
5541,433.00,41.20
5542,434.00,41.20
5543,434.00,41.20
5544,434.00,41.20
5545,435.00,41.20
5546,435.00,41.20
5547,436.00,41.20
5548,436.00,41.20
5549,436.00,41.20
5550,437.00,41.20
5551,437.00,41.20
5552,437.00,41.20
5553,438.00,41.20
5554,438.00,41.20
5555,438.00,41.20
5556,439.00,41.20
5557,439.00,41.20
5558,440.00,41.20
5559,441.00,41.20
5560,441.00,41.20
5561,441.00,41.20
5562,442.00,41.20
5563,443.00,41.20
5564,443.00,41.20
5565,444.00,41.20
5566,444.00,41.20
5567,444.00,41.20
5568,445.00,41.20
5569,445.00,40.20
5570,446.00,40.20
5571,446.00,40.20
5572,447.00,40.20
5573,447.00,40.20
5574,448.00,40.20
5575,449.00,40.20
5576,449.00,40.20
5577,449.00,40.20
5578,450.00,40.20
5579,450.00,40.20
5580,450.00,40.20
5581,451.00,40.20
5582,451.00,40.20
5583,451.00,40.20
5584,451.00,40.20
5585,451.00,40.20
5586,451.00,40.20
5587,452.00,40.20
5588,452.00,40.20
5589,452.00,40.20
5590,453.00,40.20
5591,453.00,40.20
5592,453.00,40.20
5593,453.00,40.20
5594,454.00,40.20
5595,454.00,40.20
5596,454.00,40.20
5597,454.00,40.20
5598,454.00,40.20
5599,454.00,40.20
5600,455.00,40.20
5601,455.00,40.20
5602,455.00,40.20
5603,455.00,40.20
5604,455.00,40.20
5605,455.00,40.20
5606,456.00,40.20
5607,456.00,40.20
5608,456.00,40.20
5609,456.00,40.20
5610,457.00,40.20
5611,457.00,40.20
5612,457.00,41.20
5613,457.00,41.20
5614,457.00,41.20
5615,457.00,42.20
5616,457.00,42.20
5617,457.00,43.20
5618,457.00,43.20
5619,457.00,44.20
5620,457.00,44.20
5621,457.00,45.20
5622,457.00,45.20
5623,457.00,46.20
5624,457.00,47.20
5625,458.00,47.20
5626,458.00,48.20
5627,458.00,49.20
5628,458.00,50.20
5629,458.00,50.20
5630,458.00,51.20
5631,459.00,51.20
5632,459.00,52.20
5633,459.00,52.20
5634,459.00,52.20
5635,459.00,53.20
5636,459.00,53.20
5637,459.00,54.20
5638,459.00,54.20
5639,459.00,55.20
5640,459.00,55.20
5641,459.00,56.20
5642,460.00,56.20
5643,460.00,57.20
5644,460.00,57.20
5645,460.00,58.20
5646,460.00,58.20
5647,460.00,59.20
5648,460.00,59.20
5649,460.00,60.20
5650,460.00,61.20
5651,460.00,61.20
5652,460.00,61.20
5653,460.00,62.20
5654,460.00,62.20
5655,460.00,62.20
5656,460.00,63.20
5657,460.00,63.20
5658,460.00,63.20
5659,461.00,64.20
5660,461.00,64.20
5661,461.00,65.20
5662,461.00,65.20
5663,461.00,66.20
5664,461.00,67.20
5665,461.00,67.20
5666,461.00,68.20
5667,461.00,69.20
5668,461.00,69.20
5669,461.00,70.20
5670,461.00,70.20
5671,461.00,71.20
5672,461.00,71.20
5673,461.00,72.20
5674,461.00,72.20
5675,461.00,73.20
5676,461.00,73.20
5677,461.00,74.20
5678,461.00,74.20
5679,462.00,75.20
5680,462.00,76.20
5681,462.00,76.20
5682,462.00,77.20
5683,462.00,77.20
5684,463.00,78.20
5685,463.00,79.20
5686,463.00,79.20
5687,463.00,79.20
5688,463.00,80.20
5689,463.00,80.20
5690,463.00,81.20
5691,463.00,81.20
5692,463.00,81.20
5693,463.00,82.20
5694,463.00,82.20
5695,463.00,83.20
5696,463.00,83.20
5697,463.00,84.20
5698,463.00,84.20
5699,463.00,85.20
5700,463.00,85.20
5701,463.00,86.20
5702,463.00,86.20
5703,463.00,87.20
5704,463.00,87.20
5705,463.00,88.20
5706,463.00,89.20
5707,463.00,90.20
5708,463.00,91.20
5709,463.00,92.20
5710,463.00,93.20
5711,463.00,94.20
5712,463.00,95.20
5713,463.00,96.20
5714,463.00,97.20
5715,463.00,97.20
5716,463.00,98.20
5717,463.00,98.20
5718,463.00,98.20
5719,463.00,99.20
5720,463.00,100.20
5721,464.00,100.20
5722,464.00,101.20
5723,464.00,102.20
5724,464.00,103.20
5725,464.00,104.20
5726,465.00,104.20
5727,465.00,105.20
5728,465.00,105.20
5729,465.00,106.20
5730,465.00,106.20
5731,465.00,107.20
5732,465.00,108.20
5733,465.00,108.20
5734,465.00,109.20
5735,465.00,109.20
5736,465.00,110.20
5737,465.00,111.20
5738,465.00,111.20
5739,466.00,112.20
5740,466.00,112.20
5741,466.00,113.20
5742,466.00,113.20
5743,466.00,114.20
5744,466.00,114.20
5745,466.00,115.20
5746,466.00,116.20
5747,466.00,117.20
5748,466.00,118.20
5749,466.00,119.20
5750,466.00,120.20
5751,466.00,121.20
5752,466.00,121.20
5753,466.00,122.20
5754,466.00,122.20
5755,467.00,123.20
5756,467.00,123.20
5757,467.00,124.20
5758,467.00,125.20
5759,467.00,126.20
5760,467.00,126.20
5761,467.00,128.20
5762,468.00,129.20
5763,468.00,130.20
5764,468.00,132.20
5765,468.00,133.20
5766,468.00,134.20
5767,468.00,135.20
5768,468.00,136.20
5769,468.00,137.20
5770,468.00,137.20
5771,468.00,138.20
5772,468.00,138.20
5773,468.00,139.20
5774,468.00,139.20
5775,468.00,139.20
5776,468.00,140.20
5777,468.00,140.20
5778,468.00,140.20
5779,468.00,140.20
5780,468.00,141.20
5781,468.00,141.20
5782,468.00,141.20
5783,468.00,142.20
5784,468.00,143.20
5785,468.00,144.20
5786,468.00,145.20
5787,468.00,146.20
5788,468.00,146.20
5789,468.00,147.20
5790,468.00,147.20
5791,468.00,148.20
5792,468.00,148.20
5793,468.00,149.20
5794,468.00,149.20
5795,469.00,150.20
5796,469.00,150.20
5797,469.00,151.20
5798,469.00,151.20
5799,469.00,152.20
5800,469.00,152.20
5801,469.00,153.20
5802,469.00,154.20
5803,469.00,155.20
5804,469.00,156.20
5805,469.00,157.20
5806,469.00,157.20
5807,470.00,158.20
5808,470.00,159.20
5809,470.00,160.20
5810,470.00,160.20
5811,470.00,161.20
5812,471.00,162.20
5813,471.00,162.20
5814,471.00,163.20
5815,471.00,163.20
5816,471.00,163.20
5817,471.00,163.20
5818,471.00,164.20
5819,471.00,164.20
5820,471.00,164.20
5821,471.00,165.20
5822,471.00,165.20
5823,471.00,165.20
5824,471.00,166.20
5825,471.00,166.20
5826,471.00,166.20
5827,471.00,167.20
5828,471.00,167.20
5829,471.00,168.20
5830,471.00,169.20
5831,471.00,170.20
5832,471.00,171.20
5833,471.00,172.20
5834,471.00,172.20
5835,471.00,173.20
5836,471.00,174.20
5837,471.00,175.20
5838,471.00,175.20
5839,471.00,176.20
5840,471.00,177.20
5841,471.00,177.20
5842,471.00,178.20
5843,472.00,179.20
5844,472.00,179.20
5845,472.00,179.20
5846,472.00,180.20
5847,472.00,180.20
5848,472.00,181.20
5849,472.00,182.20
5850,472.00,182.20
5851,472.00,183.20
5852,472.00,184.20
5853,472.00,184.20
5854,472.00,185.20
5855,473.00,186.20
5856,473.00,187.20
5857,473.00,187.20
5858,473.00,188.20
5859,473.00,189.20
5860,473.00,189.20
5861,473.00,190.20
5862,473.00,190.20
5863,473.00,190.20
5864,473.00,190.20
5865,473.00,191.20
5866,473.00,192.20
5867,473.00,193.20
5868,474.00,194.20
5869,474.00,195.20
5870,474.00,195.20
5871,474.00,196.20
5872,474.00,196.20
5873,474.00,197.20
5874,474.00,197.20
5875,474.00,198.20
5876,474.00,198.20
5877,474.00,199.20
5878,474.00,199.20
5879,474.00,199.20
5880,474.00,200.20
5881,474.00,200.20
5882,474.00,201.20
5883,474.00,201.20
5884,474.00,201.20
5885,474.00,202.20
5886,475.00,202.20
5887,475.00,203.20
5888,475.00,204.20
5889,475.00,204.20
5890,475.00,205.20
5891,475.00,205.20
5892,475.00,206.20
5893,475.00,206.20
5894,475.00,207.20
5895,475.00,208.20
5896,476.00,209.20
5897,476.00,210.20
5898,476.00,211.20
5899,476.00,213.20
5900,477.00,214.20
5901,477.00,215.20
5902,477.00,216.20
5903,477.00,217.20
5904,478.00,218.20
5905,478.00,219.20
5906,478.00,220.20
5907,478.00,221.20
5908,478.00,221.20
5909,478.00,222.20
5910,478.00,223.20
5911,478.00,223.20
5912,479.00,224.20
5913,479.00,225.20
5914,479.00,225.20
5915,479.00,226.20
5916,479.00,226.20
5917,479.00,227.20
5918,479.00,228.20
5919,479.00,228.20
5920,479.00,228.20
5921,479.00,229.20
5922,479.00,229.20
5923,479.00,230.20
5924,479.00,231.20
5925,479.00,232.20
5926,479.00,232.20
5927,479.00,233.20
5928,479.00,234.20
5929,479.00,234.20
5930,480.00,236.20
5931,480.00,236.20
5932,480.00,237.20
5933,480.00,238.20
5934,480.00,238.20
5935,480.00,239.20
5936,480.00,240.20
5937,480.00,240.20
5938,480.00,241.20
5939,480.00,242.20
5940,481.00,243.20
5941,481.00,243.20
5942,481.00,244.20
5943,481.00,245.20
5944,481.00,245.20
5945,481.00,246.20
5946,481.00,246.20
5947,481.00,247.20
5948,481.00,248.20
5949,481.00,248.20
5950,482.00,249.20
5951,482.00,249.20
5952,482.00,250.20
5953,482.00,250.20
5954,482.00,251.20
5955,482.00,252.20
5956,482.00,252.20
5957,482.00,252.20
5958,482.00,253.20
5959,482.00,254.20
5960,483.00,254.20
5961,483.00,254.20
5962,483.00,255.20
5963,483.00,256.20
5964,483.00,256.20
5965,483.00,257.20
5966,484.00,258.20
5967,484.00,259.20
5968,484.00,260.20
5969,484.00,261.20
5970,485.00,262.20
5971,485.00,262.20
5972,485.00,263.20
5973,485.00,263.20
5974,485.00,263.20
5975,485.00,264.20
5976,485.00,264.20
5977,485.00,264.20
5978,485.00,265.20
5979,485.00,265.20
5980,485.00,266.20
5981,485.00,267.20
5982,485.00,267.20
5983,485.00,268.20
5984,485.00,269.20
5985,485.00,270.20
5986,486.00,270.20
5987,486.00,270.20
5988,486.00,271.20
5989,486.00,272.20
5990,486.00,273.20
5991,486.00,273.20
5992,486.00,274.20
5993,486.00,275.20
5994,486.00,276.20
5995,487.00,277.20
5996,487.00,278.20
5997,487.00,279.20
5998,488.00,280.20
5999,488.00,281.20
6000,488.00,282.20
6001,488.00,283.20
6002,488.00,283.20
6003,488.00,284.20
6004,489.00,285.20
6005,489.00,286.20
6006,489.00,287.20
6007,489.00,288.20
6008,489.00,288.20
6009,489.00,289.20
6010,490.00,289.20
6011,490.00,289.20
6012,490.00,290.20
6013,490.00,290.20
6014,490.00,290.20
6015,490.00,290.20
6016,490.00,291.20
6017,491.00,291.20
6018,491.00,291.20
6019,491.00,291.20
6020,491.00,292.20
6021,492.00,292.20
6022,492.00,292.20
6023,492.00,293.20
6024,492.00,293.20
6025,492.00,293.20
6026,492.00,293.20
6027,492.00,293.20
6028,493.00,294.20
6029,493.00,294.20
6030,493.00,294.20
6031,493.00,295.20
6032,493.00,295.20
6033,493.00,295.20
6034,493.00,295.20
6035,493.00,295.20
6036,494.00,296.20
6037,494.00,296.20
6038,494.00,296.20
6039,494.00,296.20
6040,494.00,297.20
6041,495.00,297.20
6042,495.00,297.20
6043,495.00,297.20
6044,495.00,297.20
6045,495.00,297.20
6046,495.00,297.20
6047,496.00,297.20
6048,496.00,297.20
6049,496.00,297.20
6050,496.00,297.20
6051,496.00,297.20
6052,497.00,297.20
6053,497.00,297.20
6054,497.00,297.20
6055,497.00,297.20
6056,498.00,297.20
6057,498.00,297.20
6058,498.00,297.20
6059,499.00,297.20
6060,499.00,297.20
6061,499.00,297.20
6062,499.00,297.20
6063,499.00,297.20
6064,500.00,297.20
6065,500.00,297.20
6066,500.00,297.20
6067,500.00,297.20
6068,500.00,297.20
6069,501.00,297.20
6070,501.00,297.20
6071,501.00,297.20
6072,501.00,297.20
6073,501.00,296.20
6074,502.00,296.20
6075,502.00,296.20
6076,502.00,296.20
6077,503.00,295.20
6078,503.00,295.20
6079,503.00,295.20
6080,503.00,295.20
6081,503.00,295.20
6082,503.00,294.20
6083,503.00,294.20
6084,504.00,294.20
6085,504.00,294.20
6086,504.00,294.20
6087,504.00,294.20
6088,504.00,294.20
6089,504.00,294.20
6090,505.00,293.20
6091,505.00,293.20
6092,505.00,293.20
6093,505.00,293.20
6094,505.00,293.20
6095,506.00,292.20
6096,506.00,292.20
6097,506.00,292.20
6098,506.00,292.20
6099,506.00,292.20
6100,507.00,292.20
6101,507.00,291.20
6102,507.00,291.20
6103,507.00,291.20
6104,507.00,291.20
6105,508.00,291.20
6106,508.00,291.20
6107,508.00,291.20
6108,508.00,290.20
6109,509.00,290.20
6110,509.00,290.20
6111,509.00,290.20
6112,509.00,290.20
6113,510.00,289.20
6114,510.00,289.20
6115,510.00,289.20
6116,510.00,289.20
6117,510.00,289.20
6118,511.00,289.20
6119,511.00,289.20
6120,511.00,289.20
6121,511.00,289.20
6122,511.00,289.20
6123,512.00,289.20
6124,512.00,288.20
6125,512.00,288.20
6126,512.00,288.20
6127,513.00,288.20
6128,513.00,288.20
6129,513.00,288.20
6130,513.00,288.20
6131,514.00,288.20
6132,514.00,288.20
6133,514.00,288.20
6134,514.00,288.20
6135,514.00,288.20
6136,515.00,288.20
6137,515.00,288.20
6138,515.00,288.20
6139,515.00,288.20
6140,516.00,288.20
6141,516.00,288.20
6142,516.00,288.20
6143,516.00,288.20
6144,517.00,288.20
6145,517.00,288.20
6146,517.00,288.20
6147,517.00,288.20
6148,518.00,288.20
6149,518.00,288.20
6150,518.00,288.20
6151,518.00,288.20
6152,519.00,288.20
6153,519.00,288.20
6154,519.00,288.20
6155,520.00,288.20
6156,520.00,288.20
6157,521.00,288.20
6158,521.00,289.20
6159,521.00,289.20
6160,522.00,289.20
6161,522.00,290.20
6162,523.00,290.20
6163,523.00,290.20
6164,523.00,291.20
6165,524.00,291.20
6166,524.00,291.20
6167,524.00,291.20
6168,524.00,292.20
6169,525.00,292.20
6170,525.00,293.20
6171,525.00,293.20
6172,526.00,293.20
6173,526.00,294.20
6174,526.00,294.20
6175,527.00,295.20
6176,527.00,295.20
6177,528.00,296.20
6178,528.00,296.20
6179,528.00,297.20
6180,529.00,297.20
6181,529.00,297.20
6182,529.00,298.20
6183,530.00,298.20
6184,530.00,298.20
6185,530.00,298.20
6186,530.00,298.20
6187,530.00,299.20
6188,530.00,299.20
6189,531.00,299.20
6190,531.00,299.20
6191,531.00,299.20
6192,531.00,299.20
6193,532.00,299.20
6194,532.00,299.20
6195,532.00,300.20
6196,532.00,300.20
6197,533.00,300.20
6198,533.00,300.20
6199,534.00,301.20
6200,534.00,301.20
6201,534.00,301.20
6202,534.00,301.20
6203,534.00,301.20
6204,535.00,301.20
6205,535.00,302.20
6206,535.00,302.20
6207,535.00,302.20
6208,535.00,302.20
6209,535.00,302.20
6210,536.00,302.20
6211,536.00,302.20
6212,536.00,302.20
6213,536.00,302.20
6214,536.00,302.20
6215,537.00,302.20
6216,537.00,302.20
6217,537.00,302.20
6218,537.00,302.20
6219,537.00,302.20
6220,538.00,302.20
6221,538.00,303.20
6222,538.00,303.20
6223,538.00,303.20
6224,539.00,303.20
6225,539.00,303.20
6226,539.00,303.20
6227,539.00,303.20
6228,539.00,303.20
6229,540.00,303.20
6230,540.00,303.20
6231,540.00,303.20
6232,540.00,303.20
6233,540.00,303.20
6234,541.00,303.20
6235,541.00,303.20
6236,541.00,303.20
6237,541.00,303.20
6238,542.00,302.20
6239,542.00,302.20
6240,543.00,302.20
6241,543.00,302.20
6242,543.00,301.20
6243,544.00,301.20
6244,544.00,301.20
6245,544.00,300.20
6246,544.00,300.20
6247,545.00,300.20
6248,545.00,300.20
6249,545.00,299.20
6250,545.00,299.20
6251,546.00,299.20
6252,546.00,298.20
6253,546.00,298.20
6254,546.00,297.20
6255,547.00,297.20
6256,547.00,297.20
6257,547.00,296.20
6258,547.00,296.20
6259,547.00,295.20
6260,547.00,295.20
6261,547.00,294.20
6262,548.00,294.20
6263,548.00,293.20
6264,548.00,292.20
6265,548.00,292.20
6266,548.00,291.20
6267,548.00,291.20
6268,548.00,290.20
6269,548.00,289.20
6270,548.00,289.20
6271,548.00,288.20
6272,549.00,287.20
6273,549.00,287.20
6274,549.00,286.20
6275,549.00,285.20
6276,549.00,284.20
6277,549.00,283.20
6278,550.00,283.20
6279,550.00,282.20
6280,550.00,281.20
6281,550.00,280.20
6282,550.00,280.20
6283,550.00,279.20
6284,551.00,279.20
6285,551.00,278.20
6286,551.00,277.20
6287,551.00,277.20
6288,551.00,276.20
6289,551.00,276.20
6290,551.00,275.20
6291,551.00,274.20
6292,551.00,274.20
6293,552.00,273.20
6294,552.00,273.20
6295,552.00,272.20
6296,552.00,272.20
6297,552.00,271.20
6298,552.00,271.20
6299,552.00,270.20
6300,552.00,270.20
6301,552.00,269.20
6302,552.00,269.20
6303,553.00,268.20
6304,553.00,268.20
6305,553.00,268.20
6306,553.00,267.20
6307,553.00,265.20
6308,554.00,264.20
6309,554.00,263.20
6310,555.00,261.20
6311,556.00,260.20
6312,556.00,259.20
6313,556.00,258.20
6314,557.00,257.20
6315,557.00,256.20
6316,557.00,255.20
6317,557.00,255.20
6318,558.00,254.20
6319,558.00,253.20
6320,558.00,253.20
6321,558.00,252.20
6322,558.00,252.20
6323,558.00,252.20
6324,559.00,251.20
6325,559.00,251.20
6326,559.00,251.20
6327,559.00,250.20
6328,559.00,250.20
6329,559.00,249.20
6330,559.00,249.20
6331,559.00,248.20
6332,559.00,248.20
6333,559.00,247.20
6334,559.00,247.20
6335,559.00,246.20
6336,559.00,246.20
6337,559.00,245.20
6338,559.00,245.20
6339,559.00,244.20
6340,559.00,244.20
6341,559.00,243.20
6342,559.00,243.20
6343,559.00,242.20
6344,559.00,242.20
6345,559.00,242.20
6346,559.00,241.20
6347,559.00,241.20
6348,559.00,241.20
6349,559.00,240.20
6350,559.00,240.20
6351,559.00,240.20
6352,559.00,239.20
6353,559.00,239.20
6354,559.00,238.20
6355,559.00,238.20
6356,559.00,237.20
6357,559.00,237.20
6358,559.00,237.20
6359,559.00,236.20
6360,559.00,236.20
6361,559.00,235.20
6362,559.00,235.20
6363,559.00,235.20
6364,559.00,234.20
6365,559.00,233.20
6366,559.00,233.20
6367,559.00,232.20
6368,559.00,232.20
6369,559.00,231.20
6370,559.00,230.20
6371,559.00,230.20
6372,559.00,230.20
6373,559.00,229.20
6374,559.00,228.20
6375,559.00,228.20
6376,559.00,227.20
6377,559.00,226.20
6378,559.00,226.20
6379,559.00,225.20
6380,559.00,225.20
6381,559.00,225.20
6382,559.00,224.20
6383,559.00,224.20
6384,559.00,223.20
6385,559.00,223.20
6386,559.00,222.20
6387,559.00,222.20
6388,559.00,221.20
6389,559.00,221.20
6390,559.00,220.20
6391,559.00,220.20
6392,559.00,219.20
6393,559.00,218.20
6394,560.00,217.20
6395,560.00,216.20
6396,560.00,215.20
6397,560.00,214.20
6398,560.00,214.20
6399,560.00,212.20
6400,561.00,211.20
6401,561.00,211.20
6402,561.00,209.20
6403,561.00,208.20
6404,561.00,207.20
6405,562.00,206.20
6406,562.00,205.20
6407,562.00,204.20
6408,562.00,204.20
6409,562.00,203.20
6410,562.00,202.20
6411,563.00,201.20
6412,563.00,201.20
6413,563.00,200.20
6414,563.00,199.20
6415,563.00,198.20
6416,563.00,198.20
6417,563.00,197.20
6418,563.00,196.20
6419,563.00,196.20
6420,563.00,195.20
6421,563.00,194.20
6422,563.00,194.20
6423,563.00,193.20
6424,563.00,192.20
6425,563.00,191.20
6426,563.00,191.20
6427,563.00,190.20
6428,563.00,190.20
6429,563.00,189.20
6430,563.00,189.20
6431,563.00,189.20
6432,563.00,188.20
6433,563.00,188.20
6434,563.00,187.20
6435,563.00,187.20
6436,563.00,186.20
6437,563.00,185.20
6438,563.00,185.20
6439,563.00,184.20
6440,563.00,184.20
6441,563.00,183.20
6442,563.00,182.20
6443,563.00,181.20
6444,563.00,180.20
6445,564.00,180.20
6446,564.00,179.20
6447,564.00,178.20
6448,564.00,177.20
6449,564.00,177.20
6450,564.00,176.20
6451,564.00,176.20
6452,564.00,175.20
6453,564.00,175.20
6454,564.00,175.20
6455,564.00,174.20
6456,564.00,173.20
6457,565.00,173.20
6458,565.00,172.20
6459,565.00,171.20
6460,565.00,170.20
6461,565.00,170.20
6462,565.00,169.20
6463,565.00,168.20
6464,565.00,168.20
6465,565.00,167.20
6466,566.00,167.20
6467,566.00,166.20
6468,566.00,165.20
6469,566.00,165.20
6470,566.00,164.20
6471,566.00,164.20
6472,566.00,163.20
6473,566.00,163.20
6474,566.00,163.20
6475,566.00,162.20
6476,566.00,162.20
6477,566.00,161.20
6478,566.00,161.20
6479,567.00,161.20
6480,567.00,160.20
6481,567.00,160.20
6482,567.00,159.20
6483,567.00,159.20
6484,567.00,158.20
6485,567.00,158.20
6486,567.00,157.20
6487,567.00,157.20
6488,567.00,156.20
6489,567.00,156.20
6490,567.00,156.20
6491,567.00,155.20
6492,567.00,155.20
6493,567.00,154.20
6494,567.00,154.20
6495,567.00,153.20
6496,568.00,153.20
6497,568.00,152.20
6498,568.00,152.20
6499,568.00,151.20
6500,568.00,150.20
6501,568.00,150.20
6502,568.00,149.20
6503,568.00,149.20
6504,568.00,148.20
6505,568.00,147.20
6506,568.00,147.20
6507,568.00,146.20
6508,568.00,145.20
6509,568.00,145.20
6510,568.00,144.20
6511,568.00,143.20
6512,568.00,143.20
6513,568.00,143.20
6514,568.00,142.20
6515,568.00,142.20
6516,568.00,141.20
6517,568.00,141.20
6518,568.00,140.20
6519,568.00,140.20
6520,568.00,139.20
6521,568.00,139.20
6522,568.00,138.20
6523,568.00,138.20
6524,568.00,138.20
6525,568.00,137.20
6526,568.00,137.20
6527,568.00,136.20
6528,568.00,136.20
6529,568.00,136.20
6530,569.00,135.20
6531,569.00,135.20
6532,569.00,134.20
6533,569.00,134.20
6534,569.00,134.20
6535,569.00,134.20
6536,569.00,133.20
6537,569.00,133.20
6538,569.00,132.20
6539,569.00,132.20
6540,569.00,132.20
6541,569.00,132.20
6542,569.00,131.20
6543,569.00,130.20
6544,569.00,129.20
6545,569.00,129.20
6546,569.00,128.20
6547,569.00,128.20
6548,569.00,127.20
6549,570.00,126.20
6550,570.00,126.20
6551,570.00,125.20
6552,570.00,124.20
6553,570.00,123.20
6554,570.00,122.20
6555,570.00,121.20
6556,571.00,120.20
6557,571.00,120.20
6558,571.00,119.20
6559,571.00,118.20
6560,571.00,118.20
6561,571.00,117.20
6562,571.00,117.20
6563,571.00,116.20
6564,571.00,116.20
6565,571.00,115.20
6566,571.00,115.20
6567,571.00,114.20
6568,571.00,114.20
6569,571.00,114.20
6570,571.00,113.20
6571,571.00,113.20
6572,571.00,113.20
6573,571.00,113.20
6574,571.00,113.20
6575,571.00,112.20
6576,571.00,112.20
6577,572.00,112.20
6578,572.00,111.20
6579,572.00,111.20
6580,572.00,110.20
6581,572.00,110.20
6582,572.00,110.20
6583,572.00,109.20
6584,572.00,109.20
6585,572.00,108.20
6586,572.00,108.20
6587,572.00,108.20
6588,572.00,107.20
6589,572.00,106.20
6590,572.00,105.20
6591,572.00,104.20
6592,572.00,104.20
6593,572.00,103.20
6594,572.00,103.20
6595,572.00,102.20
6596,572.00,102.20
6597,572.00,101.20
6598,572.00,101.20
6599,572.00,100.20
6600,572.00,100.20
6601,572.00,99.20
6602,572.00,99.20
6603,572.00,98.20
6604,572.00,98.20
6605,572.00,97.20
6606,572.00,96.20
6607,572.00,96.20
6608,572.00,95.20
6609,572.00,95.20
6610,572.00,94.20
6611,572.00,93.20
6612,572.00,93.20
6613,572.00,92.20
6614,572.00,91.20
6615,572.00,91.20
6616,572.00,90.20
6617,572.00,90.20
6618,573.00,89.20
6619,573.00,89.20
6620,573.00,88.20
6621,573.00,88.20
6622,573.00,87.20
6623,573.00,87.20
6624,573.00,86.20
6625,573.00,85.20
6626,573.00,84.20
6627,573.00,84.20
6628,573.00,83.20
6629,574.00,83.20
6630,574.00,82.20
6631,574.00,81.20
6632,574.00,81.20
6633,574.00,80.20
6634,574.00,79.20
6635,574.00,79.20
6636,575.00,78.20
6637,575.00,77.20
6638,575.00,76.20
6639,575.00,76.20
6640,575.00,75.20
6641,575.00,75.20
6642,575.00,74.20
6643,575.00,74.20
6644,575.00,73.20
6645,575.00,72.20
6646,576.00,72.20
6647,576.00,71.20
6648,576.00,71.20
6649,576.00,70.20
6650,576.00,70.20
6651,576.00,69.20
6652,576.00,68.20
6653,576.00,68.20
6654,576.00,67.20
6655,576.00,66.20
6656,576.00,66.20
6657,576.00,65.20
6658,576.00,64.20
6659,576.00,64.20
6660,576.00,62.20
6661,576.00,62.20
6662,577.00,61.20
6663,577.00,60.20
6664,577.00,60.20
6665,577.00,59.20
6666,577.00,58.20
6667,577.00,58.20
6668,577.00,57.20
6669,577.00,56.20
6670,577.00,55.20
6671,577.00,54.20
6672,578.00,53.20
6673,578.00,53.20
6674,578.00,52.20
6675,578.00,51.20
6676,578.00,51.20
6677,578.00,50.20
6678,578.00,50.20
6679,578.00,49.20
6680,578.00,49.20
6681,578.00,48.20
6682,578.00,48.20
6683,578.00,48.20
6684,578.00,47.20
6685,578.00,47.20
6686,578.00,47.20
6687,578.00,46.20
6688,578.00,46.20
6689,578.00,46.20
6690,578.00,45.20
6691,578.00,45.20
6692,578.00,45.20
6693,578.00,45.20
6694,578.00,45.20
6695,578.00,44.20
6696,578.00,44.20
6697,578.00,44.20
6698,578.00,44.20
6699,578.00,44.20
6700,578.00,44.20
6701,578.00,43.20
6702,578.00,43.20
6703,578.00,43.20
6704,578.00,43.20
6705,578.00,43.20
6706,578.00,42.20
6707,578.00,42.20
6708,578.00,42.20
6709,579.00,42.20
6710,579.00,42.20
6711,579.00,41.20
6712,579.00,41.20
6713,579.00,41.20
6714,579.00,41.20
6715,579.00,41.20
6716,579.00,40.20
6717,579.00,40.20
6718,579.00,40.20
6719,579.00,40.20
6720,579.00,40.20
6721,579.00,40.20
6722,580.00,40.20
6723,580.00,40.20
6724,580.00,40.20
6725,580.00,40.20
6726,580.00,40.20
6727,581.00,40.20
6728,581.00,40.20
6729,581.00,40.20
6730,581.00,40.20
6731,582.00,40.20
6732,582.00,40.20
6733,582.00,40.20
6734,583.00,40.20
6735,583.00,40.20
6736,583.00,40.20
6737,583.00,40.20
6738,583.00,40.20
6739,584.00,40.20
6740,584.00,40.20
6741,584.00,40.20
6742,584.00,40.20
6743,584.00,40.20
6744,585.00,41.20
6745,585.00,41.20
6746,585.00,41.20
6747,586.00,41.20
6748,586.00,41.20
6749,586.00,41.20
6750,586.00,41.20
6751,586.00,41.20
6752,587.00,41.20
6753,587.00,41.20
6754,587.00,41.20
6755,588.00,41.20
6756,588.00,41.20
6757,589.00,41.20
6758,589.00,41.20
6759,589.00,41.20
6760,590.00,41.20
6761,590.00,41.20
6762,590.00,41.20
6763,590.00,41.20
6764,591.00,41.20
6765,591.00,41.20
6766,591.00,41.20
6767,592.00,41.20
6768,592.00,41.20
6769,592.00,41.20
6770,593.00,41.20
6771,593.00,41.20
6772,593.00,41.20
6773,593.00,41.20
6774,594.00,41.20
6775,594.00,41.20
6776,595.00,41.20
6777,595.00,41.20
6778,595.00,41.20
6779,596.00,41.20
6780,597.00,41.20
6781,597.00,41.20
6782,597.00,41.20
6783,598.00,41.20
6784,598.00,41.20
6785,599.00,41.20
6786,599.00,41.20
6787,600.00,41.20
6788,601.00,41.20
6789,602.00,41.20
6790,602.00,41.20
6791,603.00,41.20
6792,604.00,41.20
6793,604.00,41.20
6794,604.00,41.20
6795,604.00,41.20
6796,604.00,41.20
6797,605.00,41.20
6798,605.00,41.20
6799,605.00,41.20
6800,605.00,41.20
6801,605.00,41.20
6802,605.00,41.20
6803,605.00,41.20
6804,606.00,41.20
6805,606.00,41.20
6806,606.00,41.20
6807,606.00,42.20
6808,606.00,42.20
6809,606.00,42.20
6810,606.00,42.20
6811,606.00,42.20
6812,606.00,42.20
6813,606.00,43.20
6814,606.00,43.20
6815,606.00,43.20
6816,606.00,44.20
6817,606.00,44.20
6818,606.00,45.20
6819,607.00,45.20
6820,607.00,45.20
6821,607.00,46.20
6822,607.00,46.20
6823,607.00,46.20
6824,607.00,47.20
6825,607.00,47.20
6826,607.00,48.20
6827,607.00,48.20
6828,607.00,49.20
6829,608.00,49.20
6830,608.00,49.20
6831,608.00,50.20
6832,608.00,50.20
6833,608.00,50.20
6834,608.00,51.20
6835,608.00,51.20
6836,608.00,52.20
6837,608.00,52.20
6838,608.00,53.20
6839,608.00,53.20
6840,608.00,53.20
6841,608.00,54.20
6842,608.00,54.20
6843,608.00,55.20
6844,608.00,56.20
6845,608.00,57.20
6846,608.00,57.20
6847,608.00,59.20
6848,608.00,60.20
6849,608.00,61.20
6850,609.00,63.20
6851,609.00,64.20
6852,609.00,64.20
6853,609.00,65.20
6854,609.00,66.20
6855,609.00,67.20
6856,609.00,68.20
6857,609.00,68.20
6858,609.00,69.20
6859,609.00,70.20
6860,609.00,71.20
6861,610.00,72.20
6862,610.00,73.20
6863,610.00,75.20
6864,610.00,76.20
6865,610.00,77.20
6866,610.00,78.20
6867,610.00,80.20
6868,610.00,80.20
6869,611.00,81.20
6870,611.00,82.20
6871,611.00,83.20
6872,611.00,84.20
6873,611.00,85.20
6874,611.00,85.20
6875,611.00,86.20
6876,611.00,86.20
6877,611.00,87.20
6878,611.00,87.20
6879,611.00,88.20
6880,611.00,89.20
6881,611.00,89.20
6882,611.00,90.20
6883,611.00,91.20
6884,612.00,92.20
6885,612.00,92.20
6886,612.00,94.20
6887,612.00,95.20
6888,612.00,96.20
6889,612.00,97.20
6890,612.00,97.20
6891,612.00,98.20
6892,612.00,99.20
6893,612.00,99.20
6894,612.00,100.20
6895,612.00,100.20
6896,612.00,101.20
6897,612.00,101.20
6898,612.00,102.20
6899,612.00,103.20
6900,612.00,103.20
6901,612.00,104.20
6902,612.00,104.20
6903,612.00,105.20
6904,612.00,105.20
6905,612.00,106.20
6906,613.00,106.20
6907,613.00,106.20
6908,613.00,107.20
6909,613.00,107.20
6910,613.00,108.20
6911,613.00,108.20
6912,613.00,109.20
6913,613.00,110.20
6914,613.00,110.20
6915,613.00,111.20
6916,613.00,112.20
6917,613.00,112.20
6918,613.00,113.20
6919,614.00,114.20
6920,614.00,114.20
6921,614.00,115.20
6922,614.00,115.20
6923,614.00,116.20
6924,614.00,116.20
6925,614.00,117.20
6926,614.00,117.20
6927,614.00,118.20
6928,614.00,118.20
6929,614.00,118.20
6930,614.00,118.20
6931,615.00,118.20
6932,615.00,119.20
6933,615.00,119.20
6934,615.00,119.20
6935,615.00,119.20
6936,615.00,120.20
6937,615.00,121.20
6938,615.00,122.20
6939,615.00,123.20
6940,616.00,123.20
6941,616.00,124.20
6942,616.00,125.20
6943,616.00,126.20
6944,616.00,126.20
6945,616.00,126.20
6946,616.00,127.20
6947,616.00,127.20
6948,616.00,128.20
6949,616.00,128.20
6950,616.00,128.20
6951,616.00,129.20
6952,616.00,129.20
6953,616.00,130.20
6954,616.00,130.20
6955,617.00,130.20
6956,617.00,131.20
6957,617.00,131.20
6958,617.00,132.20
6959,617.00,132.20
6960,617.00,133.20
6961,617.00,133.20
6962,617.00,134.20
6963,617.00,135.20
6964,617.00,136.20
6965,617.00,137.20
6966,617.00,138.20
6967,617.00,139.20
6968,617.00,140.20
6969,617.00,140.20
6970,617.00,141.20
6971,617.00,141.20
6972,617.00,142.20
6973,617.00,142.20
6974,617.00,143.20
6975,617.00,143.20
6976,617.00,144.20
6977,617.00,144.20
6978,618.00,145.20
6979,618.00,145.20
6980,618.00,146.20
6981,618.00,146.20
6982,618.00,147.20
6983,618.00,147.20
6984,618.00,148.20
6985,618.00,148.20
6986,618.00,149.20
6987,618.00,149.20
6988,618.00,150.20
6989,618.00,151.20
6990,618.00,152.20
6991,618.00,153.20
6992,618.00,153.20
6993,618.00,154.20
6994,618.00,155.20
6995,618.00,155.20
6996,618.00,156.20
6997,618.00,157.20
6998,618.00,157.20
6999,618.00,159.20
7000,618.00,160.20
7001,618.00,161.20
7002,618.00,162.20
7003,618.00,162.20
7004,618.00,163.20
7005,618.00,163.20
7006,618.00,164.20
7007,618.00,164.20
7008,618.00,164.20
7009,618.00,164.20
7010,618.00,165.20
7011,618.00,165.20
7012,618.00,165.20
7013,618.00,165.20
7014,618.00,165.20
7015,618.00,166.20
7016,618.00,166.20
7017,618.00,166.20
7018,618.00,167.20
7019,618.00,167.20
7020,619.00,167.20
7021,619.00,168.20
7022,619.00,169.20
7023,619.00,170.20
7024,619.00,171.20
7025,619.00,171.20
7026,619.00,172.20
7027,619.00,172.20
7028,619.00,173.20
7029,619.00,173.20
7030,619.00,173.20
7031,619.00,174.20
7032,620.00,174.20
7033,620.00,174.20
7034,620.00,174.20
7035,620.00,175.20
7036,620.00,175.20
7037,620.00,175.20
7038,620.00,176.20
7039,620.00,176.20
7040,620.00,176.20
7041,620.00,177.20
7042,620.00,177.20
7043,620.00,178.20
7044,620.00,178.20
7045,620.00,179.20
7046,621.00,180.20
7047,621.00,181.20
7048,621.00,182.20
7049,621.00,183.20
7050,621.00,183.20
7051,622.00,184.20
7052,622.00,184.20
7053,622.00,185.20
7054,622.00,185.20
7055,622.00,186.20
7056,622.00,186.20
7057,622.00,186.20
7058,622.00,187.20
7059,622.00,187.20
7060,623.00,188.20
7061,623.00,188.20
7062,623.00,188.20
7063,623.00,188.20
7064,623.00,189.20
7065,623.00,189.20
7066,623.00,189.20
7067,623.00,190.20
7068,623.00,190.20
7069,623.00,191.20
7070,623.00,191.20
7071,623.00,192.20
7072,623.00,192.20
7073,623.00,192.20
7074,624.00,193.20
7075,624.00,193.20
7076,624.00,193.20
7077,624.00,193.20
7078,624.00,194.20
7079,624.00,194.20
7080,624.00,194.20
7081,624.00,195.20
7082,624.00,196.20
7083,624.00,196.20
7084,624.00,197.20
7085,624.00,198.20
7086,624.00,199.20
7087,624.00,199.20
7088,624.00,200.20
7089,624.00,200.20
7090,624.00,201.20
7091,624.00,201.20
7092,624.00,202.20
7093,624.00,202.20
7094,624.00,202.20
7095,624.00,203.20
7096,625.00,203.20
7097,625.00,203.20
7098,625.00,204.20
7099,625.00,204.20
7100,625.00,205.20
7101,625.00,205.20
7102,625.00,205.20
7103,625.00,206.20
7104,625.00,206.20
7105,625.00,207.20
7106,625.00,207.20
7107,626.00,208.20
7108,626.00,208.20
7109,626.00,209.20
7110,626.00,209.20
7111,626.00,209.20
7112,626.00,209.20
7113,626.00,210.20
7114,626.00,210.20
7115,626.00,210.20
7116,626.00,210.20
7117,626.00,210.20
7118,626.00,211.20
7119,626.00,211.20
7120,626.00,211.20
7121,626.00,212.20
7122,626.00,213.20
7123,626.00,213.20
7124,626.00,214.20
7125,626.00,214.20
7126,626.00,215.20
7127,627.00,216.20
7128,627.00,217.20
7129,627.00,217.20
7130,627.00,218.20
7131,627.00,219.20
7132,627.00,220.20
7133,627.00,221.20
7134,628.00,222.20
7135,628.00,222.20
7136,628.00,222.20
7137,628.00,223.20
7138,628.00,224.20
7139,628.00,224.20
7140,628.00,225.20
7141,628.00,225.20
7142,628.00,225.20
7143,628.00,226.20
7144,628.00,226.20
7145,628.00,227.20
7146,628.00,227.20
7147,628.00,227.20
7148,628.00,227.20
7149,628.00,228.20
7150,628.00,228.20
7151,628.00,228.20
7152,628.00,228.20
7153,628.00,229.20
7154,628.00,229.20
7155,628.00,229.20
7156,628.00,229.20
7157,628.00,230.20
7158,628.00,231.20
7159,629.00,232.20
7160,629.00,233.20
7161,629.00,234.20
7162,629.00,234.20
7163,629.00,235.20
7164,629.00,236.20
7165,630.00,236.20
7166,630.00,237.20
7167,630.00,237.20
7168,630.00,238.20
7169,630.00,238.20
7170,630.00,239.20
7171,630.00,239.20
7172,630.00,240.20
7173,630.00,240.20
7174,630.00,240.20
7175,630.00,241.20
7176,630.00,241.20
7177,630.00,242.20
7178,630.00,242.20
7179,631.00,242.20
7180,631.00,243.20
7181,631.00,243.20
7182,631.00,244.20
7183,631.00,244.20
7184,631.00,245.20
7185,631.00,245.20
7186,632.00,246.20
7187,632.00,247.20
7188,632.00,247.20
7189,632.00,248.20
7190,632.00,248.20
7191,632.00,248.20
7192,632.00,248.20
7193,632.00,250.20
7194,632.00,251.20
7195,632.00,251.20
7196,632.00,252.20
7197,632.00,253.20
7198,633.00,253.20
7199,633.00,254.20
7200,633.00,254.20
7201,633.00,254.20
7202,633.00,255.20
7203,633.00,255.20
7204,633.00,255.20
7205,633.00,256.20
7206,633.00,256.20
7207,633.00,256.20
7208,634.00,257.20
7209,634.00,257.20
7210,634.00,257.20
7211,634.00,258.20
7212,634.00,258.20
7213,634.00,259.20
7214,634.00,259.20
7215,634.00,259.20
7216,634.00,260.20
7217,635.00,260.20
7218,635.00,260.20
7219,635.00,261.20
7220,635.00,261.20
7221,635.00,261.20
7222,635.00,261.20
7223,635.00,262.20
7224,636.00,262.20
7225,636.00,263.20
7226,636.00,263.20
7227,636.00,264.20
7228,637.00,264.20
7229,637.00,264.20
7230,637.00,265.20
7231,637.00,265.20
7232,637.00,265.20
7233,637.00,266.20
7234,637.00,266.20
7235,637.00,266.20
7236,637.00,267.20
7237,638.00,267.20
7238,638.00,267.20
7239,638.00,267.20
7240,638.00,267.20
7241,638.00,267.20
7242,638.00,268.20
7243,638.00,268.20
7244,638.00,268.20
7245,639.00,269.20
7246,639.00,269.20
7247,640.00,270.20
7248,640.00,270.20
7249,640.00,271.20
7250,640.00,271.20
7251,641.00,272.20
7252,641.00,272.20
7253,641.00,272.20
7254,641.00,272.20
7255,641.00,272.20
7256,641.00,273.20

matched_data
index,target_x,target_y,user_x,user_y,offset_px
0,60.00,336.46,59.00,337.20,1.24
1,61.50,331.70,61.00,327.20,1.72
2,63.00,326.48,63.00,323.20,0.85
3,64.50,320.91,63.00,320.20,1.63
4,66.00,315.10,64.00,316.20,1.66
5,67.50,309.16,65.00,313.20,1.44
6,69.00,303.19,66.00,310.20,1.20
7,70.50,297.29,67.00,307.20,0.96
8,72.00,291.54,68.00,304.20,0.72
9,73.50,286.02,69.00,300.20,0.74
10,75.00,280.79,70.00,297.20,0.51
11,76.50,275.91,70.00,292.20,1.77
12,78.00,271.41,72.00,287.20,1.14
13,79.50,267.32,80.00,262.20,1.52
14,81.00,263.66,81.00,259.20,1.90
15,82.50,260.42,83.00,256.20,1.58
16,84.00,257.59,86.00,252.20,1.30
17,85.50,255.15,89.00,250.20,0.34
18,87.00,253.04,91.00,247.20,1.08
19,88.50,251.22,93.00,245.20,1.24
20,90.00,249.64,95.00,242.20,2.02
21,91.50,248.21,98.00,240.20,1.05
22,93.00,246.86,100.00,238.20,0.54
23,94.50,245.52,102.00,235.20,0.25
24,96.00,244.09,104.00,232.20,0.30
25,97.50,242.49,104.00,226.20,1.83
26,99.00,240.63,106.00,223.20,0.87
27,100.50,238.42,107.00,220.20,0.77
28,102.00,235.79,108.00,217.20,0.59
29,103.50,232.64,109.00,214.20,0.38
30,105.00,228.93,110.00,211.20,0.09
31,106.50,224.58,112.00,208.20,1.18
32,108.00,219.54,112.00,205.20,0.56
33,109.50,213.79,112.00,201.20,0.25
34,111.00,207.29,113.00,198.20,0.16
35,112.50,200.02,114.00,195.20,0.59
36,114.00,192.01,114.00,191.20,0.14
37,115.50,183.26,114.00,188.20,0.64
38,117.00,173.80,115.00,185.20,0.16
39,118.50,163.68,115.00,181.20,0.82
40,120.00,152.97,115.00,177.20,1.44
41,121.50,141.74,116.00,174.20,0.92
42,123.00,130.09,116.00,171.20,1.37
43,124.50,118.10,117.00,166.20,1.11
44,126.00,105.89,118.00,162.20,0.70
45,127.50,93.59,118.00,159.20,1.12
46,129.00,81.32,119.00,156.20,0.54
47,130.50,69.22,119.00,152.20,1.09
48,132.00,57.42,120.00,149.20,0.50
49,133.50,46.06,121.00,146.20,0.09
50,135.00,42.00,121.00,142.20,0.44
51,136.50,42.00,121.00,139.20,0.82
52,138.00,42.00,122.00,136.20,0.21
53,139.50,42.00,122.00,133.20,0.59
54,141.00,42.00,122.00,129.20,1.10
55,142.50,42.00,123.00,126.20,0.48
56,144.00,42.00,123.00,122.20,0.98
57,145.50,42.00,125.00,116.20,0.26
58,147.00,42.00,125.00,110.20,0.47
59,148.50,42.00,125.00,106.20,0.96
60,150.00,42.00,125.00,102.20,1.44
61,151.50,42.00,126.00,98.20,0.93
62,153.00,42.00,126.00,94.20,1.42
63,154.50,42.00,127.00,91.20,0.79
64,156.00,42.00,127.00,88.20,1.15
65,157.50,42.00,127.00,85.20,1.51
66,159.00,42.00,128.00,81.20,1.01
67,160.50,42.00,128.00,77.20,1.50
68,162.00,47.02,129.00,74.20,0.88
69,163.50,60.30,129.00,70.20,1.37
70,165.00,74.47,130.00,66.20,0.88
71,166.50,89.39,131.00,62.20,0.39
72,168.00,104.91,132.00,59.20,0.22
73,169.50,120.89,132.00,55.20,0.29
74,171.00,137.17,132.00,52.20,0.68
75,172.50,153.58,133.00,47.20,0.35
76,174.00,169.97,134.00,45.20,0.17
77,175.50,186.19,136.00,42.20,0.20
78,177.00,202.09,139.00,41.20,0.80
79,178.50,217.52,142.00,40.20,1.80
80,180.00,232.35,145.00,40.20,1.80
81,181.50,246.45,148.00,39.20,2.80
82,183.00,259.72,151.00,39.20,2.80
83,184.50,272.05,155.00,40.20,1.80
84,186.00,283.37,157.00,41.20,0.80
85,187.50,293.60,159.00,42.20,0.20
86,189.00,302.70,161.00,44.20,0.15
87,190.50,310.62,161.00,47.20,1.01
88,192.00,317.35,161.00,51.20,1.46
89,193.50,322.89,161.00,54.20,1.80
90,195.00,327.24,162.00,58.20,1.26
91,196.50,330.45,163.00,61.20,0.59
92,198.00,332.55,164.00,64.20,0.09
93,199.50,333.60,165.00,67.20,0.76
94,201.00,333.68,165.00,72.20,0.24
95,202.50,332.85,167.00,83.20,1.12
96,204.00,331.22,166.00,87.20,0.28
97,205.50,328.88,166.00,91.20,0.67
98,207.00,325.93,166.00,95.20,1.06
99,208.50,322.47,167.00,98.20,0.35
100,210.00,318.62,167.00,101.20,0.64
101,211.50,314.48,168.00,105.20,0.03
102,213.00,310.15,168.00,108.20,0.31
103,214.50,305.73,168.00,112.20,0.68
104,216.00,301.33,168.00,115.20,0.96
105,217.50,297.02,168.00,119.20,1.34
106,219.00,292.88,169.00,122.20,0.62
107,220.50,288.98,169.00,127.20,1.08
108,222.00,285.37,170.00,131.20,0.45
109,223.50,282.10,171.00,135.20,0.18
110,225.00,279.19,171.00,139.20,0.18
111,226.50,276.66,172.00,143.20,0.45
112,228.00,274.52,172.00,147.20,0.08
113,229.50,272.75,173.00,150.20,0.81
114,231.00,271.33,173.00,154.20,0.44
115,232.50,270.23,173.00,157.20,0.17
116,234.00,269.38,173.00,161.20,0.20
117,235.50,268.75,173.00,164.20,0.47
118,237.00,268.25,174.00,168.20,0.16
119,238.50,267.81,174.00,172.20,0.20
120,240.00,267.35,175.00,176.20,0.42
121,241.50,266.78,175.00,180.20,0.05
122,243.00,266.01,176.00,188.20,0.31
123,244.50,264.96,177.00,194.20,0.74
124,246.00,263.52,178.00,201.20,1.08
125,247.50,261.62,178.00,206.20,0.60
126,249.00,259.18,178.00,210.20,0.21
127,250.50,256.10,178.00,214.20,0.18
128,252.00,252.34,178.00,218.20,0.57
129,253.50,247.83,178.00,221.20,0.87
130,255.00,242.52,179.00,226.20,0.38
131,256.50,236.39,179.00,233.20,1.08
132,258.00,229.40,180.00,237.20,0.51
133,259.50,221.57,180.00,240.20,0.83
134,261.00,212.88,181.00,245.20,0.36
135,262.50,203.38,182.00,251.20,0.04
136,264.00,193.09,183.00,256.20,0.40
137,265.50,182.08,183.00,259.20,0.06
138,267.00,170.41,183.00,263.20,0.42
139,268.50,158.17,184.00,268.20,0.03
140,270.00,145.45,184.00,272.20,0.51
141,271.50,132.35,185.00,277.20,0.18
142,273.00,119.01,185.00,283.20,0.97
143,274.50,105.55,187.00,287.20,0.43
144,276.00,92.09,188.00,292.20,0.70
145,277.50,78.79,188.00,297.20,0.09
146,279.00,65.78,189.00,302.20,0.08
147,280.50,53.21,190.00,306.20,0.33
148,282.00,42.00,191.00,310.20,0.57
149,283.50,42.00,192.00,315.20,0.47
150,285.00,42.00,193.00,321.20,0.04
151,286.50,42.00,195.00,326.20,0.34
152,288.00,42.00,196.00,328.20,0.50
153,289.50,42.00,198.00,331.20,0.78
154,291.00,42.00,201.00,332.20,1.30
155,292.50,42.00,204.00,332.20,0.66
156,294.00,42.00,205.00,329.20,0.25
157,295.50,42.00,206.00,326.20,0.77
158,297.00,42.00,207.00,323.20,1.09
159,298.50,42.00,209.00,319.20,0.72
160,300.00,42.00,210.00,316.20,0.82
161,301.50,42.00,211.00,312.20,1.22
162,303.00,42.00,213.00,310.20,0.02
163,304.50,42.00,214.00,306.20,0.32
164,306.00,42.00,216.00,303.20,0.60
165,307.50,42.00,217.00,300.20,0.57
166,309.00,42.00,219.00,296.20,1.13
167,310.50,46.82,220.00,292.20,0.69
168,312.00,60.21,221.00,288.20,0.16
169,313.50,74.37,222.00,284.20,0.49
170,315.00,89.18,223.00,282.20,0.41
171,316.50,104.47,224.00,279.20,0.88
172,318.00,120.09,226.00,276.20,0.68
173,319.50,135.88,228.00,273.20,0.86
174,321.00,151.69,231.00,270.20,0.91
175,322.50,167.38,234.00,268.20,1.09
176,324.00,182.79,237.00,267.20,1.01
177,325.50,197.78,239.00,265.20,2.35
178,327.00,212.23,242.00,263.20,2.88
179,328.50,226.01,246.00,261.20,1.44
180,330.00,239.02,249.00,257.20,0.87
181,331.50,251.17,251.00,253.20,0.61
182,333.00,262.37,253.00,247.20,0.65
183,334.50,272.57,255.00,242.20,0.08
184,336.00,281.70,256.00,238.20,0.06
185,337.50,289.76,258.00,232.20,0.59
186,339.00,296.70,258.00,228.20,0.23
187,340.50,302.55,259.00,225.20,0.19
188,342.00,307.31,260.00,220.20,0.26
189,343.50,311.02,261.00,215.20,0.39
190,345.00,313.71,261.00,212.20,0.11
191,346.50,315.46,262.00,204.20,0.37
192,348.00,316.32,262.00,198.20,1.24
193,349.50,316.38,265.00,190.20,0.60
194,351.00,315.72,266.00,186.20,1.05
195,352.50,314.45,266.00,181.20,0.38
196,354.00,312.65,266.00,177.20,0.13
197,355.50,310.43,267.00,172.20,0.23
198,357.00,307.89,267.00,167.20,0.39
199,358.50,305.13,267.00,162.20,1.00
200,360.00,302.25,267.00,151.20,2.31
201,361.50,299.34,268.00,144.20,2.13
202,363.00,296.49,269.00,138.20,1.82
203,364.50,293.77,271.00,132.20,0.51
204,366.00,291.25,271.00,126.20,1.18
205,367.50,288.99,272.00,119.20,0.97
206,369.00,287.03,272.00,110.20,1.97
207,370.50,285.41,274.00,98.20,1.31
208,372.00,284.14,275.00,92.20,0.98
209,373.50,283.24,275.00,86.20,1.65
210,375.00,282.69,277.00,81.20,0.23
211,376.50,282.47,278.00,75.20,0.09
212,378.00,282.55,279.00,67.20,0.16
213,379.50,282.88,280.00,60.20,0.33
214,381.00,283.41,281.00,54.20,0.61
215,382.50,284.07,281.00,48.20,0.17
216,384.00,284.78,282.00,43.20,0.16
217,385.50,285.46,284.00,41.20,0.80
218,387.00,286.02,289.00,41.20,0.80
219,388.50,286.37,292.00,42.20,0.20
220,390.00,286.41,297.00,42.20,0.20
221,391.50,286.06,301.00,42.20,0.20
222,393.00,285.21,304.00,42.20,0.20
223,394.50,283.79,307.00,41.20,0.80
224,396.00,281.70,310.00,43.20,0.60
225,397.50,278.87,311.00,47.20,0.45
226,399.00,275.24,312.00,52.20,0.89
227,400.50,270.75,312.00,56.20,0.45
228,402.00,265.35,313.00,62.20,0.78
229,403.50,259.03,314.00,70.20,0.94
230,405.00,251.75,314.00,75.20,0.41
231,406.50,243.52,314.00,84.20,0.49
232,408.00,234.36,314.00,91.20,1.19
233,409.50,224.29,314.00,99.20,1.97
234,411.00,213.36,315.00,106.20,1.66
235,412.50,201.63,316.00,112.20,1.24
236,414.00,189.18,317.00,117.20,0.72
237,415.50,176.09,318.00,123.20,0.29
238,417.00,162.47,318.00,127.20,0.67
239,418.50,148.44,319.00,132.20,0.15
240,420.00,134.12,320.00,138.20,0.28
241,421.50,119.64,320.00,145.20,0.38
242,423.00,105.14,320.00,150.20,0.85
243,424.50,90.78,321.00,156.20,0.43
244,426.00,76.69,322.00,163.20,0.10
245,427.50,63.02,322.00,168.20,0.58
246,429.00,49.93,323.00,173.20,0.07
247,430.50,42.00,323.00,177.20,0.45
248,432.00,42.00,323.00,181.20,0.84
249,433.50,42.00,323.00,186.20,1.33
250,435.00,42.00,324.00,192.20,0.94
251,436.50,42.00,325.00,197.20,0.44
252,438.00,42.00,326.00,202.20,0.04
253,439.50,42.00,326.00,209.20,0.68
254,441.00,42.00,327.00,214.20,0.21
255,442.50,42.00,327.00,219.20,0.75
256,444.00,42.00,328.00,226.20,0.52
257,445.50,42.00,329.00,232.20,0.21
258,447.00,42.00,329.00,240.20,1.14
259,448.50,42.00,330.00,247.20,1.00
260,450.00,42.00,331.00,256.20,1.16
261,451.50,42.00,333.00,267.20,0.70
262,453.00,42.00,334.00,275.20,0.92
263,454.50,42.00,337.00,283.20,0.71
264,456.00,42.00,338.00,288.20,0.78
265,457.50,42.00,339.00,293.20,0.74
266,459.00,48.13,340.00,297.20,0.85
267,460.50,61.40,341.00,302.20,0.57
268,462.00,75.32,343.00,306.20,1.29
269,463.50,89.75,344.00,309.20,1.14
270,465.00,104.54,346.00,314.20,0.44
271,466.50,119.53,349.00,315.20,1.16
272,468.00,134.58,352.00,314.20,0.51
273,469.50,149.54,355.00,310.20,0.54
274,471.00,164.26,357.00,307.20,0.33
275,472.50,178.63,359.00,303.20,0.45
276,474.00,192.50,363.00,297.20,0.33
277,475.50,205.76,369.00,289.20,1.32
278,477.00,218.32,372.00,285.20,0.81
279,478.50,230.08,377.00,283.20,0.70
280,480.00,240.98,383.00,282.20,1.91
281,481.50,250.94,391.00,284.20,1.86
282,483.00,259.94,394.00,279.20,2.94
283,484.50,267.94,397.00,271.20,3.18
284,486.00,274.93,401.00,258.20,2.62
285,487.50,280.91,405.00,244.20,1.35
286,489.00,285.90,407.00,231.20,1.45
287,490.50,289.95,409.00,222.20,0.78
288,492.00,293.09,410.00,216.20,0.60
289,493.50,295.38,412.00,203.20,0.30
290,495.00,296.89,413.00,190.20,0.87
291,496.50,297.71,414.00,179.20,1.14
292,498.00,297.91,416.00,169.20,0.26
293,499.50,297.59,417.00,159.20,0.35
294,501.00,296.85,419.00,148.20,0.47
295,502.50,295.77,420.00,138.20,0.42
296,504.00,294.47,421.00,124.20,0.03
297,505.50,293.02,423.00,109.20,0.42
298,507.00,291.53,424.00,100.20,0.48
299,508.50,290.07,425.00,92.20,0.65
300,510.00,288.73,426.00,87.20,1.11
301,511.50,287.57,426.00,80.20,0.37
302,513.00,286.66,429.00,64.20,1.62
303,514.50,286.03,431.00,52.20,2.25
304,516.00,285.73,431.00,45.20,1.09
305,517.50,285.77,431.00,41.20,0.80
306,519.00,286.17,437.00,41.20,0.80
307,520.50,286.92,445.00,40.20,1.80
308,522.00,288.01,452.00,40.20,1.80
309,523.50,289.39,455.00,40.20,1.80
310,525.00,291.03,457.00,46.20,1.48
311,526.50,292.88,460.00,56.20,0.09
312,528.00,294.86,461.00,64.20,0.20
313,529.50,296.91,461.00,74.20,0.87
314,531.00,298.93,463.00,83.20,0.18
315,532.50,300.84,463.00,97.20,1.25
316,534.00,302.54,465.00,108.20,0.36
317,535.50,303.93,466.00,120.20,0.56
318,537.00,304.92,468.00,137.20,0.26
319,538.50,305.41,468.00,146.20,1.16
320,540.00,305.30,469.00,157.20,1.27
321,541.50,304.51,471.00,165.20,0.10
322,543.00,302.94,471.00,177.20,1.34
323,544.50,300.53,473.00,189.20,0.64
324,546.00,297.20,474.00,199.20,0.75
325,547.50,292.91,476.00,209.20,0.09
326,549.00,287.61,479.00,225.20,1.11
327,550.50,281.27,480.00,237.20,0.52
328,552.00,273.89,482.00,249.20,0.75
329,553.50,265.46,484.00,260.20,0.94
330,555.00,256.01,486.00,270.20,0.99
331,556.50,245.56,489.00,285.20,0.20
332,558.00,234.18,492.00,292.20,0.38
333,559.50,221.92,495.00,297.20,0.27
334,561.00,208.88,499.00,297.20,0.49
335,562.50,195.14,503.00,295.20,0.10
336,564.00,180.81,506.00,292.20,0.23
337,565.50,166.01,510.00,289.20,0.35
338,567.00,150.88,514.00,288.20,1.81
339,568.50,135.55,518.00,288.20,2.22
340,570.00,120.17,524.00,292.20,1.51
341,571.50,104.89,530.00,298.20,0.37
342,573.00,89.87,535.00,301.20,1.63
343,574.50,75.24,538.00,303.20,1.95
344,576.00,61.17,543.00,302.20,0.39
345,577.50,47.81,547.00,296.20,0.61
346,579.00,42.00,549.00,284.20,0.79
347,580.50,42.00,552.00,272.20,0.30
348,582.00,42.00,556.00,258.20,1.33
349,583.50,42.00,559.00,248.20,2.85
350,585.00,42.00,559.00,240.20,1.78
351,586.50,42.00,559.00,232.20,0.75
352,588.00,42.00,559.00,223.20,0.34
353,589.50,42.00,561.00,208.20,0.07
354,591.00,42.00,563.00,194.20,0.40
355,592.50,42.00,563.00,184.20,0.64
356,594.00,42.00,565.00,172.20,0.13
357,595.50,42.00,566.00,162.20,0.12
358,597.00,42.00,567.00,154.20,0.33
359,598.50,42.00,568.00,143.20,0.25
360,600.00,42.00,569.00,135.20,0.46
361,601.50,42.00,570.00,126.20,0.58
362,603.00,42.00,571.00,114.20,0.41
363,604.50,42.00,572.00,108.20,0.82
364,606.00,42.00,572.00,98.20,0.17
365,607.50,50.76,573.00,88.20,0.17
366,609.00,63.65,575.00,76.20,0.60
367,610.50,77.07,576.00,65.20,0.43
368,612.00,90.87,578.00,51.20,0.88
369,613.50,104.90,578.00,45.20,0.17
370,615.00,119.01,579.00,41.20,0.80
371,616.50,133.06,581.00,40.20,1.80
372,618.00,146.93,586.00,41.20,0.80
373,619.50,160.47,591.00,41.20,0.80
374,621.00,173.57,598.00,41.20,0.80
375,622.50,186.13,605.00,41.20,0.80
376,624.00,198.04,607.00,46.20,0.28
377,625.50,209.23,608.00,53.20,0.21
378,627.00,219.62,609.00,68.20,0.51
379,628.50,229.17,611.00,86.20,0.49
380,630.00,237.83,612.00,99.20,0.89
381,631.50,245.59,613.00,108.20,0.85
382,633.00,252.43,614.00,118.20,0.91
383,634.50,258.37,616.00,128.20,0.02
384,636.00,263.42,617.00,138.20,0.06
385,637.50,267.64,618.00,148.20,0.14
386,639.00,271.05,618.00,162.20,1.69
387,640.50,273.73,619.00,167.20,1.26
388,642.00,275.75,620.00,176.20,1.30
389,643.50,277.17,622.00,186.20,0.50
390,645.00,278.10,624.00,193.20,0.60
391,646.50,278.61,624.00,202.20,0.55
392,648.00,278.79,626.00,209.20,0.50
393,649.50,278.75,627.00,217.20,0.35
394,651.00,278.58,628.00,227.20,0.19
395,652.50,278.35,630.00,236.20,0.28
396,654.00,278.16,631.00,244.20,0.23
397,655.50,278.08,633.00,255.20,0.68
398,657.00,278.19,635.00,261.20,0.33
399,658.50,278.54,638.00,267.20,0.62
400,660.00,279.18,641.00,273.20,0.70