trial,3
timestamp,2026-03-10T18:43:56.440Z
mode,no-feedback

target_curve
index,target_x,target_y
0,60.00,336.46
1,61.50,331.70
2,63.00,326.48
3,64.50,320.91
4,66.00,315.10
5,67.50,309.16
6,69.00,303.19
7,70.50,297.29
8,72.00,291.54
9,73.50,286.02
10,75.00,280.79
11,76.50,275.91
12,78.00,271.41
13,79.50,267.32
14,81.00,263.66
15,82.50,260.42
16,84.00,257.59
17,85.50,255.15
18,87.00,253.04
19,88.50,251.22
20,90.00,249.64
21,91.50,248.21
22,93.00,246.86
23,94.50,245.52
24,96.00,244.09
25,97.50,242.49
26,99.00,240.63
27,100.50,238.42
28,102.00,235.79
29,103.50,232.64
30,105.00,228.93
31,106.50,224.58
32,108.00,219.54
33,109.50,213.79
34,111.00,207.29
35,112.50,200.02
36,114.00,192.01
37,115.50,183.26
38,117.00,173.80
39,118.50,163.68
40,120.00,152.97
41,121.50,141.74
42,123.00,130.09
43,124.50,118.10
44,126.00,105.89
45,127.50,93.59
46,129.00,81.32
47,130.50,69.22
48,132.00,57.42
49,133.50,46.06
50,135.00,42.00
51,136.50,42.00
52,138.00,42.00
53,139.50,42.00
54,141.00,42.00
55,142.50,42.00
56,144.00,42.00
57,145.50,42.00
58,147.00,42.00
59,148.50,42.00
60,150.00,42.00
61,151.50,42.00
62,153.00,42.00
63,154.50,42.00
64,156.00,42.00
65,157.50,42.00
66,159.00,42.00
67,160.50,42.00
68,162.00,47.02
69,163.50,60.30
70,165.00,74.47
71,166.50,89.39
72,168.00,104.91
73,169.50,120.89
74,171.00,137.17
75,172.50,153.58
76,174.00,169.97
77,175.50,186.19
78,177.00,202.09
79,178.50,217.52
80,180.00,232.35
81,181.50,246.45
82,183.00,259.72
83,184.50,272.05
84,186.00,283.37
85,187.50,293.60
86,189.00,302.70
87,190.50,310.62
88,192.00,317.35
89,193.50,322.89
90,195.00,327.24
91,196.50,330.45
92,198.00,332.55
93,199.50,333.60
94,201.00,333.68
95,202.50,332.85
96,204.00,331.22
97,205.50,328.88
98,207.00,325.93
99,208.50,322.47
100,210.00,318.62
101,211.50,314.48
102,213.00,310.15
103,214.50,305.73
104,216.00,301.33
105,217.50,297.02
106,219.00,292.88
107,220.50,288.98
108,222.00,285.37
109,223.50,282.10
110,225.00,279.19
111,226.50,276.66
112,228.00,274.52
113,229.50,272.75
114,231.00,271.33
115,232.50,270.23
116,234.00,269.38
117,235.50,268.75
118,237.00,268.25
119,238.50,267.81
120,240.00,267.35
121,241.50,266.78
122,243.00,266.01
123,244.50,264.96
124,246.00,263.52
125,247.50,261.62
126,249.00,259.18
127,250.50,256.10
128,252.00,252.34
129,253.50,247.83
130,255.00,242.52
131,256.50,236.39
132,258.00,229.40
133,259.50,221.57
134,261.00,212.88
135,262.50,203.38
136,264.00,193.09
137,265.50,182.08
138,267.00,170.41
139,268.50,158.17
140,270.00,145.45
141,271.50,132.35
142,273.00,119.01
143,274.50,105.55
144,276.00,92.09
145,277.50,78.79
146,279.00,65.78
147,280.50,53.21
148,282.00,42.00
149,283.50,42.00
150,285.00,42.00
151,286.50,42.00
152,288.00,42.00
153,289.50,42.00
154,291.00,42.00
155,292.50,42.00
156,294.00,42.00
157,295.50,42.00
158,297.00,42.00
159,298.50,42.00
160,300.00,42.00
161,301.50,42.00
162,303.00,42.00
163,304.50,42.00
164,306.00,42.00
165,307.50,42.00
166,309.00,42.00
167,310.50,46.82
168,312.00,60.21
169,313.50,74.37
170,315.00,89.18
171,316.50,104.47
172,318.00,120.09
173,319.50,135.88
174,321.00,151.69
175,322.50,167.38
176,324.00,182.79
177,325.50,197.78
178,327.00,212.23
179,328.50,226.01
180,330.00,239.02
181,331.50,251.17
182,333.00,262.37
183,334.50,272.57
184,336.00,281.70
185,337.50,289.76
186,339.00,296.70
187,340.50,302.55
188,342.00,307.31
189,343.50,311.02
190,345.00,313.71
191,346.50,315.46
192,348.00,316.32
193,349.50,316.38
194,351.00,315.72
195,352.50,314.45
196,354.00,312.65
197,355.50,310.43
198,357.00,307.89
199,358.50,305.13
200,360.00,302.25
201,361.50,299.34
202,363.00,296.49
203,364.50,293.77
204,366.00,291.25
205,367.50,288.99
206,369.00,287.03
207,370.50,285.41
208,372.00,284.14
209,373.50,283.24
210,375.00,282.69
211,376.50,282.47
212,378.00,282.55
213,379.50,282.88
214,381.00,283.41
215,382.50,284.07
216,384.00,284.78
217,385.50,285.46
218,387.00,286.02
219,388.50,286.37
220,390.00,286.41
221,391.50,286.06
222,393.00,285.21
223,394.50,283.79
224,396.00,281.70
225,397.50,278.87
226,399.00,275.24
227,400.50,270.75
228,402.00,265.35
229,403.50,259.03
230,405.00,251.75
231,406.50,243.52
232,408.00,234.36
233,409.50,224.29
234,411.00,213.36
235,412.50,201.63
236,414.00,189.18
237,415.50,176.09
238,417.00,162.47
239,418.50,148.44
240,420.00,134.12
241,421.50,119.64
242,423.00,105.14
243,424.50,90.78
244,426.00,76.69
245,427.50,63.02
246,429.00,49.93
247,430.50,42.00
248,432.00,42.00
249,433.50,42.00
250,435.00,42.00
251,436.50,42.00
252,438.00,42.00
253,439.50,42.00
254,441.00,42.00
255,442.50,42.00
256,444.00,42.00
257,445.50,42.00
258,447.00,42.00
259,448.50,42.00
260,450.00,42.00
261,451.50,42.00
262,453.00,42.00
263,454.50,42.00
264,456.00,42.00
265,457.50,42.00
266,459.00,48.13
267,460.50,61.40
268,462.00,75.32
269,463.50,89.75
270,465.00,104.54
271,466.50,119.53
272,468.00,134.58
273,469.50,149.54
274,471.00,164.26
275,472.50,178.63
276,474.00,192.50
277,475.50,205.76
278,477.00,218.32
279,478.50,230.08
280,480.00,240.98
281,481.50,250.94
282,483.00,259.94
283,484.50,267.94
284,486.00,274.93
285,487.50,280.91
286,489.00,285.90
287,490.50,289.95
288,492.00,293.09
289,493.50,295.38
290,495.00,296.89
291,496.50,297.71
292,498.00,297.91
293,499.50,297.59
294,501.00,296.85
295,502.50,295.77
296,504.00,294.47
297,505.50,293.02
298,507.00,291.53
299,508.50,290.07
300,510.00,288.73
301,511.50,287.57
302,513.00,286.66
303,514.50,286.03
304,516.00,285.73
305,517.50,285.77
306,519.00,286.17
307,520.50,286.92
308,522.00,288.01
309,523.50,289.39
310,525.00,291.03
311,526.50,292.88
312,528.00,294.86
313,529.50,296.91
314,531.00,298.93
315,532.50,300.84
316,534.00,302.54
317,535.50,303.93
318,537.00,304.92
319,538.50,305.41
320,540.00,305.30
321,541.50,304.51
322,543.00,302.94
323,544.50,300.53
324,546.00,297.20
325,547.50,292.91
326,549.00,287.61
327,550.50,281.27
328,552.00,273.89
329,553.50,265.46
330,555.00,256.01
331,556.50,245.56
332,558.00,234.18
333,559.50,221.92
334,561.00,208.88
335,562.50,195.14
336,564.00,180.81
337,565.50,166.01
338,567.00,150.88
339,568.50,135.55
340,570.00,120.17
341,571.50,104.89
342,573.00,89.87
343,574.50,75.24
344,576.00,61.17
345,577.50,47.81
346,579.00,42.00
347,580.50,42.00
348,582.00,42.00
349,583.50,42.00
350,585.00,42.00
351,586.50,42.00
352,588.00,42.00
353,589.50,42.00
354,591.00,42.00
355,592.50,42.00
356,594.00,42.00
357,595.50,42.00
358,597.00,42.00
359,598.50,42.00
360,600.00,42.00
361,601.50,42.00
362,603.00,42.00
363,604.50,42.00
364,606.00,42.00
365,607.50,50.76
366,609.00,63.65
367,610.50,77.07
368,612.00,90.87
369,613.50,104.90
370,615.00,119.01
371,616.50,133.06
372,618.00,146.93
373,619.50,160.47
374,621.00,173.57
375,622.50,186.13
376,624.00,198.04
377,625.50,209.23
378,627.00,219.62
379,628.50,229.17
380,630.00,237.83
381,631.50,245.59
382,633.00,252.43
383,634.50,258.37
384,636.00,263.42
385,637.50,267.64
386,639.00,271.05
387,640.50,273.73
388,642.00,275.75
389,643.50,277.17
390,645.00,278.10
391,646.50,278.61
392,648.00,278.79
393,649.50,278.75
394,651.00,278.58
395,652.50,278.35
396,654.00,278.16
397,655.50,278.08
398,657.00,278.19
399,658.50,278.54
400,660.00,279.18

user_path
index,user_x,user_y
0,60.20,338.00
1,60.20,337.00
2,60.20,337.00
3,60.20,337.00
4,60.20,337.00
5,60.20,336.00
6,60.20,336.00
7,60.20,336.00
8,60.20,336.00
9,60.20,336.00
10,60.20,335.00
11,60.20,335.00
12,60.20,335.00
13,60.20,335.00
14,60.20,335.00
15,60.20,335.00
16,60.20,334.00
17,60.20,334.00
18,60.20,334.00
19,60.20,334.00
20,60.20,333.00
21,60.20,333.00
22,60.20,333.00
23,60.20,333.00
24,60.20,333.00
25,60.20,333.00
26,61.20,333.00
27,61.20,332.00
28,61.20,332.00
29,61.20,332.00
30,61.20,332.00
31,61.20,332.00
32,61.20,332.00
33,61.20,331.00
34,61.20,331.00
35,61.20,331.00
36,61.20,330.00
37,61.20,330.00
38,61.20,330.00
39,61.20,330.00
40,61.20,330.00
41,62.20,329.00
42,62.20,329.00
43,62.20,329.00
44,62.20,329.00
45,62.20,328.00
46,62.20,328.00
47,62.20,328.00
48,63.20,327.00
49,63.20,327.00
50,63.20,327.00
51,63.20,326.00
52,63.20,325.00
53,63.20,325.00
54,63.20,325.00
55,63.20,324.00
56,63.20,324.00
57,63.20,324.00
58,63.20,323.00
59,63.20,323.00
60,63.20,323.00
61,63.20,322.00
62,63.20,322.00
63,63.20,322.00
64,63.20,321.00
65,64.20,321.00
66,64.20,321.00
67,64.20,321.00
68,64.20,321.00
69,64.20,320.00
70,64.20,320.00
71,64.20,320.00
72,65.20,320.00
73,65.20,319.00
74,65.20,319.00
75,65.20,319.00
76,65.20,318.00
77,65.20,318.00
78,65.20,318.00
79,66.20,317.00
80,66.20,317.00
81,66.20,316.00
82,66.20,316.00
83,66.20,315.00
84,66.20,315.00
85,66.20,315.00
86,67.20,315.00
87,67.20,314.00
88,67.20,314.00
89,67.20,313.00
90,67.20,313.00
91,67.20,313.00
92,67.20,313.00
93,67.20,313.00
94,67.20,312.00
95,67.20,312.00
96,67.20,312.00
97,67.20,311.00
98,67.20,311.00
99,67.20,311.00
100,67.20,311.00
101,67.20,310.00
102,67.20,310.00
103,67.20,310.00
104,67.20,310.00
105,67.20,310.00
106,67.20,309.00
107,67.20,309.00
108,67.20,309.00
109,68.20,308.00
110,68.20,308.00
111,68.20,308.00
112,68.20,307.00
113,68.20,307.00
114,68.20,307.00
115,68.20,306.00
116,68.20,306.00
117,68.20,306.00
118,68.20,306.00
119,68.20,305.00
120,69.20,305.00
121,69.20,304.00
122,69.20,304.00
123,69.20,304.00
124,69.20,303.00
125,69.20,303.00
126,69.20,302.00
127,69.20,302.00
128,69.20,301.00
129,69.20,301.00
130,69.20,300.00
131,69.20,300.00
132,69.20,300.00
133,70.20,300.00
134,70.20,300.00
135,70.20,299.00
136,70.20,297.00
137,70.20,296.00
138,71.20,294.00
139,71.20,293.00
140,71.20,293.00
141,71.20,293.00
142,71.20,293.00
143,71.20,292.00
144,71.20,292.00
145,71.20,292.00
146,71.20,291.00
147,72.20,291.00
148,72.20,290.00
149,72.20,290.00
150,72.20,290.00
151,72.20,289.00
152,72.20,289.00
153,72.20,289.00
154,72.20,289.00
155,72.20,288.00
156,72.20,287.00
157,72.20,286.00
158,72.20,285.00
159,72.20,285.00
160,72.20,284.00
161,72.20,284.00
162,73.20,284.00
163,73.20,284.00
164,73.20,284.00
165,73.20,283.00
166,73.20,283.00
167,73.20,283.00
168,73.20,283.00
169,73.20,283.00
170,73.20,282.00
171,73.20,282.00
172,74.20,282.00
173,74.20,281.00
174,74.20,281.00
175,74.20,281.00
176,74.20,280.00
177,75.20,279.00
178,75.20,279.00
179,75.20,278.00
180,75.20,278.00
181,75.20,278.00
182,75.20,277.00
183,76.20,277.00
184,76.20,277.00
185,76.20,277.00
186,76.20,277.00
187,76.20,277.00
188,76.20,276.00
189,76.20,276.00
190,76.20,276.00
191,76.20,275.00
192,77.20,275.00
193,77.20,274.00
194,77.20,274.00
195,77.20,274.00
196,77.20,273.00
197,77.20,273.00
198,77.20,272.00
199,77.20,272.00
200,77.20,271.00
201,77.20,271.00
202,77.20,271.00
203,77.20,271.00
204,78.20,270.00
205,78.20,270.00
206,78.20,270.00
207,78.20,269.00
208,78.20,269.00
209,78.20,269.00
210,78.20,269.00
211,78.20,268.00
212,79.20,268.00
213,79.20,267.00
214,79.20,267.00
215,79.20,267.00
216,79.20,266.00
217,79.20,266.00
218,79.20,266.00
219,80.20,265.00
220,80.20,265.00
221,80.20,265.00
222,80.20,264.00
223,80.20,264.00
224,81.20,264.00
225,81.20,263.00
226,81.20,263.00
227,81.20,263.00
228,81.20,263.00
229,81.20,262.00
230,81.20,262.00
231,82.20,261.00
232,82.20,261.00
233,82.20,261.00
234,82.20,261.00
235,82.20,260.00
236,83.20,260.00
237,83.20,260.00
238,83.20,260.00
239,83.20,260.00
240,83.20,259.00
241,83.20,259.00
242,83.20,259.00
243,83.20,258.00
244,84.20,258.00
245,84.20,258.00
246,84.20,258.00
247,84.20,258.00
248,84.20,258.00
249,84.20,257.00
250,84.20,257.00
251,84.20,257.00
252,84.20,257.00
253,84.20,257.00
254,84.20,257.00
255,84.20,256.00
256,84.20,256.00
257,85.20,256.00
258,85.20,256.00
259,85.20,256.00
260,85.20,255.00
261,85.20,255.00
262,85.20,255.00
263,85.20,255.00
264,85.20,255.00
265,86.20,254.00
266,86.20,254.00
267,86.20,254.00
268,86.20,254.00
269,86.20,254.00
270,86.20,254.00
271,86.20,254.00
272,87.20,253.00
273,87.20,253.00
274,87.20,253.00
275,87.20,253.00
276,87.20,252.00
277,88.20,252.00
278,88.20,252.00
279,88.20,251.00
280,88.20,251.00
281,88.20,251.00
282,88.20,251.00
283,89.20,250.00
284,89.20,250.00
285,89.20,250.00
286,89.20,250.00
287,89.20,250.00
288,89.20,250.00
289,89.20,249.00
290,90.20,249.00
291,90.20,249.00
292,90.20,249.00
293,90.20,249.00
294,90.20,249.00
295,90.20,249.00
296,90.20,249.00
297,90.20,248.00
298,91.20,248.00
299,91.20,248.00
300,91.20,248.00
301,91.20,248.00
302,91.20,247.00
303,91.20,247.00
304,91.20,247.00
305,92.20,247.00
306,92.20,247.00
307,92.20,247.00
308,92.20,247.00
309,92.20,246.00
310,93.20,246.00
311,93.20,246.00
312,93.20,246.00
313,93.20,245.00
314,93.20,245.00
315,93.20,245.00
316,94.20,245.00
317,94.20,245.00
318,94.20,244.00
319,94.20,244.00
320,94.20,244.00
321,94.20,244.00
322,94.20,244.00
323,95.20,243.00
324,95.20,243.00
325,95.20,243.00
326,95.20,243.00
327,96.20,243.00
328,96.20,242.00
329,96.20,242.00
330,96.20,242.00
331,96.20,242.00
332,97.20,241.00
333,97.20,241.00
334,97.20,241.00
335,97.20,240.00
336,97.20,240.00
337,98.20,240.00
338,98.20,239.00
339,98.20,239.00
340,98.20,239.00
341,98.20,239.00
342,99.20,239.00
343,99.20,238.00
344,99.20,238.00
345,99.20,238.00
346,99.20,238.00
347,99.20,238.00
348,100.20,238.00
349,100.20,238.00
350,100.20,238.00
351,100.20,238.00
352,100.20,238.00
353,100.20,237.00
354,100.20,237.00
355,100.20,237.00
356,100.20,237.00
357,101.20,237.00
358,101.20,236.00
359,101.20,236.00
360,101.20,236.00
361,101.20,235.00
362,101.20,235.00
363,101.20,235.00
364,101.20,235.00
365,101.20,235.00
366,101.20,234.00
367,101.20,234.00
368,101.20,233.00
369,102.20,233.00
370,102.20,233.00
371,102.20,233.00
372,102.20,232.00
373,103.20,231.00
374,103.20,231.00
375,103.20,230.00
376,103.20,229.00
377,104.20,229.00
378,104.20,229.00
379,104.20,229.00
380,104.20,229.00
381,104.20,229.00
382,104.20,228.00
383,104.20,228.00
384,104.20,228.00
385,104.20,227.00
386,104.20,227.00
387,105.20,227.00
388,105.20,226.00
389,105.20,226.00
390,105.20,226.00
391,105.20,226.00
392,105.20,225.00
393,105.20,225.00
394,105.20,225.00
395,105.20,225.00
396,106.20,224.00
397,106.20,224.00
398,106.20,224.00
399,106.20,224.00
400,106.20,223.00
401,106.20,223.00
402,106.20,223.00
403,106.20,222.00
404,106.20,222.00
405,106.20,222.00
406,107.20,221.00
407,107.20,221.00
408,107.20,221.00
409,107.20,221.00
410,107.20,220.00
411,107.20,220.00
412,107.20,220.00
413,107.20,220.00
414,107.20,220.00
415,107.20,220.00
416,107.20,219.00
417,107.20,219.00
418,107.20,219.00
419,107.20,219.00
420,107.20,219.00
421,107.20,218.00
422,107.20,218.00
423,107.20,218.00
424,107.20,218.00
425,108.20,218.00
426,108.20,217.00
427,108.20,217.00
428,108.20,217.00
429,108.20,216.00
430,108.20,216.00
431,108.20,216.00
432,108.20,215.00
433,108.20,215.00
434,108.20,214.00
435,108.20,214.00
436,108.20,214.00
437,108.20,214.00
438,108.20,213.00
439,108.20,213.00
440,108.20,213.00
441,108.20,213.00
442,108.20,213.00
443,108.20,213.00
444,108.20,213.00
445,109.20,213.00
446,109.20,212.00
447,109.20,212.00
448,109.20,212.00
449,109.20,212.00
450,109.20,212.00
451,109.20,212.00
452,109.20,211.00
453,109.20,211.00
454,109.20,211.00
455,109.20,211.00
456,109.20,211.00
457,109.20,210.00
458,109.20,210.00
459,109.20,210.00
460,109.20,210.00
461,109.20,210.00
462,110.20,209.00
463,110.20,209.00
464,110.20,209.00
465,110.20,209.00
466,110.20,209.00
467,110.20,208.00
468,110.20,208.00
469,110.20,208.00
470,110.20,208.00
471,110.20,207.00
472,110.20,206.00
473,111.20,204.00
474,111.20,203.00
475,111.20,203.00
476,111.20,202.00
477,111.20,201.00
478,111.20,200.00
479,111.20,200.00
480,111.20,199.00
481,111.20,199.00
482,111.20,198.00
483,111.20,198.00
484,111.20,197.00
485,111.20,197.00
486,111.20,197.00
487,112.20,196.00
488,112.20,196.00
489,112.20,196.00
490,112.20,196.00
491,112.20,196.00
492,112.20,196.00
493,112.20,195.00
494,112.20,195.00
495,113.20,194.00
496,113.20,193.00
497,113.20,193.00
498,113.20,192.00
499,113.20,192.00
500,114.20,192.00
501,114.20,192.00
502,114.20,192.00
503,114.20,192.00
504,114.20,191.00
505,114.20,191.00
506,114.20,190.00
507,114.20,190.00
508,114.20,189.00
509,114.20,189.00
510,114.20,189.00
511,115.20,188.00
512,115.20,188.00
513,115.20,188.00
514,115.20,187.00
515,115.20,187.00
516,115.20,187.00
517,115.20,186.00
518,115.20,186.00
519,115.20,185.00
520,115.20,185.00
521,116.20,184.00
522,116.20,184.00
523,116.20,183.00
524,116.20,182.00
525,116.20,182.00
526,116.20,182.00
527,116.20,181.00
528,116.20,181.00
529,116.20,181.00
530,116.20,181.00
531,116.20,180.00
532,116.20,180.00
533,116.20,180.00
534,116.20,179.00
535,116.20,179.00
536,116.20,179.00
537,116.20,179.00
538,117.20,178.00
539,117.20,178.00
540,117.20,178.00
541,117.20,177.00
542,117.20,177.00
543,117.20,176.00
544,117.20,176.00
545,117.20,176.00
546,117.20,175.00
547,117.20,175.00
548,117.20,174.00
549,117.20,174.00
550,117.20,174.00
551,117.20,174.00
552,118.20,173.00
553,118.20,173.00
554,118.20,173.00
555,118.20,172.00
556,118.20,172.00
557,118.20,171.00
558,118.20,170.00
559,118.20,170.00
560,118.20,169.00
561,118.20,168.00
562,118.20,167.00
563,118.20,167.00
564,118.20,166.00
565,118.20,166.00
566,118.20,166.00
567,118.20,166.00
568,119.20,166.00
569,119.20,165.00
570,119.20,165.00
571,119.20,164.00
572,119.20,164.00
573,119.20,163.00
574,119.20,163.00
575,119.20,163.00
576,119.20,163.00
577,119.20,163.00
578,120.20,162.00
579,120.20,162.00
580,120.20,162.00
581,120.20,162.00
582,120.20,161.00
583,120.20,161.00
584,120.20,160.00
585,120.20,160.00
586,120.20,160.00
587,120.20,160.00
588,120.20,159.00
589,120.20,159.00
590,120.20,159.00
591,120.20,159.00
592,120.20,158.00
593,120.20,157.00
594,120.20,156.00
595,120.20,155.00
596,120.20,154.00
597,120.20,153.00
598,120.20,153.00
599,120.20,153.00
600,120.20,152.00
601,120.20,152.00
602,120.20,152.00
603,120.20,152.00
604,120.20,151.00
605,120.20,151.00
606,120.20,151.00
607,120.20,151.00
608,120.20,150.00
609,120.20,150.00
610,120.20,150.00
611,120.20,150.00
612,120.20,149.00
613,120.20,148.00
614,120.20,148.00
615,120.20,147.00
616,120.20,147.00
617,120.20,147.00
618,120.20,147.00
619,120.20,146.00
620,120.20,146.00
621,120.20,146.00
622,120.20,146.00
623,120.20,146.00
624,120.20,145.00
625,120.20,145.00
626,120.20,145.00
627,121.20,145.00
628,121.20,145.00
629,121.20,144.00
630,121.20,144.00
631,121.20,144.00
632,121.20,144.00
633,121.20,144.00
634,121.20,143.00
635,121.20,143.00
636,121.20,143.00
637,121.20,143.00
638,121.20,143.00
639,121.20,142.00
640,121.20,142.00
641,121.20,142.00
642,121.20,141.00
643,121.20,140.00
644,121.20,139.00
645,121.20,139.00
646,121.20,139.00
647,121.20,139.00
648,122.20,138.00
649,122.20,138.00
650,122.20,138.00
651,122.20,138.00
652,122.20,138.00
653,122.20,136.00
654,122.20,134.00
655,122.20,132.00
656,122.20,130.00
657,122.20,130.00
658,122.20,129.00
659,122.20,129.00
660,122.20,129.00
661,122.20,128.00
662,122.20,128.00
663,122.20,128.00
664,122.20,127.00
665,122.20,127.00
666,122.20,127.00
667,122.20,127.00
668,123.20,126.00
669,123.20,126.00
670,123.20,126.00
671,123.20,125.00
672,123.20,125.00
673,123.20,125.00
674,123.20,124.00
675,123.20,124.00
676,124.20,123.00
677,124.20,123.00
678,124.20,122.00
679,124.20,122.00
680,124.20,122.00
681,124.20,122.00
682,124.20,122.00
683,124.20,121.00
684,124.20,121.00
685,124.20,121.00
686,124.20,120.00
687,124.20,120.00
688,124.20,120.00
689,124.20,120.00
690,124.20,119.00
691,124.20,119.00
692,124.20,119.00
693,124.20,119.00
694,124.20,118.00
695,124.20,118.00
696,124.20,117.00
697,124.20,117.00
698,125.20,116.00
699,125.20,116.00
700,125.20,116.00
701,125.20,115.00
702,125.20,115.00
703,125.20,115.00
704,125.20,115.00
705,125.20,114.00
706,125.20,114.00
707,125.20,113.00
708,125.20,113.00
709,125.20,112.00
710,125.20,112.00
711,125.20,112.00
712,125.20,111.00
713,125.20,111.00
714,125.20,111.00
715,125.20,111.00
716,125.20,111.00
717,125.20,110.00
718,125.20,110.00
719,126.20,110.00
720,126.20,109.00
721,126.20,109.00
722,126.20,109.00
723,126.20,108.00
724,126.20,108.00
725,126.20,108.00
726,126.20,107.00
727,126.20,107.00
728,126.20,107.00
729,126.20,107.00
730,126.20,106.00
731,126.20,106.00
732,126.20,106.00
733,126.20,106.00
734,126.20,105.00
735,126.20,105.00
736,126.20,105.00
737,126.20,104.00
738,126.20,104.00
739,126.20,104.00
740,126.20,104.00
741,126.20,104.00
742,126.20,104.00
743,126.20,103.00
744,126.20,103.00
745,126.20,103.00
746,126.20,103.00
747,126.20,102.00
748,126.20,102.00
749,126.20,101.00
750,126.20,101.00
751,126.20,101.00
752,126.20,101.00
753,126.20,101.00
754,126.20,100.00
755,126.20,100.00
756,126.20,100.00
757,126.20,100.00
758,126.20,99.00
759,126.20,99.00
760,126.20,98.00
761,126.20,98.00
762,126.20,98.00
763,126.20,98.00
764,126.20,97.00
765,126.20,96.00
766,126.20,96.00
767,126.20,96.00
768,126.20,95.00
769,126.20,95.00
770,126.20,95.00
771,126.20,95.00
772,126.20,95.00
773,126.20,94.00
774,126.20,94.00
775,126.20,93.00
776,126.20,93.00
777,126.20,93.00
778,126.20,93.00
779,126.20,92.00
780,126.20,92.00
781,127.20,92.00
782,127.20,91.00
783,127.20,91.00
784,127.20,91.00
785,127.20,91.00
786,127.20,90.00
787,127.20,90.00
788,127.20,90.00
789,127.20,90.00
790,127.20,89.00
791,127.20,89.00
792,127.20,89.00
793,127.20,89.00
794,127.20,88.00
795,127.20,88.00
796,127.20,88.00
797,127.20,88.00
798,127.20,88.00
799,127.20,87.00
800,127.20,87.00
801,127.20,87.00
802,127.20,87.00
803,127.20,86.00
804,127.20,86.00
805,127.20,86.00
806,127.20,85.00
807,127.20,85.00
808,127.20,85.00
809,127.20,85.00
810,127.20,85.00
811,128.20,84.00
812,128.20,84.00
813,128.20,84.00
814,128.20,84.00
815,128.20,83.00
816,128.20,83.00
817,128.20,83.00
818,128.20,83.00
819,128.20,82.00
820,128.20,82.00
821,128.20,82.00
822,128.20,82.00
823,128.20,81.00
824,129.20,81.00
825,129.20,81.00
826,129.20,81.00
827,129.20,81.00
828,129.20,80.00
829,129.20,80.00
830,129.20,80.00
831,129.20,80.00
832,129.20,80.00
833,129.20,80.00
834,129.20,79.00
835,129.20,79.00
836,129.20,79.00
837,129.20,79.00
838,129.20,79.00
839,129.20,78.00
840,129.20,78.00
841,129.20,78.00
842,129.20,77.00
843,129.20,77.00
844,129.20,77.00
845,129.20,76.00
846,129.20,76.00
847,129.20,75.00
848,129.20,75.00
849,129.20,75.00
850,129.20,75.00
851,130.20,75.00
852,130.20,74.00
853,130.20,72.00
854,130.20,72.00
855,130.20,71.00
856,130.20,71.00
857,130.20,71.00
858,130.20,70.00
859,130.20,70.00
860,130.20,70.00
861,130.20,69.00
862,130.20,69.00
863,131.20,68.00
864,131.20,67.00
865,131.20,67.00
866,131.20,66.00
867,131.20,66.00
868,131.20,66.00
869,131.20,65.00
870,131.20,65.00
871,131.20,65.00
872,131.20,64.00
873,131.20,64.00
874,131.20,64.00
875,131.20,63.00
876,131.20,62.00
877,132.20,61.00
878,132.20,61.00
879,132.20,61.00
880,132.20,60.00
881,132.20,60.00
882,132.20,60.00
883,132.20,60.00
884,132.20,59.00
885,132.20,59.00
886,132.20,59.00
887,132.20,58.00
888,132.20,58.00
889,132.20,58.00
890,132.20,58.00
891,132.20,58.00
892,132.20,57.00
893,132.20,57.00
894,132.20,57.00
895,132.20,57.00
896,132.20,57.00
897,132.20,56.00
898,132.20,56.00
899,132.20,55.00
900,132.20,55.00
901,132.20,54.00
902,132.20,54.00
903,132.20,53.00
904,132.20,53.00
905,132.20,53.00
906,132.20,52.00
907,133.20,52.00
908,133.20,52.00
909,133.20,51.00
910,133.20,51.00
911,133.20,51.00
912,133.20,50.00
913,133.20,50.00
914,133.20,50.00
915,133.20,50.00
916,133.20,50.00
917,133.20,49.00
918,133.20,49.00
919,133.20,49.00
920,133.20,49.00
921,133.20,49.00
922,133.20,48.00
923,133.20,48.00
924,133.20,48.00
925,133.20,47.00
926,133.20,47.00
927,133.20,47.00
928,134.20,46.00
929,134.20,46.00
930,134.20,45.00
931,134.20,45.00
932,134.20,45.00
933,134.20,45.00
934,134.20,45.00
935,134.20,44.00
936,134.20,44.00
937,134.20,44.00
938,134.20,44.00
939,134.20,44.00
940,134.20,43.00
941,134.20,43.00
942,134.20,43.00
943,134.20,43.00
944,134.20,43.00
945,134.20,42.00
946,134.20,42.00
947,135.20,42.00
948,135.20,42.00
949,135.20,42.00
950,135.20,42.00
951,135.20,42.00
952,136.20,42.00
953,136.20,42.00
954,136.20,42.00
955,136.20,42.00
956,136.20,42.00
957,136.20,42.00
958,137.20,42.00
959,137.20,42.00
960,137.20,42.00
961,137.20,42.00
962,137.20,41.00
963,137.20,41.00
964,137.20,41.00
965,137.20,41.00
966,138.20,41.00
967,138.20,41.00
968,138.20,41.00
969,138.20,41.00
970,138.20,41.00
971,139.20,41.00
972,139.20,41.00
973,139.20,41.00
974,139.20,41.00
975,139.20,41.00
976,140.20,41.00
977,140.20,41.00
978,140.20,41.00
979,140.20,41.00
980,140.20,41.00
981,140.20,41.00
982,141.20,41.00
983,141.20,41.00
984,141.20,41.00
985,141.20,41.00
986,141.20,41.00
987,142.20,41.00
988,142.20,41.00
989,142.20,41.00
990,142.20,41.00
991,142.20,41.00
992,143.20,41.00
993,143.20,41.00
994,143.20,41.00
995,143.20,41.00
996,143.20,41.00
997,144.20,41.00
998,144.20,41.00
999,144.20,41.00
1000,144.20,41.00
1001,144.20,41.00
1002,145.20,41.00
1003,145.20,41.00
1004,145.20,41.00
1005,145.20,41.00
1006,145.20,41.00
1007,146.20,41.00
1008,146.20,41.00
1009,146.20,41.00
1010,146.20,41.00
1011,146.20,41.00
1012,147.20,41.00
1013,147.20,41.00
1014,147.20,41.00
1015,147.20,41.00
1016,147.20,41.00
1017,147.20,41.00
1018,148.20,41.00
1019,148.20,41.00
1020,148.20,41.00
1021,148.20,41.00
1022,148.20,41.00
1023,149.20,41.00
1024,149.20,41.00
1025,149.20,41.00
1026,149.20,41.00
1027,149.20,41.00
1028,149.20,41.00
1029,150.20,41.00
1030,150.20,41.00
1031,150.20,41.00
1032,150.20,41.00
1033,150.20,41.00
1034,151.20,41.00
1035,151.20,41.00
1036,151.20,41.00
1037,151.20,41.00
1038,151.20,41.00
1039,152.20,41.00
1040,152.20,41.00
1041,152.20,41.00
1042,152.20,41.00
1043,152.20,42.00
1044,152.20,42.00
1045,153.20,42.00
1046,153.20,42.00
1047,153.20,42.00
1048,153.20,42.00
1049,153.20,42.00
1050,153.20,42.00
1051,154.20,42.00
1052,154.20,42.00
1053,154.20,42.00
1054,154.20,42.00
1055,154.20,42.00
1056,155.20,42.00
1057,155.20,42.00
1058,155.20,42.00
1059,155.20,42.00
1060,155.20,42.00
1061,155.20,42.00
1062,156.20,42.00
1063,156.20,42.00
1064,156.20,42.00
1065,156.20,42.00
1066,156.20,42.00
1067,157.20,42.00
1068,157.20,42.00
1069,157.20,42.00
1070,157.20,42.00
1071,157.20,42.00
1072,157.20,42.00
1073,158.20,42.00
1074,158.20,42.00
1075,158.20,42.00
1076,158.20,42.00
1077,158.20,43.00
1078,158.20,43.00
1079,158.20,43.00
1080,158.20,43.00
1081,158.20,43.00
1082,158.20,43.00
1083,158.20,43.00
1084,159.20,43.00
1085,159.20,44.00
1086,159.20,44.00
1087,159.20,44.00
1088,159.20,44.00
1089,159.20,44.00
1090,159.20,44.00
1091,159.20,45.00
1092,159.20,45.00
1093,159.20,45.00
1094,159.20,45.00
1095,159.20,45.00
1096,159.20,45.00
1097,159.20,46.00
1098,159.20,46.00
1099,160.20,46.00
1100,160.20,46.00
1101,160.20,47.00
1102,160.20,47.00
1103,160.20,47.00
1104,160.20,47.00
1105,160.20,47.00
1106,160.20,47.00
1107,160.20,47.00
1108,160.20,48.00
1109,160.20,48.00
1110,160.20,48.00
1111,160.20,48.00
1112,161.20,48.00
1113,161.20,48.00
1114,161.20,48.00
1115,161.20,49.00
1116,161.20,49.00
1117,161.20,49.00
1118,161.20,49.00
1119,161.20,49.00
1120,161.20,49.00
1121,161.20,50.00
1122,161.20,50.00
1123,161.20,50.00
1124,161.20,50.00
1125,161.20,50.00
1126,161.20,51.00
1127,161.20,51.00
1128,161.20,51.00
1129,161.20,51.00
1130,161.20,51.00
1131,161.20,51.00
1132,161.20,51.00
1133,162.20,51.00
1134,162.20,52.00
1135,162.20,52.00
1136,162.20,52.00
1137,162.20,52.00
1138,162.20,52.00
1139,162.20,52.00
1140,162.20,53.00
1141,162.20,53.00
1142,162.20,53.00
1143,162.20,53.00
1144,162.20,53.00
1145,162.20,54.00
1146,162.20,54.00
1147,162.20,54.00
1148,162.20,54.00
1149,162.20,54.00
1150,162.20,55.00
1151,162.20,55.00
1152,162.20,55.00
1153,162.20,55.00
1154,162.20,56.00
1155,162.20,56.00
1156,162.20,56.00
1157,162.20,56.00
1158,162.20,57.00
1159,162.20,57.00
1160,162.20,57.00
1161,162.20,58.00
1162,162.20,58.00
1163,162.20,58.00
1164,162.20,58.00
1165,162.20,58.00
1166,162.20,58.00
1167,162.20,59.00
1168,162.20,59.00
1169,162.20,59.00
1170,162.20,59.00
1171,162.20,59.00
1172,162.20,60.00
1173,162.20,60.00
1174,162.20,60.00
1175,162.20,60.00
1176,162.20,60.00
1177,162.20,61.00
1178,162.20,61.00
1179,162.20,61.00
1180,162.20,62.00
1181,162.20,62.00
1182,162.20,62.00
1183,162.20,63.00
1184,162.20,63.00
1185,162.20,63.00
1186,162.20,63.00
1187,162.20,64.00
1188,162.20,64.00
1189,162.20,64.00
1190,162.20,64.00
1191,162.20,64.00
1192,162.20,64.00
1193,162.20,65.00
1194,162.20,65.00
1195,162.20,65.00
1196,162.20,65.00
1197,162.20,66.00
1198,162.20,66.00
1199,162.20,66.00
1200,162.20,66.00
1201,162.20,66.00
1202,162.20,66.00
1203,163.20,67.00
1204,163.20,67.00
1205,163.20,67.00
1206,163.20,68.00
1207,163.20,68.00
1208,163.20,68.00
1209,163.20,69.00
1210,163.20,69.00
1211,163.20,69.00
1212,163.20,70.00
1213,163.20,70.00
1214,163.20,70.00
1215,163.20,70.00
1216,163.20,70.00
1217,164.20,70.00
1218,164.20,70.00
1219,164.20,71.00
1220,164.20,71.00
1221,164.20,71.00
1222,164.20,71.00
1223,164.20,71.00
1224,164.20,71.00
1225,164.20,72.00
1226,164.20,72.00
1227,164.20,72.00
1228,164.20,72.00
1229,164.20,73.00
1230,164.20,73.00
1231,164.20,73.00
1232,164.20,74.00
1233,164.20,74.00
1234,164.20,74.00
1235,165.20,75.00
1236,165.20,75.00
1237,165.20,76.00
1238,165.20,77.00
1239,165.20,77.00
1240,165.20,78.00
1241,165.20,78.00
1242,165.20,78.00
1243,165.20,78.00
1244,165.20,79.00
1245,165.20,79.00
1246,165.20,79.00
1247,165.20,79.00
1248,165.20,79.00
1249,165.20,80.00
1250,165.20,80.00
1251,165.20,80.00
1252,165.20,81.00
1253,165.20,81.00
1254,165.20,81.00
1255,165.20,81.00
1256,165.20,82.00
1257,165.20,82.00
1258,165.20,82.00
1259,165.20,82.00
1260,165.20,83.00
1261,165.20,83.00
1262,165.20,83.00
1263,165.20,83.00
1264,165.20,83.00
1265,165.20,84.00
1266,165.20,84.00
1267,165.20,84.00
1268,165.20,84.00
1269,165.20,84.00
1270,165.20,85.00
1271,165.20,85.00
1272,165.20,85.00
1273,165.20,85.00
1274,165.20,86.00
1275,165.20,86.00
1276,165.20,86.00
1277,165.20,86.00
1278,165.20,86.00
1279,165.20,87.00
1280,166.20,87.00
1281,166.20,87.00
1282,166.20,87.00
1283,166.20,87.00
1284,166.20,87.00
1285,166.20,88.00
1286,166.20,88.00
1287,166.20,88.00
1288,166.20,88.00
1289,166.20,89.00
1290,166.20,89.00
1291,166.20,90.00
1292,166.20,91.00
1293,166.20,91.00
1294,166.20,92.00
1295,166.20,92.00
1296,166.20,92.00
1297,166.20,93.00
1298,166.20,93.00
1299,166.20,93.00
1300,166.20,93.00
1301,166.20,94.00
1302,166.20,94.00
1303,166.20,94.00
1304,166.20,95.00
1305,166.20,95.00
1306,166.20,95.00
1307,166.20,95.00
1308,166.20,95.00
1309,166.20,96.00
1310,166.20,96.00
1311,166.20,96.00
1312,166.20,96.00
1313,166.20,97.00
1314,166.20,97.00
1315,167.20,97.00
1316,167.20,98.00
1317,167.20,98.00
1318,167.20,98.00
1319,167.20,99.00
1320,167.20,99.00
1321,167.20,99.00
1322,167.20,100.00
1323,167.20,100.00
1324,167.20,100.00
1325,167.20,101.00
1326,167.20,101.00
1327,167.20,101.00
1328,167.20,101.00
1329,167.20,102.00
1330,167.20,102.00
1331,167.20,102.00
1332,167.20,102.00
1333,167.20,103.00
1334,167.20,103.00
1335,167.20,104.00
1336,167.20,104.00
1337,167.20,104.00
1338,167.20,104.00
1339,167.20,105.00
1340,167.20,105.00
1341,167.20,105.00
1342,167.20,105.00
1343,167.20,106.00
1344,167.20,106.00
1345,167.20,107.00
1346,168.20,107.00
1347,168.20,107.00
1348,168.20,108.00
1349,168.20,108.00
1350,168.20,109.00
1351,168.20,109.00
1352,168.20,109.00
1353,168.20,110.00
1354,168.20,110.00
1355,168.20,111.00
1356,168.20,111.00
1357,168.20,111.00
1358,168.20,112.00
1359,168.20,112.00
1360,169.20,112.00
1361,169.20,113.00
1362,169.20,113.00
1363,169.20,113.00
1364,169.20,113.00
1365,169.20,113.00
1366,169.20,114.00
1367,169.20,114.00
1368,169.20,114.00
1369,169.20,114.00
1370,169.20,115.00
1371,169.20,115.00
1372,169.20,115.00
1373,169.20,115.00
1374,169.20,116.00
1375,169.20,116.00
1376,169.20,117.00
1377,169.20,117.00
1378,169.20,118.00
1379,169.20,118.00
1380,169.20,118.00
1381,169.20,118.00
1382,169.20,119.00
1383,169.20,119.00
1384,169.20,119.00
1385,169.20,119.00
1386,169.20,120.00
1387,169.20,120.00
1388,170.20,120.00
1389,170.20,120.00
1390,170.20,120.00
1391,170.20,120.00
1392,170.20,121.00
1393,170.20,121.00
1394,170.20,121.00
1395,170.20,121.00
1396,170.20,122.00
1397,170.20,122.00
1398,170.20,122.00
1399,170.20,123.00
1400,170.20,123.00
1401,170.20,123.00
1402,170.20,123.00
1403,170.20,124.00
1404,170.20,124.00
1405,170.20,124.00
1406,170.20,125.00
1407,170.20,126.00
1408,170.20,127.00
1409,170.20,128.00
1410,170.20,128.00
1411,170.20,129.00
1412,170.20,129.00
1413,170.20,130.00
1414,170.20,130.00
1415,170.20,130.00
1416,170.20,131.00
1417,170.20,131.00
1418,170.20,131.00
1419,170.20,132.00
1420,170.20,132.00
1421,170.20,132.00
1422,170.20,132.00
1423,170.20,132.00
1424,170.20,133.00
1425,170.20,133.00
1426,171.20,134.00
1427,171.20,134.00
1428,171.20,134.00
1429,171.20,135.00
1430,171.20,135.00
1431,171.20,135.00
1432,171.20,136.00
1433,171.20,137.00
1434,171.20,138.00
1435,171.20,139.00
1436,171.20,140.00
1437,171.20,140.00
1438,171.20,141.00
1439,171.20,141.00
1440,171.20,142.00
1441,172.20,143.00
1442,172.20,143.00
1443,172.20,144.00
1444,172.20,145.00
1445,172.20,145.00
1446,172.20,146.00
1447,172.20,147.00
1448,172.20,147.00
1449,172.20,148.00
1450,172.20,148.00
1451,172.20,148.00
1452,172.20,149.00
1453,172.20,149.00
1454,172.20,150.00
1455,172.20,150.00
1456,172.20,150.00
1457,172.20,151.00
1458,172.20,151.00
1459,172.20,151.00
1460,172.20,151.00
1461,172.20,152.00
1462,172.20,152.00
1463,172.20,152.00
1464,172.20,152.00
1465,172.20,153.00
1466,172.20,153.00
1467,172.20,153.00
1468,172.20,153.00
1469,172.20,154.00
1470,172.20,154.00
1471,172.20,154.00
1472,172.20,155.00
1473,172.20,155.00
1474,172.20,155.00
1475,172.20,156.00
1476,172.20,156.00
1477,172.20,157.00
1478,172.20,157.00
1479,172.20,157.00
1480,172.20,158.00
1481,172.20,158.00
1482,172.20,159.00
1483,172.20,159.00
1484,172.20,159.00
1485,172.20,160.00
1486,172.20,160.00
1487,172.20,160.00
1488,172.20,161.00
1489,172.20,161.00
1490,172.20,161.00
1491,173.20,161.00
1492,173.20,161.00
1493,173.20,162.00
1494,173.20,162.00
1495,173.20,163.00
1496,173.20,163.00
1497,173.20,164.00
1498,173.20,164.00
1499,173.20,165.00
1500,173.20,165.00
1501,173.20,166.00
1502,173.20,166.00
1503,173.20,166.00
1504,173.20,166.00
1505,173.20,167.00
1506,173.20,167.00
1507,173.20,168.00
1508,173.20,168.00
1509,173.20,168.00
1510,173.20,169.00
1511,173.20,169.00
1512,173.20,169.00
1513,173.20,169.00
1514,173.20,169.00
1515,173.20,170.00
1516,173.20,170.00
1517,173.20,171.00
1518,173.20,171.00
1519,173.20,172.00
1520,173.20,172.00
1521,173.20,173.00
1522,173.20,173.00
1523,173.20,173.00
1524,173.20,174.00
1525,173.20,174.00
1526,173.20,175.00
1527,173.20,175.00
1528,173.20,176.00
1529,173.20,176.00
1530,173.20,177.00
1531,173.20,177.00
1532,173.20,177.00
1533,173.20,178.00
1534,173.20,178.00
1535,173.20,179.00
1536,173.20,179.00
1537,173.20,179.00
1538,174.20,180.00
1539,174.20,180.00
1540,174.20,180.00
1541,174.20,180.00
1542,174.20,181.00
1543,174.20,181.00
1544,174.20,181.00
1545,174.20,182.00
1546,174.20,182.00
1547,174.20,182.00
1548,174.20,182.00
1549,174.20,183.00
1550,174.20,183.00
1551,174.20,183.00
1552,174.20,184.00
1553,174.20,184.00
1554,175.20,184.00
1555,175.20,184.00
1556,175.20,185.00
1557,175.20,185.00
1558,175.20,185.00
1559,175.20,185.00
1560,175.20,186.00
1561,175.20,186.00
1562,175.20,187.00
1563,175.20,187.00
1564,175.20,188.00
1565,175.20,188.00
1566,175.20,189.00
1567,175.20,189.00
1568,175.20,189.00
1569,175.20,190.00
1570,175.20,190.00
1571,175.20,190.00
1572,175.20,191.00
1573,175.20,191.00
1574,175.20,191.00
1575,175.20,191.00
1576,175.20,191.00
1577,175.20,192.00
1578,175.20,192.00
1579,175.20,192.00
1580,175.20,192.00
1581,175.20,192.00
1582,175.20,193.00
1583,175.20,193.00
1584,175.20,193.00
1585,175.20,193.00
1586,175.20,194.00
1587,175.20,194.00
1588,175.20,194.00
1589,175.20,194.00
1590,175.20,195.00
1591,175.20,195.00
1592,175.20,195.00
1593,175.20,195.00
1594,175.20,195.00
1595,175.20,196.00
1596,175.20,196.00
1597,175.20,197.00
1598,175.20,197.00
1599,175.20,197.00
1600,175.20,198.00
1601,175.20,198.00
1602,175.20,199.00
1603,175.20,199.00
1604,175.20,199.00
1605,175.20,200.00
1606,175.20,200.00
1607,175.20,200.00
1608,175.20,200.00
1609,175.20,200.00
1610,175.20,201.00
1611,175.20,202.00
1612,175.20,202.00
1613,175.20,202.00
1614,175.20,203.00
1615,175.20,203.00
1616,175.20,203.00
1617,175.20,203.00
1618,175.20,203.00
1619,175.20,204.00
1620,175.20,204.00
1621,175.20,204.00
1622,175.20,204.00
1623,175.20,205.00
1624,175.20,205.00
1625,176.20,205.00
1626,176.20,206.00
1627,176.20,206.00
1628,176.20,206.00
1629,176.20,206.00
1630,176.20,206.00
1631,176.20,207.00
1632,176.20,207.00
1633,176.20,207.00
1634,176.20,208.00
1635,176.20,208.00
1636,176.20,208.00
1637,176.20,209.00
1638,176.20,209.00
1639,176.20,209.00
1640,177.20,210.00
1641,177.20,210.00
1642,177.20,210.00
1643,177.20,210.00
1644,177.20,211.00
1645,177.20,211.00
1646,177.20,211.00
1647,177.20,212.00
1648,177.20,212.00
1649,178.20,212.00
1650,178.20,213.00
1651,178.20,213.00
1652,178.20,213.00
1653,178.20,214.00
1654,178.20,214.00
1655,178.20,214.00
1656,178.20,214.00
1657,178.20,215.00
1658,178.20,215.00
1659,178.20,215.00
1660,178.20,215.00
1661,178.20,216.00
1662,178.20,216.00
1663,178.20,217.00
1664,178.20,217.00
1665,178.20,218.00
1666,178.20,218.00
1667,178.20,219.00
1668,178.20,219.00
1669,178.20,219.00
1670,178.20,220.00
1671,178.20,220.00
1672,178.20,221.00
1673,178.20,221.00
1674,178.20,222.00
1675,178.20,222.00
1676,178.20,222.00
1677,178.20,223.00
1678,178.20,223.00
1679,178.20,223.00
1680,178.20,223.00
1681,178.20,224.00
1682,178.20,224.00
1683,178.20,224.00
1684,178.20,224.00
1685,178.20,225.00
1686,178.20,225.00
1687,178.20,225.00
1688,178.20,226.00
1689,178.20,226.00
1690,178.20,227.00
1691,178.20,227.00
1692,178.20,227.00
1693,178.20,228.00
1694,178.20,228.00
1695,178.20,228.00
1696,178.20,228.00
1697,178.20,229.00
1698,178.20,229.00
1699,178.20,230.00
1700,178.20,230.00
1701,178.20,230.00
1702,178.20,231.00
1703,178.20,231.00
1704,178.20,232.00
1705,178.20,232.00
1706,178.20,232.00
1707,178.20,232.00
1708,178.20,233.00
1709,178.20,233.00
1710,178.20,234.00
1711,178.20,234.00
1712,178.20,235.00
1713,178.20,235.00
1714,178.20,236.00
1715,178.20,236.00
1716,178.20,237.00
1717,178.20,237.00
1718,178.20,238.00
1719,179.20,238.00
1720,179.20,238.00
1721,179.20,239.00
1722,179.20,239.00
1723,179.20,239.00
1724,179.20,239.00
1725,179.20,241.00
1726,179.20,242.00
1727,179.20,242.00
1728,179.20,243.00
1729,179.20,243.00
1730,179.20,244.00
1731,179.20,244.00
1732,179.20,245.00
1733,179.20,245.00
1734,179.20,245.00
1735,179.20,246.00
1736,179.20,246.00
1737,179.20,246.00
1738,179.20,247.00
1739,179.20,247.00
1740,179.20,247.00
1741,179.20,247.00
1742,180.20,247.00
1743,180.20,247.00
1744,180.20,248.00
1745,180.20,248.00
1746,180.20,248.00
1747,180.20,248.00
1748,181.20,249.00
1749,181.20,249.00
1750,181.20,249.00
1751,181.20,250.00
1752,181.20,250.00
1753,181.20,251.00
1754,181.20,251.00
1755,181.20,251.00
1756,181.20,252.00
1757,181.20,252.00
1758,181.20,252.00
1759,181.20,252.00
1760,181.20,252.00
1761,181.20,253.00
1762,181.20,253.00
1763,181.20,253.00
1764,181.20,253.00
1765,181.20,253.00
1766,181.20,254.00
1767,181.20,254.00
1768,181.20,254.00
1769,181.20,255.00
1770,181.20,255.00
1771,181.20,256.00
1772,181.20,256.00
1773,181.20,256.00
1774,181.20,257.00
1775,182.20,257.00
1776,182.20,257.00
1777,182.20,258.00
1778,182.20,258.00
1779,182.20,258.00
1780,182.20,258.00
1781,182.20,258.00
1782,182.20,259.00
1783,182.20,259.00
1784,182.20,259.00
1785,182.20,260.00
1786,182.20,260.00
1787,182.20,260.00
1788,182.20,260.00
1789,182.20,261.00
1790,182.20,261.00
1791,182.20,262.00
1792,183.20,262.00
1793,183.20,262.00
1794,183.20,262.00
1795,183.20,263.00
1796,183.20,263.00
1797,183.20,263.00
1798,183.20,263.00
1799,183.20,263.00
1800,183.20,264.00
1801,183.20,264.00
1802,183.20,264.00
1803,183.20,264.00
1804,183.20,265.00
1805,183.20,266.00
1806,183.20,267.00
1807,183.20,268.00
1808,183.20,269.00
1809,183.20,269.00
1810,183.20,270.00
1811,183.20,271.00
1812,184.20,271.00
1813,184.20,272.00
1814,184.20,272.00
1815,184.20,272.00
1816,184.20,273.00
1817,184.20,273.00
1818,184.20,273.00
1819,184.20,274.00
1820,184.20,274.00
1821,184.20,274.00
1822,184.20,275.00
1823,184.20,275.00
1824,184.20,275.00
1825,184.20,276.00
1826,184.20,276.00
1827,184.20,276.00
1828,184.20,277.00
1829,184.20,277.00
1830,184.20,278.00
1831,185.20,278.00
1832,185.20,279.00
1833,185.20,279.00
1834,185.20,279.00
1835,185.20,280.00
1836,185.20,280.00
1837,185.20,281.00
1838,185.20,281.00
1839,185.20,282.00
1840,185.20,282.00
1841,185.20,283.00
1842,185.20,283.00
1843,185.20,283.00
1844,185.20,284.00
1845,185.20,284.00
1846,185.20,285.00
1847,185.20,285.00
1848,185.20,285.00
1849,185.20,286.00
1850,185.20,286.00
1851,185.20,286.00
1852,185.20,286.00
1853,185.20,286.00
1854,185.20,287.00
1855,185.20,287.00
1856,185.20,287.00
1857,185.20,288.00
1858,186.20,288.00
1859,186.20,289.00
1860,186.20,289.00
1861,186.20,290.00
1862,186.20,291.00
1863,186.20,291.00
1864,186.20,292.00
1865,186.20,292.00
1866,186.20,293.00
1867,187.20,293.00
1868,187.20,294.00
1869,187.20,294.00
1870,187.20,295.00
1871,187.20,295.00
1872,187.20,296.00
1873,187.20,296.00
1874,187.20,297.00
1875,187.20,297.00
1876,187.20,298.00
1877,187.20,298.00
1878,188.20,298.00
1879,188.20,298.00
1880,188.20,299.00
1881,188.20,299.00
1882,188.20,299.00
1883,188.20,299.00
1884,188.20,300.00
1885,188.20,300.00
1886,188.20,300.00
1887,188.20,301.00
1888,188.20,301.00
1889,188.20,302.00
1890,188.20,302.00
1891,188.20,302.00
1892,188.20,303.00
1893,188.20,303.00
1894,188.20,303.00
1895,188.20,303.00
1896,188.20,304.00
1897,188.20,304.00
1898,188.20,305.00
1899,188.20,305.00
1900,188.20,305.00
1901,188.20,305.00
1902,188.20,305.00
1903,188.20,306.00
1904,188.20,306.00
1905,188.20,306.00
1906,189.20,306.00
1907,189.20,307.00
1908,189.20,307.00
1909,189.20,308.00
1910,189.20,308.00
1911,189.20,308.00
1912,189.20,309.00
1913,189.20,309.00
1914,189.20,309.00
1915,189.20,309.00
1916,189.20,309.00
1917,189.20,310.00
1918,189.20,310.00
1919,189.20,310.00
1920,190.20,310.00
1921,190.20,311.00
1922,190.20,311.00
1923,190.20,311.00
1924,190.20,311.00
1925,190.20,311.00
1926,190.20,312.00
1927,190.20,312.00
1928,190.20,312.00
1929,190.20,313.00
1930,190.20,313.00
1931,190.20,314.00
1932,190.20,314.00
1933,190.20,315.00
1934,190.20,315.00
1935,191.20,316.00
1936,191.20,316.00
1937,191.20,316.00
1938,191.20,316.00
1939,191.20,317.00
1940,191.20,317.00
1941,191.20,318.00
1942,191.20,318.00
1943,191.20,318.00
1944,191.20,318.00
1945,191.20,319.00
1946,191.20,319.00
1947,191.20,319.00
1948,191.20,320.00
1949,192.20,320.00
1950,192.20,321.00
1951,192.20,321.00
1952,192.20,321.00
1953,192.20,322.00
1954,192.20,322.00
1955,192.20,322.00
1956,192.20,323.00
1957,192.20,323.00
1958,192.20,323.00
1959,193.20,323.00
1960,193.20,324.00
1961,193.20,324.00
1962,193.20,324.00
1963,193.20,324.00
1964,193.20,325.00
1965,193.20,325.00
1966,193.20,325.00
1967,193.20,325.00
1968,193.20,325.00
1969,194.20,325.00
1970,194.20,326.00
1971,194.20,326.00
1972,194.20,326.00
1973,194.20,326.00
1974,194.20,326.00
1975,194.20,326.00
1976,194.20,326.00
1977,194.20,327.00
1978,194.20,327.00
1979,194.20,327.00
1980,194.20,327.00
1981,194.20,327.00
1982,194.20,327.00
1983,195.20,327.00
1984,195.20,328.00
1985,195.20,328.00
1986,195.20,328.00
1987,195.20,328.00
1988,195.20,328.00
1989,195.20,328.00
1990,195.20,328.00
1991,195.20,328.00
1992,195.20,329.00
1993,196.20,329.00
1994,196.20,329.00
1995,196.20,329.00
1996,196.20,329.00
1997,196.20,329.00
1998,196.20,330.00
1999,196.20,330.00
2000,196.20,330.00
2001,197.20,330.00
2002,197.20,330.00
2003,197.20,330.00
2004,197.20,330.00
2005,197.20,330.00
2006,197.20,331.00
2007,197.20,331.00
2008,197.20,331.00
2009,197.20,331.00
2010,197.20,331.00
2011,198.20,331.00
2012,198.20,331.00
2013,198.20,331.00
2014,198.20,331.00
2015,198.20,331.00
2016,198.20,331.00
2017,198.20,332.00
2018,198.20,332.00
2019,198.20,332.00
2020,198.20,332.00
2021,198.20,332.00
2022,199.20,332.00
2023,199.20,332.00
2024,199.20,332.00
2025,199.20,332.00
2026,199.20,332.00
2027,200.20,332.00
2028,200.20,332.00
2029,200.20,332.00
2030,200.20,332.00
2031,200.20,332.00
2032,200.20,332.00
2033,201.20,332.00
2034,201.20,332.00
2035,201.20,332.00
2036,201.20,332.00
2037,201.20,332.00
2038,201.20,332.00
2039,201.20,332.00
2040,201.20,331.00
2041,202.20,331.00
2042,202.20,331.00
2043,202.20,331.00
2044,202.20,331.00
2045,202.20,331.00
2046,202.20,331.00
2047,202.20,330.00
2048,202.20,330.00
2049,202.20,330.00
2050,202.20,330.00
2051,203.20,330.00
2052,203.20,330.00
2053,203.20,330.00
2054,203.20,329.00
2055,203.20,329.00
2056,203.20,329.00
2057,203.20,329.00
2058,203.20,329.00
2059,203.20,329.00
2060,203.20,328.00
2061,204.20,328.00
2062,204.20,328.00
2063,204.20,328.00
2064,204.20,328.00
2065,204.20,328.00
2066,204.20,328.00
2067,204.20,328.00
2068,204.20,327.00
2069,204.20,327.00
2070,204.20,327.00
2071,204.20,327.00
2072,204.20,327.00
2073,204.20,327.00
2074,204.20,326.00
2075,205.20,326.00
2076,205.20,326.00
2077,205.20,326.00
2078,205.20,325.00
2079,205.20,325.00
2080,206.20,325.00
2081,206.20,325.00
2082,206.20,324.00
2083,206.20,324.00
2084,206.20,324.00
2085,206.20,324.00
2086,206.20,324.00
2087,207.20,324.00
2088,207.20,324.00
2089,207.20,324.00
2090,207.20,323.00
2091,207.20,323.00
2092,207.20,323.00
2093,207.20,323.00
2094,208.20,322.00
2095,208.20,322.00
2096,208.20,322.00
2097,208.20,322.00
2098,208.20,321.00
2099,208.20,321.00
2100,208.20,321.00
2101,208.20,321.00
2102,208.20,320.00
2103,208.20,320.00
2104,208.20,320.00
2105,209.20,320.00
2106,209.20,320.00
2107,209.20,320.00
2108,209.20,319.00
2109,209.20,319.00
2110,209.20,319.00
2111,209.20,319.00
2112,209.20,319.00
2113,209.20,318.00
2114,209.20,318.00
2115,210.20,318.00
2116,210.20,318.00
2117,210.20,318.00
2118,210.20,317.00
2119,210.20,317.00
2120,210.20,317.00
2121,210.20,316.00
2122,210.20,316.00
2123,210.20,316.00
2124,210.20,315.00
2125,210.20,315.00
2126,211.20,315.00
2127,211.20,315.00
2128,211.20,315.00
2129,211.20,315.00
2130,211.20,314.00
2131,211.20,314.00
2132,211.20,313.00
2133,211.20,313.00
2134,212.20,312.00
2135,212.20,312.00
2136,212.20,311.00
2137,212.20,311.00
2138,213.20,310.00
2139,213.20,310.00
2140,213.20,310.00
2141,213.20,310.00
2142,213.20,310.00
2143,213.20,310.00
2144,213.20,309.00
2145,213.20,309.00
2146,213.20,309.00
2147,213.20,309.00
2148,213.20,309.00
2149,213.20,308.00
2150,213.20,308.00
2151,213.20,308.00
2152,213.20,308.00
2153,213.20,308.00
2154,213.20,307.00
2155,213.20,307.00
2156,213.20,306.00
2157,214.20,306.00
2158,214.20,306.00
2159,214.20,305.00
2160,214.20,305.00
2161,214.20,305.00
2162,214.20,304.00
2163,215.20,304.00
2164,215.20,304.00
2165,215.20,304.00
2166,215.20,303.00
2167,215.20,303.00
2168,215.20,302.00
2169,216.20,302.00
2170,216.20,302.00
2171,216.20,302.00
2172,216.20,301.00
2173,216.20,301.00
2174,216.20,301.00
2175,216.20,301.00
2176,216.20,301.00
2177,217.20,301.00
2178,217.20,300.00
2179,217.20,300.00
2180,217.20,300.00
2181,217.20,300.00
2182,217.20,300.00
2183,217.20,299.00
2184,217.20,299.00
2185,217.20,299.00
2186,218.20,299.00
2187,218.20,299.00
2188,218.20,298.00
2189,218.20,298.00
2190,218.20,298.00
2191,218.20,298.00
2192,218.20,297.00
2193,218.20,297.00
2194,218.20,297.00
2195,218.20,297.00
2196,218.20,297.00
2197,218.20,296.00
2198,218.20,296.00
2199,218.20,296.00
2200,218.20,296.00
2201,218.20,296.00
2202,219.20,295.00
2203,219.20,295.00
2204,219.20,294.00
2205,219.20,294.00
2206,219.20,294.00
2207,219.20,294.00
2208,219.20,293.00
2209,219.20,293.00
2210,219.20,293.00
2211,219.20,293.00
2212,219.20,292.00
2213,219.20,292.00
2214,219.20,292.00
2215,220.20,292.00
2216,220.20,291.00
2217,220.20,291.00
2218,220.20,291.00
2219,220.20,291.00
2220,220.20,290.00
2221,220.20,290.00
2222,220.20,290.00
2223,220.20,289.00
2224,221.20,289.00
2225,221.20,288.00
2226,221.20,288.00
2227,221.20,288.00
2228,221.20,288.00
2229,221.20,287.00
2230,222.20,287.00
2231,222.20,287.00
2232,222.20,287.00
2233,222.20,287.00
2234,222.20,286.00
2235,222.20,286.00
2236,222.20,286.00
2237,222.20,286.00
2238,222.20,286.00
2239,222.20,286.00
2240,223.20,285.00
2241,223.20,285.00
2242,223.20,285.00
2243,223.20,285.00
2244,223.20,284.00
2245,223.20,284.00
2246,223.20,284.00
2247,223.20,284.00
2248,223.20,284.00
2249,223.20,283.00
2250,223.20,283.00
2251,223.20,283.00
2252,224.20,283.00
2253,224.20,283.00
2254,224.20,282.00
2255,224.20,282.00
2256,224.20,282.00
2257,224.20,282.00
2258,224.20,282.00
2259,224.20,281.00
2260,224.20,281.00
2261,224.20,280.00
2262,224.20,280.00
2263,224.20,280.00
2264,225.20,280.00
2265,225.20,280.00
2266,225.20,279.00
2267,225.20,279.00
2268,225.20,279.00
2269,225.20,279.00
2270,225.20,279.00
2271,225.20,279.00
2272,225.20,279.00
2273,225.20,278.00
2274,225.20,278.00
2275,225.20,278.00
2276,225.20,278.00
2277,225.20,278.00
2278,225.20,278.00
2279,225.20,277.00
2280,225.20,277.00
2281,225.20,277.00
2282,225.20,277.00
2283,225.20,276.00
2284,226.20,276.00
2285,226.20,276.00
2286,226.20,276.00
2287,226.20,276.00
2288,226.20,276.00
2289,226.20,275.00
2290,226.20,275.00
2291,226.20,275.00
2292,226.20,275.00
2293,226.20,275.00
2294,227.20,274.00
2295,227.20,274.00
2296,227.20,274.00
2297,227.20,274.00
2298,227.20,274.00
2299,227.20,274.00
2300,227.20,273.00
2301,227.20,273.00
2302,227.20,273.00
2303,227.20,273.00
2304,228.20,273.00
2305,228.20,272.00
2306,228.20,272.00
2307,228.20,272.00
2308,228.20,272.00
2309,228.20,272.00
2310,228.20,272.00
2311,228.20,272.00
2312,229.20,271.00
2313,229.20,271.00
2314,229.20,271.00
2315,229.20,271.00
2316,229.20,271.00
2317,229.20,271.00
2318,230.20,271.00
2319,230.20,271.00
2320,230.20,271.00
2321,230.20,271.00
2322,230.20,271.00
2323,231.20,271.00
2324,231.20,271.00
2325,231.20,271.00
2326,231.20,270.00
2327,231.20,270.00
2328,232.20,270.00
2329,232.20,270.00
2330,232.20,270.00
2331,232.20,270.00
2332,233.20,270.00
2333,233.20,270.00
2334,233.20,270.00
2335,233.20,269.00
2336,233.20,269.00
2337,233.20,269.00
2338,234.20,269.00
2339,234.20,269.00
2340,234.20,269.00
2341,234.20,269.00
2342,235.20,269.00
2343,235.20,269.00
2344,235.20,269.00
2345,235.20,269.00
2346,235.20,269.00
2347,236.20,268.00
2348,236.20,268.00
2349,236.20,268.00
2350,237.20,268.00
2351,237.20,268.00
2352,237.20,268.00
2353,237.20,267.00
2354,238.20,267.00
2355,238.20,267.00
2356,238.20,267.00
2357,238.20,267.00
2358,238.20,267.00
2359,238.20,267.00
2360,238.20,267.00
2361,239.20,267.00
2362,239.20,267.00
2363,239.20,267.00
2364,239.20,267.00
2365,239.20,266.00
2366,240.20,266.00
2367,240.20,266.00
2368,240.20,266.00
2369,240.20,266.00
2370,241.20,266.00
2371,241.20,266.00
2372,241.20,265.00
2373,241.20,265.00
2374,241.20,265.00
2375,242.20,265.00
2376,242.20,265.00
2377,242.20,265.00
2378,242.20,265.00
2379,242.20,265.00
2380,242.20,265.00
2381,243.20,264.00
2382,243.20,264.00
2383,243.20,264.00
2384,243.20,264.00
2385,243.20,264.00
2386,243.20,264.00
2387,244.20,264.00
2388,244.20,264.00
2389,244.20,264.00
2390,244.20,264.00
2391,244.20,264.00
2392,244.20,263.00
2393,244.20,263.00
2394,244.20,263.00
2395,245.20,263.00
2396,245.20,263.00
2397,245.20,263.00
2398,245.20,263.00
2399,245.20,263.00
2400,245.20,262.00
2401,245.20,262.00
2402,245.20,262.00
2403,245.20,262.00
2404,245.20,262.00
2405,245.20,262.00
2406,246.20,262.00
2407,246.20,261.00
2408,246.20,261.00
2409,246.20,261.00
2410,246.20,261.00
2411,246.20,261.00
2412,246.20,261.00
2413,246.20,261.00
2414,246.20,260.00
2415,246.20,260.00
2416,247.20,260.00
2417,247.20,260.00
2418,247.20,259.00
2419,247.20,258.00
2420,247.20,258.00
2421,247.20,257.00
2422,248.20,257.00
2423,248.20,257.00
2424,248.20,257.00
2425,248.20,256.00
2426,248.20,256.00
2427,248.20,255.00
2428,248.20,255.00
2429,249.20,254.00
2430,249.20,254.00
2431,249.20,254.00
2432,249.20,253.00
2433,249.20,253.00
2434,249.20,253.00
2435,249.20,253.00
2436,250.20,253.00
2437,250.20,252.00
2438,250.20,252.00
2439,250.20,252.00
2440,250.20,252.00
2441,250.20,252.00
2442,250.20,252.00
2443,250.20,251.00
2444,251.20,251.00
2445,251.20,251.00
2446,251.20,251.00
2447,251.20,251.00
2448,251.20,251.00
2449,251.20,251.00
2450,251.20,250.00
2451,252.20,250.00
2452,252.20,250.00
2453,252.20,249.00
2454,252.20,249.00
2455,253.20,249.00
2456,253.20,249.00
2457,253.20,248.00
2458,253.20,248.00
2459,253.20,248.00
2460,253.20,248.00
2461,253.20,247.00
2462,254.20,247.00
2463,254.20,247.00
2464,254.20,246.00
2465,254.20,246.00
2466,254.20,246.00
2467,254.20,245.00
2468,254.20,245.00
2469,255.20,244.00
2470,255.20,244.00
2471,255.20,243.00
2472,255.20,243.00
2473,256.20,243.00
2474,256.20,242.00
2475,256.20,242.00
2476,256.20,242.00
2477,256.20,241.00
2478,256.20,241.00
2479,256.20,241.00
2480,256.20,240.00
2481,256.20,240.00
2482,257.20,240.00
2483,257.20,239.00
2484,257.20,239.00
2485,257.20,239.00
2486,257.20,238.00
2487,257.20,238.00
2488,257.20,238.00
2489,257.20,237.00
2490,258.20,237.00
2491,258.20,236.00
2492,258.20,236.00
2493,258.20,235.00
2494,258.20,235.00
2495,259.20,234.00
2496,259.20,233.00
2497,259.20,232.00
2498,259.20,231.00
2499,260.20,230.00
2500,260.20,230.00
2501,260.20,230.00
2502,260.20,230.00
2503,260.20,229.00
2504,260.20,229.00
2505,260.20,229.00
2506,260.20,229.00
2507,260.20,229.00
2508,260.20,228.00
2509,260.20,228.00
2510,260.20,228.00
2511,260.20,228.00
2512,260.20,228.00
2513,260.20,227.00
2514,260.20,227.00
2515,260.20,227.00
2516,260.20,227.00
2517,260.20,227.00
2518,260.20,226.00
2519,260.20,226.00
2520,260.20,226.00
2521,260.20,226.00
2522,260.20,226.00
2523,260.20,225.00
2524,260.20,225.00
2525,260.20,225.00
2526,260.20,225.00
2527,260.20,225.00
2528,260.20,224.00
2529,260.20,224.00
2530,260.20,224.00
2531,260.20,223.00
2532,260.20,223.00
2533,260.20,223.00
2534,260.20,222.00
2535,260.20,222.00
2536,260.20,222.00
2537,260.20,221.00
2538,260.20,221.00
2539,260.20,221.00
2540,260.20,220.00
2541,260.20,220.00
2542,260.20,220.00
2543,260.20,220.00
2544,260.20,219.00
2545,260.20,219.00
2546,260.20,219.00
2547,260.20,219.00
2548,260.20,219.00
2549,260.20,218.00
2550,260.20,218.00
2551,260.20,218.00
2552,260.20,218.00
2553,260.20,217.00
2554,260.20,217.00
2555,260.20,217.00
2556,260.20,216.00
2557,260.20,215.00
2558,260.20,214.00
2559,260.20,214.00
2560,260.20,213.00
2561,260.20,213.00
2562,260.20,213.00
2563,260.20,213.00
2564,260.20,213.00
2565,260.20,212.00
2566,261.20,212.00
2567,261.20,211.00
2568,261.20,211.00
2569,261.20,210.00
2570,261.20,210.00
2571,261.20,210.00
2572,261.20,210.00
2573,261.20,209.00
2574,261.20,209.00
2575,261.20,209.00
2576,261.20,209.00
2577,261.20,209.00
2578,261.20,209.00
2579,261.20,208.00
2580,261.20,208.00
2581,261.20,208.00
2582,261.20,208.00
2583,261.20,207.00
2584,261.20,207.00
2585,261.20,206.00
2586,261.20,206.00
2587,261.20,206.00
2588,262.20,205.00
2589,262.20,205.00
2590,262.20,204.00
2591,262.20,204.00
2592,262.20,203.00
2593,262.20,203.00
2594,262.20,203.00
2595,262.20,202.00
2596,262.20,202.00
2597,262.20,202.00
2598,262.20,202.00
2599,262.20,201.00
2600,263.20,201.00
2601,263.20,201.00
2602,263.20,201.00
2603,263.20,201.00
2604,263.20,200.00
2605,263.20,200.00
2606,263.20,199.00
2607,263.20,199.00
2608,263.20,199.00
2609,263.20,199.00
2610,263.20,198.00
2611,263.20,197.00
2612,263.20,196.00
2613,264.20,195.00
2614,264.20,195.00
2615,264.20,195.00
2616,264.20,195.00
2617,264.20,195.00
2618,264.20,194.00
2619,264.20,194.00
2620,264.20,194.00
2621,264.20,194.00
2622,264.20,193.00
2623,264.20,193.00
2624,264.20,193.00
2625,264.20,193.00
2626,264.20,192.00
2627,264.20,192.00
2628,264.20,192.00
2629,264.20,191.00
2630,264.20,191.00
2631,264.20,191.00
2632,264.20,190.00
2633,264.20,190.00
2634,264.20,190.00
2635,264.20,190.00
2636,264.20,189.00
2637,264.20,189.00
2638,264.20,189.00
2639,264.20,188.00
2640,264.20,188.00
2641,264.20,188.00
2642,264.20,188.00
2643,264.20,188.00
2644,264.20,187.00
2645,264.20,187.00
2646,264.20,187.00
2647,264.20,187.00
2648,265.20,187.00
2649,265.20,186.00
2650,265.20,186.00
2651,265.20,186.00
2652,265.20,186.00
2653,265.20,186.00
2654,265.20,185.00
2655,265.20,185.00
2656,265.20,185.00
2657,265.20,185.00
2658,265.20,184.00
2659,265.20,184.00
2660,265.20,184.00
2661,265.20,184.00
2662,265.20,184.00
2663,265.20,184.00
2664,265.20,183.00
2665,265.20,183.00
2666,265.20,183.00
2667,265.20,182.00
2668,265.20,182.00
2669,265.20,181.00
2670,265.20,181.00
2671,265.20,181.00
2672,265.20,180.00
2673,265.20,180.00
2674,265.20,180.00
2675,265.20,180.00
2676,265.20,179.00
2677,265.20,179.00
2678,265.20,179.00
2679,265.20,178.00
2680,265.20,178.00
2681,265.20,178.00
2682,265.20,177.00
2683,266.20,176.00
2684,266.20,176.00
2685,266.20,176.00
2686,266.20,175.00
2687,266.20,175.00
2688,266.20,175.00
2689,266.20,174.00
2690,266.20,173.00
2691,266.20,173.00
2692,266.20,173.00
2693,266.20,172.00
2694,266.20,172.00
2695,266.20,172.00
2696,267.20,172.00
2697,267.20,171.00
2698,267.20,171.00
2699,267.20,171.00
2700,267.20,171.00
2701,267.20,170.00
2702,267.20,170.00
2703,267.20,170.00
2704,267.20,169.00
2705,267.20,169.00
2706,267.20,169.00
2707,267.20,169.00
2708,267.20,169.00
2709,267.20,168.00
2710,267.20,168.00
2711,267.20,167.00
2712,267.20,167.00
2713,267.20,167.00
2714,267.20,167.00
2715,267.20,166.00
2716,267.20,166.00
2717,267.20,165.00
2718,267.20,165.00
2719,267.20,165.00
2720,267.20,165.00
2721,267.20,164.00
2722,267.20,164.00
2723,267.20,163.00
2724,267.20,163.00
2725,268.20,162.00
2726,268.20,162.00
2727,268.20,161.00
2728,268.20,160.00
2729,268.20,160.00
2730,268.20,159.00
2731,268.20,159.00
2732,268.20,158.00
2733,268.20,158.00
2734,268.20,157.00
2735,268.20,157.00
2736,268.20,157.00
2737,268.20,156.00
2738,268.20,156.00
2739,268.20,156.00
2740,268.20,155.00
2741,269.20,155.00
2742,269.20,155.00
2743,269.20,155.00
2744,269.20,154.00
2745,269.20,154.00
2746,269.20,154.00
2747,269.20,153.00
2748,269.20,153.00
2749,269.20,152.00
2750,269.20,152.00
2751,269.20,152.00
2752,269.20,152.00
2753,269.20,151.00
2754,269.20,151.00
2755,269.20,151.00
2756,269.20,151.00
2757,269.20,151.00
2758,269.20,151.00
2759,269.20,150.00
2760,269.20,149.00
2761,269.20,148.00
2762,269.20,146.00
2763,269.20,145.00
2764,269.20,144.00
2765,269.20,144.00
2766,269.20,144.00
2767,269.20,143.00
2768,269.20,143.00
2769,269.20,143.00
2770,269.20,142.00
2771,269.20,142.00
2772,269.20,141.00
2773,269.20,141.00
2774,269.20,140.00
2775,269.20,140.00
2776,269.20,139.00
2777,269.20,138.00
2778,269.20,138.00
2779,269.20,138.00
2780,269.20,137.00
2781,269.20,137.00
2782,269.20,137.00
2783,269.20,136.00
2784,269.20,135.00
2785,269.20,134.00
2786,269.20,134.00
2787,269.20,133.00
2788,269.20,133.00
2789,269.20,133.00
2790,270.20,132.00
2791,270.20,132.00
2792,270.20,131.00
2793,270.20,130.00
2794,270.20,129.00
2795,270.20,129.00
2796,270.20,128.00
2797,270.20,128.00
2798,270.20,128.00
2799,271.20,127.00
2800,271.20,127.00
2801,271.20,126.00
2802,271.20,126.00
2803,271.20,126.00
2804,271.20,126.00
2805,271.20,125.00
2806,271.20,125.00
2807,271.20,124.00
2808,271.20,124.00
2809,271.20,124.00
2810,271.20,123.00
2811,271.20,123.00
2812,271.20,123.00
2813,271.20,122.00
2814,271.20,122.00
2815,271.20,122.00
2816,271.20,122.00
2817,271.20,121.00
2818,271.20,121.00
2819,271.20,121.00
2820,271.20,120.00
2821,271.20,120.00
2822,271.20,120.00
2823,271.20,120.00
2824,271.20,119.00
2825,272.20,118.00
2826,272.20,117.00
2827,272.20,117.00
2828,272.20,116.00
2829,272.20,116.00
2830,272.20,115.00
2831,272.20,115.00
2832,272.20,115.00
2833,272.20,115.00
2834,272.20,115.00
2835,272.20,114.00
2836,272.20,114.00
2837,272.20,113.00
2838,272.20,111.00
2839,272.20,110.00
2840,273.20,109.00
2841,273.20,109.00
2842,273.20,108.00
2843,273.20,108.00
2844,273.20,107.00
2845,273.20,107.00
2846,273.20,105.00
2847,274.20,105.00
2848,274.20,105.00
2849,274.20,105.00
2850,274.20,104.00
2851,274.20,104.00
2852,274.20,103.00
2853,274.20,102.00
2854,274.20,101.00
2855,274.20,101.00
2856,274.20,101.00
2857,274.20,100.00
2858,274.20,100.00
2859,274.20,99.00
2860,274.20,98.00
2861,274.20,98.00
2862,274.20,97.00
2863,274.20,97.00
2864,274.20,97.00
2865,274.20,97.00
2866,274.20,96.00
2867,274.20,96.00
2868,274.20,95.00
2869,274.20,95.00
2870,274.20,95.00
2871,274.20,94.00
2872,274.20,94.00
2873,274.20,94.00
2874,275.20,93.00
2875,275.20,93.00
2876,275.20,93.00
2877,275.20,92.00
2878,275.20,92.00
2879,275.20,91.00
2880,275.20,91.00
2881,275.20,91.00
2882,275.20,90.00
2883,275.20,90.00
2884,276.20,89.00
2885,276.20,89.00
2886,276.20,89.00
2887,276.20,89.00
2888,276.20,88.00
2889,276.20,88.00
2890,276.20,88.00
2891,276.20,88.00
2892,276.20,87.00
2893,276.20,87.00
2894,276.20,86.00
2895,276.20,86.00
2896,276.20,86.00
2897,276.20,86.00
2898,276.20,85.00
2899,276.20,85.00
2900,276.20,84.00
2901,276.20,84.00
2902,276.20,84.00
2903,276.20,84.00
2904,276.20,84.00
2905,276.20,83.00
2906,276.20,83.00
2907,276.20,83.00
2908,276.20,83.00
2909,276.20,83.00
2910,276.20,81.00
2911,276.20,79.00
2912,277.20,77.00
2913,277.20,76.00
2914,277.20,76.00
2915,277.20,75.00
2916,277.20,75.00
2917,277.20,74.00
2918,277.20,74.00
2919,278.20,73.00
2920,278.20,73.00
2921,278.20,73.00
2922,278.20,72.00
2923,278.20,71.00
2924,278.20,71.00
2925,278.20,71.00
2926,278.20,71.00
2927,278.20,70.00
2928,278.20,70.00
2929,278.20,69.00
2930,278.20,68.00
2931,278.20,68.00
2932,278.20,68.00
2933,278.20,67.00
2934,278.20,67.00
2935,278.20,66.00
2936,279.20,65.00
2937,279.20,65.00
2938,279.20,65.00
2939,279.20,64.00
2940,279.20,64.00
2941,279.20,64.00
2942,279.20,64.00
2943,279.20,63.00
2944,279.20,63.00
2945,279.20,62.00
2946,279.20,62.00
2947,279.20,62.00
2948,280.20,61.00
2949,280.20,61.00
2950,280.20,61.00
2951,280.20,61.00
2952,280.20,60.00
2953,280.20,60.00
2954,280.20,59.00
2955,280.20,59.00
2956,280.20,58.00
2957,280.20,58.00
2958,280.20,58.00
2959,280.20,57.00
2960,280.20,57.00
2961,280.20,56.00
2962,280.20,56.00
2963,280.20,56.00
2964,280.20,55.00
2965,280.20,55.00
2966,280.20,55.00
2967,280.20,55.00
2968,280.20,54.00
2969,280.20,54.00
2970,280.20,53.00
2971,280.20,53.00
2972,280.20,53.00
2973,280.20,53.00
2974,280.20,53.00
2975,280.20,52.00
2976,280.20,52.00
2977,280.20,52.00
2978,280.20,52.00
2979,280.20,52.00
2980,280.20,51.00
2981,280.20,51.00
2982,280.20,51.00
2983,280.20,51.00
2984,280.20,51.00
2985,280.20,50.00
2986,280.20,50.00
2987,280.20,50.00
2988,280.20,50.00
2989,280.20,49.00
2990,280.20,49.00
2991,280.20,49.00
2992,280.20,49.00
2993,280.20,48.00
2994,280.20,48.00
2995,280.20,48.00
2996,280.20,48.00
2997,280.20,48.00
2998,280.20,47.00
2999,280.20,47.00
3000,280.20,47.00
3001,280.20,47.00
3002,280.20,47.00
3003,280.20,46.00
3004,280.20,46.00
3005,280.20,46.00
3006,280.20,45.00
3007,280.20,45.00
3008,281.20,45.00
3009,281.20,45.00
3010,281.20,44.00
3011,281.20,44.00
3012,281.20,44.00
3013,281.20,44.00
3014,281.20,43.00
3015,281.20,43.00
3016,281.20,43.00
3017,281.20,43.00
3018,281.20,43.00
3019,281.20,42.00
3020,281.20,42.00
3021,281.20,42.00
3022,281.20,42.00
3023,281.20,42.00
3024,282.20,42.00
3025,282.20,42.00
3026,282.20,42.00
3027,282.20,42.00
3028,282.20,42.00
3029,283.20,42.00
3030,283.20,42.00
3031,283.20,42.00
3032,283.20,42.00
3033,283.20,42.00
3034,284.20,42.00
3035,284.20,42.00
3036,284.20,42.00
3037,284.20,42.00
3038,284.20,42.00
3039,284.20,42.00
3040,284.20,42.00
3041,285.20,42.00
3042,285.20,42.00
3043,285.20,42.00
3044,285.20,42.00
3045,285.20,42.00
3046,286.20,42.00
3047,286.20,42.00
3048,286.20,42.00
3049,286.20,42.00
3050,286.20,41.00
3051,287.20,41.00
3052,287.20,41.00
3053,287.20,41.00
3054,287.20,41.00
3055,287.20,41.00
3056,288.20,41.00
3057,288.20,41.00
3058,288.20,41.00
3059,289.20,41.00
3060,289.20,41.00
3061,289.20,41.00
3062,290.20,41.00
3063,290.20,41.00
3064,290.20,41.00
3065,290.20,41.00
3066,291.20,41.00
3067,291.20,41.00
3068,291.20,41.00
3069,291.20,41.00
3070,291.20,41.00
3071,291.20,41.00
3072,292.20,41.00
3073,292.20,41.00
3074,292.20,41.00
3075,292.20,41.00
3076,293.20,41.00
3077,293.20,41.00
3078,293.20,41.00
3079,293.20,41.00
3080,293.20,41.00
3081,294.20,41.00
3082,294.20,41.00
3083,294.20,41.00
3084,294.20,41.00
3085,295.20,41.00
3086,295.20,41.00
3087,295.20,41.00
3088,296.20,41.00
3089,296.20,41.00
3090,296.20,41.00
3091,296.20,41.00
3092,297.20,41.00
3093,297.20,41.00
3094,297.20,41.00
3095,297.20,41.00
3096,297.20,41.00
3097,298.20,41.00
3098,298.20,41.00
3099,298.20,41.00
3100,298.20,41.00
3101,299.20,41.00
3102,299.20,41.00
3103,299.20,41.00
3104,299.20,41.00
3105,300.20,41.00
3106,300.20,41.00
3107,300.20,41.00
3108,300.20,41.00
3109,301.20,41.00
3110,301.20,41.00
3111,301.20,41.00
3112,301.20,41.00
3113,301.20,41.00
3114,302.20,41.00
3115,302.20,41.00
3116,302.20,41.00
3117,302.20,41.00
3118,302.20,41.00
3119,303.20,41.00
3120,303.20,41.00
3121,303.20,41.00
3122,303.20,41.00
3123,303.20,41.00
3124,304.20,41.00
3125,304.20,41.00
3126,304.20,41.00
3127,304.20,41.00
3128,304.20,41.00
3129,304.20,41.00
3130,305.20,41.00
3131,305.20,41.00
3132,305.20,41.00
3133,305.20,41.00
3134,305.20,41.00
3135,306.20,41.00
3136,306.20,41.00
3137,306.20,41.00
3138,306.20,41.00
3139,306.20,41.00
3140,306.20,41.00
3141,306.20,41.00
3142,306.20,41.00
3143,306.20,41.00
3144,306.20,41.00
3145,306.20,41.00
3146,306.20,42.00
3147,307.20,42.00
3148,307.20,42.00
3149,307.20,42.00
3150,307.20,42.00
3151,307.20,42.00
3152,307.20,42.00
3153,307.20,42.00
3154,307.20,42.00
3155,308.20,42.00
3156,308.20,42.00
3157,308.20,42.00
3158,308.20,43.00
3159,308.20,43.00
3160,308.20,43.00
3161,308.20,43.00
3162,308.20,43.00
3163,308.20,44.00
3164,308.20,44.00
3165,308.20,44.00
3166,308.20,44.00
3167,308.20,44.00
3168,308.20,45.00
3169,308.20,45.00
3170,308.20,45.00
3171,308.20,45.00
3172,308.20,46.00
3173,308.20,46.00
3174,308.20,46.00
3175,309.20,47.00
3176,309.20,47.00
3177,309.20,47.00
3178,309.20,47.00
3179,309.20,47.00
3180,309.20,47.00
3181,309.20,48.00
3182,309.20,48.00
3183,309.20,49.00
3184,309.20,49.00
3185,309.20,49.00
3186,309.20,49.00
3187,309.20,49.00
3188,309.20,49.00
3189,309.20,50.00
3190,309.20,50.00
3191,309.20,50.00
3192,309.20,50.00
3193,309.20,50.00
3194,309.20,51.00
3195,309.20,52.00
3196,309.20,52.00
3197,309.20,53.00
3198,309.20,54.00
3199,309.20,54.00
3200,309.20,55.00
3201,309.20,55.00
3202,310.20,56.00
3203,310.20,56.00
3204,310.20,56.00
3205,310.20,56.00
3206,310.20,57.00
3207,310.20,57.00
3208,310.20,57.00
3209,310.20,57.00
3210,310.20,57.00
3211,310.20,58.00
3212,310.20,58.00
3213,310.20,58.00
3214,310.20,59.00
3215,310.20,59.00
3216,310.20,60.00
3217,311.20,60.00
3218,311.20,60.00
3219,311.20,61.00
3220,311.20,61.00
3221,311.20,61.00
3222,311.20,61.00
3223,311.20,62.00
3224,311.20,62.00
3225,311.20,62.00
3226,311.20,62.00
3227,311.20,62.00
3228,311.20,63.00
3229,311.20,63.00
3230,312.20,63.00
3231,312.20,63.00
3232,312.20,64.00
3233,312.20,64.00
3234,312.20,65.00
3235,312.20,65.00
3236,312.20,66.00
3237,312.20,66.00
3238,312.20,67.00
3239,312.20,67.00
3240,312.20,68.00
3241,312.20,68.00
3242,312.20,69.00
3243,312.20,69.00
3244,312.20,69.00
3245,312.20,69.00
3246,312.20,70.00
3247,313.20,70.00
3248,313.20,70.00
3249,313.20,71.00
3250,313.20,71.00
3251,313.20,71.00
3252,313.20,72.00
3253,313.20,72.00
3254,313.20,72.00
3255,313.20,72.00
3256,313.20,73.00
3257,313.20,73.00
3258,313.20,75.00
3259,313.20,75.00
3260,313.20,76.00
3261,313.20,76.00
3262,313.20,77.00
3263,313.20,77.00
3264,313.20,77.00
3265,313.20,77.00
3266,313.20,78.00
3267,313.20,78.00
3268,313.20,78.00
3269,313.20,79.00
3270,313.20,79.00
3271,313.20,79.00
3272,313.20,79.00
3273,313.20,79.00
3274,313.20,79.00
3275,313.20,80.00
3276,313.20,80.00
3277,313.20,80.00
3278,313.20,80.00
3279,313.20,80.00
3280,313.20,81.00
3281,314.20,81.00
3282,314.20,81.00
3283,314.20,81.00
3284,314.20,82.00
3285,314.20,82.00
3286,314.20,82.00
3287,314.20,82.00
3288,314.20,83.00
3289,314.20,83.00
3290,314.20,83.00
3291,314.20,83.00
3292,314.20,83.00
3293,314.20,84.00
3294,314.20,84.00
3295,314.20,84.00
3296,314.20,85.00
3297,314.20,85.00
3298,315.20,85.00
3299,315.20,86.00
3300,315.20,86.00
3301,315.20,87.00
3302,315.20,87.00
3303,315.20,87.00
3304,315.20,88.00
3305,315.20,88.00
3306,315.20,88.00
3307,315.20,89.00
3308,315.20,90.00
3309,315.20,90.00
3310,315.20,91.00
3311,315.20,91.00
3312,315.20,91.00
3313,315.20,92.00
3314,315.20,92.00
3315,315.20,92.00
3316,315.20,92.00
3317,315.20,93.00
3318,315.20,93.00
3319,315.20,93.00
3320,315.20,93.00
3321,315.20,94.00
3322,315.20,94.00
3323,315.20,95.00
3324,315.20,96.00
3325,315.20,96.00
3326,315.20,97.00
3327,315.20,97.00
3328,315.20,98.00
3329,315.20,98.00
3330,315.20,98.00
3331,315.20,98.00
3332,315.20,99.00
3333,315.20,99.00
3334,315.20,99.00
3335,315.20,100.00
3336,315.20,100.00
3337,316.20,101.00
3338,316.20,102.00
3339,316.20,103.00
3340,316.20,104.00
3341,316.20,105.00
3342,316.20,106.00
3343,316.20,106.00
3344,316.20,107.00
3345,316.20,108.00
3346,316.20,108.00
3347,316.20,108.00
3348,316.20,108.00
3349,316.20,108.00
3350,317.20,109.00
3351,317.20,110.00
3352,317.20,111.00
3353,317.20,111.00
3354,317.20,112.00
3355,317.20,113.00
3356,317.20,114.00
3357,317.20,115.00
3358,317.20,115.00
3359,317.20,116.00
3360,317.20,117.00
3361,317.20,117.00
3362,317.20,119.00
3363,317.20,120.00
3364,317.20,120.00
3365,317.20,120.00
3366,317.20,121.00
3367,317.20,121.00
3368,317.20,122.00
3369,317.20,123.00
3370,317.20,123.00
3371,317.20,123.00
3372,317.20,124.00
3373,317.20,124.00
3374,317.20,125.00
3375,317.20,125.00
3376,317.20,126.00
3377,317.20,128.00
3378,317.20,128.00
3379,317.20,129.00
3380,317.20,130.00
3381,317.20,131.00
3382,317.20,132.00
3383,317.20,133.00
3384,317.20,134.00
3385,317.20,134.00
3386,317.20,135.00
3387,317.20,136.00
3388,317.20,136.00
3389,317.20,137.00
3390,317.20,137.00
3391,317.20,138.00
3392,317.20,138.00
3393,317.20,138.00
3394,317.20,139.00
3395,317.20,139.00
3396,317.20,140.00
3397,317.20,142.00
3398,317.20,143.00
3399,317.20,145.00
3400,317.20,146.00
3401,317.20,147.00
3402,317.20,148.00
3403,317.20,148.00
3404,317.20,149.00
3405,317.20,149.00
3406,317.20,149.00
3407,317.20,149.00
3408,317.20,150.00
3409,317.20,150.00
3410,317.20,151.00
3411,317.20,152.00
3412,317.20,153.00
3413,317.20,153.00
3414,318.20,154.00
3415,318.20,154.00
3416,318.20,154.00
3417,318.20,154.00
3418,319.20,154.00
3419,319.20,155.00
3420,319.20,155.00
3421,319.20,156.00
3422,319.20,156.00
3423,319.20,157.00
3424,319.20,158.00
3425,320.20,158.00
3426,320.20,159.00
3427,321.20,159.00
3428,321.20,159.00
3429,321.20,159.00
3430,321.20,159.00
3431,321.20,160.00
3432,321.20,160.00
3433,321.20,161.00
3434,321.20,161.00
3435,321.20,161.00
3436,321.20,162.00
3437,321.20,162.00
3438,321.20,163.00
3439,321.20,163.00
3440,321.20,164.00
3441,322.20,164.00
3442,322.20,165.00
3443,322.20,165.00
3444,322.20,165.00
3445,322.20,166.00
3446,322.20,166.00
3447,323.20,167.00
3448,323.20,167.00
3449,323.20,168.00
3450,324.20,168.00
3451,324.20,169.00
3452,325.20,170.00
3453,325.20,170.00
3454,326.20,171.00
3455,326.20,171.00
3456,326.20,172.00
3457,327.20,172.00
3458,327.20,173.00
3459,327.20,174.00
3460,327.20,175.00
3461,327.20,175.00
3462,327.20,176.00
3463,327.20,177.00
3464,327.20,178.00
3465,327.20,178.00
3466,327.20,179.00
3467,327.20,179.00
3468,327.20,180.00
3469,327.20,181.00
3470,327.20,183.00
3471,327.20,184.00
3472,327.20,186.00
3473,327.20,187.00
3474,327.20,188.00
3475,327.20,188.00
3476,327.20,189.00
3477,327.20,189.00
3478,327.20,190.00
3479,327.20,190.00
3480,327.20,191.00
3481,327.20,191.00
3482,327.20,192.00
3483,327.20,192.00
3484,327.20,193.00
3485,327.20,194.00
3486,327.20,195.00
3487,327.20,196.00
3488,327.20,197.00
3489,327.20,198.00
3490,327.20,199.00
3491,327.20,200.00
3492,327.20,201.00
3493,327.20,202.00
3494,327.20,202.00
3495,327.20,203.00
3496,327.20,203.00
3497,327.20,203.00
3498,327.20,204.00
3499,327.20,205.00
3500,327.20,206.00
3501,327.20,207.00
3502,327.20,208.00
3503,327.20,208.00
3504,327.20,209.00
3505,327.20,212.00
3506,327.20,213.00
3507,327.20,214.00
3508,327.20,215.00
3509,327.20,216.00
3510,327.20,216.00
3511,327.20,217.00
3512,327.20,217.00
3513,327.20,217.00
3514,327.20,218.00
3515,327.20,218.00
3516,327.20,218.00
3517,327.20,219.00
3518,328.20,219.00
3519,328.20,220.00
3520,328.20,220.00
3521,328.20,220.00
3522,328.20,221.00
3523,328.20,221.00
3524,329.20,222.00
3525,329.20,223.00
3526,329.20,224.00
3527,330.20,224.00
3528,330.20,226.00
3529,330.20,227.00
3530,330.20,227.00
3531,330.20,228.00
3532,330.20,228.00
3533,330.20,229.00
3534,330.20,229.00
3535,330.20,229.00
3536,330.20,230.00
3537,330.20,231.00
3538,330.20,231.00
3539,330.20,232.00
3540,330.20,232.00
3541,330.20,233.00
3542,330.20,234.00
3543,330.20,235.00
3544,330.20,235.00
3545,330.20,236.00
3546,330.20,237.00
3547,330.20,237.00
3548,331.20,238.00
3549,331.20,238.00
3550,331.20,238.00
3551,331.20,239.00
3552,331.20,240.00
3553,331.20,241.00
3554,331.20,241.00
3555,331.20,242.00
3556,331.20,242.00
3557,331.20,242.00
3558,331.20,243.00
3559,331.20,243.00
3560,332.20,244.00
3561,332.20,244.00
3562,332.20,245.00
3563,332.20,247.00
3564,332.20,248.00
3565,332.20,250.00
3566,332.20,251.00
3567,332.20,252.00
3568,332.20,252.00
3569,332.20,252.00
3570,332.20,253.00
3571,332.20,253.00
3572,332.20,254.00
3573,332.20,254.00
3574,332.20,255.00
3575,332.20,255.00
3576,332.20,256.00
3577,333.20,256.00
3578,333.20,256.00
3579,333.20,256.00
3580,333.20,257.00
3581,333.20,257.00
3582,333.20,258.00
3583,333.20,259.00
3584,334.20,260.00
3585,334.20,261.00
3586,334.20,262.00
3587,334.20,263.00
3588,334.20,264.00
3589,334.20,264.00
3590,334.20,265.00
3591,334.20,266.00
3592,335.20,267.00
3593,335.20,268.00
3594,335.20,268.00
3595,335.20,269.00
3596,335.20,269.00
3597,335.20,269.00
3598,335.20,270.00
3599,335.20,271.00
3600,335.20,271.00
3601,335.20,271.00
3602,335.20,272.00
3603,335.20,272.00
3604,335.20,273.00
3605,335.20,273.00
3606,335.20,273.00
3607,335.20,274.00
3608,335.20,274.00
3609,335.20,275.00
3610,335.20,275.00
3611,335.20,276.00
3612,335.20,277.00
3613,335.20,278.00
3614,335.20,278.00
3615,335.20,279.00
3616,335.20,279.00
3617,335.20,280.00
3618,335.20,281.00
3619,335.20,282.00
3620,335.20,282.00
3621,336.20,284.00
3622,336.20,285.00
3623,336.20,286.00
3624,336.20,287.00
3625,336.20,287.00
3626,336.20,288.00
3627,336.20,288.00
3628,337.20,289.00
3629,337.20,290.00
3630,337.20,290.00
3631,337.20,291.00
3632,337.20,292.00
3633,337.20,292.00
3634,338.20,293.00
3635,338.20,294.00
3636,338.20,294.00
3637,338.20,295.00
3638,338.20,295.00
3639,338.20,296.00
3640,338.20,297.00
3641,338.20,297.00
3642,338.20,298.00
3643,338.20,298.00
3644,338.20,299.00
3645,338.20,299.00
3646,338.20,300.00
3647,338.20,300.00
3648,338.20,301.00
3649,338.20,301.00
3650,339.20,302.00
3651,339.20,302.00
3652,339.20,302.00
3653,339.20,303.00
3654,339.20,303.00
3655,339.20,303.00
3656,339.20,303.00
3657,339.20,303.00
3658,339.20,304.00
3659,339.20,304.00
3660,340.20,304.00
3661,340.20,305.00
3662,340.20,305.00
3663,340.20,305.00
3664,340.20,305.00
3665,340.20,305.00
3666,340.20,306.00
3667,341.20,306.00
3668,341.20,306.00
3669,341.20,306.00
3670,341.20,306.00
3671,341.20,306.00
3672,341.20,307.00
3673,342.20,307.00
3674,342.20,307.00
3675,342.20,307.00
3676,342.20,307.00
3677,342.20,308.00
3678,342.20,308.00
3679,343.20,308.00
3680,343.20,309.00
3681,343.20,309.00
3682,343.20,309.00
3683,343.20,310.00
3684,343.20,310.00
3685,344.20,310.00
3686,344.20,310.00
3687,344.20,310.00
3688,344.20,311.00
3689,344.20,311.00
3690,344.20,311.00
3691,344.20,311.00
3692,344.20,312.00
3693,345.20,312.00
3694,345.20,312.00
3695,345.20,312.00
3696,345.20,313.00
3697,345.20,313.00
3698,346.20,313.00
3699,346.20,313.00
3700,346.20,313.00
3701,346.20,313.00
3702,346.20,313.00
3703,346.20,313.00
3704,347.20,314.00
3705,347.20,314.00
3706,347.20,314.00
3707,347.20,314.00
3708,347.20,314.00
3709,347.20,314.00
3710,347.20,314.00
3711,348.20,314.00
3712,348.20,314.00
3713,348.20,314.00
3714,348.20,314.00
3715,348.20,314.00
3716,348.20,315.00
3717,349.20,315.00
3718,349.20,315.00
3719,349.20,315.00
3720,349.20,315.00
3721,350.20,315.00
3722,350.20,315.00
3723,350.20,315.00
3724,350.20,315.00
3725,350.20,315.00
3726,351.20,315.00
3727,351.20,315.00
3728,351.20,315.00
3729,351.20,315.00
3730,351.20,315.00
3731,352.20,315.00
3732,352.20,315.00
3733,352.20,315.00
3734,352.20,314.00
3735,352.20,314.00
3736,352.20,314.00
3737,352.20,313.00
3738,353.20,313.00
3739,353.20,312.00
3740,353.20,312.00
3741,353.20,312.00
3742,353.20,311.00
3743,354.20,311.00
3744,354.20,311.00
3745,354.20,310.00
3746,354.20,310.00
3747,354.20,310.00
3748,355.20,309.00
3749,355.20,309.00
3750,355.20,309.00
3751,355.20,309.00
3752,355.20,308.00
3753,355.20,307.00
3754,356.20,307.00
3755,356.20,306.00
3756,356.20,306.00
3757,357.20,305.00
3758,357.20,304.00
3759,357.20,304.00
3760,358.20,303.00
3761,358.20,301.00
3762,358.20,301.00
3763,359.20,300.00
3764,359.20,300.00
3765,359.20,299.00
3766,359.20,298.00
3767,360.20,298.00
3768,360.20,297.00
3769,360.20,296.00
3770,360.20,296.00
3771,361.20,295.00
3772,361.20,295.00
3773,361.20,294.00
3774,361.20,294.00
3775,361.20,293.00
3776,361.20,293.00
3777,362.20,293.00
3778,362.20,292.00
3779,362.20,292.00
3780,362.20,292.00
3781,363.20,291.00
3782,363.20,291.00
3783,363.20,291.00
3784,363.20,290.00
3785,364.20,290.00
3786,364.20,290.00
3787,364.20,290.00
3788,365.20,289.00
3789,365.20,289.00
3790,365.20,289.00
3791,366.20,289.00
3792,366.20,289.00
3793,366.20,289.00
3794,367.20,288.00
3795,367.20,288.00
3796,368.20,288.00
3797,368.20,288.00
3798,368.20,288.00
3799,369.20,287.00
3800,369.20,287.00
3801,370.20,287.00
3802,370.20,287.00
3803,371.20,287.00
3804,371.20,286.00
3805,372.20,286.00
3806,372.20,286.00
3807,372.20,286.00
3808,373.20,285.00
3809,373.20,285.00
3810,373.20,285.00
3811,373.20,285.00
3812,373.20,285.00
3813,373.20,285.00
3814,374.20,285.00
3815,374.20,285.00
3816,374.20,284.00
3817,374.20,284.00
3818,374.20,284.00
3819,375.20,284.00
3820,375.20,284.00
3821,375.20,284.00
3822,375.20,284.00
3823,375.20,284.00
3824,375.20,284.00
3825,376.20,284.00
3826,376.20,283.00
3827,376.20,283.00
3828,377.20,283.00
3829,377.20,283.00
3830,377.20,283.00
3831,378.20,283.00
3832,378.20,283.00
3833,378.20,283.00
3834,379.20,283.00
3835,379.20,283.00
3836,379.20,283.00
3837,379.20,282.00
3838,380.20,282.00
3839,380.20,282.00
3840,381.20,282.00
3841,381.20,282.00
3842,381.20,282.00
3843,381.20,282.00
3844,382.20,282.00
3845,382.20,282.00
3846,383.20,282.00
3847,383.20,282.00
3848,383.20,282.00
3849,384.20,282.00
3850,384.20,282.00
3851,384.20,282.00
3852,385.20,282.00
3853,385.20,282.00
3854,386.20,282.00
3855,386.20,282.00
3856,386.20,283.00
3857,387.20,283.00
3858,387.20,283.00
3859,387.20,283.00
3860,387.20,283.00
3861,388.20,283.00
3862,388.20,283.00
3863,388.20,283.00
3864,388.20,283.00
3865,388.20,283.00
3866,388.20,284.00
3867,388.20,284.00
3868,389.20,284.00
3869,389.20,284.00
3870,389.20,284.00
3871,389.20,284.00
3872,389.20,284.00
3873,390.20,284.00
3874,390.20,284.00
3875,390.20,284.00
3876,390.20,284.00
3877,391.20,284.00
3878,391.20,284.00
3879,391.20,284.00
3880,391.20,284.00
3881,391.20,284.00
3882,392.20,284.00
3883,392.20,284.00
3884,392.20,283.00
3885,392.20,283.00
3886,393.20,283.00
3887,393.20,282.00
3888,393.20,282.00
3889,393.20,281.00
3890,393.20,281.00
3891,393.20,281.00
3892,394.20,280.00
3893,394.20,280.00
3894,394.20,279.00
3895,394.20,279.00
3896,395.20,278.00
3897,395.20,278.00
3898,395.20,278.00
3899,395.20,277.00
3900,395.20,277.00
3901,395.20,276.00
3902,395.20,275.00
3903,396.20,274.00
3904,396.20,273.00
3905,396.20,272.00
3906,397.20,272.00
3907,397.20,272.00
3908,397.20,271.00
3909,397.20,271.00
3910,397.20,271.00
3911,397.20,271.00
3912,398.20,271.00
3913,398.20,271.00
3914,398.20,270.00
3915,398.20,270.00
3916,398.20,270.00
3917,399.20,269.00
3918,399.20,269.00
3919,399.20,268.00
3920,399.20,268.00
3921,400.20,268.00
3922,400.20,268.00
3923,400.20,267.00
3924,400.20,267.00
3925,400.20,267.00
3926,400.20,266.00
3927,400.20,266.00
3928,400.20,266.00
3929,400.20,265.00
3930,400.20,265.00
3931,401.20,265.00
3932,401.20,264.00
3933,401.20,264.00
3934,401.20,263.00
3935,401.20,262.00
3936,401.20,261.00
3937,401.20,260.00
3938,401.20,259.00
3939,402.20,258.00
3940,402.20,258.00
3941,402.20,257.00
3942,402.20,256.00
3943,402.20,255.00
3944,402.20,254.00
3945,403.20,253.00
3946,403.20,252.00
3947,403.20,252.00
3948,403.20,252.00
3949,403.20,252.00
3950,403.20,251.00
3951,403.20,249.00
3952,404.20,249.00
3953,404.20,248.00
3954,404.20,247.00
3955,404.20,247.00
3956,404.20,246.00
3957,404.20,245.00
3958,404.20,245.00
3959,404.20,245.00
3960,404.20,244.00
3961,404.20,243.00
3962,404.20,242.00
3963,404.20,242.00
3964,404.20,242.00
3965,404.20,241.00
3966,405.20,240.00
3967,405.20,238.00
3968,405.20,238.00
3969,405.20,237.00
3970,405.20,237.00
3971,406.20,236.00
3972,406.20,235.00
3973,406.20,235.00
3974,406.20,234.00
3975,406.20,233.00
3976,407.20,232.00
3977,407.20,231.00
3978,407.20,230.00
3979,408.20,229.00
3980,408.20,229.00
3981,408.20,228.00
3982,408.20,228.00
3983,408.20,228.00
3984,408.20,227.00
3985,408.20,227.00
3986,408.20,226.00
3987,408.20,226.00
3988,408.20,225.00
3989,409.20,224.00
3990,409.20,223.00
3991,409.20,222.00
3992,409.20,222.00
3993,410.20,220.00
3994,410.20,219.00
3995,410.20,218.00
3996,410.20,217.00
3997,410.20,215.00
3998,411.20,214.00
3999,411.20,213.00
4000,411.20,212.00
4001,411.20,212.00
4002,411.20,212.00
4003,411.20,211.00
4004,411.20,211.00
4005,411.20,210.00
4006,412.20,210.00
4007,412.20,209.00
4008,412.20,209.00
4009,412.20,208.00
4010,412.20,208.00
4011,412.20,208.00
4012,412.20,207.00
4013,412.20,207.00
4014,412.20,206.00
4015,412.20,206.00
4016,412.20,205.00
4017,412.20,204.00
4018,412.20,203.00
4019,412.20,203.00
4020,412.20,201.00
4021,413.20,200.00
4022,413.20,200.00
4023,413.20,199.00
4024,413.20,199.00
4025,413.20,199.00
4026,413.20,198.00
4027,413.20,196.00
4028,413.20,194.00
4029,414.20,192.00
4030,415.20,191.00
4031,415.20,190.00
4032,415.20,189.00
4033,416.20,186.00
4034,416.20,185.00
4035,416.20,184.00
4036,417.20,183.00
4037,417.20,182.00
4038,417.20,181.00
4039,417.20,180.00
4040,417.20,179.00
4041,417.20,178.00
4042,418.20,178.00
4043,418.20,176.00
4044,418.20,176.00
4045,418.20,175.00
4046,418.20,174.00
4047,418.20,174.00
4048,418.20,174.00
4049,418.20,173.00
4050,418.20,172.00
4051,418.20,171.00
4052,418.20,170.00
4053,418.20,170.00
4054,418.20,169.00
4055,418.20,169.00
4056,418.20,168.00
4057,418.20,167.00
4058,418.20,166.00
4059,418.20,165.00
4060,418.20,164.00
4061,418.20,163.00
4062,418.20,163.00
4063,418.20,162.00
4064,418.20,162.00
4065,418.20,161.00
4066,418.20,160.00
4067,418.20,160.00
4068,418.20,158.00
4069,418.20,158.00
4070,418.20,157.00
4071,418.20,157.00
4072,418.20,156.00
4073,418.20,156.00
4074,418.20,155.00
4075,418.20,154.00
4076,418.20,154.00
4077,418.20,153.00
4078,418.20,153.00
4079,418.20,153.00
4080,418.20,152.00
4081,418.20,151.00
4082,418.20,151.00
4083,418.20,151.00
4084,418.20,150.00
4085,418.20,150.00
4086,418.20,149.00
4087,418.20,149.00
4088,418.20,148.00
4089,418.20,148.00
4090,418.20,147.00
4091,418.20,147.00
4092,418.20,147.00
4093,418.20,146.00
4094,418.20,146.00
4095,418.20,145.00
4096,418.20,145.00
4097,418.20,144.00
4098,418.20,144.00
4099,418.20,144.00
4100,418.20,143.00
4101,418.20,142.00
4102,419.20,141.00
4103,419.20,141.00
4104,419.20,140.00
4105,419.20,140.00
4106,419.20,139.00
4107,419.20,138.00
4108,419.20,137.00
4109,419.20,137.00
4110,419.20,136.00
4111,419.20,136.00
4112,419.20,136.00
4113,419.20,135.00
4114,419.20,133.00
4115,419.20,133.00
4116,419.20,132.00
4117,419.20,131.00
4118,419.20,131.00
4119,419.20,130.00
4120,419.20,130.00
4121,419.20,130.00
4122,419.20,129.00
4123,419.20,129.00
4124,419.20,129.00
4125,419.20,129.00
4126,419.20,128.00
4127,419.20,128.00
4128,419.20,127.00
4129,419.20,127.00
4130,419.20,127.00
4131,419.20,127.00
4132,419.20,126.00
4133,419.20,125.00
4134,419.20,124.00
4135,419.20,124.00
4136,420.20,123.00
4137,420.20,123.00
4138,420.20,123.00
4139,420.20,123.00
4140,420.20,122.00
4141,420.20,122.00
4142,420.20,122.00
4143,420.20,122.00
4144,420.20,122.00
4145,420.20,121.00
4146,420.20,121.00
4147,420.20,121.00
4148,420.20,120.00
4149,420.20,120.00
4150,420.20,119.00
4151,420.20,119.00
4152,420.20,119.00
4153,420.20,119.00
4154,420.20,118.00
4155,420.20,118.00
4156,420.20,118.00
4157,420.20,118.00
4158,420.20,117.00
4159,420.20,116.00
4160,420.20,115.00
4161,420.20,115.00
4162,420.20,114.00
4163,420.20,114.00
4164,420.20,113.00
4165,421.20,113.00
4166,421.20,112.00
4167,421.20,112.00
4168,421.20,112.00
4169,421.20,111.00
4170,421.20,111.00
4171,421.20,110.00
4172,421.20,109.00
4173,421.20,108.00
4174,421.20,107.00
4175,421.20,106.00
4176,421.20,106.00
4177,422.20,104.00
4178,422.20,103.00
4179,422.20,102.00
4180,422.20,102.00
4181,422.20,101.00
4182,422.20,101.00
4183,422.20,101.00
4184,422.20,100.00
4185,422.20,100.00
4186,423.20,100.00
4187,423.20,99.00
4188,423.20,99.00
4189,423.20,99.00
4190,423.20,99.00
4191,423.20,98.00
4192,424.20,96.00
4193,424.20,95.00
4194,424.20,95.00
4195,424.20,94.00
4196,424.20,94.00
4197,424.20,94.00
4198,424.20,94.00
4199,424.20,94.00
4200,424.20,93.00
4201,424.20,93.00
4202,424.20,93.00
4203,424.20,92.00
4204,424.20,92.00
4205,424.20,92.00
4206,424.20,92.00
4207,424.20,91.00
4208,424.20,91.00
4209,424.20,91.00
4210,424.20,90.00
4211,424.20,90.00
4212,424.20,90.00
4213,424.20,89.00
4214,424.20,88.00
4215,424.20,87.00
4216,424.20,87.00
4217,424.20,86.00
4218,424.20,85.00
4219,424.20,84.00
4220,424.20,83.00
4221,424.20,81.00
4222,424.20,80.00
4223,424.20,79.00
4224,424.20,78.00
4225,424.20,78.00
4226,424.20,78.00
4227,424.20,78.00
4228,424.20,77.00
4229,424.20,76.00
4230,424.20,75.00
4231,424.20,74.00
4232,424.20,74.00
4233,424.20,74.00
4234,424.20,74.00
4235,424.20,74.00
4236,424.20,73.00
4237,424.20,73.00
4238,424.20,73.00
4239,424.20,73.00
4240,424.20,72.00
4241,424.20,72.00
4242,424.20,72.00
4243,424.20,72.00
4244,424.20,71.00
4245,425.20,71.00
4246,425.20,71.00
4247,425.20,70.00
4248,425.20,70.00
4249,425.20,67.00
4250,426.20,67.00
4251,426.20,67.00
4252,426.20,66.00
4253,426.20,65.00
4254,426.20,64.00
4255,427.20,63.00
4256,427.20,62.00
4257,427.20,61.00
4258,427.20,61.00
4259,427.20,61.00
4260,427.20,61.00
4261,427.20,60.00
4262,427.20,60.00
4263,427.20,60.00
4264,427.20,59.00
4265,427.20,59.00
4266,427.20,59.00
4267,427.20,59.00
4268,428.20,59.00
4269,428.20,59.00
4270,428.20,58.00
4271,428.20,58.00
4272,428.20,58.00
4273,428.20,57.00
4274,428.20,56.00
4275,428.20,55.00
4276,428.20,54.00
4277,428.20,54.00
4278,428.20,53.00
4279,428.20,53.00
4280,428.20,53.00
4281,429.20,53.00
4282,429.20,53.00
4283,429.20,53.00
4284,429.20,52.00
4285,429.20,52.00
4286,429.20,52.00
4287,429.20,52.00
4288,429.20,51.00
4289,429.20,51.00
4290,429.20,51.00
4291,429.20,51.00
4292,429.20,50.00
4293,429.20,50.00
4294,429.20,50.00
4295,429.20,49.00
4296,429.20,48.00
4297,430.20,48.00
4298,430.20,47.00
4299,430.20,47.00
4300,430.20,46.00
4301,430.20,46.00
4302,430.20,46.00
4303,430.20,45.00
4304,430.20,44.00
4305,430.20,44.00
4306,430.20,43.00
4307,431.20,43.00
4308,431.20,42.00
4309,431.20,42.00
4310,431.20,42.00
4311,431.20,42.00
4312,431.20,41.00
4313,431.20,41.00
4314,434.20,41.00
4315,436.20,41.00
4316,438.20,41.00
4317,440.20,41.00
4318,441.20,41.00
4319,442.20,41.00
4320,443.20,41.00
4321,443.20,41.00
4322,444.20,41.00
4323,444.20,41.00
4324,444.20,41.00
4325,445.20,41.00
4326,446.20,41.00
4327,447.20,41.00
4328,447.20,41.00
4329,448.20,41.00
4330,448.20,41.00
4331,448.20,41.00
4332,448.20,41.00
4333,448.20,41.00
4334,449.20,41.00
4335,449.20,40.00
4336,450.20,40.00
4337,450.20,40.00
4338,451.20,40.00
4339,451.20,40.00
4340,452.20,40.00
4341,452.20,40.00
4342,452.20,40.00
4343,452.20,40.00
4344,453.20,40.00
4345,453.20,40.00
4346,453.20,40.00
4347,453.20,40.00
4348,454.20,40.00
4349,454.20,40.00
4350,454.20,40.00
4351,454.20,40.00
4352,454.20,40.00
4353,454.20,40.00
4354,454.20,40.00
4355,455.20,40.00
4356,455.20,40.00
4357,455.20,40.00
4358,455.20,40.00
4359,455.20,40.00
4360,455.20,40.00
4361,455.20,40.00
4362,456.20,41.00
4363,456.20,41.00
4364,456.20,41.00
4365,456.20,41.00
4366,456.20,42.00
4367,456.20,42.00
4368,456.20,42.00
4369,456.20,42.00
4370,456.20,43.00
4371,456.20,43.00
4372,456.20,43.00
4373,457.20,43.00
4374,457.20,43.00
4375,457.20,44.00
4376,457.20,44.00
4377,457.20,44.00
4378,458.20,45.00
4379,458.20,45.00
4380,458.20,46.00
4381,458.20,46.00
4382,458.20,46.00
4383,459.20,47.00
4384,459.20,47.00
4385,459.20,47.00
4386,459.20,47.00
4387,459.20,48.00
4388,459.20,48.00
4389,459.20,48.00
4390,459.20,48.00
4391,459.20,48.00
4392,459.20,49.00
4393,459.20,49.00
4394,460.20,49.00
4395,460.20,49.00
4396,460.20,50.00
4397,460.20,50.00
4398,460.20,50.00
4399,460.20,51.00
4400,460.20,51.00
4401,460.20,52.00
4402,460.20,52.00
4403,460.20,53.00
4404,460.20,54.00
4405,460.20,54.00
4406,460.20,55.00
4407,460.20,56.00
4408,460.20,56.00
4409,460.20,57.00
4410,460.20,58.00
4411,460.20,58.00
4412,460.20,59.00
4413,460.20,59.00
4414,460.20,60.00
4415,460.20,60.00
4416,460.20,61.00
4417,460.20,61.00
4418,460.20,61.00
4419,460.20,62.00
4420,460.20,62.00
4421,460.20,63.00
4422,461.20,63.00
4423,461.20,63.00
4424,461.20,64.00
4425,461.20,64.00
4426,461.20,65.00
4427,461.20,65.00
4428,462.20,66.00
4429,462.20,66.00
4430,462.20,67.00
4431,462.20,68.00
4432,462.20,68.00
4433,463.20,70.00
4434,463.20,71.00
4435,463.20,72.00
4436,464.20,75.00
4437,464.20,76.00
4438,464.20,78.00
4439,465.20,79.00
4440,465.20,80.00
4441,465.20,81.00
4442,465.20,82.00
4443,464.20,85.00
4444,463.20,87.00
4445,462.20,88.00
4446,462.20,90.00
4447,462.20,90.00
4448,462.20,91.00
4449,462.20,92.00
4450,462.20,92.00
4451,462.20,93.00
4452,462.20,94.00
4453,462.20,94.00
4454,462.20,95.00
4455,462.20,96.00
4456,462.20,97.00
4457,462.20,97.00
4458,462.20,98.00
4459,462.20,98.00
4460,462.20,98.00
4461,462.20,98.00
4462,462.20,98.00
4463,462.20,99.00
4464,462.20,99.00
4465,462.20,99.00
4466,462.20,99.00
4467,462.20,99.00
4468,462.20,100.00
4469,462.20,100.00
4470,462.20,100.00
4471,462.20,100.00
4472,462.20,100.00
4473,463.20,101.00
4474,463.20,101.00
4475,463.20,102.00
4476,463.20,102.00
4477,464.20,103.00
4478,464.20,104.00
4479,464.20,105.00
4480,465.20,105.00
4481,465.20,106.00
4482,465.20,106.00
4483,465.20,106.00
4484,465.20,107.00
4485,465.20,107.00
4486,465.20,108.00
4487,466.20,109.00
4488,466.20,110.00
4489,466.20,111.00
4490,466.20,112.00
4491,466.20,113.00
4492,466.20,114.00
4493,466.20,115.00
4494,466.20,116.00
4495,466.20,116.00
4496,466.20,117.00
4497,466.20,117.00
4498,466.20,118.00
4499,466.20,118.00
4500,466.20,118.00
4501,466.20,119.00
4502,467.20,119.00
4503,467.20,119.00
4504,467.20,120.00
4505,467.20,121.00
4506,467.20,121.00
4507,467.20,124.00
4508,467.20,129.00
4509,467.20,133.00
4510,467.20,135.00
4511,467.20,137.00
4512,468.20,138.00
4513,468.20,139.00
4514,468.20,139.00
4515,468.20,140.00
4516,468.20,141.00
4517,468.20,142.00
4518,468.20,142.00
4519,469.20,144.00
4520,469.20,145.00
4521,469.20,146.00
4522,469.20,147.00
4523,469.20,147.00
4524,469.20,148.00
4525,469.20,148.00
4526,469.20,149.00
4527,470.20,149.00
4528,470.20,150.00
4529,470.20,150.00
4530,470.20,151.00
4531,470.20,151.00
4532,470.20,151.00
4533,470.20,151.00
4534,470.20,152.00
4535,470.20,152.00
4536,470.20,152.00
4537,470.20,152.00
4538,470.20,153.00
4539,470.20,153.00
4540,471.20,154.00
4541,471.20,155.00
4542,471.20,156.00
4543,471.20,157.00
4544,472.20,160.00
4545,472.20,162.00
4546,472.20,163.00
4547,472.20,165.00
4548,472.20,166.00
4549,472.20,167.00
4550,473.20,168.00
4551,473.20,168.00
4552,473.20,169.00
4553,473.20,169.00
4554,473.20,170.00
4555,474.20,172.00
4556,474.20,173.00
4557,474.20,173.00
4558,474.20,174.00
4559,474.20,174.00
4560,474.20,175.00
4561,474.20,176.00
4562,474.20,177.00
4563,474.20,178.00
4564,474.20,179.00
4565,474.20,180.00
4566,474.20,182.00
4567,474.20,183.00
4568,474.20,184.00
4569,474.20,185.00
4570,474.20,186.00
4571,474.20,187.00
4572,474.20,188.00
4573,474.20,189.00
4574,474.20,190.00
4575,474.20,190.00
4576,474.20,191.00
4577,474.20,192.00
4578,474.20,192.00
4579,474.20,193.00
4580,474.20,194.00
4581,474.20,195.00
4582,474.20,196.00
4583,474.20,197.00
4584,474.20,198.00
4585,474.20,199.00
4586,475.20,200.00
4587,475.20,201.00
4588,475.20,202.00
4589,475.20,203.00
4590,475.20,205.00
4591,475.20,206.00
4592,475.20,207.00
4593,475.20,208.00
4594,475.20,208.00
4595,475.20,209.00
4596,475.20,210.00
4597,476.20,211.00
4598,476.20,212.00
4599,476.20,214.00
4600,476.20,216.00
4601,476.20,218.00
4602,476.20,220.00
4603,476.20,221.00
4604,476.20,222.00
4605,476.20,223.00
4606,476.20,224.00
4607,477.20,225.00
4608,477.20,226.00
4609,477.20,226.00
4610,477.20,227.00
4611,477.20,228.00
4612,477.20,230.00
4613,477.20,230.00
4614,477.20,231.00
4615,477.20,231.00
4616,477.20,232.00
4617,477.20,233.00
4618,477.20,233.00
4619,478.20,234.00
4620,478.20,235.00
4621,478.20,236.00
4622,478.20,236.00
4623,479.20,237.00
4624,479.20,238.00
4625,479.20,238.00
4626,479.20,239.00
4627,479.20,240.00
4628,479.20,240.00
4629,480.20,241.00
4630,480.20,241.00
4631,480.20,243.00
4632,480.20,243.00
4633,480.20,244.00
4634,480.20,245.00
4635,480.20,245.00
4636,480.20,245.00
4637,480.20,246.00
4638,480.20,247.00
4639,481.20,248.00
4640,481.20,249.00
4641,481.20,250.00
4642,481.20,251.00
4643,482.20,253.00
4644,482.20,255.00
4645,482.20,257.00
4646,483.20,258.00
4647,483.20,259.00
4648,483.20,262.00
4649,484.20,263.00
4650,484.20,265.00
4651,484.20,266.00
4652,485.20,267.00
4653,485.20,267.00
4654,485.20,271.00
4655,486.20,273.00
4656,486.20,275.00
4657,487.20,276.00
4658,487.20,276.00
4659,487.20,277.00
4660,487.20,278.00
4661,487.20,279.00
4662,488.20,280.00
4663,488.20,281.00
4664,488.20,281.00
4665,488.20,282.00
4666,488.20,283.00
4667,488.20,283.00
4668,488.20,283.00
4669,488.20,283.00
4670,489.20,284.00
4671,489.20,284.00
4672,489.20,285.00
4673,489.20,285.00
4674,489.20,286.00
4675,489.20,287.00
4676,489.20,287.00
4677,490.20,288.00
4678,490.20,289.00
4679,490.20,290.00
4680,490.20,291.00
4681,490.20,291.00
4682,490.20,291.00
4683,490.20,292.00
4684,491.20,292.00
4685,491.20,292.00
4686,491.20,292.00
4687,491.20,293.00
4688,492.20,293.00
4689,492.20,294.00
4690,492.20,294.00
4691,493.20,294.00
4692,493.20,294.00
4693,493.20,294.00
4694,493.20,294.00
4695,493.20,294.00
4696,494.20,295.00
4697,494.20,295.00
4698,494.20,295.00
4699,494.20,295.00
4700,495.20,295.00
4701,495.20,295.00
4702,495.20,295.00
4703,495.20,295.00
4704,496.20,295.00
4705,496.20,295.00
4706,496.20,295.00
4707,496.20,295.00
4708,496.20,295.00
4709,497.20,295.00
4710,497.20,295.00
4711,497.20,295.00
4712,497.20,295.00
4713,497.20,295.00
4714,498.20,295.00
4715,498.20,295.00
4716,498.20,295.00
4717,498.20,295.00
4718,499.20,295.00
4719,499.20,295.00
4720,499.20,295.00
4721,499.20,295.00
4722,499.20,295.00
4723,499.20,295.00
4724,500.20,295.00
4725,500.20,295.00
4726,500.20,295.00
4727,500.20,295.00
4728,501.20,295.00
4729,501.20,295.00
4730,502.20,295.00
4731,502.20,295.00
4732,503.20,294.00
4733,503.20,294.00
4734,504.20,293.00
4735,504.20,293.00
4736,505.20,292.00
4737,505.20,292.00
4738,506.20,291.00
4739,507.20,291.00
4740,507.20,290.00
4741,508.20,290.00
4742,508.20,290.00
4743,508.20,289.00
4744,509.20,289.00
4745,509.20,289.00
4746,510.20,288.00
4747,510.20,288.00
4748,510.20,288.00
4749,511.20,288.00
4750,511.20,288.00
4751,511.20,287.00
4752,511.20,287.00
4753,511.20,287.00
4754,512.20,287.00
4755,512.20,287.00
4756,512.20,287.00
4757,513.20,287.00
4758,513.20,286.00
4759,514.20,286.00
4760,514.20,286.00
4761,514.20,286.00
4762,514.20,286.00
4763,514.20,286.00
4764,515.20,286.00
4765,515.20,286.00
4766,515.20,286.00
4767,515.20,286.00
4768,516.20,286.00
4769,516.20,286.00
4770,517.20,287.00
4771,517.20,287.00
4772,518.20,287.00
4773,518.20,288.00
4774,519.20,288.00
4775,519.20,289.00
4776,520.20,289.00
4777,520.20,289.00
4778,520.20,290.00
4779,520.20,290.00
4780,520.20,291.00
4781,521.20,291.00
4782,521.20,291.00
4783,521.20,291.00
4784,522.20,292.00
4785,522.20,292.00
4786,522.20,292.00
4787,522.20,292.00
4788,523.20,293.00
4789,523.20,293.00
4790,523.20,293.00
4791,523.20,293.00
4792,524.20,293.00
4793,524.20,293.00
4794,524.20,293.00
4795,524.20,294.00
4796,524.20,294.00
4797,525.20,294.00
4798,525.20,294.00
4799,525.20,294.00
4800,525.20,294.00
4801,525.20,294.00
4802,525.20,294.00
4803,525.20,294.00
4804,526.20,294.00
4805,526.20,295.00
4806,526.20,295.00
4807,527.20,296.00
4808,527.20,296.00
4809,528.20,296.00
4810,528.20,297.00
4811,529.20,297.00
4812,529.20,297.00
4813,529.20,297.00
4814,529.20,297.00
4815,530.20,297.00
4816,530.20,298.00
4817,530.20,298.00
4818,530.20,298.00
4819,530.20,298.00
4820,531.20,298.00
4821,531.20,298.00
4822,531.20,299.00
4823,531.20,299.00
4824,531.20,299.00
4825,532.20,299.00
4826,532.20,299.00
4827,532.20,300.00
4828,532.20,300.00
4829,533.20,300.00
4830,533.20,300.00
4831,533.20,301.00
4832,534.20,301.00
4833,534.20,301.00
4834,534.20,302.00
4835,534.20,302.00
4836,535.20,302.00
4837,535.20,302.00
4838,535.20,302.00
4839,536.20,303.00
4840,536.20,303.00
4841,536.20,303.00
4842,536.20,303.00
4843,537.20,303.00
4844,537.20,303.00
4845,537.20,303.00
4846,537.20,303.00
4847,537.20,303.00
4848,538.20,303.00
4849,538.20,303.00
4850,538.20,303.00
4851,538.20,303.00
4852,538.20,303.00
4853,538.20,303.00
4854,539.20,303.00
4855,539.20,303.00
4856,539.20,303.00
4857,539.20,303.00
4858,539.20,303.00
4859,540.20,303.00
4860,540.20,303.00
4861,540.20,303.00
4862,541.20,303.00
4863,541.20,303.00
4864,542.20,302.00
4865,542.20,302.00
4866,542.20,302.00
4867,542.20,302.00
4868,542.20,302.00
4869,542.20,302.00
4870,542.20,301.00
4871,543.20,301.00
4872,543.20,301.00
4873,543.20,301.00
4874,543.20,300.00
4875,544.20,300.00
4876,544.20,299.00
4877,545.20,298.00
4878,545.20,297.00
4879,545.20,297.00
4880,545.20,296.00
4881,545.20,296.00
4882,546.20,295.00
4883,546.20,295.00
4884,546.20,293.00
4885,546.20,290.00
4886,547.20,288.00
4887,548.20,286.00
4888,548.20,284.00
4889,549.20,283.00
4890,549.20,282.00
4891,549.20,281.00
4892,549.20,280.00
4893,550.20,279.00
4894,550.20,278.00
4895,550.20,276.00
4896,551.20,275.00
4897,551.20,274.00
4898,551.20,274.00
4899,551.20,273.00
4900,551.20,273.00
4901,551.20,273.00
4902,551.20,273.00
4903,551.20,272.00
4904,551.20,272.00
4905,551.20,271.00
4906,551.20,271.00
4907,552.20,270.00
4908,552.20,269.00
4909,552.20,269.00
4910,552.20,268.00
4911,552.20,268.00
4912,552.20,267.00
4913,552.20,266.00
4914,552.20,266.00
4915,552.20,266.00
4916,553.20,265.00
4917,553.20,264.00
4918,553.20,264.00
4919,553.20,263.00
4920,553.20,262.00
4921,553.20,262.00
4922,554.20,260.00
4923,554.20,259.00
4924,554.20,257.00
4925,555.20,255.00
4926,555.20,252.00
4927,556.20,250.00
4928,557.20,248.00
4929,557.20,247.00
4930,557.20,246.00
4931,557.20,246.00
4932,557.20,245.00
4933,557.20,244.00
4934,558.20,243.00
4935,558.20,242.00
4936,558.20,242.00
4937,558.20,241.00
4938,559.20,240.00
4939,559.20,240.00
4940,559.20,239.00
4941,559.20,239.00
4942,559.20,238.00
4943,559.20,238.00
4944,560.20,237.00
4945,560.20,236.00
4946,560.20,236.00
4947,560.20,236.00
4948,560.20,234.00
4949,560.20,230.00
4950,560.20,227.00
4951,560.20,225.00
4952,560.20,224.00
4953,560.20,223.00
4954,560.20,222.00
4955,560.20,221.00
4956,560.20,220.00
4957,560.20,219.00
4958,560.20,218.00
4959,560.20,217.00
4960,560.20,216.00
4961,560.20,215.00
4962,560.20,215.00
4963,560.20,214.00
4964,560.20,214.00
4965,560.20,213.00
4966,560.20,213.00
4967,560.20,212.00
4968,560.20,211.00
4969,560.20,210.00
4970,560.20,209.00
4971,561.20,208.00
4972,561.20,207.00
4973,561.20,206.00
4974,561.20,204.00
4975,562.20,202.00
4976,562.20,201.00
4977,562.20,200.00
4978,563.20,199.00
4979,563.20,198.00
4980,563.20,196.00
4981,563.20,194.00
4982,563.20,193.00
4983,563.20,192.00
4984,563.20,192.00
4985,563.20,191.00
4986,563.20,190.00
4987,563.20,189.00
4988,564.20,188.00
4989,564.20,186.00
4990,564.20,184.00
4991,564.20,183.00
4992,564.20,181.00
4993,564.20,180.00
4994,565.20,177.00
4995,565.20,176.00
4996,565.20,175.00
4997,565.20,174.00
4998,565.20,174.00
4999,565.20,173.00
5000,566.20,172.00
5001,566.20,172.00
5002,566.20,171.00
5003,567.20,170.00
5004,567.20,169.00
5005,567.20,168.00
5006,567.20,166.00
5007,568.20,165.00
5008,568.20,163.00
5009,568.20,162.00
5010,568.20,161.00
5011,568.20,159.00
5012,568.20,157.00
5013,568.20,156.00
5014,568.20,154.00
5015,568.20,154.00
5016,568.20,153.00
5017,568.20,151.00
5018,568.20,149.00
5019,568.20,145.00
5020,568.20,142.00
5021,568.20,139.00
5022,568.20,136.00
5023,568.20,134.00
5024,568.20,133.00
5025,568.20,132.00
5026,568.20,131.00
5027,568.20,131.00
5028,568.20,130.00
5029,568.20,130.00
5030,568.20,130.00
5031,568.20,130.00
5032,568.20,129.00
5033,568.20,129.00
5034,568.20,128.00
5035,568.20,128.00
5036,568.20,128.00
5037,568.20,127.00
5038,569.20,127.00
5039,569.20,126.00
5040,569.20,125.00
5041,569.20,124.00
5042,569.20,124.00
5043,569.20,122.00
5044,569.20,122.00
5045,569.20,121.00
5046,569.20,119.00
5047,569.20,118.00
5048,569.20,117.00
5049,569.20,116.00
5050,570.20,115.00
5051,570.20,113.00
5052,570.20,112.00
5053,570.20,111.00
5054,570.20,110.00
5055,570.20,109.00
5056,570.20,108.00
5057,570.20,108.00
5058,570.20,107.00
5059,570.20,106.00
5060,571.20,106.00
5061,571.20,105.00
5062,571.20,105.00
5063,571.20,104.00
5064,571.20,104.00
5065,571.20,104.00
5066,571.20,104.00
5067,571.20,104.00
5068,571.20,103.00
5069,571.20,103.00
5070,571.20,101.00
5071,571.20,101.00
5072,571.20,99.00
5073,572.20,98.00
5074,572.20,97.00
5075,573.20,96.00
5076,573.20,95.00
5077,573.20,94.00
5078,573.20,94.00
5079,573.20,94.00
5080,573.20,93.00
5081,573.20,93.00
5082,573.20,93.00
5083,573.20,93.00
5084,573.20,92.00
5085,573.20,92.00
5086,573.20,91.00
5087,573.20,91.00
5088,573.20,90.00
5089,573.20,88.00
5090,573.20,87.00
5091,573.20,85.00
5092,573.20,83.00
5093,573.20,82.00
5094,573.20,81.00
5095,573.20,80.00
5096,573.20,79.00
5097,573.20,79.00
5098,573.20,78.00
5099,573.20,78.00
5100,573.20,77.00
5101,574.20,76.00
5102,574.20,75.00
5103,574.20,74.00
5104,574.20,73.00
5105,575.20,72.00
5106,575.20,72.00
5107,575.20,70.00
5108,575.20,69.00
5109,576.20,67.00
5110,576.20,65.00
5111,576.20,64.00
5112,577.20,63.00
5113,577.20,63.00
5114,577.20,62.00
5115,577.20,62.00
5116,577.20,62.00
5117,577.20,62.00
5118,577.20,61.00
5119,577.20,61.00
5120,577.20,60.00
5121,577.20,60.00
5122,577.20,59.00
5123,577.20,59.00
5124,577.20,58.00
5125,577.20,57.00
5126,577.20,57.00
5127,577.20,56.00
5128,577.20,55.00
5129,577.20,54.00
5130,577.20,54.00
5131,577.20,53.00
5132,577.20,52.00
5133,577.20,52.00
5134,577.20,51.00
5135,577.20,50.00
5136,577.20,50.00
5137,577.20,49.00
5138,577.20,49.00
5139,577.20,48.00
5140,577.20,48.00
5141,577.20,48.00
5142,577.20,47.00
5143,577.20,47.00
5144,577.20,46.00
5145,577.20,46.00
5146,577.20,46.00
5147,577.20,45.00
5148,577.20,45.00
5149,577.20,45.00
5150,577.20,44.00
5151,577.20,44.00
5152,577.20,44.00
5153,577.20,43.00
5154,577.20,43.00
5155,578.20,43.00
5156,579.20,43.00
5157,580.20,43.00
5158,581.20,42.00
5159,581.20,42.00
5160,582.20,42.00
5161,582.20,42.00
5162,583.20,42.00
5163,583.20,42.00
5164,583.20,42.00
5165,583.20,42.00
5166,584.20,42.00
5167,584.20,42.00
5168,584.20,42.00
5169,584.20,42.00
5170,584.20,42.00
5171,584.20,41.00
5172,584.20,41.00
5173,585.20,41.00
5174,585.20,41.00
5175,585.20,41.00
5176,586.20,40.00
5177,587.20,40.00
5178,587.20,40.00
5179,588.20,40.00
5180,588.20,40.00
5181,589.20,40.00
5182,589.20,40.00
5183,590.20,40.00
5184,591.20,40.00
5185,593.20,40.00
5186,594.20,40.00
5187,595.20,40.00
5188,597.20,40.00
5189,597.20,40.00
5190,597.20,40.00
5191,598.20,40.00
5192,599.20,40.00
5193,599.20,40.00
5194,601.20,40.00
5195,601.20,40.00
5196,602.20,40.00
5197,602.20,40.00
5198,603.20,40.00
5199,603.20,40.00
5200,604.20,40.00
5201,604.20,40.00
5202,604.20,40.00
5203,604.20,40.00
5204,605.20,40.00
5205,605.20,40.00
5206,605.20,40.00
5207,605.20,41.00
5208,605.20,41.00
5209,605.20,41.00
5210,605.20,41.00
5211,605.20,42.00
5212,605.20,42.00
5213,605.20,43.00
5214,605.20,44.00
5215,605.20,45.00
5216,605.20,47.00
5217,606.20,49.00
5218,606.20,50.00
5219,606.20,51.00
5220,606.20,53.00
5221,607.20,54.00
5222,607.20,56.00
5223,608.20,58.00
5224,608.20,59.00
5225,608.20,60.00
5226,608.20,60.00
5227,608.20,60.00
5228,609.20,60.00
5229,609.20,61.00
5230,609.20,62.00
5231,609.20,63.00
5232,610.20,64.00
5233,610.20,65.00
5234,610.20,66.00
5235,611.20,67.00
5236,611.20,68.00
5237,611.20,68.00
5238,611.20,69.00
5239,611.20,70.00
5240,611.20,71.00
5241,611.20,73.00
5242,611.20,74.00
5243,612.20,75.00
5244,612.20,77.00
5245,612.20,79.00
5246,613.20,80.00
5247,613.20,82.00
5248,613.20,84.00
5249,613.20,85.00
5250,613.20,86.00
5251,613.20,88.00
5252,613.20,89.00
5253,613.20,91.00
5254,613.20,93.00
5255,613.20,95.00
5256,613.20,96.00
5257,613.20,98.00
5258,613.20,99.00
5259,613.20,100.00
5260,613.20,101.00
5261,613.20,102.00
5262,613.20,103.00
5263,613.20,104.00
5264,613.20,106.00
5265,613.20,107.00
5266,613.20,108.00
5267,613.20,110.00
5268,614.20,111.00
5269,614.20,113.00
5270,614.20,114.00
5271,614.20,116.00
5272,614.20,117.00
5273,614.20,118.00
5274,614.20,120.00
5275,614.20,122.00
5276,614.20,123.00
5277,615.20,125.00
5278,615.20,127.00
5279,616.20,128.00
5280,616.20,128.00
5281,616.20,129.00
5282,616.20,130.00
5283,617.20,130.00
5284,617.20,131.00
5285,617.20,133.00
5286,617.20,136.00
5287,617.20,138.00
5288,617.20,140.00
5289,617.20,141.00
5290,617.20,142.00
5291,618.20,143.00
5292,618.20,143.00
5293,618.20,145.00
5294,618.20,146.00
5295,618.20,147.00
5296,618.20,148.00
5297,618.20,149.00
5298,618.20,150.00
5299,618.20,150.00
5300,618.20,151.00
5301,618.20,151.00
5302,618.20,152.00
5303,618.20,153.00
5304,619.20,154.00
5305,619.20,155.00
5306,619.20,156.00
5307,620.20,157.00
5308,620.20,158.00
5309,620.20,159.00
5310,620.20,160.00
5311,621.20,161.00
5312,621.20,163.00
5313,622.20,164.00
5314,622.20,166.00
5315,622.20,167.00
5316,622.20,169.00
5317,623.20,170.00
5318,623.20,172.00
5319,623.20,173.00
5320,623.20,175.00
5321,623.20,176.00
5322,623.20,177.00
5323,623.20,178.00
5324,623.20,179.00
5325,623.20,180.00
5326,623.20,181.00
5327,623.20,181.00
5328,623.20,182.00
5329,623.20,182.00
5330,623.20,182.00
5331,623.20,183.00
5332,623.20,184.00
5333,623.20,185.00
5334,623.20,185.00
5335,623.20,186.00
5336,624.20,187.00
5337,624.20,188.00
5338,624.20,189.00
5339,624.20,190.00
5340,624.20,191.00
5341,624.20,193.00
5342,624.20,194.00
5343,624.20,195.00
5344,624.20,196.00
5345,624.20,197.00
5346,625.20,198.00
5347,625.20,199.00
5348,625.20,200.00
5349,625.20,202.00
5350,625.20,204.00
5351,625.20,205.00
5352,625.20,206.00
5353,625.20,207.00
5354,625.20,208.00
5355,626.20,210.00
5356,626.20,211.00
5357,626.20,213.00
5358,626.20,214.00
5359,626.20,216.00
5360,626.20,217.00
5361,627.20,219.00
5362,627.20,221.00
5363,628.20,224.00
5364,629.20,228.00
5365,630.20,230.00
5366,631.20,232.00
5367,631.20,233.00
5368,632.20,233.00
5369,632.20,234.00
5370,632.20,234.00
5371,632.20,234.00
5372,632.20,235.00
5373,632.20,236.00
5374,632.20,239.00
5375,632.20,241.00
5376,632.20,242.00
5377,632.20,243.00
5378,632.20,244.00
5379,632.20,244.00
5380,632.20,245.00
5381,632.20,245.00
5382,633.20,246.00
5383,633.20,248.00
5384,633.20,249.00
5385,633.20,251.00
5386,633.20,252.00
5387,633.20,254.00
5388,633.20,255.00
5389,634.20,256.00
5390,634.20,257.00
5391,634.20,257.00
5392,634.20,258.00
5393,634.20,259.00
5394,635.20,260.00
5395,635.20,261.00
5396,635.20,262.00
5397,636.20,263.00
5398,636.20,264.00
5399,636.20,265.00
5400,637.20,265.00
5401,637.20,265.00
5402,637.20,266.00
5403,638.20,266.00
5404,638.20,266.00
5405,638.20,267.00
5406,638.20,267.00
5407,639.20,267.00
5408,639.20,268.00
5409,640.20,268.00
5410,640.20,269.00
5411,640.20,269.00
5412,641.20,269.00
5413,641.20,270.00
5414,642.20,270.00
5415,642.20,271.00

matched_data
index,target_x,target_y,user_x,user_y,offset_px
0,60.00,336.46,60.20,338.00,1.55
1,61.50,331.70,60.20,335.00,0.25
2,63.00,326.48,61.20,332.00,0.20
3,64.50,320.91,62.20,329.00,0.07
4,66.00,315.10,63.20,325.00,0.19
5,67.50,309.16,64.20,321.00,0.27
6,69.00,303.19,66.20,316.00,0.42
7,70.50,297.29,67.20,312.00,0.40
8,72.00,291.54,67.20,309.00,0.33
9,73.50,286.02,69.20,304.00,0.39
10,75.00,280.79,70.20,299.00,0.13
11,76.50,275.91,72.20,290.00,0.21
12,78.00,271.41,73.20,284.00,0.84
13,79.50,267.32,74.20,280.00,1.00
14,81.00,263.66,76.20,276.00,0.26
15,82.50,260.42,77.20,271.00,0.89
16,84.00,257.59,79.20,266.00,0.78
17,85.50,255.15,81.20,262.00,0.52
18,87.00,253.04,84.20,258.00,0.37
19,88.50,251.22,85.20,256.00,0.19
20,90.00,249.64,86.20,254.00,0.09
21,91.50,248.21,89.20,250.00,0.33
22,93.00,246.86,91.20,248.00,0.36
23,94.50,245.52,93.20,246.00,0.51
24,96.00,244.09,95.20,243.00,1.33
25,97.50,242.49,98.20,239.00,1.58
26,99.00,240.63,100.20,238.00,0.47
27,100.50,238.42,101.20,234.00,1.49
28,102.00,235.79,104.20,229.00,0.72
29,103.50,232.64,105.20,225.00,1.09
30,105.00,228.93,107.20,221.00,0.35
31,106.50,224.58,107.20,219.00,0.91
32,108.00,219.54,108.20,215.00,0.95
33,109.50,213.79,109.20,212.00,0.69
34,111.00,207.29,109.20,210.00,1.14
35,112.50,200.02,111.20,203.00,0.67
36,114.00,192.01,112.20,196.00,1.04
37,115.50,183.26,114.20,192.00,0.20
38,117.00,173.80,115.20,187.00,0.34
39,118.50,163.68,116.20,181.00,0.34
40,120.00,152.97,117.20,177.00,0.70
41,121.50,141.74,118.20,172.00,0.92
42,123.00,130.09,119.20,165.00,0.89
43,124.50,118.10,120.20,161.00,1.31
44,126.00,105.89,120.20,154.00,0.34
45,127.50,93.59,120.20,150.00,0.20
46,129.00,81.32,120.20,146.00,0.72
47,130.50,69.22,121.20,143.00,0.13
48,132.00,57.42,122.20,138.00,0.22
49,133.50,46.06,122.20,128.00,1.05
50,135.00,42.00,124.20,123.00,0.31
51,136.50,42.00,124.20,119.00,0.19
52,138.00,42.00,125.20,115.00,0.32
53,139.50,42.00,125.20,110.00,0.29
54,141.00,42.00,126.20,106.00,0.21
55,142.50,42.00,126.20,103.00,0.15
56,144.00,42.00,126.20,99.00,0.64
57,145.50,42.00,126.20,95.00,1.12
58,147.00,42.00,127.20,91.00,0.61
59,148.50,42.00,127.20,87.00,1.10
60,150.00,42.00,128.20,84.00,0.47
61,151.50,42.00,129.20,81.00,0.16
62,153.00,42.00,129.20,78.00,0.21
63,154.50,42.00,130.20,72.00,0.04
64,156.00,42.00,131.20,66.00,0.29
65,157.50,42.00,132.20,60.00,0.52
66,159.00,42.00,132.20,57.00,0.14
67,160.50,42.00,133.20,52.00,0.48
68,162.00,47.02,133.20,49.00,0.09
69,163.50,60.30,134.20,45.00,0.29
70,165.00,74.47,135.20,42.00,0.00
71,166.50,89.39,137.20,42.00,0.00
72,168.00,104.91,139.20,41.00,1.00
73,169.50,120.89,142.20,41.00,1.00
74,171.00,137.17,145.20,41.00,1.00
75,172.50,153.58,147.20,41.00,1.00
76,174.00,169.97,150.20,41.00,1.00
77,175.50,186.19,152.20,41.00,1.00
78,177.00,202.09,155.20,42.00,0.00
79,178.50,217.52,157.20,42.00,0.00
80,180.00,232.35,158.20,43.00,1.00
81,181.50,246.45,159.20,46.00,2.39
82,183.00,259.72,160.20,48.00,1.90
83,184.50,272.05,161.20,50.00,1.13
84,186.00,283.37,162.20,52.00,0.36
85,187.50,293.60,162.20,55.00,0.70
86,189.00,302.70,162.20,58.00,1.03
87,190.50,310.62,162.20,61.00,1.37
88,192.00,317.35,162.20,64.00,1.68
89,193.50,322.89,163.20,67.00,1.00
90,195.00,327.24,164.20,70.00,0.33
91,196.50,330.45,164.20,74.00,0.75
92,198.00,332.55,165.20,79.00,0.25
93,199.50,333.60,165.20,82.00,0.55
94,201.00,333.68,165.20,85.00,0.85
95,202.50,332.85,166.20,88.00,0.16
96,204.00,331.22,166.20,93.00,0.65
97,205.50,328.88,166.20,97.00,1.03
98,207.00,325.93,167.20,101.00,0.42
99,208.50,322.47,167.20,105.00,0.80
100,210.00,318.62,168.20,110.00,0.28
101,211.50,314.48,169.20,114.00,0.35
102,213.00,310.15,169.20,118.00,0.03
103,214.50,305.73,170.20,121.00,0.69
104,216.00,301.33,170.20,127.00,0.14
105,217.50,297.02,170.20,132.00,0.32
106,219.00,292.88,171.20,139.00,0.03
107,220.50,288.98,172.20,148.00,0.21
108,222.00,285.37,172.20,152.00,0.15
109,223.50,282.10,172.20,156.00,0.52
110,225.00,279.19,172.20,161.00,0.97
111,226.50,276.66,173.20,166.00,0.43
112,228.00,274.52,173.20,170.00,0.80
113,229.50,272.75,173.20,177.00,1.44
114,231.00,271.33,174.20,181.00,0.82
115,232.50,270.23,175.20,185.00,0.19
116,234.00,269.38,175.20,190.00,0.66
117,235.50,268.75,175.20,193.00,0.94
118,237.00,268.25,175.20,197.00,1.31
119,238.50,267.81,175.20,202.00,1.78
120,240.00,267.35,176.20,205.00,1.08
121,241.50,266.78,176.20,209.00,1.46
122,243.00,266.01,178.20,213.00,0.14
123,244.50,264.96,178.20,218.00,0.35
124,246.00,263.52,178.20,223.00,0.85
125,247.50,261.62,178.20,227.00,1.25
126,249.00,259.18,178.20,232.00,1.76
127,250.50,256.10,179.20,238.00,1.39
128,252.00,252.34,179.20,245.00,2.13
129,253.50,247.83,180.20,248.00,1.47
130,255.00,242.52,181.20,252.00,0.92
131,256.50,236.39,181.20,256.00,1.37
132,258.00,229.40,182.20,260.00,0.83
133,259.50,221.57,183.20,264.00,0.32
134,261.00,212.88,184.20,272.00,0.29
135,262.50,203.38,184.20,277.00,0.95
136,264.00,193.09,185.20,283.00,0.74
137,265.50,182.08,185.20,287.00,1.32
138,267.00,170.41,187.20,294.00,0.36
139,268.50,158.17,188.20,299.00,0.19
140,270.00,145.45,188.20,303.00,0.84
141,271.50,132.35,189.20,308.00,0.79
142,273.00,119.01,190.20,311.00,0.38
143,274.50,105.55,191.20,316.00,0.49
144,276.00,92.09,192.20,320.00,0.50
145,277.50,78.79,193.20,324.00,0.65
146,279.00,65.78,194.20,326.00,0.35
147,280.50,53.21,195.20,328.00,0.14
148,282.00,42.00,197.20,330.00,0.82
149,283.50,42.00,198.20,332.00,0.48
150,285.00,42.00,200.20,332.00,1.64
151,286.50,42.00,202.20,331.00,1.48
152,288.00,42.00,203.20,329.00,1.87
153,289.50,42.00,204.20,327.00,2.01
154,291.00,42.00,206.20,324.00,1.50
155,292.50,42.00,208.20,321.00,0.81
156,294.00,42.00,209.20,319.00,0.61
157,295.50,42.00,210.20,315.00,1.04
158,297.00,42.00,213.20,310.00,0.14
159,298.50,42.00,213.20,308.00,0.50
160,300.00,42.00,215.20,303.00,0.22
161,301.50,42.00,217.20,300.00,0.70
162,303.00,42.00,218.20,297.00,0.65
163,304.50,42.00,219.20,294.00,0.57
164,306.00,42.00,220.20,290.00,0.09
165,307.50,42.00,222.20,286.00,0.43
166,309.00,42.00,223.20,284.00,0.52
167,310.50,46.82,224.20,280.00,0.34
168,312.00,60.21,225.20,278.00,0.44
169,313.50,74.37,226.20,276.00,0.63
170,315.00,89.18,227.20,273.00,1.59
171,316.50,104.47,229.20,271.00,1.48
172,318.00,120.09,232.20,270.00,0.36
173,319.50,135.88,235.20,269.00,0.11
174,321.00,151.69,238.20,267.00,0.86
175,322.50,167.38,240.20,266.00,1.19
176,324.00,182.79,243.20,264.00,1.53
177,325.50,197.78,245.20,263.00,0.93
178,327.00,212.23,246.20,261.00,1.41
179,328.50,226.01,248.20,257.00,1.67
180,330.00,239.02,250.20,252.00,1.80
181,331.50,251.17,251.20,250.00,1.50
182,333.00,262.37,254.20,246.00,0.18
183,334.50,272.57,256.20,241.00,0.80
184,336.00,281.70,258.20,236.00,1.58
185,337.50,289.76,260.20,229.00,2.08
186,339.00,296.70,260.20,226.00,1.52
187,340.50,302.55,260.20,223.00,0.96
188,342.00,307.31,260.20,219.00,0.25
189,343.50,311.02,260.20,214.00,0.60
190,345.00,313.71,261.20,210.00,0.25
191,346.50,315.46,261.20,206.00,0.88
192,348.00,316.32,262.20,201.00,0.64
193,349.50,316.38,264.20,195.00,0.47
194,351.00,315.72,264.20,192.00,0.05
195,352.50,314.45,264.20,188.00,0.49
196,354.00,312.65,265.20,186.00,0.23
197,355.50,310.43,265.20,182.00,0.31
198,357.00,307.89,265.20,178.00,0.82
199,358.50,305.13,266.20,172.00,0.59
200,360.00,302.25,267.20,169.00,0.03
201,361.50,299.34,267.20,164.00,0.58
202,363.00,296.49,268.20,157.00,0.43
203,364.50,293.77,269.20,153.00,0.09
204,366.00,291.25,269.20,146.00,0.73
205,367.50,288.99,269.20,140.00,1.41
206,369.00,287.03,269.20,133.00,2.21
207,370.50,285.41,271.20,126.00,1.01
208,372.00,284.14,271.20,122.00,1.45
209,373.50,283.24,272.20,116.00,1.13
210,375.00,282.69,273.20,108.00,1.02
211,376.50,282.47,274.20,101.00,0.80
212,378.00,282.55,274.20,95.00,1.47
213,379.50,282.88,275.20,90.00,1.03
214,381.00,283.41,276.20,86.00,0.48
215,382.50,284.07,276.20,79.00,1.27
216,384.00,284.78,278.20,71.00,0.20
217,385.50,285.46,279.20,65.00,0.11
218,387.00,286.02,280.20,61.00,0.62
219,388.50,286.37,280.20,55.00,0.09
220,390.00,286.41,280.20,52.00,0.46
221,391.50,286.06,280.20,49.00,0.86
222,393.00,285.21,280.20,46.00,1.25
223,394.50,283.79,281.20,42.00,0.79
224,396.00,281.70,283.20,42.00,0.00
225,397.50,278.87,286.20,42.00,0.00
226,399.00,275.24,289.20,41.00,1.00
227,400.50,270.75,292.20,41.00,1.00
228,402.00,265.35,295.20,41.00,1.00
229,403.50,259.03,298.20,41.00,1.00
230,405.00,251.75,302.20,41.00,1.00
231,406.50,243.52,304.20,41.00,1.00
232,408.00,234.36,306.20,41.00,1.00
233,409.50,224.29,307.20,42.00,0.00
234,411.00,213.36,308.20,45.00,1.66
235,412.50,201.63,309.20,48.00,1.42
236,414.00,189.18,309.20,52.00,1.87
237,415.50,176.09,310.20,57.00,1.43
238,417.00,162.47,311.20,61.00,0.88
239,418.50,148.44,312.20,65.00,0.31
240,420.00,134.12,313.20,71.00,0.06
241,421.50,119.64,313.20,77.00,0.56
242,423.00,105.14,313.20,80.00,0.87
243,424.50,90.78,314.20,83.00,0.17
244,426.00,76.69,315.20,87.00,0.42
245,427.50,63.02,315.20,93.00,0.17
246,429.00,49.93,315.20,98.00,0.66
247,430.50,42.00,316.20,107.00,0.54
248,432.00,42.00,317.20,115.00,0.31
249,433.50,42.00,317.20,123.00,1.07
250,435.00,42.00,317.20,134.00,2.11
251,436.50,42.00,317.20,143.00,2.96
252,438.00,42.00,317.20,152.00,3.81
253,439.50,42.00,320.20,158.00,1.40
254,441.00,42.00,321.20,163.00,0.88
255,442.50,42.00,325.20,170.00,2.43
256,444.00,42.00,327.20,179.00,3.55
257,445.50,42.00,327.20,190.00,2.47
258,447.00,42.00,327.20,202.00,1.25
259,448.50,42.00,327.20,213.00,0.12
260,450.00,42.00,328.20,220.00,0.35
261,451.50,42.00,330.20,229.00,1.35
262,453.00,42.00,330.20,237.00,0.43
263,454.50,42.00,332.20,244.00,1.57
264,456.00,42.00,332.20,255.00,0.19
265,457.50,42.00,334.20,263.00,1.10
266,459.00,48.13,335.20,271.00,0.92
267,460.50,61.40,335.20,279.00,0.35
268,462.00,75.32,337.20,289.00,0.16
269,463.50,89.75,338.20,298.00,1.10
270,465.00,104.54,339.20,303.00,1.38
271,466.50,119.53,341.20,306.00,0.37
272,468.00,134.58,343.20,309.00,0.48
273,469.50,149.54,345.20,313.00,0.52
274,471.00,164.26,347.20,314.00,1.48
275,472.50,178.63,350.20,315.00,0.98
276,474.00,192.50,352.20,314.00,0.52
277,475.50,205.76,355.20,309.00,0.99
278,477.00,218.32,359.20,300.00,1.74
279,478.50,230.08,362.20,293.00,2.38
280,480.00,240.98,365.20,289.00,1.91
281,481.50,250.94,371.20,286.00,0.90
282,483.00,259.94,374.20,284.00,0.96
283,484.50,267.94,378.20,283.00,0.40
284,486.00,274.93,382.20,282.00,1.77
285,487.50,280.91,387.20,283.00,2.90
286,489.00,285.90,389.20,284.00,2.39
287,490.50,289.95,392.20,283.00,2.15
288,492.00,293.09,395.20,277.00,2.84
289,493.50,295.38,398.20,271.00,2.10
290,495.00,296.89,400.20,266.00,1.56
291,496.50,297.71,402.20,258.00,1.48
292,498.00,297.91,404.20,248.00,1.46
293,499.50,297.59,405.20,240.00,1.85
294,501.00,296.85,408.20,229.00,0.59
295,502.50,295.77,410.20,219.00,0.03
296,504.00,294.47,412.20,209.00,0.64
297,505.50,293.02,413.20,200.00,0.50
298,507.00,291.53,416.20,185.00,1.71
299,508.50,290.07,418.20,174.00,2.45
300,510.00,288.73,418.20,163.00,1.25
301,511.50,287.57,418.20,154.00,0.29
302,513.00,286.66,418.20,148.00,0.34
303,514.50,286.03,419.20,141.00,0.08
304,516.00,285.73,419.20,133.00,0.91
305,517.50,285.77,419.20,127.00,1.53
306,519.00,286.17,420.20,122.00,1.05
307,520.50,286.92,420.20,118.00,1.46
308,522.00,288.01,421.20,111.00,1.19
309,523.50,289.39,422.20,101.00,1.23
310,525.00,291.03,424.20,94.00,0.04
311,526.50,292.88,424.20,90.00,0.38
312,528.00,294.86,424.20,78.00,1.65
313,529.50,296.91,424.20,73.00,2.19
314,531.00,298.93,426.20,67.00,0.86
315,532.50,300.84,427.20,59.00,0.76
316,534.00,302.54,428.20,53.00,0.45
317,535.50,303.93,429.20,51.00,0.32
318,537.00,304.92,430.20,44.00,0.08
319,538.50,305.41,441.20,41.00,1.00
320,540.00,305.30,448.20,41.00,1.00
321,541.50,304.51,453.20,40.00,2.00
322,543.00,302.94,455.20,40.00,2.00
323,544.50,300.53,457.20,43.00,0.53
324,546.00,297.20,459.20,47.00,0.46
325,547.50,292.91,460.20,51.00,0.87
326,549.00,287.61,460.20,59.00,0.03
327,550.50,281.27,461.20,65.00,0.31
328,552.00,273.89,465.20,80.00,2.70
329,553.50,265.46,462.20,95.00,1.82
330,555.00,256.01,462.20,99.00,2.23
331,556.50,245.56,465.20,106.00,0.05
332,558.00,234.18,466.20,116.00,0.05
333,559.50,221.92,467.20,129.00,0.24
334,561.00,208.88,469.20,147.00,0.05
335,562.50,195.14,470.20,152.00,0.45
336,564.00,180.81,472.20,167.00,0.91
337,565.50,166.01,474.20,177.00,1.86
338,567.00,150.88,474.20,191.00,0.36
339,568.50,135.55,475.20,203.00,0.01
340,570.00,120.17,476.20,221.00,1.13
341,571.50,104.89,477.20,232.00,1.55
342,573.00,89.87,480.20,241.00,0.19
343,574.50,75.24,482.20,253.00,0.35
344,576.00,61.17,487.20,276.00,0.90
345,577.50,47.81,489.20,284.00,0.74
346,579.00,42.00,491.20,292.00,0.25
347,580.50,42.00,494.20,295.00,0.76
348,582.00,42.00,497.20,295.00,2.71
349,583.50,42.00,500.20,295.00,1.97
350,585.00,42.00,506.20,291.00,0.94
351,586.50,42.00,511.20,287.00,0.65
352,588.00,42.00,515.20,286.00,0.11
353,589.50,42.00,520.20,290.00,2.67
354,591.00,42.00,524.20,293.00,1.86
355,592.50,42.00,526.20,295.00,1.52
356,594.00,42.00,530.20,298.00,0.09
357,595.50,42.00,534.20,301.00,1.17
358,597.00,42.00,537.20,303.00,1.71
359,598.50,42.00,540.20,303.00,1.94
360,600.00,42.00,543.20,300.00,1.38
361,601.50,42.00,548.20,286.00,1.15
362,603.00,42.00,551.20,273.00,0.94
363,604.50,42.00,552.20,266.00,1.19
364,606.00,42.00,557.20,248.00,1.04
365,607.50,50.76,559.20,239.00,1.82
366,609.00,63.65,560.20,221.00,0.59
367,610.50,77.07,560.20,211.00,0.55
368,612.00,90.87,563.20,193.00,0.47
369,613.50,104.90,565.20,176.00,0.71
370,615.00,119.01,568.20,162.00,2.29
371,616.50,133.06,568.20,136.00,0.26
372,618.00,146.93,568.20,128.00,1.03
373,619.50,160.47,569.20,116.00,1.20
374,621.00,173.57,571.20,104.00,0.39
375,622.50,186.13,573.20,94.00,0.61
376,624.00,198.04,573.20,87.00,0.09
377,625.50,209.23,574.20,73.00,0.54
378,627.00,219.62,577.20,62.00,1.28
379,628.50,229.17,577.20,53.00,0.28
380,630.00,237.83,577.20,46.00,0.74
381,631.50,245.59,581.20,42.00,0.00
382,633.00,252.43,584.20,41.00,1.00
383,634.50,258.37,593.20,40.00,2.00
384,636.00,263.42,603.20,40.00,2.00
385,637.50,267.64,605.20,42.00,0.00
386,639.00,271.05,608.20,60.00,0.37
387,640.50,273.73,611.20,70.00,1.48
388,642.00,275.75,613.20,91.00,1.18
389,643.50,277.17,613.20,108.00,0.63
390,645.00,278.10,616.20,128.00,0.24
391,646.50,278.61,618.20,145.00,0.41
392,648.00,278.79,620.20,157.00,1.08
393,649.50,278.75,623.20,175.00,2.02
394,651.00,278.58,623.20,185.00,0.83
395,652.50,278.35,625.20,199.00,1.06
396,654.00,278.16,627.20,219.00,0.29
397,655.50,278.08,632.20,239.00,1.94
398,657.00,278.19,633.20,255.00,0.44
399,658.50,278.54,637.20,265.00,0.60
400,660.00,279.18,642.20,271.00,2.82