trial,5
timestamp,2026-03-11T19:53:15.901Z
mode,numerical

target_curve
index,target_x,target_y
0,60.00,336.46
1,61.50,331.70
2,63.00,326.48
3,64.50,320.91
4,66.00,315.10
5,67.50,309.16
6,69.00,303.19
7,70.50,297.29
8,72.00,291.54
9,73.50,286.02
10,75.00,280.79
11,76.50,275.91
12,78.00,271.41
13,79.50,267.32
14,81.00,263.66
15,82.50,260.42
16,84.00,257.59
17,85.50,255.15
18,87.00,253.04
19,88.50,251.22
20,90.00,249.64
21,91.50,248.21
22,93.00,246.86
23,94.50,245.52
24,96.00,244.09
25,97.50,242.49
26,99.00,240.63
27,100.50,238.42
28,102.00,235.79
29,103.50,232.64
30,105.00,228.93
31,106.50,224.58
32,108.00,219.54
33,109.50,213.79
34,111.00,207.29
35,112.50,200.02
36,114.00,192.01
37,115.50,183.26
38,117.00,173.80
39,118.50,163.68
40,120.00,152.97
41,121.50,141.74
42,123.00,130.09
43,124.50,118.10
44,126.00,105.89
45,127.50,93.59
46,129.00,81.32
47,130.50,69.22
48,132.00,57.42
49,133.50,46.06
50,135.00,42.00
51,136.50,42.00
52,138.00,42.00
53,139.50,42.00
54,141.00,42.00
55,142.50,42.00
56,144.00,42.00
57,145.50,42.00
58,147.00,42.00
59,148.50,42.00
60,150.00,42.00
61,151.50,42.00
62,153.00,42.00
63,154.50,42.00
64,156.00,42.00
65,157.50,42.00
66,159.00,42.00
67,160.50,42.00
68,162.00,47.02
69,163.50,60.30
70,165.00,74.47
71,166.50,89.39
72,168.00,104.91
73,169.50,120.89
74,171.00,137.17
75,172.50,153.58
76,174.00,169.97
77,175.50,186.19
78,177.00,202.09
79,178.50,217.52
80,180.00,232.35
81,181.50,246.45
82,183.00,259.72
83,184.50,272.05
84,186.00,283.37
85,187.50,293.60
86,189.00,302.70
87,190.50,310.62
88,192.00,317.35
89,193.50,322.89
90,195.00,327.24
91,196.50,330.45
92,198.00,332.55
93,199.50,333.60
94,201.00,333.68
95,202.50,332.85
96,204.00,331.22
97,205.50,328.88
98,207.00,325.93
99,208.50,322.47
100,210.00,318.62
101,211.50,314.48
102,213.00,310.15
103,214.50,305.73
104,216.00,301.33
105,217.50,297.02
106,219.00,292.88
107,220.50,288.98
108,222.00,285.37
109,223.50,282.10
110,225.00,279.19
111,226.50,276.66
112,228.00,274.52
113,229.50,272.75
114,231.00,271.33
115,232.50,270.23
116,234.00,269.38
117,235.50,268.75
118,237.00,268.25
119,238.50,267.81
120,240.00,267.35
121,241.50,266.78
122,243.00,266.01
123,244.50,264.96
124,246.00,263.52
125,247.50,261.62
126,249.00,259.18
127,250.50,256.10
128,252.00,252.34
129,253.50,247.83
130,255.00,242.52
131,256.50,236.39
132,258.00,229.40
133,259.50,221.57
134,261.00,212.88
135,262.50,203.38
136,264.00,193.09
137,265.50,182.08
138,267.00,170.41
139,268.50,158.17
140,270.00,145.45
141,271.50,132.35
142,273.00,119.01
143,274.50,105.55
144,276.00,92.09
145,277.50,78.79
146,279.00,65.78
147,280.50,53.21
148,282.00,42.00
149,283.50,42.00
150,285.00,42.00
151,286.50,42.00
152,288.00,42.00
153,289.50,42.00
154,291.00,42.00
155,292.50,42.00
156,294.00,42.00
157,295.50,42.00
158,297.00,42.00
159,298.50,42.00
160,300.00,42.00
161,301.50,42.00
162,303.00,42.00
163,304.50,42.00
164,306.00,42.00
165,307.50,42.00
166,309.00,42.00
167,310.50,46.82
168,312.00,60.21
169,313.50,74.37
170,315.00,89.18
171,316.50,104.47
172,318.00,120.09
173,319.50,135.88
174,321.00,151.69
175,322.50,167.38
176,324.00,182.79
177,325.50,197.78
178,327.00,212.23
179,328.50,226.01
180,330.00,239.02
181,331.50,251.17
182,333.00,262.37
183,334.50,272.57
184,336.00,281.70
185,337.50,289.76
186,339.00,296.70
187,340.50,302.55
188,342.00,307.31
189,343.50,311.02
190,345.00,313.71
191,346.50,315.46
192,348.00,316.32
193,349.50,316.38
194,351.00,315.72
195,352.50,314.45
196,354.00,312.65
197,355.50,310.43
198,357.00,307.89
199,358.50,305.13
200,360.00,302.25
201,361.50,299.34
202,363.00,296.49
203,364.50,293.77
204,366.00,291.25
205,367.50,288.99
206,369.00,287.03
207,370.50,285.41
208,372.00,284.14
209,373.50,283.24
210,375.00,282.69
211,376.50,282.47
212,378.00,282.55
213,379.50,282.88
214,381.00,283.41
215,382.50,284.07
216,384.00,284.78
217,385.50,285.46
218,387.00,286.02
219,388.50,286.37
220,390.00,286.41
221,391.50,286.06
222,393.00,285.21
223,394.50,283.79
224,396.00,281.70
225,397.50,278.87
226,399.00,275.24
227,400.50,270.75
228,402.00,265.35
229,403.50,259.03
230,405.00,251.75
231,406.50,243.52
232,408.00,234.36
233,409.50,224.29
234,411.00,213.36
235,412.50,201.63
236,414.00,189.18
237,415.50,176.09
238,417.00,162.47
239,418.50,148.44
240,420.00,134.12
241,421.50,119.64
242,423.00,105.14
243,424.50,90.78
244,426.00,76.69
245,427.50,63.02
246,429.00,49.93
247,430.50,42.00
248,432.00,42.00
249,433.50,42.00
250,435.00,42.00
251,436.50,42.00
252,438.00,42.00
253,439.50,42.00
254,441.00,42.00
255,442.50,42.00
256,444.00,42.00
257,445.50,42.00
258,447.00,42.00
259,448.50,42.00
260,450.00,42.00
261,451.50,42.00
262,453.00,42.00
263,454.50,42.00
264,456.00,42.00
265,457.50,42.00
266,459.00,48.13
267,460.50,61.40
268,462.00,75.32
269,463.50,89.75
270,465.00,104.54
271,466.50,119.53
272,468.00,134.58
273,469.50,149.54
274,471.00,164.26
275,472.50,178.63
276,474.00,192.50
277,475.50,205.76
278,477.00,218.32
279,478.50,230.08
280,480.00,240.98
281,481.50,250.94
282,483.00,259.94
283,484.50,267.94
284,486.00,274.93
285,487.50,280.91
286,489.00,285.90
287,490.50,289.95
288,492.00,293.09
289,493.50,295.38
290,495.00,296.89
291,496.50,297.71
292,498.00,297.91
293,499.50,297.59
294,501.00,296.85
295,502.50,295.77
296,504.00,294.47
297,505.50,293.02
298,507.00,291.53
299,508.50,290.07
300,510.00,288.73
301,511.50,287.57
302,513.00,286.66
303,514.50,286.03
304,516.00,285.73
305,517.50,285.77
306,519.00,286.17
307,520.50,286.92
308,522.00,288.01
309,523.50,289.39
310,525.00,291.03
311,526.50,292.88
312,528.00,294.86
313,529.50,296.91
314,531.00,298.93
315,532.50,300.84
316,534.00,302.54
317,535.50,303.93
318,537.00,304.92
319,538.50,305.41
320,540.00,305.30
321,541.50,304.51
322,543.00,302.94
323,544.50,300.53
324,546.00,297.20
325,547.50,292.91
326,549.00,287.61
327,550.50,281.27
328,552.00,273.89
329,553.50,265.46
330,555.00,256.01
331,556.50,245.56
332,558.00,234.18
333,559.50,221.92
334,561.00,208.88
335,562.50,195.14
336,564.00,180.81
337,565.50,166.01
338,567.00,150.88
339,568.50,135.55
340,570.00,120.17
341,571.50,104.89
342,573.00,89.87
343,574.50,75.24
344,576.00,61.17
345,577.50,47.81
346,579.00,42.00
347,580.50,42.00
348,582.00,42.00
349,583.50,42.00
350,585.00,42.00
351,586.50,42.00
352,588.00,42.00
353,589.50,42.00
354,591.00,42.00
355,592.50,42.00
356,594.00,42.00
357,595.50,42.00
358,597.00,42.00
359,598.50,42.00
360,600.00,42.00
361,601.50,42.00
362,603.00,42.00
363,604.50,42.00
364,606.00,42.00
365,607.50,50.76
366,609.00,63.65
367,610.50,77.07
368,612.00,90.87
369,613.50,104.90
370,615.00,119.01
371,616.50,133.06
372,618.00,146.93
373,619.50,160.47
374,621.00,173.57
375,622.50,186.13
376,624.00,198.04
377,625.50,209.23
378,627.00,219.62
379,628.50,229.17
380,630.00,237.83
381,631.50,245.59
382,633.00,252.43
383,634.50,258.37
384,636.00,263.42
385,637.50,267.64
386,639.00,271.05
387,640.50,273.73
388,642.00,275.75
389,643.50,277.17
390,645.00,278.10
391,646.50,278.61
392,648.00,278.79
393,649.50,278.75
394,651.00,278.58
395,652.50,278.35
396,654.00,278.16
397,655.50,278.08
398,657.00,278.19
399,658.50,278.54
400,660.00,279.18

user_path
index,user_x,user_y
0,60.00,336.20
1,60.00,336.20
2,60.00,336.20
3,60.00,336.20
4,60.00,335.20
5,60.00,334.20
6,60.00,334.20
7,60.00,333.20
8,60.00,333.20
9,60.00,332.20
10,60.00,332.20
11,60.00,332.20
12,60.00,332.20
13,61.00,331.20
14,61.00,331.20
15,61.00,331.20
16,61.00,331.20
17,61.00,331.20
18,61.00,330.20
19,61.00,330.20
20,61.00,330.20
21,61.00,329.20
22,62.00,329.20
23,62.00,329.20
24,62.00,329.20
25,62.00,328.20
26,62.00,328.20
27,62.00,328.20
28,62.00,327.20
29,62.00,327.20
30,62.00,327.20
31,62.00,326.20
32,62.00,326.20
33,62.00,325.20
34,62.00,325.20
35,62.00,324.20
36,62.00,324.20
37,62.00,323.20
38,62.00,323.20
39,62.00,323.20
40,62.00,323.20
41,63.00,322.20
42,63.00,322.20
43,63.00,322.20
44,63.00,322.20
45,63.00,322.20
46,63.00,321.20
47,63.00,321.20
48,63.00,321.20
49,63.00,320.20
50,64.00,320.20
51,64.00,319.20
52,64.00,319.20
53,64.00,319.20
54,64.00,318.20
55,64.00,318.20
56,64.00,317.20
57,64.00,317.20
58,65.00,316.20
59,65.00,316.20
60,65.00,315.20
61,65.00,315.20
62,65.00,314.20
63,65.00,314.20
64,65.00,314.20
65,65.00,313.20
66,66.00,313.20
67,66.00,313.20
68,66.00,312.20
69,66.00,312.20
70,66.00,312.20
71,66.00,311.20
72,66.00,311.20
73,66.00,310.20
74,66.00,310.20
75,66.00,310.20
76,66.00,310.20
77,66.00,309.20
78,67.00,309.20
79,67.00,308.20
80,67.00,308.20
81,67.00,308.20
82,67.00,308.20
83,67.00,307.20
84,67.00,307.20
85,67.00,307.20
86,67.00,307.20
87,67.00,307.20
88,67.00,306.20
89,67.00,306.20
90,67.00,306.20
91,67.00,306.20
92,67.00,305.20
93,67.00,305.20
94,68.00,305.20
95,68.00,304.20
96,68.00,303.20
97,68.00,303.20
98,68.00,302.20
99,68.00,302.20
100,68.00,301.20
101,68.00,301.20
102,68.00,301.20
103,69.00,300.20
104,69.00,300.20
105,69.00,299.20
106,69.00,298.20
107,70.00,297.20
108,70.00,297.20
109,70.00,296.20
110,70.00,296.20
111,70.00,295.20
112,71.00,295.20
113,71.00,294.20
114,71.00,294.20
115,71.00,293.20
116,71.00,293.20
117,71.00,292.20
118,72.00,292.20
119,72.00,292.20
120,72.00,292.20
121,72.00,291.20
122,72.00,291.20
123,72.00,291.20
124,72.00,291.20
125,72.00,290.20
126,72.00,290.20
127,72.00,289.20
128,73.00,288.20
129,74.00,286.20
130,74.00,285.20
131,74.00,285.20
132,74.00,283.20
133,75.00,282.20
134,75.00,282.20
135,75.00,282.20
136,75.00,281.20
137,75.00,281.20
138,75.00,281.20
139,75.00,281.20
140,75.00,281.20
141,75.00,280.20
142,75.00,280.20
143,75.00,280.20
144,75.00,280.20
145,75.00,280.20
146,75.00,280.20
147,75.00,279.20
148,75.00,279.20
149,75.00,279.20
150,75.00,279.20
151,76.00,278.20
152,76.00,278.20
153,76.00,278.20
154,76.00,278.20
155,76.00,277.20
156,76.00,277.20
157,76.00,276.20
158,76.00,276.20
159,77.00,275.20
160,77.00,274.20
161,77.00,273.20
162,77.00,273.20
163,77.00,272.20
164,77.00,272.20
165,77.00,271.20
166,77.00,271.20
167,78.00,270.20
168,78.00,270.20
169,78.00,269.20
170,78.00,269.20
171,78.00,268.20
172,78.00,267.20
173,78.00,266.20
174,78.00,266.20
175,79.00,265.20
176,79.00,265.20
177,79.00,265.20
178,79.00,265.20
179,79.00,264.20
180,79.00,264.20
181,79.00,264.20
182,79.00,264.20
183,79.00,263.20
184,79.00,263.20
185,80.00,262.20
186,80.00,262.20
187,80.00,262.20
188,80.00,262.20
189,80.00,262.20
190,80.00,261.20
191,80.00,261.20
192,80.00,261.20
193,80.00,261.20
194,80.00,261.20
195,81.00,260.20
196,81.00,260.20
197,81.00,260.20
198,81.00,259.20
199,81.00,259.20
200,82.00,258.20
201,82.00,257.20
202,82.00,257.20
203,82.00,256.20
204,83.00,255.20
205,83.00,255.20
206,83.00,254.20
207,83.00,254.20
208,83.00,254.20
209,83.00,253.20
210,84.00,253.20
211,84.00,253.20
212,84.00,253.20
213,84.00,253.20
214,84.00,252.20
215,84.00,252.20
216,85.00,252.20
217,85.00,252.20
218,85.00,251.20
219,85.00,251.20
220,86.00,251.20
221,86.00,251.20
222,86.00,250.20
223,86.00,250.20
224,87.00,250.20
225,87.00,249.20
226,88.00,248.20
227,88.00,248.20
228,88.00,247.20
229,89.00,246.20
230,89.00,246.20
231,90.00,245.20
232,90.00,245.20
233,91.00,245.20
234,91.00,244.20
235,91.00,244.20
236,92.00,243.20
237,92.00,243.20
238,93.00,243.20
239,93.00,242.20
240,93.00,242.20
241,94.00,242.20
242,94.00,242.20
243,94.00,241.20
244,95.00,241.20
245,95.00,241.20
246,95.00,241.20
247,95.00,241.20
248,95.00,241.20
249,95.00,240.20
250,96.00,240.20
251,96.00,240.20
252,96.00,240.20
253,96.00,239.20
254,97.00,239.20
255,97.00,239.20
256,97.00,239.20
257,98.00,238.20
258,98.00,238.20
259,99.00,238.20
260,99.00,238.20
261,99.00,237.20
262,99.00,237.20
263,100.00,237.20
264,100.00,236.20
265,100.00,236.20
266,100.00,236.20
267,101.00,236.20
268,101.00,236.20
269,101.00,235.20
270,101.00,235.20
271,101.00,235.20
272,102.00,234.20
273,102.00,234.20
274,102.00,234.20
275,103.00,233.20
276,103.00,233.20
277,103.00,232.20
278,103.00,232.20
279,103.00,232.20
280,103.00,230.20
281,103.00,228.20
282,103.00,227.20
283,104.00,226.20
284,104.00,226.20
285,104.00,225.20
286,104.00,225.20
287,104.00,224.20
288,104.00,223.20
289,104.00,223.20
290,105.00,222.20
291,105.00,221.20
292,105.00,221.20
293,105.00,219.20
294,106.00,218.20
295,106.00,217.20
296,106.00,216.20
297,106.00,215.20
298,107.00,215.20
299,107.00,215.20
300,107.00,215.20
301,107.00,214.20
302,107.00,214.20
303,107.00,213.20
304,107.00,213.20
305,107.00,213.20
306,107.00,213.20
307,108.00,212.20
308,108.00,212.20
309,108.00,212.20
310,108.00,212.20
311,108.00,211.20
312,108.00,211.20
313,108.00,210.20
314,108.00,209.20
315,109.00,208.20
316,109.00,207.20
317,110.00,205.20
318,110.00,203.20
319,111.00,202.20
320,111.00,201.20
321,111.00,201.20
322,111.00,201.20
323,111.00,200.20
324,111.00,200.20
325,111.00,200.20
326,111.00,200.20
327,112.00,200.20
328,112.00,200.20
329,112.00,199.20
330,112.00,199.20
331,112.00,199.20
332,112.00,199.20
333,112.00,199.20
334,112.00,198.20
335,112.00,198.20
336,112.00,198.20
337,112.00,197.20
338,113.00,196.20
339,113.00,194.20
340,113.00,194.20
341,113.00,193.20
342,114.00,192.20
343,114.00,192.20
344,114.00,191.20
345,114.00,191.20
346,114.00,191.20
347,114.00,191.20
348,114.00,190.20
349,114.00,190.20
350,114.00,190.20
351,114.00,189.20
352,115.00,189.20
353,115.00,188.20
354,115.00,188.20
355,115.00,188.20
356,115.00,188.20
357,115.00,187.20
358,115.00,187.20
359,115.00,187.20
360,115.00,187.20
361,116.00,186.20
362,116.00,186.20
363,116.00,186.20
364,116.00,185.20
365,116.00,185.20
366,116.00,185.20
367,116.00,184.20
368,116.00,184.20
369,117.00,183.20
370,117.00,182.20
371,117.00,181.20
372,118.00,180.20
373,118.00,180.20
374,118.00,179.20
375,118.00,179.20
376,118.00,179.20
377,118.00,179.20
378,118.00,178.20
379,118.00,178.20
380,118.00,178.20
381,118.00,178.20
382,118.00,178.20
383,118.00,177.20
384,118.00,177.20
385,118.00,177.20
386,118.00,177.20
387,118.00,176.20
388,118.00,175.20
389,118.00,175.20
390,118.00,175.20
391,118.00,174.20
392,118.00,174.20
393,118.00,174.20
394,118.00,173.20
395,118.00,173.20
396,118.00,173.20
397,118.00,173.20
398,118.00,172.20
399,118.00,171.20
400,118.00,171.20
401,118.00,170.20
402,118.00,170.20
403,119.00,169.20
404,119.00,168.20
405,119.00,167.20
406,119.00,167.20
407,119.00,166.20
408,119.00,165.20
409,119.00,164.20
410,119.00,163.20
411,119.00,162.20
412,119.00,162.20
413,120.00,161.20
414,120.00,161.20
415,120.00,160.20
416,120.00,160.20
417,120.00,160.20
418,120.00,159.20
419,120.00,159.20
420,120.00,158.20
421,120.00,158.20
422,120.00,158.20
423,120.00,157.20
424,120.00,157.20
425,120.00,156.20
426,121.00,156.20
427,121.00,155.20
428,121.00,155.20
429,121.00,154.20
430,121.00,154.20
431,121.00,153.20
432,121.00,153.20
433,121.00,152.20
434,122.00,152.20
435,122.00,151.20
436,122.00,150.20
437,122.00,150.20
438,122.00,149.20
439,123.00,149.20
440,123.00,148.20
441,123.00,148.20
442,123.00,148.20
443,123.00,147.20
444,123.00,147.20
445,123.00,147.20
446,123.00,146.20
447,123.00,146.20
448,123.00,145.20
449,123.00,145.20
450,123.00,145.20
451,123.00,145.20
452,123.00,144.20
453,124.00,144.20
454,124.00,143.20
455,124.00,143.20
456,124.00,143.20
457,124.00,143.20
458,124.00,142.20
459,124.00,142.20
460,124.00,142.20
461,124.00,142.20
462,124.00,141.20
463,124.00,141.20
464,124.00,140.20
465,124.00,139.20
466,124.00,138.20
467,124.00,138.20
468,124.00,137.20
469,123.00,136.20
470,123.00,135.20
471,123.00,134.20
472,123.00,134.20
473,123.00,133.20
474,123.00,132.20
475,123.00,131.20
476,123.00,131.20
477,123.00,129.20
478,123.00,129.20
479,123.00,129.20
480,123.00,129.20
481,123.00,128.20
482,123.00,128.20
483,123.00,128.20
484,123.00,127.20
485,123.00,127.20
486,123.00,127.20
487,123.00,126.20
488,123.00,126.20
489,123.00,126.20
490,123.00,126.20
491,123.00,125.20
492,123.00,125.20
493,123.00,125.20
494,123.00,125.20
495,123.00,124.20
496,123.00,123.20
497,123.00,123.20
498,123.00,122.20
499,123.00,121.20
500,123.00,120.20
501,123.00,119.20
502,124.00,118.20
503,124.00,118.20
504,124.00,117.20
505,124.00,117.20
506,124.00,117.20
507,124.00,116.20
508,124.00,116.20
509,124.00,116.20
510,124.00,115.20
511,124.00,115.20
512,124.00,115.20
513,124.00,114.20
514,125.00,114.20
515,125.00,113.20
516,125.00,113.20
517,125.00,113.20
518,125.00,112.20
519,125.00,112.20
520,125.00,111.20
521,125.00,110.20
522,125.00,110.20
523,126.00,109.20
524,126.00,108.20
525,126.00,107.20
526,126.00,106.20
527,126.00,106.20
528,126.00,105.20
529,126.00,105.20
530,127.00,105.20
531,127.00,104.20
532,127.00,104.20
533,127.00,104.20
534,127.00,104.20
535,127.00,103.20
536,127.00,103.20
537,127.00,103.20
538,127.00,102.20
539,127.00,102.20
540,127.00,102.20
541,127.00,102.20
542,127.00,101.20
543,127.00,101.20
544,127.00,101.20
545,127.00,101.20
546,128.00,100.20
547,128.00,100.20
548,128.00,99.20
549,128.00,99.20
550,128.00,98.20
551,128.00,98.20
552,128.00,98.20
553,128.00,97.20
554,128.00,97.20
555,128.00,97.20
556,128.00,97.20
557,128.00,97.20
558,128.00,96.20
559,128.00,96.20
560,128.00,96.20
561,128.00,96.20
562,128.00,95.20
563,128.00,95.20
564,128.00,94.20
565,128.00,94.20
566,128.00,93.20
567,128.00,93.20
568,128.00,92.20
569,128.00,92.20
570,128.00,91.20
571,128.00,90.20
572,128.00,89.20
573,128.00,88.20
574,128.00,87.20
575,129.00,86.20
576,129.00,86.20
577,129.00,85.20
578,129.00,85.20
579,129.00,85.20
580,129.00,84.20
581,129.00,84.20
582,129.00,84.20
583,129.00,83.20
584,129.00,83.20
585,129.00,82.20
586,129.00,82.20
587,129.00,82.20
588,129.00,81.20
589,130.00,81.20
590,130.00,80.20
591,130.00,80.20
592,130.00,79.20
593,130.00,79.20
594,130.00,78.20
595,130.00,77.20
596,130.00,77.20
597,130.00,75.20
598,131.00,74.20
599,131.00,73.20
600,131.00,72.20
601,131.00,71.20
602,131.00,71.20
603,131.00,71.20
604,131.00,71.20
605,131.00,70.20
606,131.00,70.20
607,131.00,70.20
608,131.00,70.20
609,131.00,69.20
610,131.00,69.20
611,131.00,68.20
612,131.00,68.20
613,131.00,68.20
614,131.00,68.20
615,131.00,68.20
616,131.00,67.20
617,131.00,67.20
618,131.00,67.20
619,131.00,66.20
620,131.00,66.20
621,132.00,64.20
622,132.00,63.20
623,132.00,62.20
624,132.00,60.20
625,133.00,59.20
626,133.00,58.20
627,133.00,58.20
628,133.00,57.20
629,133.00,57.20
630,133.00,57.20
631,133.00,57.20
632,133.00,56.20
633,133.00,56.20
634,133.00,56.20
635,133.00,56.20
636,133.00,56.20
637,133.00,55.20
638,133.00,55.20
639,133.00,55.20
640,133.00,55.20
641,133.00,55.20
642,133.00,54.20
643,133.00,54.20
644,133.00,54.20
645,133.00,54.20
646,133.00,54.20
647,133.00,53.20
648,133.00,53.20
649,133.00,52.20
650,133.00,52.20
651,133.00,52.20
652,133.00,51.20
653,133.00,51.20
654,133.00,50.20
655,134.00,50.20
656,134.00,49.20
657,134.00,49.20
658,134.00,48.20
659,134.00,48.20
660,134.00,47.20
661,134.00,47.20
662,134.00,47.20
663,134.00,47.20
664,134.00,47.20
665,134.00,46.20
666,134.00,46.20
667,134.00,46.20
668,134.00,46.20
669,134.00,46.20
670,134.00,46.20
671,135.00,46.20
672,135.00,45.20
673,135.00,45.20
674,135.00,45.20
675,135.00,44.20
676,135.00,44.20
677,135.00,44.20
678,135.00,44.20
679,135.00,44.20
680,135.00,43.20
681,135.00,43.20
682,135.00,43.20
683,135.00,43.20
684,135.00,43.20
685,135.00,42.20
686,135.00,42.20
687,135.00,42.20
688,135.00,42.20
689,135.00,42.20
690,136.00,42.20
691,136.00,42.20
692,137.00,42.20
693,137.00,42.20
694,137.00,42.20
695,137.00,42.20
696,138.00,42.20
697,138.00,42.20
698,139.00,42.20
699,139.00,42.20
700,139.00,42.20
701,140.00,42.20
702,140.00,42.20
703,141.00,42.20
704,141.00,41.20
705,142.00,41.20
706,142.00,41.20
707,142.00,41.20
708,143.00,41.20
709,143.00,41.20
710,143.00,41.20
711,144.00,41.20
712,144.00,41.20
713,145.00,41.20
714,145.00,41.20
715,145.00,41.20
716,146.00,40.20
717,146.00,40.20
718,147.00,40.20
719,147.00,40.20
720,147.00,40.20
721,148.00,40.20
722,148.00,40.20
723,148.00,40.20
724,149.00,40.20
725,149.00,40.20
726,149.00,40.20
727,150.00,40.20
728,150.00,40.20
729,151.00,40.20
730,151.00,40.20
731,152.00,40.20
732,152.00,40.20
733,153.00,40.20
734,153.00,40.20
735,153.00,40.20
736,154.00,40.20
737,154.00,40.20
738,154.00,40.20
739,154.00,40.20
740,154.00,40.20
741,155.00,40.20
742,155.00,40.20
743,155.00,40.20
744,155.00,40.20
745,155.00,40.20
746,155.00,40.20
747,155.00,40.20
748,156.00,40.20
749,156.00,41.20
750,156.00,41.20
751,156.00,41.20
752,156.00,41.20
753,156.00,41.20
754,157.00,41.20
755,157.00,41.20
756,157.00,41.20
757,157.00,42.20
758,157.00,42.20
759,158.00,42.20
760,158.00,42.20
761,158.00,42.20
762,158.00,42.20
763,158.00,42.20
764,159.00,42.20
765,159.00,42.20
766,159.00,42.20
767,159.00,42.20
768,159.00,42.20
769,159.00,43.20
770,159.00,43.20
771,159.00,44.20
772,159.00,44.20
773,159.00,44.20
774,159.00,45.20
775,159.00,45.20
776,159.00,45.20
777,160.00,46.20
778,160.00,46.20
779,160.00,46.20
780,160.00,47.20
781,160.00,47.20
782,160.00,47.20
783,160.00,48.20
784,160.00,48.20
785,160.00,48.20
786,160.00,48.20
787,160.00,49.20
788,160.00,49.20
789,160.00,49.20
790,160.00,50.20
791,160.00,50.20
792,160.00,50.20
793,160.00,50.20
794,161.00,51.20
795,161.00,51.20
796,161.00,51.20
797,161.00,51.20
798,161.00,52.20
799,161.00,52.20
800,161.00,52.20
801,161.00,52.20
802,162.00,53.20
803,162.00,53.20
804,162.00,54.20
805,162.00,54.20
806,163.00,54.20
807,163.00,55.20
808,163.00,55.20
809,163.00,56.20
810,163.00,56.20
811,163.00,56.20
812,163.00,56.20
813,163.00,56.20
814,163.00,57.20
815,163.00,57.20
816,163.00,57.20
817,164.00,58.20
818,164.00,58.20
819,164.00,59.20
820,164.00,59.20
821,164.00,60.20
822,164.00,60.20
823,164.00,60.20
824,164.00,61.20
825,164.00,61.20
826,165.00,61.20
827,165.00,62.20
828,165.00,62.20
829,165.00,62.20
830,165.00,63.20
831,165.00,63.20
832,165.00,64.20
833,166.00,64.20
834,166.00,65.20
835,166.00,66.20
836,166.00,66.20
837,166.00,67.20
838,166.00,68.20
839,166.00,68.20
840,166.00,69.20
841,166.00,69.20
842,166.00,69.20
843,166.00,70.20
844,166.00,70.20
845,166.00,70.20
846,166.00,70.20
847,166.00,71.20
848,166.00,71.20
849,166.00,71.20
850,166.00,71.20
851,166.00,72.20
852,166.00,72.20
853,166.00,72.20
854,166.00,72.20
855,166.00,72.20
856,166.00,73.20
857,166.00,73.20
858,166.00,73.20
859,166.00,73.20
860,166.00,73.20
861,166.00,73.20
862,166.00,74.20
863,166.00,74.20
864,166.00,74.20
865,166.00,74.20
866,166.00,75.20
867,166.00,75.20
868,166.00,75.20
869,166.00,76.20
870,166.00,76.20
871,166.00,76.20
872,166.00,77.20
873,166.00,77.20
874,166.00,77.20
875,166.00,78.20
876,166.00,78.20
877,166.00,78.20
878,166.00,79.20
879,166.00,79.20
880,166.00,79.20
881,166.00,80.20
882,166.00,80.20
883,166.00,80.20
884,166.00,81.20
885,166.00,81.20
886,166.00,81.20
887,166.00,81.20
888,166.00,81.20
889,166.00,81.20
890,166.00,82.20
891,166.00,82.20
892,166.00,82.20
893,166.00,82.20
894,166.00,82.20
895,166.00,83.20
896,166.00,83.20
897,166.00,83.20
898,166.00,83.20
899,166.00,84.20
900,166.00,84.20
901,166.00,84.20
902,166.00,84.20
903,166.00,85.20
904,166.00,85.20
905,166.00,85.20
906,166.00,85.20
907,166.00,85.20
908,166.00,86.20
909,166.00,86.20
910,166.00,86.20
911,166.00,86.20
912,166.00,87.20
913,166.00,87.20
914,166.00,87.20
915,166.00,87.20
916,166.00,88.20
917,166.00,88.20
918,166.00,88.20
919,166.00,88.20
920,166.00,89.20
921,166.00,89.20
922,166.00,89.20
923,166.00,89.20
924,166.00,90.20
925,166.00,90.20
926,166.00,90.20
927,166.00,90.20
928,166.00,91.20
929,166.00,91.20
930,166.00,91.20
931,166.00,91.20
932,166.00,92.20
933,166.00,92.20
934,166.00,93.20
935,166.00,93.20
936,166.00,94.20
937,166.00,95.20
938,166.00,96.20
939,167.00,97.20
940,167.00,98.20
941,167.00,98.20
942,167.00,99.20
943,167.00,100.20
944,167.00,100.20
945,167.00,101.20
946,167.00,102.20
947,167.00,103.20
948,167.00,103.20
949,167.00,104.20
950,167.00,104.20
951,167.00,104.20
952,168.00,105.20
953,168.00,105.20
954,168.00,106.20
955,168.00,106.20
956,168.00,106.20
957,168.00,107.20
958,168.00,107.20
959,168.00,108.20
960,168.00,108.20
961,168.00,108.20
962,168.00,109.20
963,168.00,109.20
964,168.00,110.20
965,168.00,110.20
966,169.00,110.20
967,169.00,111.20
968,169.00,111.20
969,169.00,112.20
970,169.00,112.20
971,169.00,113.20
972,169.00,113.20
973,169.00,114.20
974,169.00,114.20
975,169.00,114.20
976,169.00,115.20
977,169.00,115.20
978,169.00,115.20
979,169.00,115.20
980,169.00,116.20
981,169.00,116.20
982,169.00,116.20
983,169.00,117.20
984,169.00,117.20
985,169.00,117.20
986,169.00,118.20
987,169.00,118.20
988,169.00,119.20
989,169.00,119.20
990,169.00,119.20
991,169.00,120.20
992,169.00,120.20
993,169.00,121.20
994,169.00,121.20
995,169.00,122.20
996,169.00,122.20
997,169.00,123.20
998,169.00,124.20
999,169.00,124.20
1000,169.00,125.20
1001,169.00,125.20
1002,169.00,125.20
1003,169.00,126.20
1004,169.00,126.20
1005,169.00,127.20
1006,169.00,127.20
1007,169.00,128.20
1008,169.00,128.20
1009,169.00,129.20
1010,169.00,130.20
1011,169.00,131.20
1012,169.00,131.20
1013,169.00,132.20
1014,170.00,133.20
1015,170.00,133.20
1016,170.00,134.20
1017,170.00,134.20
1018,170.00,135.20
1019,170.00,136.20
1020,170.00,137.20
1021,170.00,137.20
1022,170.00,138.20
1023,170.00,139.20
1024,170.00,140.20
1025,170.00,141.20
1026,171.00,142.20
1027,171.00,143.20
1028,171.00,144.20
1029,171.00,145.20
1030,171.00,146.20
1031,171.00,147.20
1032,172.00,148.20
1033,172.00,149.20
1034,172.00,150.20
1035,172.00,150.20
1036,172.00,151.20
1037,172.00,151.20
1038,172.00,152.20
1039,172.00,152.20
1040,172.00,152.20
1041,172.00,153.20
1042,172.00,153.20
1043,172.00,153.20
1044,172.00,153.20
1045,172.00,154.20
1046,172.00,154.20
1047,172.00,154.20
1048,172.00,155.20
1049,172.00,155.20
1050,172.00,155.20
1051,172.00,155.20
1052,172.00,155.20
1053,173.00,155.20
1054,173.00,156.20
1055,173.00,157.20
1056,173.00,158.20
1057,173.00,159.20
1058,173.00,159.20
1059,173.00,160.20
1060,173.00,161.20
1061,173.00,161.20
1062,173.00,162.20
1063,173.00,163.20
1064,173.00,163.20
1065,173.00,164.20
1066,173.00,164.20
1067,173.00,165.20
1068,173.00,165.20
1069,173.00,166.20
1070,173.00,166.20
1071,173.00,166.20
1072,173.00,167.20
1073,173.00,167.20
1074,173.00,167.20
1075,173.00,168.20
1076,173.00,168.20
1077,174.00,168.20
1078,174.00,169.20
1079,174.00,170.20
1080,174.00,170.20
1081,174.00,171.20
1082,174.00,171.20
1083,174.00,172.20
1084,174.00,173.20
1085,174.00,173.20
1086,174.00,174.20
1087,174.00,174.20
1088,174.00,174.20
1089,174.00,175.20
1090,174.00,175.20
1091,174.00,175.20
1092,174.00,176.20
1093,174.00,176.20
1094,174.00,176.20
1095,174.00,176.20
1096,174.00,176.20
1097,174.00,177.20
1098,174.00,177.20
1099,174.00,177.20
1100,174.00,178.20
1101,174.00,178.20
1102,174.00,178.20
1103,174.00,179.20
1104,174.00,179.20
1105,174.00,179.20
1106,174.00,179.20
1107,174.00,180.20
1108,174.00,180.20
1109,174.00,181.20
1110,174.00,181.20
1111,174.00,181.20
1112,174.00,182.20
1113,174.00,182.20
1114,174.00,182.20
1115,174.00,182.20
1116,174.00,183.20
1117,174.00,183.20
1118,174.00,183.20
1119,174.00,183.20
1120,174.00,184.20
1121,174.00,184.20
1122,174.00,184.20
1123,174.00,184.20
1124,175.00,185.20
1125,175.00,185.20
1126,175.00,185.20
1127,175.00,186.20
1128,175.00,186.20
1129,175.00,186.20
1130,175.00,187.20
1131,175.00,187.20
1132,175.00,188.20
1133,175.00,189.20
1134,175.00,190.20
1135,176.00,190.20
1136,176.00,191.20
1137,176.00,192.20
1138,176.00,193.20
1139,176.00,193.20
1140,176.00,194.20
1141,176.00,195.20
1142,177.00,196.20
1143,177.00,196.20
1144,177.00,197.20
1145,177.00,197.20
1146,177.00,198.20
1147,177.00,198.20
1148,177.00,199.20
1149,177.00,199.20
1150,177.00,199.20
1151,177.00,200.20
1152,177.00,200.20
1153,177.00,200.20
1154,177.00,200.20
1155,177.00,201.20
1156,177.00,201.20
1157,177.00,201.20
1158,177.00,202.20
1159,177.00,202.20
1160,177.00,202.20
1161,177.00,203.20
1162,177.00,203.20
1163,177.00,203.20
1164,177.00,204.20
1165,177.00,204.20
1166,177.00,205.20
1167,177.00,205.20
1168,177.00,206.20
1169,177.00,207.20
1170,177.00,208.20
1171,177.00,209.20
1172,177.00,210.20
1173,177.00,211.20
1174,177.00,211.20
1175,177.00,212.20
1176,177.00,212.20
1177,177.00,213.20
1178,177.00,213.20
1179,177.00,214.20
1180,178.00,214.20
1181,178.00,215.20
1182,178.00,215.20
1183,178.00,216.20
1184,178.00,216.20
1185,178.00,217.20
1186,178.00,217.20
1187,178.00,217.20
1188,178.00,218.20
1189,178.00,218.20
1190,178.00,219.20
1191,178.00,219.20
1192,178.00,219.20
1193,178.00,220.20
1194,178.00,221.20
1195,178.00,221.20
1196,178.00,221.20
1197,178.00,222.20
1198,178.00,222.20
1199,178.00,223.20
1200,178.00,223.20
1201,178.00,224.20
1202,178.00,225.20
1203,178.00,225.20
1204,178.00,225.20
1205,178.00,226.20
1206,178.00,227.20
1207,179.00,228.20
1208,179.00,229.20
1209,179.00,230.20
1210,179.00,231.20
1211,179.00,231.20
1212,179.00,232.20
1213,180.00,233.20
1214,180.00,233.20
1215,180.00,234.20
1216,180.00,234.20
1217,181.00,234.20
1218,181.00,236.20
1219,181.00,238.20
1220,181.00,240.20
1221,181.00,242.20
1222,181.00,243.20
1223,181.00,244.20
1224,181.00,244.20
1225,181.00,245.20
1226,181.00,245.20
1227,181.00,246.20
1228,181.00,246.20
1229,181.00,247.20
1230,181.00,247.20
1231,181.00,248.20
1232,181.00,248.20
1233,181.00,249.20
1234,181.00,249.20
1235,181.00,249.20
1236,181.00,250.20
1237,181.00,250.20
1238,181.00,250.20
1239,181.00,251.20
1240,181.00,251.20
1241,181.00,251.20
1242,181.00,251.20
1243,181.00,252.20
1244,181.00,252.20
1245,181.00,252.20
1246,181.00,252.20
1247,181.00,253.20
1248,181.00,253.20
1249,181.00,253.20
1250,181.00,254.20
1251,181.00,254.20
1252,181.00,254.20
1253,181.00,255.20
1254,181.00,255.20
1255,181.00,256.20
1256,181.00,256.20
1257,181.00,257.20
1258,181.00,258.20
1259,181.00,258.20
1260,181.00,258.20
1261,182.00,259.20
1262,182.00,259.20
1263,182.00,260.20
1264,182.00,260.20
1265,182.00,260.20
1266,182.00,261.20
1267,182.00,261.20
1268,182.00,261.20
1269,182.00,262.20
1270,182.00,262.20
1271,182.00,262.20
1272,182.00,263.20
1273,182.00,263.20
1274,183.00,263.20
1275,183.00,264.20
1276,183.00,264.20
1277,183.00,265.20
1278,183.00,265.20
1279,183.00,266.20
1280,183.00,266.20
1281,183.00,267.20
1282,183.00,268.20
1283,183.00,269.20
1284,183.00,269.20
1285,183.00,269.20
1286,183.00,270.20
1287,184.00,270.20
1288,184.00,271.20
1289,184.00,271.20
1290,184.00,271.20
1291,184.00,272.20
1292,184.00,272.20
1293,184.00,273.20
1294,184.00,273.20
1295,184.00,274.20
1296,185.00,275.20
1297,185.00,277.20
1298,185.00,277.20
1299,185.00,278.20
1300,185.00,279.20
1301,185.00,280.20
1302,185.00,281.20
1303,185.00,281.20
1304,186.00,282.20
1305,186.00,282.20
1306,186.00,283.20
1307,186.00,284.20
1308,186.00,284.20
1309,186.00,284.20
1310,186.00,285.20
1311,186.00,285.20
1312,186.00,285.20
1313,186.00,286.20
1314,186.00,286.20
1315,186.00,286.20
1316,186.00,287.20
1317,186.00,287.20
1318,186.00,288.20
1319,186.00,288.20
1320,186.00,289.20
1321,186.00,290.20
1322,187.00,290.20
1323,187.00,291.20
1324,187.00,291.20
1325,187.00,292.20
1326,187.00,292.20
1327,187.00,293.20
1328,187.00,293.20
1329,187.00,293.20
1330,187.00,293.20
1331,187.00,293.20
1332,187.00,294.20
1333,187.00,294.20
1334,187.00,294.20
1335,187.00,294.20
1336,187.00,295.20
1337,187.00,295.20
1338,187.00,296.20
1339,187.00,296.20
1340,187.00,297.20
1341,188.00,299.20
1342,188.00,300.20
1343,188.00,301.20
1344,188.00,303.20
1345,188.00,304.20
1346,188.00,304.20
1347,188.00,305.20
1348,188.00,305.20
1349,188.00,305.20
1350,188.00,306.20
1351,188.00,306.20
1352,189.00,306.20
1353,189.00,306.20
1354,189.00,306.20
1355,189.00,307.20
1356,189.00,307.20
1357,189.00,307.20
1358,189.00,308.20
1359,190.00,308.20
1360,190.00,308.20
1361,190.00,309.20
1362,190.00,309.20
1363,190.00,310.20
1364,190.00,310.20
1365,190.00,311.20
1366,190.00,311.20
1367,190.00,312.20
1368,191.00,312.20
1369,191.00,313.20
1370,191.00,314.20
1371,191.00,314.20
1372,191.00,314.20
1373,191.00,315.20
1374,191.00,315.20
1375,191.00,316.20
1376,191.00,316.20
1377,191.00,316.20
1378,191.00,317.20
1379,191.00,317.20
1380,191.00,318.20
1381,191.00,318.20
1382,191.00,318.20
1383,192.00,319.20
1384,192.00,319.20
1385,192.00,319.20
1386,192.00,320.20
1387,192.00,320.20
1388,192.00,320.20
1389,192.00,320.20
1390,192.00,320.20
1391,192.00,321.20
1392,192.00,321.20
1393,192.00,321.20
1394,192.00,321.20
1395,193.00,322.20
1396,193.00,323.20
1397,193.00,323.20
1398,194.00,324.20
1399,194.00,325.20
1400,195.00,326.20
1401,195.00,326.20
1402,195.00,327.20
1403,195.00,327.20
1404,195.00,327.20
1405,195.00,327.20
1406,196.00,328.20
1407,196.00,328.20
1408,196.00,328.20
1409,196.00,329.20
1410,196.00,329.20
1411,196.00,329.20
1412,197.00,329.20
1413,197.00,329.20
1414,197.00,329.20
1415,197.00,329.20
1416,197.00,329.20
1417,198.00,329.20
1418,198.00,330.20
1419,198.00,330.20
1420,199.00,330.20
1421,199.00,330.20
1422,200.00,331.20
1423,200.00,331.20
1424,200.00,331.20
1425,201.00,331.20
1426,201.00,332.20
1427,201.00,332.20
1428,201.00,332.20
1429,201.00,332.20
1430,201.00,332.20
1431,202.00,332.20
1432,202.00,333.20
1433,202.00,333.20
1434,202.00,333.20
1435,202.00,333.20
1436,202.00,333.20
1437,202.00,333.20
1438,203.00,333.20
1439,203.00,333.20
1440,203.00,333.20
1441,203.00,333.20
1442,203.00,333.20
1443,204.00,333.20
1444,204.00,333.20
1445,204.00,333.20
1446,204.00,333.20
1447,204.00,333.20
1448,204.00,332.20
1449,204.00,332.20
1450,205.00,332.20
1451,205.00,331.20
1452,205.00,331.20
1453,205.00,330.20
1454,205.00,330.20
1455,205.00,329.20
1456,206.00,329.20
1457,206.00,328.20
1458,206.00,328.20
1459,206.00,327.20
1460,206.00,327.20
1461,207.00,327.20
1462,207.00,326.20
1463,207.00,326.20
1464,207.00,326.20
1465,207.00,325.20
1466,208.00,325.20
1467,208.00,325.20
1468,208.00,325.20
1469,208.00,324.20
1470,208.00,324.20
1471,208.00,324.20
1472,208.00,323.20
1473,208.00,323.20
1474,208.00,322.20
1475,209.00,322.20
1476,209.00,321.20
1477,209.00,320.20
1478,209.00,319.20
1479,210.00,318.20
1480,210.00,317.20
1481,210.00,316.20
1482,211.00,315.20
1483,211.00,315.20
1484,211.00,314.20
1485,211.00,314.20
1486,212.00,313.20
1487,212.00,313.20
1488,212.00,312.20
1489,212.00,312.20
1490,212.00,311.20
1491,213.00,311.20
1492,213.00,310.20
1493,213.00,310.20
1494,213.00,309.20
1495,213.00,309.20
1496,213.00,308.20
1497,213.00,308.20
1498,214.00,307.20
1499,214.00,306.20
1500,214.00,306.20
1501,214.00,305.20
1502,214.00,304.20
1503,214.00,303.20
1504,215.00,303.20
1505,215.00,302.20
1506,215.00,302.20
1507,215.00,302.20
1508,215.00,302.20
1509,215.00,302.20
1510,215.00,300.20
1511,215.00,299.20
1512,216.00,299.20
1513,216.00,298.20
1514,216.00,298.20
1515,217.00,298.20
1516,217.00,297.20
1517,218.00,296.20
1518,218.00,296.20
1519,219.00,295.20
1520,219.00,295.20
1521,219.00,294.20
1522,220.00,293.20
1523,220.00,293.20
1524,220.00,292.20
1525,221.00,291.20
1526,221.00,290.20
1527,222.00,290.20
1528,222.00,289.20
1529,223.00,288.20
1530,223.00,287.20
1531,223.00,287.20
1532,223.00,287.20
1533,223.00,286.20
1534,224.00,286.20
1535,224.00,286.20
1536,224.00,285.20
1537,224.00,285.20
1538,224.00,284.20
1539,224.00,284.20
1540,224.00,284.20
1541,224.00,283.20
1542,224.00,283.20
1543,225.00,283.20
1544,225.00,282.20
1545,225.00,282.20
1546,225.00,282.20
1547,225.00,281.20
1548,225.00,281.20
1549,225.00,280.20
1550,225.00,280.20
1551,225.00,280.20
1552,226.00,279.20
1553,226.00,279.20
1554,226.00,278.20
1555,226.00,278.20
1556,226.00,277.20
1557,227.00,277.20
1558,227.00,277.20
1559,227.00,276.20
1560,227.00,276.20
1561,227.00,275.20
1562,227.00,275.20
1563,228.00,274.20
1564,228.00,274.20
1565,228.00,274.20
1566,228.00,274.20
1567,228.00,274.20
1568,229.00,273.20
1569,229.00,273.20
1570,229.00,273.20
1571,230.00,273.20
1572,230.00,273.20
1573,230.00,272.20
1574,230.00,272.20
1575,231.00,272.20
1576,231.00,271.20
1577,231.00,271.20
1578,231.00,271.20
1579,232.00,271.20
1580,232.00,271.20
1581,233.00,271.20
1582,233.00,271.20
1583,233.00,271.20
1584,234.00,271.20
1585,234.00,270.20
1586,235.00,270.20
1587,235.00,270.20
1588,235.00,270.20
1589,236.00,270.20
1590,236.00,270.20
1591,236.00,269.20
1592,237.00,269.20
1593,237.00,269.20
1594,238.00,269.20
1595,238.00,268.20
1596,239.00,268.20
1597,239.00,267.20
1598,239.00,267.20
1599,239.00,267.20
1600,240.00,267.20
1601,240.00,267.20
1602,240.00,267.20
1603,240.00,267.20
1604,240.00,266.20
1605,241.00,266.20
1606,241.00,266.20
1607,241.00,266.20
1608,241.00,266.20
1609,242.00,266.20
1610,242.00,266.20
1611,242.00,266.20
1612,242.00,266.20
1613,243.00,265.20
1614,243.00,265.20
1615,243.00,265.20
1616,243.00,265.20
1617,244.00,265.20
1618,244.00,264.20
1619,244.00,264.20
1620,244.00,264.20
1621,244.00,264.20
1622,245.00,263.20
1623,245.00,263.20
1624,245.00,263.20
1625,246.00,262.20
1626,246.00,262.20
1627,246.00,262.20
1628,246.00,262.20
1629,246.00,261.20
1630,247.00,261.20
1631,247.00,261.20
1632,247.00,260.20
1633,247.00,260.20
1634,247.00,260.20
1635,247.00,259.20
1636,248.00,259.20
1637,248.00,258.20
1638,248.00,258.20
1639,248.00,258.20
1640,248.00,257.20
1641,248.00,257.20
1642,248.00,256.20
1643,249.00,256.20
1644,249.00,256.20
1645,249.00,255.20
1646,249.00,255.20
1647,249.00,255.20
1648,249.00,254.20
1649,249.00,254.20
1650,250.00,253.20
1651,250.00,253.20
1652,250.00,253.20
1653,250.00,252.20
1654,250.00,251.20
1655,250.00,251.20
1656,251.00,250.20
1657,251.00,249.20
1658,251.00,248.20
1659,252.00,247.20
1660,252.00,246.20
1661,252.00,246.20
1662,252.00,245.20
1663,252.00,245.20
1664,253.00,245.20
1665,253.00,244.20
1666,253.00,244.20
1667,253.00,243.20
1668,253.00,242.20
1669,254.00,242.20
1670,254.00,242.20
1671,254.00,242.20
1672,254.00,241.20
1673,254.00,241.20
1674,254.00,241.20
1675,254.00,241.20
1676,255.00,240.20
1677,255.00,240.20
1678,255.00,239.20
1679,255.00,239.20
1680,256.00,239.20
1681,256.00,238.20
1682,256.00,238.20
1683,256.00,237.20
1684,257.00,237.20
1685,257.00,236.20
1686,257.00,236.20
1687,257.00,235.20
1688,257.00,235.20
1689,257.00,235.20
1690,258.00,234.20
1691,258.00,233.20
1692,258.00,233.20
1693,258.00,231.20
1694,258.00,229.20
1695,258.00,228.20
1696,258.00,227.20
1697,258.00,227.20
1698,258.00,226.20
1699,258.00,226.20
1700,258.00,226.20
1701,258.00,226.20
1702,259.00,225.20
1703,259.00,225.20
1704,259.00,224.20
1705,259.00,224.20
1706,259.00,223.20
1707,260.00,222.20
1708,260.00,222.20
1709,260.00,221.20
1710,260.00,220.20
1711,260.00,220.20
1712,260.00,219.20
1713,261.00,219.20
1714,261.00,219.20
1715,261.00,218.20
1716,261.00,218.20
1717,261.00,218.20
1718,261.00,217.20
1719,261.00,217.20
1720,261.00,217.20
1721,262.00,217.20
1722,262.00,217.20
1723,262.00,217.20
1724,262.00,216.20
1725,262.00,216.20
1726,262.00,216.20
1727,262.00,216.20
1728,262.00,215.20
1729,262.00,215.20
1730,262.00,215.20
1731,262.00,214.20
1732,262.00,213.20
1733,262.00,213.20
1734,262.00,212.20
1735,262.00,211.20
1736,262.00,210.20
1737,262.00,209.20
1738,262.00,208.20
1739,263.00,207.20
1740,263.00,206.20
1741,263.00,205.20
1742,263.00,204.20
1743,263.00,204.20
1744,263.00,203.20
1745,264.00,202.20
1746,264.00,201.20
1747,264.00,200.20
1748,264.00,200.20
1749,264.00,199.20
1750,265.00,198.20
1751,265.00,198.20
1752,265.00,198.20
1753,265.00,197.20
1754,265.00,197.20
1755,265.00,197.20
1756,265.00,196.20
1757,265.00,196.20
1758,265.00,196.20
1759,265.00,196.20
1760,265.00,195.20
1761,265.00,195.20
1762,265.00,195.20
1763,265.00,195.20
1764,265.00,194.20
1765,265.00,194.20
1766,265.00,194.20
1767,265.00,194.20
1768,265.00,193.20
1769,265.00,193.20
1770,265.00,192.20
1771,265.00,192.20
1772,265.00,191.20
1773,265.00,191.20
1774,265.00,190.20
1775,265.00,189.20
1776,265.00,188.20
1777,265.00,188.20
1778,265.00,187.20
1779,266.00,187.20
1780,266.00,186.20
1781,266.00,186.20
1782,266.00,185.20
1783,266.00,185.20
1784,266.00,185.20
1785,266.00,184.20
1786,266.00,184.20
1787,266.00,183.20
1788,266.00,183.20
1789,266.00,183.20
1790,266.00,182.20
1791,266.00,182.20
1792,266.00,181.20
1793,266.00,180.20
1794,266.00,180.20
1795,267.00,179.20
1796,267.00,178.20
1797,267.00,178.20
1798,267.00,178.20
1799,267.00,177.20
1800,267.00,177.20
1801,267.00,176.20
1802,267.00,176.20
1803,267.00,175.20
1804,267.00,175.20
1805,267.00,174.20
1806,267.00,174.20
1807,267.00,173.20
1808,267.00,173.20
1809,267.00,172.20
1810,267.00,171.20
1811,267.00,170.20
1812,267.00,169.20
1813,267.00,168.20
1814,267.00,168.20
1815,267.00,166.20
1816,267.00,165.20
1817,267.00,164.20
1818,267.00,163.20
1819,267.00,163.20
1820,267.00,162.20
1821,267.00,162.20
1822,267.00,162.20
1823,267.00,162.20
1824,267.00,161.20
1825,267.00,161.20
1826,267.00,161.20
1827,267.00,161.20
1828,267.00,161.20
1829,267.00,161.20
1830,267.00,160.20
1831,267.00,160.20
1832,267.00,160.20
1833,267.00,160.20
1834,267.00,160.20
1835,267.00,159.20
1836,267.00,159.20
1837,267.00,159.20
1838,268.00,159.20
1839,268.00,159.20
1840,268.00,159.20
1841,268.00,159.20
1842,268.00,158.20
1843,268.00,158.20
1844,268.00,158.20
1845,268.00,157.20
1846,269.00,157.20
1847,269.00,156.20
1848,269.00,155.20
1849,269.00,155.20
1850,269.00,154.20
1851,269.00,154.20
1852,269.00,154.20
1853,269.00,153.20
1854,269.00,153.20
1855,270.00,153.20
1856,270.00,153.20
1857,270.00,153.20
1858,270.00,152.20
1859,270.00,152.20
1860,270.00,152.20
1861,270.00,152.20
1862,270.00,152.20
1863,270.00,152.20
1864,270.00,151.20
1865,270.00,151.20
1866,270.00,150.20
1867,270.00,149.20
1868,270.00,148.20
1869,270.00,148.20
1870,270.00,148.20
1871,270.00,148.20
1872,270.00,147.20
1873,270.00,147.20
1874,270.00,147.20
1875,270.00,146.20
1876,270.00,146.20
1877,270.00,145.20
1878,270.00,145.20
1879,270.00,144.20
1880,270.00,143.20
1881,270.00,142.20
1882,270.00,141.20
1883,270.00,140.20
1884,270.00,140.20
1885,270.00,140.20
1886,270.00,140.20
1887,270.00,140.20
1888,270.00,139.20
1889,270.00,139.20
1890,270.00,139.20
1891,270.00,139.20
1892,271.00,138.20
1893,271.00,138.20
1894,271.00,138.20
1895,271.00,137.20
1896,271.00,137.20
1897,271.00,136.20
1898,271.00,136.20
1899,271.00,136.20
1900,271.00,135.20
1901,272.00,135.20
1902,272.00,134.20
1903,272.00,134.20
1904,272.00,133.20
1905,272.00,133.20
1906,272.00,132.20
1907,272.00,132.20
1908,272.00,131.20
1909,272.00,131.20
1910,272.00,130.20
1911,272.00,130.20
1912,272.00,130.20
1913,272.00,130.20
1914,272.00,129.20
1915,272.00,129.20
1916,272.00,128.20
1917,272.00,128.20
1918,272.00,128.20
1919,272.00,127.20
1920,272.00,127.20
1921,272.00,126.20
1922,272.00,126.20
1923,272.00,125.20
1924,272.00,125.20
1925,272.00,124.20
1926,272.00,124.20
1927,273.00,123.20
1928,273.00,123.20
1929,273.00,122.20
1930,273.00,122.20
1931,273.00,122.20
1932,273.00,121.20
1933,273.00,121.20
1934,273.00,121.20
1935,273.00,120.20
1936,273.00,120.20
1937,273.00,120.20
1938,273.00,119.20
1939,273.00,119.20
1940,273.00,119.20
1941,273.00,119.20
1942,273.00,119.20
1943,273.00,118.20
1944,273.00,118.20
1945,273.00,118.20
1946,273.00,118.20
1947,273.00,117.20
1948,273.00,117.20
1949,273.00,116.20
1950,273.00,116.20
1951,273.00,116.20
1952,273.00,115.20
1953,273.00,115.20
1954,273.00,114.20
1955,273.00,114.20
1956,273.00,114.20
1957,273.00,114.20
1958,273.00,113.20
1959,273.00,113.20
1960,273.00,113.20
1961,273.00,113.20
1962,273.00,113.20
1963,273.00,112.20
1964,273.00,112.20
1965,273.00,112.20
1966,273.00,112.20
1967,273.00,111.20
1968,273.00,111.20
1969,273.00,111.20
1970,273.00,110.20
1971,273.00,109.20
1972,273.00,108.20
1973,273.00,107.20
1974,273.00,106.20
1975,273.00,106.20
1976,273.00,105.20
1977,273.00,105.20
1978,274.00,104.20
1979,274.00,104.20
1980,274.00,103.20
1981,274.00,103.20
1982,274.00,102.20
1983,274.00,102.20
1984,274.00,101.20
1985,275.00,100.20
1986,275.00,100.20
1987,275.00,99.20
1988,275.00,99.20
1989,275.00,99.20
1990,275.00,98.20
1991,275.00,98.20
1992,275.00,97.20
1993,275.00,97.20
1994,275.00,96.20
1995,275.00,95.20
1996,275.00,94.20
1997,275.00,94.20
1998,275.00,93.20
1999,275.00,93.20
2000,275.00,92.20
2001,275.00,92.20
2002,275.00,92.20
2003,275.00,91.20
2004,275.00,91.20
2005,275.00,91.20
2006,275.00,90.20
2007,276.00,90.20
2008,276.00,89.20
2009,276.00,89.20
2010,276.00,89.20
2011,276.00,88.20
2012,276.00,88.20
2013,276.00,88.20
2014,276.00,87.20
2015,276.00,87.20
2016,276.00,86.20
2017,277.00,86.20
2018,277.00,85.20
2019,277.00,84.20
2020,277.00,83.20
2021,278.00,82.20
2022,278.00,81.20
2023,279.00,80.20
2024,279.00,79.20
2025,279.00,79.20
2026,279.00,79.20
2027,279.00,78.20
2028,279.00,78.20
2029,279.00,78.20
2030,279.00,78.20
2031,279.00,77.20
2032,279.00,77.20
2033,279.00,77.20
2034,279.00,77.20
2035,279.00,77.20
2036,279.00,76.20
2037,279.00,76.20
2038,279.00,76.20
2039,279.00,75.20
2040,279.00,75.20
2041,279.00,75.20
2042,279.00,75.20
2043,279.00,74.20
2044,279.00,74.20
2045,279.00,74.20
2046,279.00,73.20
2047,279.00,72.20
2048,279.00,72.20
2049,279.00,71.20
2050,279.00,71.20
2051,279.00,70.20
2052,279.00,70.20
2053,280.00,70.20
2054,280.00,69.20
2055,280.00,69.20
2056,280.00,69.20
2057,280.00,68.20
2058,280.00,68.20
2059,280.00,68.20
2060,280.00,68.20
2061,280.00,67.20
2062,280.00,67.20
2063,280.00,66.20
2064,280.00,66.20
2065,280.00,65.20
2066,280.00,65.20
2067,280.00,64.20
2068,280.00,64.20
2069,280.00,63.20
2070,280.00,62.20
2071,280.00,61.20
2072,280.00,60.20
2073,280.00,59.20
2074,280.00,58.20
2075,280.00,57.20
2076,280.00,57.20
2077,280.00,57.20
2078,280.00,56.20
2079,280.00,56.20
2080,280.00,56.20
2081,280.00,56.20
2082,281.00,55.20
2083,281.00,55.20
2084,281.00,55.20
2085,281.00,55.20
2086,281.00,55.20
2087,281.00,54.20
2088,281.00,54.20
2089,281.00,54.20
2090,281.00,54.20
2091,281.00,54.20
2092,281.00,53.20
2093,281.00,53.20
2094,281.00,52.20
2095,281.00,52.20
2096,281.00,51.20
2097,281.00,51.20
2098,281.00,51.20
2099,281.00,50.20
2100,281.00,50.20
2101,281.00,50.20
2102,281.00,49.20
2103,281.00,49.20
2104,281.00,49.20
2105,281.00,49.20
2106,282.00,48.20
2107,282.00,48.20
2108,282.00,48.20
2109,282.00,48.20
2110,282.00,47.20
2111,282.00,47.20
2112,282.00,47.20
2113,282.00,46.20
2114,282.00,46.20
2115,282.00,46.20
2116,282.00,46.20
2117,282.00,45.20
2118,282.00,45.20
2119,282.00,44.20
2120,282.00,44.20
2121,282.00,44.20
2122,282.00,43.20
2123,282.00,43.20
2124,282.00,43.20
2125,282.00,43.20
2126,282.00,43.20
2127,282.00,42.20
2128,282.00,42.20
2129,283.00,42.20
2130,283.00,42.20
2131,284.00,42.20
2132,284.00,42.20
2133,285.00,42.20
2134,285.00,42.20
2135,285.00,42.20
2136,286.00,42.20
2137,286.00,42.20
2138,286.00,42.20
2139,287.00,42.20
2140,287.00,42.20
2141,287.00,42.20
2142,287.00,42.20
2143,288.00,42.20
2144,288.00,42.20
2145,288.00,42.20
2146,289.00,42.20
2147,289.00,42.20
2148,289.00,42.20
2149,289.00,42.20
2150,290.00,42.20
2151,290.00,42.20
2152,290.00,42.20
2153,291.00,42.20
2154,291.00,42.20
2155,292.00,41.20
2156,292.00,41.20
2157,292.00,41.20
2158,293.00,41.20
2159,293.00,41.20
2160,293.00,41.20
2161,293.00,41.20
2162,294.00,41.20
2163,294.00,41.20
2164,294.00,41.20
2165,294.00,41.20
2166,294.00,41.20
2167,295.00,41.20
2168,295.00,41.20
2169,295.00,41.20
2170,295.00,41.20
2171,295.00,41.20
2172,296.00,41.20
2173,296.00,41.20
2174,296.00,41.20
2175,296.00,41.20
2176,297.00,41.20
2177,297.00,41.20
2178,297.00,41.20
2179,298.00,41.20
2180,298.00,41.20
2181,298.00,41.20
2182,299.00,41.20
2183,299.00,41.20
2184,299.00,41.20
2185,300.00,41.20
2186,300.00,40.20
2187,301.00,40.20
2188,301.00,40.20
2189,302.00,40.20
2190,302.00,40.20
2191,302.00,40.20
2192,302.00,40.20
2193,302.00,40.20
2194,302.00,40.20
2195,303.00,40.20
2196,303.00,40.20
2197,303.00,40.20
2198,303.00,40.20
2199,303.00,40.20
2200,304.00,40.20
2201,304.00,40.20
2202,304.00,40.20
2203,304.00,40.20
2204,304.00,40.20
2205,305.00,40.20
2206,305.00,40.20
2207,305.00,40.20
2208,305.00,40.20
2209,305.00,40.20
2210,305.00,40.20
2211,306.00,40.20
2212,306.00,40.20
2213,306.00,40.20
2214,306.00,40.20
2215,307.00,40.20
2216,307.00,40.20
2217,307.00,40.20
2218,307.00,40.20
2219,307.00,41.20
2220,307.00,41.20
2221,307.00,41.20
2222,307.00,41.20
2223,307.00,42.20
2224,308.00,42.20
2225,308.00,43.20
2226,308.00,43.20
2227,308.00,43.20
2228,308.00,44.20
2229,308.00,44.20
2230,308.00,44.20
2231,309.00,44.20
2232,309.00,45.20
2233,309.00,45.20
2234,309.00,45.20
2235,309.00,45.20
2236,309.00,46.20
2237,309.00,46.20
2238,309.00,46.20
2239,309.00,46.20
2240,309.00,47.20
2241,309.00,47.20
2242,309.00,47.20
2243,310.00,47.20
2244,310.00,48.20
2245,310.00,48.20
2246,310.00,48.20
2247,310.00,48.20
2248,310.00,49.20
2249,311.00,49.20
2250,311.00,50.20
2251,311.00,50.20
2252,311.00,51.20
2253,311.00,51.20
2254,311.00,51.20
2255,311.00,52.20
2256,311.00,52.20
2257,311.00,52.20
2258,311.00,53.20
2259,311.00,53.20
2260,311.00,53.20
2261,311.00,54.20
2262,311.00,54.20
2263,312.00,54.20
2264,312.00,55.20
2265,312.00,55.20
2266,312.00,56.20
2267,312.00,56.20
2268,312.00,57.20
2269,312.00,57.20
2270,312.00,57.20
2271,312.00,58.20
2272,312.00,59.20
2273,313.00,60.20
2274,313.00,61.20
2275,313.00,61.20
2276,313.00,62.20
2277,313.00,63.20
2278,313.00,63.20
2279,313.00,63.20
2280,313.00,64.20
2281,313.00,64.20
2282,313.00,65.20
2283,313.00,65.20
2284,313.00,65.20
2285,313.00,66.20
2286,313.00,66.20
2287,313.00,67.20
2288,313.00,67.20
2289,313.00,68.20
2290,313.00,68.20
2291,313.00,69.20
2292,313.00,70.20
2293,313.00,70.20
2294,313.00,71.20
2295,313.00,72.20
2296,313.00,73.20
2297,313.00,73.20
2298,313.00,74.20
2299,313.00,75.20
2300,313.00,76.20
2301,313.00,77.20
2302,313.00,78.20
2303,313.00,79.20
2304,313.00,80.20
2305,313.00,81.20
2306,313.00,81.20
2307,313.00,82.20
2308,313.00,82.20
2309,313.00,83.20
2310,313.00,83.20
2311,313.00,84.20
2312,313.00,84.20
2313,313.00,85.20
2314,313.00,85.20
2315,313.00,85.20
2316,313.00,86.20
2317,313.00,86.20
2318,313.00,87.20
2319,313.00,87.20
2320,313.00,88.20
2321,313.00,89.20
2322,313.00,89.20
2323,313.00,90.20
2324,313.00,91.20
2325,313.00,92.20
2326,313.00,92.20
2327,313.00,93.20
2328,314.00,94.20
2329,314.00,95.20
2330,314.00,96.20
2331,314.00,96.20
2332,314.00,97.20
2333,315.00,98.20
2334,315.00,98.20
2335,315.00,99.20
2336,315.00,100.20
2337,315.00,100.20
2338,316.00,101.20
2339,316.00,101.20
2340,316.00,102.20
2341,316.00,102.20
2342,316.00,103.20
2343,316.00,103.20
2344,317.00,103.20
2345,317.00,104.20
2346,317.00,105.20
2347,317.00,105.20
2348,317.00,106.20
2349,317.00,106.20
2350,317.00,107.20
2351,317.00,107.20
2352,317.00,108.20
2353,317.00,108.20
2354,317.00,108.20
2355,317.00,109.20
2356,317.00,109.20
2357,317.00,109.20
2358,317.00,110.20
2359,317.00,110.20
2360,317.00,111.20
2361,317.00,111.20
2362,317.00,112.20
2363,318.00,113.20
2364,318.00,114.20
2365,318.00,114.20
2366,318.00,115.20
2367,318.00,115.20
2368,318.00,116.20
2369,318.00,117.20
2370,318.00,117.20
2371,318.00,118.20
2372,318.00,119.20
2373,318.00,120.20
2374,319.00,120.20
2375,319.00,121.20
2376,319.00,122.20
2377,319.00,123.20
2378,319.00,123.20
2379,319.00,124.20
2380,319.00,124.20
2381,319.00,125.20
2382,319.00,125.20
2383,319.00,126.20
2384,319.00,126.20
2385,319.00,126.20
2386,319.00,127.20
2387,319.00,127.20
2388,319.00,127.20
2389,319.00,127.20
2390,319.00,128.20
2391,319.00,128.20
2392,319.00,128.20
2393,319.00,129.20
2394,319.00,129.20
2395,319.00,129.20
2396,319.00,130.20
2397,319.00,130.20
2398,319.00,130.20
2399,319.00,131.20
2400,319.00,131.20
2401,319.00,131.20
2402,319.00,131.20
2403,319.00,131.20
2404,319.00,132.20
2405,319.00,132.20
2406,319.00,133.20
2407,319.00,133.20
2408,319.00,134.20
2409,319.00,134.20
2410,319.00,134.20
2411,319.00,135.20
2412,320.00,135.20
2413,320.00,136.20
2414,320.00,136.20
2415,320.00,136.20
2416,320.00,136.20
2417,320.00,137.20
2418,320.00,137.20
2419,320.00,137.20
2420,320.00,138.20
2421,320.00,138.20
2422,320.00,138.20
2423,320.00,139.20
2424,320.00,139.20
2425,320.00,139.20
2426,320.00,140.20
2427,320.00,140.20
2428,320.00,141.20
2429,320.00,142.20
2430,320.00,142.20
2431,320.00,143.20
2432,320.00,143.20
2433,320.00,144.20
2434,320.00,144.20
2435,320.00,144.20
2436,320.00,144.20
2437,320.00,144.20
2438,320.00,145.20
2439,320.00,145.20
2440,320.00,145.20
2441,320.00,145.20
2442,320.00,145.20
2443,320.00,146.20
2444,320.00,146.20
2445,320.00,146.20
2446,320.00,146.20
2447,320.00,147.20
2448,320.00,147.20
2449,320.00,148.20
2450,320.00,148.20
2451,320.00,149.20
2452,321.00,150.20
2453,321.00,151.20
2454,321.00,153.20
2455,321.00,153.20
2456,321.00,154.20
2457,321.00,155.20
2458,321.00,156.20
2459,321.00,156.20
2460,321.00,157.20
2461,321.00,157.20
2462,321.00,157.20
2463,321.00,158.20
2464,321.00,158.20
2465,321.00,159.20
2466,321.00,159.20
2467,321.00,160.20
2468,322.00,161.20
2469,322.00,162.20
2470,322.00,162.20
2471,322.00,162.20
2472,322.00,163.20
2473,322.00,163.20
2474,322.00,164.20
2475,322.00,164.20
2476,322.00,165.20
2477,322.00,165.20
2478,322.00,166.20
2479,322.00,167.20
2480,322.00,167.20
2481,323.00,167.20
2482,323.00,168.20
2483,323.00,168.20
2484,323.00,169.20
2485,323.00,170.20
2486,323.00,171.20
2487,323.00,172.20
2488,323.00,172.20
2489,323.00,173.20
2490,323.00,174.20
2491,324.00,174.20
2492,324.00,175.20
2493,324.00,175.20
2494,324.00,175.20
2495,324.00,175.20
2496,324.00,175.20
2497,324.00,176.20
2498,324.00,176.20
2499,324.00,176.20
2500,324.00,177.20
2501,324.00,177.20
2502,324.00,178.20
2503,324.00,178.20
2504,324.00,179.20
2505,324.00,180.20
2506,324.00,181.20
2507,324.00,181.20
2508,324.00,182.20
2509,324.00,183.20
2510,324.00,183.20
2511,324.00,184.20
2512,324.00,185.20
2513,325.00,185.20
2514,325.00,186.20
2515,325.00,188.20
2516,325.00,189.20
2517,326.00,190.20
2518,326.00,191.20
2519,326.00,192.20
2520,326.00,193.20
2521,326.00,194.20
2522,326.00,194.20
2523,326.00,195.20
2524,326.00,196.20
2525,326.00,197.20
2526,326.00,197.20
2527,326.00,198.20
2528,326.00,198.20
2529,326.00,199.20
2530,326.00,200.20
2531,326.00,200.20
2532,326.00,201.20
2533,326.00,202.20
2534,326.00,202.20
2535,327.00,204.20
2536,327.00,204.20
2537,327.00,205.20
2538,327.00,207.20
2539,327.00,208.20
2540,327.00,208.20
2541,327.00,209.20
2542,327.00,210.20
2543,327.00,211.20
2544,327.00,212.20
2545,327.00,213.20
2546,327.00,213.20
2547,327.00,213.20
2548,327.00,214.20
2549,327.00,215.20
2550,327.00,215.20
2551,327.00,216.20
2552,327.00,216.20
2553,327.00,216.20
2554,327.00,217.20
2555,327.00,217.20
2556,327.00,217.20
2557,327.00,218.20
2558,327.00,218.20
2559,328.00,218.20
2560,328.00,219.20
2561,328.00,219.20
2562,328.00,220.20
2563,328.00,220.20
2564,328.00,220.20
2565,328.00,221.20
2566,328.00,221.20
2567,328.00,221.20
2568,328.00,221.20
2569,328.00,222.20
2570,328.00,222.20
2571,328.00,222.20
2572,328.00,222.20
2573,328.00,223.20
2574,328.00,224.20
2575,329.00,224.20
2576,329.00,225.20
2577,329.00,226.20
2578,329.00,226.20
2579,329.00,227.20
2580,329.00,228.20
2581,329.00,229.20
2582,329.00,230.20
2583,329.00,231.20
2584,329.00,232.20
2585,329.00,233.20
2586,329.00,233.20
2587,329.00,234.20
2588,330.00,234.20
2589,330.00,235.20
2590,330.00,235.20
2591,330.00,236.20
2592,330.00,236.20
2593,330.00,236.20
2594,330.00,237.20
2595,330.00,237.20
2596,330.00,238.20
2597,330.00,238.20
2598,330.00,239.20
2599,330.00,239.20
2600,330.00,239.20
2601,330.00,240.20
2602,331.00,240.20
2603,331.00,241.20
2604,331.00,241.20
2605,331.00,241.20
2606,331.00,242.20
2607,331.00,242.20
2608,331.00,243.20
2609,331.00,243.20
2610,332.00,244.20
2611,332.00,245.20
2612,332.00,246.20
2613,332.00,246.20
2614,332.00,247.20
2615,332.00,247.20
2616,332.00,247.20
2617,332.00,247.20
2618,332.00,247.20
2619,332.00,248.20
2620,332.00,248.20
2621,332.00,248.20
2622,332.00,248.20
2623,332.00,249.20
2624,332.00,249.20
2625,332.00,249.20
2626,332.00,250.20
2627,332.00,251.20
2628,332.00,251.20
2629,332.00,252.20
2630,332.00,252.20
2631,332.00,253.20
2632,332.00,253.20
2633,332.00,254.20
2634,332.00,254.20
2635,332.00,255.20
2636,332.00,255.20
2637,332.00,255.20
2638,332.00,256.20
2639,332.00,256.20
2640,332.00,256.20
2641,332.00,257.20
2642,331.00,257.20
2643,331.00,257.20
2644,331.00,258.20
2645,331.00,258.20
2646,331.00,259.20
2647,331.00,259.20
2648,331.00,260.20
2649,331.00,260.20
2650,331.00,261.20
2651,331.00,263.20
2652,331.00,264.20
2653,331.00,265.20
2654,331.00,266.20
2655,331.00,267.20
2656,331.00,268.20
2657,331.00,268.20
2658,331.00,269.20
2659,331.00,269.20
2660,331.00,270.20
2661,332.00,270.20
2662,332.00,270.20
2663,332.00,271.20
2664,332.00,271.20
2665,332.00,272.20
2666,332.00,272.20
2667,333.00,272.20
2668,333.00,272.20
2669,333.00,272.20
2670,333.00,272.20
2671,333.00,273.20
2672,333.00,273.20
2673,333.00,273.20
2674,334.00,273.20
2675,334.00,273.20
2676,334.00,273.20
2677,334.00,274.20
2678,334.00,274.20
2679,334.00,274.20
2680,334.00,275.20
2681,335.00,275.20
2682,335.00,276.20
2683,335.00,276.20
2684,335.00,277.20
2685,335.00,277.20
2686,335.00,278.20
2687,336.00,278.20
2688,336.00,279.20
2689,336.00,279.20
2690,336.00,280.20
2691,336.00,280.20
2692,336.00,280.20
2693,337.00,281.20
2694,337.00,282.20
2695,337.00,282.20
2696,337.00,283.20
2697,337.00,284.20
2698,338.00,285.20
2699,338.00,285.20
2700,338.00,286.20
2701,338.00,286.20
2702,338.00,286.20
2703,338.00,286.20
2704,338.00,287.20
2705,338.00,287.20
2706,338.00,287.20
2707,338.00,287.20
2708,338.00,288.20
2709,338.00,288.20
2710,338.00,288.20
2711,338.00,288.20
2712,339.00,289.20
2713,339.00,289.20
2714,339.00,289.20
2715,339.00,290.20
2716,339.00,290.20
2717,339.00,291.20
2718,339.00,291.20
2719,339.00,291.20
2720,339.00,292.20
2721,339.00,292.20
2722,340.00,293.20
2723,340.00,293.20
2724,340.00,293.20
2725,340.00,294.20
2726,340.00,294.20
2727,340.00,295.20
2728,340.00,295.20
2729,340.00,295.20
2730,340.00,295.20
2731,340.00,296.20
2732,340.00,296.20
2733,340.00,297.20
2734,340.00,297.20
2735,340.00,298.20
2736,341.00,298.20
2737,341.00,299.20
2738,341.00,300.20
2739,341.00,301.20
2740,341.00,302.20
2741,342.00,302.20
2742,342.00,303.20
2743,342.00,304.20
2744,342.00,304.20
2745,342.00,305.20
2746,342.00,305.20
2747,342.00,305.20
2748,342.00,306.20
2749,343.00,306.20
2750,343.00,306.20
2751,343.00,306.20
2752,343.00,306.20
2753,344.00,307.20
2754,344.00,307.20
2755,344.00,308.20
2756,344.00,308.20
2757,344.00,309.20
2758,345.00,309.20
2759,345.00,310.20
2760,345.00,310.20
2761,345.00,310.20
2762,346.00,311.20
2763,346.00,312.20
2764,346.00,312.20
2765,346.00,312.20
2766,346.00,313.20
2767,347.00,313.20
2768,347.00,313.20
2769,347.00,313.20
2770,347.00,313.20
2771,347.00,314.20
2772,348.00,314.20
2773,348.00,314.20
2774,348.00,314.20
2775,348.00,314.20
2776,348.00,314.20
2777,349.00,314.20
2778,349.00,314.20
2779,349.00,314.20
2780,349.00,314.20
2781,350.00,314.20
2782,350.00,314.20
2783,350.00,314.20
2784,350.00,314.20
2785,350.00,314.20
2786,351.00,314.20
2787,351.00,314.20
2788,351.00,314.20
2789,351.00,314.20
2790,351.00,314.20
2791,352.00,314.20
2792,352.00,314.20
2793,352.00,314.20
2794,352.00,314.20
2795,353.00,314.20
2796,353.00,314.20
2797,353.00,314.20
2798,353.00,314.20
2799,353.00,313.20
2800,353.00,313.20
2801,354.00,313.20
2802,354.00,313.20
2803,354.00,313.20
2804,354.00,312.20
2805,354.00,312.20
2806,354.00,312.20
2807,355.00,311.20
2808,355.00,311.20
2809,355.00,311.20
2810,355.00,310.20
2811,355.00,310.20
2812,356.00,309.20
2813,356.00,309.20
2814,356.00,308.20
2815,356.00,308.20
2816,356.00,307.20
2817,356.00,307.20
2818,357.00,306.20
2819,357.00,306.20
2820,357.00,305.20
2821,357.00,305.20
2822,357.00,304.20
2823,358.00,304.20
2824,358.00,303.20
2825,358.00,303.20
2826,358.00,303.20
2827,358.00,302.20
2828,358.00,302.20
2829,359.00,302.20
2830,359.00,301.20
2831,359.00,301.20
2832,359.00,301.20
2833,360.00,300.20
2834,360.00,300.20
2835,360.00,300.20
2836,360.00,299.20
2837,361.00,299.20
2838,361.00,298.20
2839,361.00,298.20
2840,362.00,297.20
2841,362.00,296.20
2842,362.00,296.20
2843,363.00,295.20
2844,363.00,294.20
2845,364.00,294.20
2846,364.00,293.20
2847,365.00,293.20
2848,365.00,292.20
2849,366.00,291.20
2850,366.00,291.20
2851,366.00,290.20
2852,367.00,290.20
2853,367.00,290.20
2854,368.00,289.20
2855,368.00,289.20
2856,368.00,289.20
2857,368.00,289.20
2858,369.00,288.20
2859,369.00,288.20
2860,370.00,288.20
2861,370.00,288.20
2862,370.00,287.20
2863,371.00,287.20
2864,371.00,287.20
2865,372.00,287.20
2866,372.00,286.20
2867,372.00,286.20
2868,373.00,286.20
2869,373.00,286.20
2870,373.00,286.20
2871,374.00,286.20
2872,374.00,285.20
2873,375.00,285.20
2874,375.00,285.20
2875,376.00,285.20
2876,376.00,285.20
2877,377.00,284.20
2878,377.00,284.20
2879,378.00,284.20
2880,378.00,284.20
2881,379.00,284.20
2882,379.00,284.20
2883,380.00,284.20
2884,380.00,284.20
2885,381.00,284.20
2886,381.00,284.20
2887,381.00,284.20
2888,381.00,284.20
2889,382.00,284.20
2890,382.00,284.20
2891,382.00,284.20
2892,383.00,284.20
2893,383.00,284.20
2894,383.00,284.20
2895,384.00,284.20
2896,384.00,284.20
2897,385.00,284.20
2898,385.00,284.20
2899,386.00,284.20
2900,386.00,285.20
2901,387.00,285.20
2902,387.00,285.20
2903,387.00,285.20
2904,388.00,285.20
2905,388.00,285.20
2906,389.00,285.20
2907,389.00,285.20
2908,389.00,285.20
2909,390.00,285.20
2910,390.00,285.20
2911,390.00,285.20
2912,390.00,286.20
2913,390.00,286.20
2914,391.00,286.20
2915,391.00,286.20
2916,391.00,286.20
2917,391.00,286.20
2918,392.00,286.20
2919,392.00,286.20
2920,392.00,286.20
2921,393.00,286.20
2922,393.00,286.20
2923,393.00,286.20
2924,394.00,286.20
2925,394.00,286.20
2926,394.00,286.20
2927,394.00,286.20
2928,394.00,286.20
2929,395.00,285.20
2930,395.00,285.20
2931,395.00,284.20
2932,395.00,284.20
2933,396.00,283.20
2934,397.00,283.20
2935,397.00,283.20
2936,397.00,282.20
2937,397.00,282.20
2938,398.00,282.20
2939,398.00,281.20
2940,398.00,281.20
2941,398.00,281.20
2942,398.00,280.20
2943,399.00,280.20
2944,399.00,280.20
2945,399.00,280.20
2946,399.00,279.20
2947,399.00,279.20
2948,399.00,278.20
2949,399.00,278.20
2950,399.00,278.20
2951,399.00,277.20
2952,399.00,277.20
2953,399.00,277.20
2954,399.00,276.20
2955,399.00,276.20
2956,400.00,276.20
2957,400.00,275.20
2958,400.00,275.20
2959,400.00,275.20
2960,400.00,275.20
2961,400.00,274.20
2962,400.00,274.20
2963,400.00,273.20
2964,400.00,273.20
2965,400.00,273.20
2966,400.00,273.20
2967,400.00,273.20
2968,400.00,272.20
2969,400.00,272.20
2970,400.00,272.20
2971,400.00,272.20
2972,400.00,271.20
2973,401.00,271.20
2974,401.00,270.20
2975,401.00,270.20
2976,401.00,270.20
2977,401.00,269.20
2978,401.00,269.20
2979,402.00,268.20
2980,402.00,267.20
2981,402.00,266.20
2982,402.00,266.20
2983,402.00,265.20
2984,403.00,265.20
2985,403.00,264.20
2986,403.00,263.20
2987,403.00,263.20
2988,403.00,262.20
2989,404.00,262.20
2990,404.00,261.20
2991,404.00,261.20
2992,404.00,261.20
2993,404.00,261.20
2994,404.00,261.20
2995,404.00,260.20
2996,404.00,260.20
2997,404.00,260.20
2998,405.00,259.20
2999,405.00,259.20
3000,405.00,258.20
3001,405.00,258.20
3002,405.00,258.20
3003,405.00,257.20
3004,406.00,257.20
3005,406.00,256.20
3006,406.00,256.20
3007,406.00,255.20
3008,406.00,254.20
3009,406.00,254.20
3010,406.00,253.20
3011,407.00,253.20
3012,407.00,252.20
3013,407.00,252.20
3014,407.00,251.20
3015,407.00,251.20
3016,407.00,251.20
3017,407.00,251.20
3018,407.00,250.20
3019,408.00,250.20
3020,408.00,250.20
3021,408.00,249.20
3022,408.00,249.20
3023,408.00,249.20
3024,408.00,249.20
3025,408.00,249.20
3026,408.00,248.20
3027,408.00,248.20
3028,408.00,248.20
3029,408.00,248.20
3030,408.00,247.20
3031,409.00,247.20
3032,409.00,247.20
3033,409.00,247.20
3034,409.00,246.20
3035,409.00,246.20
3036,409.00,245.20
3037,409.00,245.20
3038,409.00,244.20
3039,409.00,244.20
3040,409.00,243.20
3041,409.00,242.20
3042,409.00,242.20
3043,410.00,242.20
3044,410.00,241.20
3045,410.00,241.20
3046,410.00,240.20
3047,410.00,240.20
3048,410.00,240.20
3049,410.00,240.20
3050,410.00,239.20
3051,410.00,239.20
3052,410.00,239.20
3053,410.00,239.20
3054,410.00,239.20
3055,410.00,238.20
3056,410.00,238.20
3057,410.00,238.20
3058,410.00,238.20
3059,410.00,237.20
3060,410.00,237.20
3061,410.00,237.20
3062,410.00,237.20
3063,410.00,236.20
3064,410.00,236.20
3065,410.00,235.20
3066,410.00,235.20
3067,410.00,234.20
3068,410.00,233.20
3069,410.00,232.20
3070,410.00,231.20
3071,410.00,230.20
3072,410.00,229.20
3073,410.00,228.20
3074,409.00,227.20
3075,409.00,227.20
3076,409.00,226.20
3077,409.00,225.20
3078,409.00,225.20
3079,409.00,225.20
3080,409.00,224.20
3081,409.00,224.20
3082,409.00,223.20
3083,409.00,223.20
3084,409.00,222.20
3085,409.00,222.20
3086,409.00,221.20
3087,409.00,221.20
3088,409.00,220.20
3089,409.00,220.20
3090,409.00,220.20
3091,409.00,219.20
3092,409.00,218.20
3093,409.00,218.20
3094,409.00,218.20
3095,409.00,217.20
3096,409.00,217.20
3097,409.00,217.20
3098,409.00,216.20
3099,409.00,216.20
3100,409.00,216.20
3101,409.00,215.20
3102,410.00,215.20
3103,410.00,215.20
3104,410.00,214.20
3105,410.00,214.20
3106,410.00,213.20
3107,410.00,213.20
3108,410.00,212.20
3109,410.00,212.20
3110,410.00,211.20
3111,410.00,211.20
3112,411.00,210.20
3113,411.00,209.20
3114,411.00,207.20
3115,412.00,205.20
3116,413.00,202.20
3117,413.00,201.20
3118,413.00,199.20
3119,414.00,199.20
3120,414.00,198.20
3121,414.00,197.20
3122,414.00,197.20
3123,414.00,197.20
3124,414.00,196.20
3125,414.00,196.20
3126,414.00,196.20
3127,414.00,196.20
3128,414.00,196.20
3129,414.00,195.20
3130,414.00,195.20
3131,414.00,195.20
3132,414.00,195.20
3133,414.00,195.20
3134,414.00,194.20
3135,414.00,194.20
3136,414.00,194.20
3137,414.00,193.20
3138,414.00,193.20
3139,414.00,192.20
3140,415.00,191.20
3141,415.00,189.20
3142,415.00,187.20
3143,416.00,185.20
3144,417.00,181.20
3145,417.00,180.20
3146,417.00,179.20
3147,417.00,179.20
3148,417.00,178.20
3149,417.00,178.20
3150,417.00,177.20
3151,418.00,177.20
3152,418.00,176.20
3153,418.00,176.20
3154,418.00,175.20
3155,418.00,175.20
3156,418.00,175.20
3157,418.00,175.20
3158,418.00,174.20
3159,418.00,173.20
3160,418.00,173.20
3161,418.00,172.20
3162,418.00,171.20
3163,418.00,170.20
3164,418.00,168.20
3165,418.00,167.20
3166,418.00,165.20
3167,418.00,164.20
3168,418.00,163.20
3169,418.00,162.20
3170,418.00,160.20
3171,418.00,160.20
3172,418.00,159.20
3173,418.00,158.20
3174,418.00,158.20
3175,418.00,157.20
3176,418.00,157.20
3177,418.00,156.20
3178,418.00,156.20
3179,418.00,155.20
3180,418.00,155.20
3181,418.00,154.20
3182,418.00,154.20
3183,418.00,153.20
3184,418.00,153.20
3185,418.00,152.20
3186,418.00,152.20
3187,418.00,152.20
3188,418.00,151.20
3189,418.00,151.20
3190,418.00,149.20
3191,418.00,148.20
3192,418.00,147.20
3193,418.00,145.20
3194,418.00,144.20
3195,418.00,143.20
3196,418.00,143.20
3197,418.00,142.20
3198,418.00,142.20
3199,418.00,141.20
3200,418.00,140.20
3201,418.00,140.20
3202,418.00,139.20
3203,418.00,139.20
3204,418.00,139.20
3205,418.00,138.20
3206,418.00,138.20
3207,418.00,137.20
3208,418.00,136.20
3209,418.00,136.20
3210,419.00,136.20
3211,419.00,135.20
3212,419.00,135.20
3213,419.00,134.20
3214,419.00,134.20
3215,419.00,133.20
3216,419.00,132.20
3217,419.00,132.20
3218,420.00,131.20
3219,420.00,131.20
3220,420.00,130.20
3221,420.00,129.20
3222,420.00,129.20
3223,420.00,128.20
3224,421.00,128.20
3225,421.00,128.20
3226,421.00,127.20
3227,421.00,127.20
3228,421.00,126.20
3229,421.00,126.20
3230,421.00,126.20
3231,421.00,126.20
3232,421.00,125.20
3233,422.00,125.20
3234,422.00,125.20
3235,422.00,124.20
3236,422.00,123.20
3237,422.00,123.20
3238,422.00,121.20
3239,422.00,120.20
3240,423.00,119.20
3241,423.00,118.20
3242,423.00,117.20
3243,423.00,116.20
3244,423.00,115.20
3245,423.00,114.20
3246,423.00,113.20
3247,424.00,112.20
3248,424.00,112.20
3249,424.00,111.20
3250,424.00,111.20
3251,424.00,110.20
3252,424.00,109.20
3253,424.00,109.20
3254,424.00,108.20
3255,424.00,108.20
3256,424.00,107.20
3257,424.00,107.20
3258,424.00,106.20
3259,424.00,106.20
3260,424.00,106.20
3261,424.00,105.20
3262,424.00,105.20
3263,424.00,104.20
3264,424.00,104.20
3265,424.00,104.20
3266,424.00,103.20
3267,424.00,102.20
3268,424.00,101.20
3269,424.00,100.20
3270,424.00,99.20
3271,424.00,99.20
3272,424.00,98.20
3273,424.00,98.20
3274,424.00,97.20
3275,424.00,97.20
3276,424.00,97.20
3277,424.00,97.20
3278,424.00,96.20
3279,424.00,96.20
3280,424.00,96.20
3281,424.00,95.20
3282,424.00,95.20
3283,424.00,94.20
3284,424.00,94.20
3285,424.00,92.20
3286,424.00,91.20
3287,424.00,90.20
3288,424.00,89.20
3289,424.00,88.20
3290,425.00,88.20
3291,425.00,87.20
3292,425.00,87.20
3293,425.00,87.20
3294,425.00,86.20
3295,425.00,86.20
3296,425.00,85.20
3297,425.00,84.20
3298,425.00,83.20
3299,425.00,81.20
3300,425.00,79.20
3301,425.00,78.20
3302,425.00,77.20
3303,425.00,76.20
3304,426.00,76.20
3305,426.00,75.20
3306,426.00,75.20
3307,426.00,74.20
3308,426.00,74.20
3309,426.00,74.20
3310,426.00,74.20
3311,426.00,73.20
3312,426.00,73.20
3313,426.00,73.20
3314,426.00,73.20
3315,426.00,72.20
3316,426.00,72.20
3317,426.00,72.20
3318,426.00,72.20
3319,426.00,71.20
3320,426.00,71.20
3321,426.00,70.20
3322,426.00,70.20
3323,427.00,69.20
3324,427.00,68.20
3325,427.00,66.20
3326,427.00,65.20
3327,427.00,64.20
3328,427.00,63.20
3329,428.00,63.20
3330,428.00,63.20
3331,428.00,62.20
3332,428.00,62.20
3333,428.00,62.20
3334,428.00,61.20
3335,428.00,61.20
3336,428.00,61.20
3337,428.00,60.20
3338,428.00,60.20
3339,428.00,59.20
3340,428.00,59.20
3341,428.00,58.20
3342,428.00,58.20
3343,429.00,57.20
3344,429.00,57.20
3345,429.00,56.20
3346,429.00,56.20
3347,429.00,55.20
3348,429.00,55.20
3349,429.00,54.20
3350,429.00,54.20
3351,429.00,53.20
3352,430.00,53.20
3353,430.00,53.20
3354,430.00,52.20
3355,430.00,52.20
3356,430.00,51.20
3357,430.00,51.20
3358,430.00,51.20
3359,430.00,50.20
3360,430.00,50.20
3361,430.00,50.20
3362,430.00,49.20
3363,430.00,49.20
3364,430.00,49.20
3365,430.00,49.20
3366,430.00,49.20
3367,430.00,48.20
3368,430.00,48.20
3369,430.00,48.20
3370,430.00,48.20
3371,430.00,47.20
3372,430.00,47.20
3373,430.00,47.20
3374,430.00,47.20
3375,430.00,46.20
3376,430.00,46.20
3377,431.00,46.20
3378,431.00,45.20
3379,431.00,45.20
3380,431.00,44.20
3381,431.00,44.20
3382,431.00,43.20
3383,431.00,43.20
3384,432.00,42.20
3385,432.00,42.20
3386,432.00,42.20
3387,432.00,42.20
3388,432.00,41.20
3389,432.00,41.20
3390,432.00,41.20
3391,432.00,41.20
3392,432.00,41.20
3393,433.00,41.20
3394,433.00,41.20
3395,433.00,41.20
3396,433.00,41.20
3397,433.00,41.20
3398,434.00,41.20
3399,434.00,41.20
3400,434.00,41.20
3401,434.00,42.20
3402,435.00,42.20
3403,435.00,42.20
3404,435.00,42.20
3405,435.00,42.20
3406,435.00,42.20
3407,436.00,42.20
3408,436.00,42.20
3409,436.00,42.20
3410,436.00,42.20
3411,437.00,42.20
3412,437.00,42.20
3413,437.00,42.20
3414,437.00,42.20
3415,437.00,42.20
3416,438.00,42.20
3417,438.00,42.20
3418,439.00,42.20
3419,439.00,42.20
3420,440.00,42.20
3421,440.00,42.20
3422,441.00,42.20
3423,442.00,42.20
3424,443.00,42.20
3425,443.00,42.20
3426,444.00,42.20
3427,444.00,42.20
3428,445.00,42.20
3429,445.00,42.20
3430,445.00,42.20
3431,446.00,42.20
3432,446.00,42.20
3433,446.00,42.20
3434,447.00,42.20
3435,447.00,42.20
3436,447.00,42.20
3437,447.00,42.20
3438,447.00,42.20
3439,448.00,42.20
3440,448.00,42.20
3441,448.00,42.20
3442,449.00,42.20
3443,449.00,42.20
3444,449.00,42.20
3445,449.00,42.20
3446,450.00,42.20
3447,450.00,42.20
3448,450.00,42.20
3449,450.00,42.20
3450,451.00,42.20
3451,451.00,42.20
3452,451.00,42.20
3453,451.00,42.20
3454,451.00,42.20
3455,452.00,42.20
3456,452.00,42.20
3457,452.00,42.20
3458,452.00,42.20
3459,452.00,42.20
3460,453.00,42.20
3461,453.00,42.20
3462,453.00,42.20
3463,453.00,42.20
3464,453.00,42.20
3465,453.00,42.20
3466,454.00,42.20
3467,454.00,42.20
3468,454.00,42.20
3469,454.00,42.20
3470,454.00,42.20
3471,455.00,42.20
3472,455.00,42.20
3473,455.00,42.20
3474,455.00,42.20
3475,455.00,43.20
3476,455.00,43.20
3477,455.00,44.20
3478,455.00,44.20
3479,456.00,45.20
3480,456.00,45.20
3481,456.00,45.20
3482,457.00,45.20
3483,457.00,45.20
3484,457.00,46.20
3485,457.00,46.20
3486,457.00,46.20
3487,457.00,46.20
3488,458.00,47.20
3489,458.00,47.20
3490,458.00,47.20
3491,458.00,47.20
3492,458.00,47.20
3493,458.00,47.20
3494,458.00,47.20
3495,458.00,48.20
3496,459.00,48.20
3497,459.00,48.20
3498,459.00,49.20
3499,459.00,49.20
3500,459.00,49.20
3501,459.00,50.20
3502,459.00,50.20
3503,459.00,50.20
3504,459.00,51.20
3505,459.00,51.20
3506,460.00,52.20
3507,460.00,52.20
3508,460.00,53.20
3509,460.00,54.20
3510,460.00,55.20
3511,461.00,55.20
3512,461.00,56.20
3513,461.00,56.20
3514,461.00,57.20
3515,461.00,57.20
3516,461.00,58.20
3517,461.00,58.20
3518,461.00,59.20
3519,461.00,59.20
3520,461.00,60.20
3521,461.00,60.20
3522,461.00,61.20
3523,461.00,61.20
3524,461.00,62.20
3525,461.00,63.20
3526,461.00,63.20
3527,461.00,64.20
3528,461.00,64.20
3529,461.00,65.20
3530,461.00,66.20
3531,461.00,66.20
3532,461.00,67.20
3533,461.00,67.20
3534,461.00,68.20
3535,461.00,68.20
3536,461.00,69.20
3537,461.00,69.20
3538,461.00,69.20
3539,461.00,70.20
3540,461.00,70.20
3541,461.00,71.20
3542,461.00,71.20
3543,461.00,71.20
3544,461.00,71.20
3545,461.00,72.20
3546,461.00,72.20
3547,461.00,72.20
3548,461.00,73.20
3549,461.00,73.20
3550,461.00,74.20
3551,461.00,74.20
3552,461.00,75.20
3553,461.00,75.20
3554,461.00,76.20
3555,461.00,76.20
3556,461.00,77.20
3557,462.00,77.20
3558,462.00,78.20
3559,462.00,78.20
3560,462.00,79.20
3561,462.00,79.20
3562,462.00,79.20
3563,462.00,80.20
3564,462.00,80.20
3565,462.00,81.20
3566,462.00,81.20
3567,462.00,82.20
3568,463.00,82.20
3569,463.00,83.20
3570,463.00,83.20
3571,463.00,84.20
3572,463.00,84.20
3573,463.00,85.20
3574,463.00,85.20
3575,463.00,85.20
3576,463.00,86.20
3577,463.00,86.20
3578,463.00,86.20
3579,463.00,87.20
3580,463.00,87.20
3581,463.00,88.20
3582,463.00,88.20
3583,463.00,88.20
3584,463.00,89.20
3585,463.00,89.20
3586,463.00,89.20
3587,463.00,90.20
3588,463.00,90.20
3589,463.00,90.20
3590,463.00,91.20
3591,463.00,91.20
3592,463.00,92.20
3593,463.00,92.20
3594,463.00,93.20
3595,463.00,94.20
3596,463.00,94.20
3597,463.00,95.20
3598,463.00,96.20
3599,463.00,96.20
3600,463.00,96.20
3601,464.00,97.20
3602,464.00,97.20
3603,464.00,98.20
3604,464.00,98.20
3605,464.00,99.20
3606,464.00,99.20
3607,464.00,100.20
3608,464.00,100.20
3609,465.00,101.20
3610,465.00,101.20
3611,465.00,102.20
3612,465.00,103.20
3613,465.00,103.20
3614,465.00,104.20
3615,465.00,104.20
3616,465.00,105.20
3617,465.00,106.20
3618,465.00,107.20
3619,465.00,107.20
3620,465.00,108.20
3621,465.00,109.20
3622,465.00,109.20
3623,465.00,110.20
3624,465.00,111.20
3625,465.00,111.20
3626,465.00,112.20
3627,465.00,112.20
3628,465.00,113.20
3629,465.00,113.20
3630,465.00,114.20
3631,465.00,114.20
3632,465.00,114.20
3633,465.00,115.20
3634,465.00,115.20
3635,466.00,115.20
3636,466.00,115.20
3637,466.00,116.20
3638,466.00,116.20
3639,466.00,116.20
3640,466.00,117.20
3641,466.00,117.20
3642,466.00,117.20
3643,466.00,118.20
3644,466.00,118.20
3645,466.00,118.20
3646,466.00,119.20
3647,466.00,119.20
3648,466.00,119.20
3649,466.00,120.20
3650,466.00,120.20
3651,466.00,120.20
3652,466.00,121.20
3653,466.00,121.20
3654,467.00,122.20
3655,467.00,122.20
3656,467.00,123.20
3657,467.00,123.20
3658,467.00,123.20
3659,467.00,124.20
3660,467.00,124.20
3661,467.00,125.20
3662,467.00,126.20
3663,467.00,126.20
3664,468.00,127.20
3665,468.00,128.20
3666,468.00,129.20
3667,468.00,129.20
3668,468.00,130.20
3669,468.00,131.20
3670,468.00,131.20
3671,468.00,132.20
3672,468.00,132.20
3673,468.00,133.20
3674,468.00,133.20
3675,468.00,134.20
3676,468.00,134.20
3677,468.00,135.20
3678,468.00,135.20
3679,468.00,136.20
3680,468.00,136.20
3681,468.00,137.20
3682,469.00,137.20
3683,469.00,138.20
3684,469.00,138.20
3685,469.00,139.20
3686,469.00,140.20
3687,469.00,140.20
3688,469.00,141.20
3689,469.00,142.20
3690,469.00,142.20
3691,469.00,143.20
3692,469.00,144.20
3693,469.00,145.20
3694,469.00,145.20
3695,469.00,146.20
3696,469.00,147.20
3697,470.00,148.20
3698,470.00,149.20
3699,470.00,150.20
3700,470.00,151.20
3701,470.00,151.20
3702,470.00,152.20
3703,470.00,152.20
3704,470.00,153.20
3705,470.00,154.20
3706,470.00,154.20
3707,470.00,154.20
3708,470.00,155.20
3709,470.00,155.20
3710,470.00,156.20
3711,470.00,156.20
3712,470.00,156.20
3713,470.00,157.20
3714,470.00,157.20
3715,470.00,157.20
3716,470.00,158.20
3717,470.00,158.20
3718,470.00,159.20
3719,470.00,159.20
3720,470.00,160.20
3721,470.00,160.20
3722,470.00,160.20
3723,470.00,161.20
3724,470.00,161.20
3725,470.00,162.20
3726,470.00,162.20
3727,470.00,162.20
3728,470.00,163.20
3729,470.00,163.20
3730,470.00,163.20
3731,470.00,164.20
3732,470.00,164.20
3733,471.00,165.20
3734,471.00,165.20
3735,471.00,166.20
3736,471.00,166.20
3737,471.00,167.20
3738,471.00,167.20
3739,471.00,168.20
3740,471.00,168.20
3741,471.00,169.20
3742,471.00,169.20
3743,471.00,170.20
3744,471.00,170.20
3745,471.00,170.20
3746,471.00,171.20
3747,471.00,171.20
3748,471.00,172.20
3749,471.00,172.20
3750,471.00,172.20
3751,471.00,173.20
3752,471.00,173.20
3753,471.00,174.20
3754,471.00,174.20
3755,471.00,174.20
3756,471.00,175.20
3757,471.00,176.20
3758,471.00,176.20
3759,471.00,177.20
3760,471.00,178.20
3761,471.00,178.20
3762,471.00,178.20
3763,471.00,179.20
3764,471.00,180.20
3765,471.00,180.20
3766,471.00,181.20
3767,471.00,181.20
3768,471.00,181.20
3769,471.00,182.20
3770,472.00,182.20
3771,472.00,183.20
3772,472.00,183.20
3773,472.00,183.20
3774,472.00,183.20
3775,472.00,184.20
3776,472.00,184.20
3777,472.00,184.20
3778,473.00,184.20
3779,473.00,184.20
3780,473.00,185.20
3781,473.00,186.20
3782,473.00,187.20
3783,473.00,187.20
3784,473.00,188.20
3785,473.00,189.20
3786,473.00,189.20
3787,473.00,190.20
3788,473.00,190.20
3789,473.00,191.20
3790,473.00,191.20
3791,473.00,191.20
3792,473.00,192.20
3793,473.00,192.20
3794,473.00,193.20
3795,473.00,193.20
3796,473.00,193.20
3797,473.00,193.20
3798,473.00,194.20
3799,473.00,194.20
3800,473.00,194.20
3801,474.00,194.20
3802,474.00,195.20
3803,474.00,195.20
3804,474.00,196.20
3805,474.00,196.20
3806,474.00,196.20
3807,474.00,197.20
3808,474.00,197.20
3809,474.00,198.20
3810,474.00,198.20
3811,474.00,198.20
3812,474.00,199.20
3813,474.00,199.20
3814,474.00,199.20
3815,475.00,200.20
3816,475.00,200.20
3817,475.00,200.20
3818,475.00,201.20
3819,475.00,201.20
3820,475.00,201.20
3821,475.00,201.20
3822,475.00,202.20
3823,475.00,202.20
3824,475.00,203.20
3825,475.00,203.20
3826,475.00,203.20
3827,475.00,204.20
3828,476.00,205.20
3829,476.00,206.20
3830,476.00,207.20
3831,476.00,208.20
3832,477.00,209.20
3833,477.00,210.20
3834,478.00,211.20
3835,478.00,212.20
3836,478.00,214.20
3837,478.00,214.20
3838,479.00,216.20
3839,479.00,216.20
3840,479.00,217.20
3841,479.00,217.20
3842,479.00,218.20
3843,479.00,218.20
3844,479.00,219.20
3845,479.00,219.20
3846,479.00,220.20
3847,479.00,220.20
3848,479.00,220.20
3849,479.00,221.20
3850,479.00,221.20
3851,479.00,222.20
3852,479.00,222.20
3853,479.00,223.20
3854,479.00,223.20
3855,479.00,224.20
3856,479.00,225.20
3857,479.00,225.20
3858,479.00,226.20
3859,479.00,227.20
3860,479.00,227.20
3861,479.00,228.20
3862,479.00,229.20
3863,479.00,230.20
3864,479.00,230.20
3865,479.00,231.20
3866,479.00,231.20
3867,479.00,231.20
3868,479.00,232.20
3869,479.00,232.20
3870,479.00,233.20
3871,479.00,233.20
3872,479.00,234.20
3873,479.00,234.20
3874,479.00,234.20
3875,479.00,235.20
3876,479.00,235.20
3877,479.00,237.20
3878,480.00,238.20
3879,480.00,239.20
3880,480.00,240.20
3881,480.00,240.20
3882,480.00,241.20
3883,480.00,242.20
3884,480.00,242.20
3885,480.00,243.20
3886,480.00,244.20
3887,481.00,244.20
3888,481.00,245.20
3889,481.00,246.20
3890,481.00,246.20
3891,481.00,246.20
3892,481.00,247.20
3893,481.00,247.20
3894,481.00,248.20
3895,481.00,249.20
3896,482.00,249.20
3897,482.00,251.20
3898,482.00,251.20
3899,482.00,253.20
3900,482.00,253.20
3901,482.00,254.20
3902,482.00,255.20
3903,483.00,256.20
3904,483.00,257.20
3905,483.00,257.20
3906,483.00,258.20
3907,483.00,258.20
3908,483.00,259.20
3909,483.00,259.20
3910,483.00,260.20
3911,483.00,260.20
3912,483.00,261.20
3913,483.00,261.20
3914,483.00,262.20
3915,484.00,262.20
3916,484.00,263.20
3917,484.00,263.20
3918,484.00,263.20
3919,484.00,264.20
3920,484.00,264.20
3921,484.00,265.20
3922,484.00,265.20
3923,484.00,266.20
3924,484.00,266.20
3925,484.00,266.20
3926,484.00,266.20
3927,485.00,267.20
3928,485.00,267.20
3929,485.00,267.20
3930,485.00,268.20
3931,485.00,268.20
3932,485.00,269.20
3933,485.00,269.20
3934,486.00,270.20
3935,486.00,271.20
3936,486.00,272.20
3937,486.00,272.20
3938,486.00,273.20
3939,487.00,274.20
3940,487.00,274.20
3941,487.00,275.20
3942,487.00,276.20
3943,487.00,277.20
3944,487.00,278.20
3945,487.00,278.20
3946,488.00,279.20
3947,488.00,280.20
3948,488.00,280.20
3949,488.00,281.20
3950,488.00,281.20
3951,488.00,281.20
3952,488.00,282.20
3953,488.00,283.20
3954,489.00,283.20
3955,489.00,285.20
3956,490.00,286.20
3957,490.00,286.20
3958,491.00,287.20
3959,491.00,288.20
3960,491.00,289.20
3961,492.00,289.20
3962,492.00,290.20
3963,492.00,290.20
3964,492.00,291.20
3965,492.00,291.20
3966,493.00,292.20
3967,493.00,292.20
3968,493.00,292.20
3969,493.00,293.20
3970,493.00,293.20
3971,493.00,293.20
3972,494.00,293.20
3973,494.00,293.20
3974,494.00,294.20
3975,494.00,294.20
3976,494.00,294.20
3977,494.00,294.20
3978,494.00,294.20
3979,495.00,294.20
3980,496.00,294.20
3981,496.00,294.20
3982,496.00,295.20
3983,496.00,295.20
3984,497.00,295.20
3985,497.00,295.20
3986,497.00,296.20
3987,497.00,296.20
3988,498.00,296.20
3989,498.00,296.20
3990,498.00,296.20
3991,498.00,296.20
3992,498.00,296.20
3993,498.00,296.20
3994,499.00,296.20
3995,499.00,296.20
3996,499.00,296.20
3997,499.00,296.20
3998,499.00,296.20
3999,500.00,296.20
4000,500.00,296.20
4001,500.00,296.20
4002,500.00,296.20
4003,501.00,296.20
4004,501.00,296.20
4005,502.00,296.20
4006,502.00,295.20
4007,503.00,295.20
4008,503.00,295.20
4009,503.00,295.20
4010,504.00,295.20
4011,505.00,295.20
4012,505.00,294.20
4013,506.00,294.20
4014,506.00,294.20
4015,507.00,294.20
4016,507.00,293.20
4017,508.00,293.20
4018,508.00,293.20
4019,509.00,293.20
4020,509.00,292.20
4021,509.00,292.20
4022,510.00,292.20
4023,510.00,292.20
4024,510.00,291.20
4025,511.00,291.20
4026,511.00,291.20
4027,511.00,290.20
4028,512.00,290.20
4029,512.00,290.20
4030,512.00,290.20
4031,513.00,290.20
4032,513.00,290.20
4033,513.00,289.20
4034,513.00,289.20
4035,514.00,289.20
4036,514.00,289.20
4037,514.00,289.20
4038,514.00,288.20
4039,515.00,288.20
4040,515.00,288.20
4041,515.00,288.20
4042,515.00,288.20
4043,515.00,288.20
4044,516.00,288.20
4045,516.00,288.20
4046,516.00,288.20
4047,516.00,288.20
4048,517.00,288.20
4049,517.00,288.20
4050,517.00,288.20
4051,518.00,288.20
4052,518.00,288.20
4053,518.00,288.20
4054,519.00,288.20
4055,519.00,288.20
4056,519.00,288.20
4057,519.00,288.20
4058,519.00,289.20
4059,519.00,289.20
4060,520.00,289.20
4061,520.00,289.20
4062,520.00,289.20
4063,520.00,290.20
4064,521.00,290.20
4065,521.00,290.20
4066,521.00,290.20
4067,522.00,290.20
4068,522.00,290.20
4069,522.00,291.20
4070,523.00,291.20
4071,523.00,292.20
4072,524.00,292.20
4073,524.00,292.20
4074,525.00,293.20
4075,525.00,293.20
4076,526.00,293.20
4077,526.00,294.20
4078,527.00,294.20
4079,527.00,295.20
4080,527.00,295.20
4081,528.00,295.20
4082,528.00,296.20
4083,529.00,296.20
4084,529.00,297.20
4085,529.00,297.20
4086,530.00,297.20
4087,530.00,297.20
4088,530.00,298.20
4089,530.00,298.20
4090,531.00,298.20
4091,531.00,298.20
4092,531.00,298.20
4093,532.00,298.20
4094,532.00,299.20
4095,532.00,299.20
4096,533.00,299.20
4097,533.00,299.20
4098,533.00,299.20
4099,534.00,300.20
4100,534.00,300.20
4101,534.00,300.20
4102,534.00,300.20
4103,535.00,300.20
4104,535.00,300.20
4105,536.00,301.20
4106,536.00,301.20
4107,536.00,301.20
4108,536.00,301.20
4109,536.00,301.20
4110,537.00,301.20
4111,537.00,302.20
4112,537.00,302.20
4113,538.00,302.20
4114,538.00,302.20
4115,538.00,302.20
4116,538.00,302.20
4117,538.00,302.20
4118,539.00,302.20
4119,539.00,302.20
4120,539.00,303.20
4121,540.00,303.20
4122,540.00,303.20
4123,541.00,303.20
4124,541.00,303.20
4125,541.00,303.20
4126,541.00,303.20
4127,541.00,302.20
4128,541.00,302.20
4129,542.00,302.20
4130,542.00,300.20
4131,542.00,300.20
4132,542.00,300.20
4133,542.00,299.20
4134,542.00,299.20
4135,543.00,299.20
4136,543.00,298.20
4137,543.00,298.20
4138,543.00,298.20
4139,543.00,298.20
4140,543.00,297.20
4141,544.00,297.20
4142,544.00,297.20
4143,544.00,296.20
4144,544.00,295.20
4145,544.00,295.20
4146,545.00,294.20
4147,545.00,294.20
4148,545.00,293.20
4149,545.00,292.20
4150,545.00,291.20
4151,546.00,290.20
4152,546.00,289.20
4153,546.00,289.20
4154,546.00,288.20
4155,546.00,287.20
4156,547.00,286.20
4157,547.00,285.20
4158,547.00,284.20
4159,547.00,283.20
4160,547.00,281.20
4161,548.00,280.20
4162,548.00,280.20
4163,548.00,278.20
4164,548.00,278.20
4165,549.00,277.20
4166,549.00,276.20
4167,550.00,274.20
4168,550.00,273.20
4169,551.00,272.20
4170,551.00,272.20
4171,551.00,271.20
4172,552.00,270.20
4173,552.00,270.20
4174,552.00,270.20
4175,552.00,269.20
4176,552.00,269.20
4177,552.00,268.20
4178,552.00,266.20
4179,553.00,265.20
4180,553.00,263.20
4181,553.00,262.20
4182,554.00,261.20
4183,554.00,259.20
4184,554.00,258.20
4185,554.00,257.20
4186,555.00,256.20
4187,555.00,255.20
4188,555.00,254.20
4189,556.00,254.20
4190,556.00,253.20
4191,556.00,253.20
4192,556.00,252.20
4193,556.00,252.20
4194,556.00,252.20
4195,556.00,251.20
4196,556.00,251.20
4197,556.00,251.20
4198,556.00,251.20
4199,556.00,250.20
4200,556.00,250.20
4201,556.00,250.20
4202,556.00,250.20
4203,556.00,249.20
4204,556.00,249.20
4205,556.00,249.20
4206,556.00,248.20
4207,556.00,248.20
4208,556.00,247.20
4209,556.00,246.20
4210,556.00,245.20
4211,556.00,244.20
4212,556.00,243.20
4213,556.00,242.20
4214,556.00,242.20
4215,556.00,241.20
4216,556.00,240.20
4217,556.00,240.20
4218,556.00,239.20
4219,556.00,239.20
4220,556.00,238.20
4221,557.00,238.20
4222,557.00,238.20
4223,557.00,237.20
4224,557.00,237.20
4225,557.00,236.20
4226,557.00,236.20
4227,557.00,236.20
4228,557.00,235.20
4229,557.00,235.20
4230,557.00,234.20
4231,557.00,233.20
4232,557.00,233.20
4233,557.00,232.20
4234,558.00,231.20
4235,558.00,230.20
4236,558.00,229.20
4237,558.00,229.20
4238,558.00,228.20
4239,558.00,227.20
4240,558.00,227.20
4241,558.00,226.20
4242,558.00,226.20
4243,559.00,225.20
4244,559.00,225.20
4245,559.00,224.20
4246,559.00,224.20
4247,559.00,223.20
4248,559.00,223.20
4249,559.00,223.20
4250,559.00,222.20
4251,559.00,222.20
4252,560.00,221.20
4253,560.00,221.20
4254,560.00,220.20
4255,560.00,219.20
4256,560.00,218.20
4257,560.00,218.20
4258,560.00,217.20
4259,560.00,216.20
4260,560.00,215.20
4261,561.00,215.20
4262,561.00,214.20
4263,561.00,213.20
4264,561.00,213.20
4265,561.00,212.20
4266,561.00,211.20
4267,561.00,211.20
4268,562.00,210.20
4269,562.00,209.20
4270,562.00,209.20
4271,562.00,208.20
4272,562.00,208.20
4273,562.00,207.20
4274,562.00,207.20
4275,562.00,206.20
4276,563.00,205.20
4277,563.00,204.20
4278,563.00,203.20
4279,563.00,202.20
4280,563.00,202.20
4281,563.00,201.20
4282,563.00,200.20
4283,563.00,200.20
4284,563.00,199.20
4285,563.00,199.20
4286,563.00,198.20
4287,563.00,198.20
4288,563.00,197.20
4289,563.00,196.20
4290,563.00,194.20
4291,563.00,193.20
4292,563.00,191.20
4293,563.00,190.20
4294,563.00,189.20
4295,563.00,188.20
4296,563.00,188.20
4297,563.00,187.20
4298,563.00,186.20
4299,563.00,186.20
4300,563.00,185.20
4301,563.00,185.20
4302,563.00,184.20
4303,563.00,183.20
4304,563.00,183.20
4305,563.00,183.20
4306,563.00,182.20
4307,563.00,182.20
4308,563.00,182.20
4309,563.00,182.20
4310,563.00,181.20
4311,563.00,181.20
4312,563.00,181.20
4313,563.00,180.20
4314,563.00,180.20
4315,563.00,179.20
4316,563.00,178.20
4317,563.00,177.20
4318,564.00,175.20
4319,564.00,174.20
4320,564.00,173.20
4321,564.00,172.20
4322,564.00,172.20
4323,564.00,171.20
4324,564.00,171.20
4325,565.00,171.20
4326,565.00,170.20
4327,565.00,170.20
4328,565.00,170.20
4329,565.00,169.20
4330,565.00,169.20
4331,565.00,169.20
4332,565.00,169.20
4333,565.00,169.20
4334,565.00,168.20
4335,565.00,168.20
4336,565.00,168.20
4337,565.00,168.20
4338,565.00,167.20
4339,565.00,167.20
4340,565.00,166.20
4341,565.00,165.20
4342,565.00,165.20
4343,565.00,165.20
4344,566.00,165.20
4345,566.00,165.20
4346,566.00,164.20
4347,566.00,162.20
4348,566.00,160.20
4349,566.00,159.20
4350,566.00,157.20
4351,566.00,155.20
4352,567.00,154.20
4353,567.00,153.20
4354,567.00,153.20
4355,567.00,153.20
4356,567.00,152.20
4357,567.00,152.20
4358,567.00,150.20
4359,567.00,150.20
4360,568.00,149.20
4361,568.00,149.20
4362,568.00,148.20
4363,568.00,148.20
4364,568.00,147.20
4365,568.00,147.20
4366,568.00,147.20
4367,568.00,146.20
4368,568.00,146.20
4369,568.00,146.20
4370,568.00,145.20
4371,568.00,145.20
4372,568.00,145.20
4373,568.00,144.20
4374,568.00,144.20
4375,568.00,144.20
4376,568.00,143.20
4377,568.00,142.20
4378,568.00,141.20
4379,568.00,140.20
4380,568.00,140.20
4381,568.00,138.20
4382,568.00,137.20
4383,568.00,136.20
4384,568.00,134.20
4385,568.00,133.20
4386,568.00,132.20
4387,568.00,132.20
4388,568.00,131.20
4389,568.00,131.20
4390,568.00,130.20
4391,568.00,130.20
4392,568.00,130.20
4393,568.00,129.20
4394,568.00,128.20
4395,568.00,128.20
4396,568.00,128.20
4397,568.00,127.20
4398,568.00,127.20
4399,568.00,127.20
4400,568.00,126.20
4401,568.00,126.20
4402,568.00,126.20
4403,568.00,126.20
4404,568.00,125.20
4405,568.00,125.20
4406,568.00,124.20
4407,568.00,124.20
4408,568.00,123.20
4409,568.00,122.20
4410,568.00,122.20
4411,568.00,121.20
4412,569.00,120.20
4413,569.00,119.20
4414,569.00,119.20
4415,569.00,118.20
4416,569.00,116.20
4417,569.00,115.20
4418,570.00,114.20
4419,570.00,114.20
4420,570.00,113.20
4421,570.00,113.20
4422,570.00,112.20
4423,570.00,112.20
4424,570.00,111.20
4425,570.00,111.20
4426,570.00,111.20
4427,570.00,110.20
4428,570.00,110.20
4429,571.00,109.20
4430,571.00,108.20
4431,571.00,107.20
4432,571.00,106.20
4433,571.00,106.20
4434,571.00,106.20
4435,571.00,105.20
4436,571.00,105.20
4437,572.00,104.20
4438,572.00,103.20
4439,572.00,103.20
4440,572.00,103.20
4441,572.00,102.20
4442,572.00,101.20
4443,572.00,100.20
4444,572.00,99.20
4445,572.00,98.20
4446,572.00,97.20
4447,572.00,96.20
4448,572.00,96.20
4449,572.00,95.20
4450,572.00,94.20
4451,572.00,94.20
4452,573.00,93.20
4453,573.00,92.20
4454,573.00,91.20
4455,573.00,90.20
4456,573.00,89.20
4457,573.00,89.20
4458,573.00,88.20
4459,573.00,87.20
4460,573.00,87.20
4461,573.00,86.20
4462,573.00,85.20
4463,573.00,84.20
4464,574.00,83.20
4465,574.00,82.20
4466,574.00,82.20
4467,574.00,81.20
4468,574.00,80.20
4469,574.00,80.20
4470,574.00,79.20
4471,574.00,78.20
4472,574.00,78.20
4473,574.00,77.20
4474,575.00,76.20
4475,575.00,74.20
4476,575.00,73.20
4477,575.00,71.20
4478,575.00,70.20
4479,575.00,70.20
4480,575.00,69.20
4481,575.00,68.20
4482,575.00,68.20
4483,575.00,67.20
4484,575.00,67.20
4485,575.00,66.20
4486,575.00,66.20
4487,576.00,65.20
4488,576.00,65.20
4489,576.00,64.20
4490,576.00,63.20
4491,576.00,62.20
4492,576.00,62.20
4493,576.00,62.20
4494,576.00,61.20
4495,576.00,61.20
4496,576.00,60.20
4497,576.00,59.20
4498,576.00,59.20
4499,576.00,58.20
4500,577.00,57.20
4501,577.00,56.20
4502,577.00,56.20
4503,577.00,55.20
4504,577.00,55.20
4505,577.00,54.20
4506,577.00,54.20
4507,577.00,54.20
4508,577.00,53.20
4509,577.00,53.20
4510,577.00,53.20
4511,577.00,52.20
4512,577.00,52.20
4513,577.00,51.20
4514,577.00,51.20
4515,577.00,50.20
4516,577.00,50.20
4517,577.00,50.20
4518,577.00,49.20
4519,577.00,49.20
4520,577.00,49.20
4521,577.00,48.20
4522,577.00,48.20
4523,577.00,48.20
4524,577.00,48.20
4525,578.00,47.20
4526,578.00,47.20
4527,578.00,47.20
4528,578.00,46.20
4529,578.00,46.20
4530,578.00,46.20
4531,578.00,46.20
4532,578.00,45.20
4533,579.00,45.20
4534,579.00,45.20
4535,579.00,44.20
4536,579.00,44.20
4537,579.00,44.20
4538,579.00,43.20
4539,579.00,43.20
4540,579.00,43.20
4541,579.00,43.20
4542,579.00,43.20
4543,579.00,42.20
4544,580.00,42.20
4545,580.00,42.20
4546,580.00,42.20
4547,580.00,42.20
4548,580.00,41.20
4549,580.00,41.20
4550,580.00,41.20
4551,580.00,41.20
4552,581.00,41.20
4553,581.00,41.20
4554,581.00,41.20
4555,581.00,41.20
4556,581.00,41.20
4557,582.00,41.20
4558,582.00,41.20
4559,582.00,41.20
4560,583.00,41.20
4561,583.00,41.20
4562,584.00,41.20
4563,584.00,41.20
4564,584.00,41.20
4565,585.00,41.20
4566,585.00,41.20
4567,586.00,41.20
4568,586.00,41.20
4569,586.00,41.20
4570,586.00,41.20
4571,587.00,41.20
4572,587.00,41.20
4573,588.00,41.20
4574,588.00,41.20
4575,588.00,41.20
4576,589.00,41.20
4577,589.00,41.20
4578,590.00,40.20
4579,591.00,40.20
4580,592.00,40.20
4581,594.00,40.20
4582,594.00,40.20
4583,596.00,39.20
4584,596.00,39.20
4585,597.00,39.20
4586,598.00,39.20
4587,599.00,39.20
4588,599.00,39.20
4589,599.00,39.20
4590,600.00,39.20
4591,600.00,39.20
4592,600.00,39.20
4593,600.00,39.20
4594,601.00,39.20
4595,601.00,39.20
4596,601.00,39.20
4597,601.00,39.20
4598,601.00,39.20
4599,601.00,39.20
4600,601.00,39.20
4601,601.00,40.20
4602,602.00,40.20
4603,602.00,40.20
4604,602.00,40.20
4605,602.00,40.20
4606,602.00,40.20
4607,602.00,40.20
4608,602.00,41.20
4609,602.00,41.20
4610,602.00,41.20
4611,603.00,41.20
4612,603.00,41.20
4613,603.00,41.20
4614,603.00,42.20
4615,603.00,42.20
4616,604.00,42.20
4617,604.00,42.20
4618,604.00,42.20
4619,604.00,43.20
4620,604.00,43.20
4621,604.00,43.20
4622,604.00,43.20
4623,605.00,43.20
4624,605.00,44.20
4625,605.00,44.20
4626,605.00,44.20
4627,605.00,44.20
4628,605.00,44.20
4629,605.00,45.20
4630,605.00,45.20
4631,605.00,46.20
4632,605.00,46.20
4633,605.00,46.20
4634,605.00,47.20
4635,605.00,47.20
4636,605.00,47.20
4637,605.00,48.20
4638,606.00,48.20
4639,606.00,49.20
4640,606.00,49.20
4641,606.00,49.20
4642,606.00,49.20
4643,606.00,50.20
4644,606.00,50.20
4645,607.00,51.20
4646,607.00,51.20
4647,607.00,52.20
4648,607.00,52.20
4649,607.00,53.20
4650,608.00,54.20
4651,608.00,54.20
4652,608.00,55.20
4653,609.00,56.20
4654,609.00,56.20
4655,609.00,57.20
4656,610.00,58.20
4657,610.00,59.20
4658,610.00,60.20
4659,610.00,60.20
4660,611.00,61.20
4661,611.00,62.20
4662,611.00,63.20
4663,611.00,64.20
4664,611.00,64.20
4665,611.00,65.20
4666,611.00,66.20
4667,611.00,66.20
4668,611.00,67.20
4669,611.00,67.20
4670,611.00,68.20
4671,611.00,68.20
4672,611.00,68.20
4673,611.00,68.20
4674,611.00,69.20
4675,611.00,69.20
4676,611.00,69.20
4677,611.00,70.20
4678,611.00,70.20
4679,611.00,70.20
4680,611.00,71.20
4681,611.00,71.20
4682,611.00,71.20
4683,611.00,72.20
4684,611.00,72.20
4685,611.00,72.20
4686,611.00,73.20
4687,611.00,74.20
4688,611.00,74.20
4689,611.00,75.20
4690,611.00,75.20
4691,612.00,75.20
4692,612.00,76.20
4693,612.00,77.20
4694,612.00,77.20
4695,612.00,78.20
4696,612.00,78.20
4697,612.00,79.20
4698,612.00,80.20
4699,612.00,81.20
4700,612.00,81.20
4701,612.00,82.20
4702,612.00,83.20
4703,612.00,84.20
4704,612.00,84.20
4705,612.00,85.20
4706,612.00,86.20
4707,612.00,87.20
4708,612.00,88.20
4709,612.00,89.20
4710,613.00,90.20
4711,613.00,91.20
4712,613.00,92.20
4713,613.00,92.20
4714,613.00,94.20
4715,613.00,94.20
4716,613.00,95.20
4717,613.00,96.20
4718,614.00,96.20
4719,614.00,97.20
4720,614.00,98.20
4721,614.00,98.20
4722,614.00,99.20
4723,614.00,100.20
4724,614.00,100.20
4725,614.00,101.20
4726,614.00,102.20
4727,614.00,102.20
4728,614.00,103.20
4729,614.00,103.20
4730,614.00,104.20
4731,614.00,104.20
4732,614.00,105.20
4733,614.00,105.20
4734,614.00,106.20
4735,614.00,106.20
4736,614.00,107.20
4737,614.00,107.20
4738,614.00,108.20
4739,614.00,108.20
4740,614.00,109.20
4741,614.00,109.20
4742,614.00,110.20
4743,614.00,111.20
4744,614.00,111.20
4745,614.00,112.20
4746,614.00,113.20
4747,614.00,114.20
4748,614.00,114.20
4749,614.00,115.20
4750,615.00,116.20
4751,615.00,117.20
4752,615.00,118.20
4753,615.00,119.20
4754,615.00,119.20
4755,615.00,120.20
4756,615.00,120.20
4757,615.00,121.20
4758,615.00,121.20
4759,615.00,122.20
4760,615.00,122.20
4761,615.00,122.20
4762,616.00,122.20
4763,616.00,123.20
4764,616.00,123.20
4765,616.00,124.20
4766,616.00,125.20
4767,616.00,125.20
4768,616.00,125.20
4769,617.00,126.20
4770,617.00,127.20
4771,617.00,127.20
4772,617.00,127.20
4773,617.00,128.20
4774,617.00,128.20
4775,617.00,128.20
4776,618.00,129.20
4777,618.00,129.20
4778,618.00,130.20
4779,618.00,130.20
4780,618.00,130.20
4781,618.00,131.20
4782,618.00,131.20
4783,618.00,132.20
4784,618.00,132.20
4785,618.00,133.20
4786,618.00,133.20
4787,619.00,134.20
4788,619.00,135.20
4789,619.00,136.20
4790,619.00,137.20
4791,619.00,138.20
4792,619.00,139.20
4793,619.00,140.20
4794,619.00,141.20
4795,619.00,142.20
4796,619.00,143.20
4797,619.00,144.20
4798,619.00,144.20
4799,619.00,145.20
4800,619.00,146.20
4801,619.00,147.20
4802,619.00,147.20
4803,619.00,148.20
4804,619.00,149.20
4805,620.00,150.20
4806,620.00,150.20
4807,620.00,151.20
4808,620.00,152.20
4809,620.00,152.20
4810,620.00,153.20
4811,620.00,153.20
4812,620.00,153.20
4813,620.00,154.20
4814,620.00,154.20
4815,620.00,155.20
4816,620.00,155.20
4817,620.00,156.20
4818,620.00,157.20
4819,620.00,157.20
4820,620.00,158.20
4821,620.00,158.20
4822,620.00,159.20
4823,620.00,159.20
4824,620.00,159.20
4825,620.00,160.20
4826,620.00,160.20
4827,620.00,161.20
4828,620.00,162.20
4829,620.00,163.20
4830,620.00,163.20
4831,620.00,164.20
4832,620.00,165.20
4833,621.00,166.20
4834,621.00,166.20
4835,621.00,167.20
4836,621.00,168.20
4837,621.00,169.20
4838,621.00,170.20
4839,621.00,171.20
4840,622.00,172.20
4841,622.00,172.20
4842,622.00,173.20
4843,622.00,174.20
4844,622.00,175.20
4845,622.00,175.20
4846,622.00,175.20
4847,622.00,176.20
4848,622.00,176.20
4849,622.00,177.20
4850,622.00,177.20
4851,622.00,178.20
4852,622.00,178.20
4853,622.00,179.20
4854,622.00,179.20
4855,622.00,179.20
4856,623.00,180.20
4857,623.00,180.20
4858,623.00,181.20
4859,623.00,181.20
4860,623.00,182.20
4861,623.00,182.20
4862,623.00,183.20
4863,624.00,184.20
4864,624.00,185.20
4865,624.00,186.20
4866,624.00,187.20
4867,624.00,188.20
4868,625.00,189.20
4869,625.00,190.20
4870,625.00,191.20
4871,625.00,193.20
4872,625.00,194.20
4873,625.00,194.20
4874,625.00,196.20
4875,625.00,196.20
4876,625.00,198.20
4877,625.00,199.20
4878,625.00,200.20
4879,625.00,201.20
4880,625.00,202.20
4881,625.00,203.20
4882,625.00,204.20
4883,625.00,205.20
4884,625.00,205.20
4885,625.00,206.20
4886,625.00,207.20
4887,626.00,208.20
4888,626.00,208.20
4889,626.00,209.20
4890,626.00,209.20
4891,626.00,210.20
4892,626.00,211.20
4893,626.00,211.20
4894,627.00,212.20
4895,627.00,212.20
4896,627.00,213.20
4897,627.00,213.20
4898,627.00,214.20
4899,627.00,214.20
4900,627.00,214.20
4901,627.00,214.20
4902,627.00,215.20
4903,627.00,215.20
4904,627.00,215.20
4905,627.00,216.20
4906,627.00,216.20
4907,627.00,217.20
4908,627.00,217.20
4909,627.00,218.20
4910,627.00,218.20
4911,627.00,219.20
4912,628.00,219.20
4913,628.00,219.20
4914,628.00,220.20
4915,628.00,220.20
4916,628.00,221.20
4917,628.00,221.20
4918,628.00,221.20
4919,628.00,222.20
4920,628.00,222.20
4921,628.00,223.20
4922,628.00,223.20
4923,628.00,224.20
4924,628.00,224.20
4925,629.00,225.20
4926,629.00,226.20
4927,629.00,226.20
4928,629.00,227.20
4929,629.00,227.20
4930,629.00,228.20
4931,629.00,229.20
4932,629.00,232.20
4933,629.00,234.20
4934,630.00,235.20
4935,630.00,237.20
4936,630.00,238.20
4937,630.00,239.20
4938,630.00,241.20
4939,630.00,242.20
4940,630.00,242.20
4941,631.00,244.20
4942,631.00,244.20
4943,631.00,245.20
4944,632.00,246.20
4945,632.00,247.20
4946,632.00,248.20
4947,632.00,248.20
4948,632.00,249.20
4949,632.00,249.20
4950,632.00,250.20
4951,633.00,250.20
4952,633.00,250.20
4953,633.00,251.20
4954,633.00,251.20
4955,633.00,252.20
4956,633.00,252.20
4957,633.00,253.20
4958,634.00,253.20
4959,634.00,254.20
4960,634.00,254.20
4961,634.00,254.20
4962,634.00,255.20
4963,634.00,255.20
4964,635.00,256.20
4965,635.00,256.20
4966,635.00,257.20
4967,635.00,257.20
4968,636.00,258.20
4969,636.00,259.20
4970,636.00,260.20
4971,636.00,261.20
4972,637.00,262.20
4973,637.00,262.20
4974,637.00,264.20
4975,637.00,264.20
4976,637.00,265.20
4977,638.00,266.20
4978,638.00,267.20
4979,638.00,268.20
4980,638.00,269.20
4981,638.00,270.20
4982,639.00,270.20
4983,639.00,270.20
4984,639.00,271.20
4985,639.00,271.20
4986,639.00,271.20
4987,639.00,272.20
4988,640.00,272.20
4989,640.00,272.20
4990,640.00,272.20
4991,640.00,272.20
4992,640.00,273.20
4993,640.00,273.20
4994,641.00,273.20

matched_data
index,target_x,target_y,user_x,user_y,offset_px
0,60.00,336.46,60.00,336.20,0.08
1,61.50,331.70,60.00,332.20,1.28
2,63.00,326.48,62.00,328.20,0.49
3,64.50,320.91,62.00,323.20,1.82
4,66.00,315.10,64.00,320.20,0.66
5,67.50,309.16,65.00,314.20,1.19
6,69.00,303.19,66.00,310.20,1.20
7,70.50,297.29,67.00,307.20,0.96
8,72.00,291.54,68.00,301.20,1.46
9,73.50,286.02,71.00,295.20,0.04
10,75.00,280.79,72.00,290.20,0.35
11,76.50,275.91,75.00,281.20,0.11
12,78.00,271.41,75.00,279.20,0.47
13,79.50,267.32,77.00,273.20,0.38
14,81.00,263.66,79.00,265.20,1.27
15,82.50,260.42,80.00,262.20,1.52
16,84.00,257.59,82.00,258.20,1.48
17,85.50,255.15,84.00,253.20,2.35
18,87.00,253.04,87.00,249.20,2.48
19,88.50,251.22,92.00,243.20,3.40
20,90.00,249.64,96.00,240.20,2.61
21,91.50,248.21,99.00,237.20,1.91
22,93.00,246.86,103.00,233.20,0.21
23,94.50,245.52,104.00,224.20,2.49
24,96.00,244.09,107.00,215.20,2.06
25,97.50,242.49,108.00,211.20,2.04
26,99.00,240.63,111.00,200.20,1.43
27,100.50,238.42,112.00,197.20,1.01
28,102.00,235.79,114.00,190.20,0.31
29,103.50,232.64,116.00,186.20,0.99
30,105.00,228.93,118.00,179.20,1.83
31,106.50,224.58,118.00,176.20,1.36
32,108.00,219.54,118.00,171.20,0.61
33,109.50,213.79,119.00,162.20,0.29
34,111.00,207.29,120.00,157.20,0.59
35,112.50,200.02,122.00,150.20,1.62
36,114.00,192.01,123.00,145.20,1.94
37,115.50,183.26,124.00,141.20,2.41
38,117.00,173.80,123.00,132.20,0.27
39,118.50,163.68,123.00,126.20,0.48
40,120.00,152.97,123.00,121.20,1.10
41,121.50,141.74,124.00,115.20,0.85
42,123.00,130.09,126.00,108.20,0.28
43,124.50,118.10,127.00,103.20,0.67
44,126.00,105.89,128.00,99.20,1.17
45,127.50,93.59,128.00,95.20,0.69
46,129.00,81.32,128.00,87.20,0.28
47,130.50,69.22,129.00,82.20,0.11
48,132.00,57.42,131.00,73.20,0.99
49,133.50,46.06,131.00,68.20,0.37
50,135.00,42.00,132.00,60.20,0.35
51,136.50,42.00,133.00,55.20,0.70
52,138.00,42.00,133.00,52.20,0.31
53,139.50,42.00,134.00,47.20,0.64
54,141.00,42.00,135.00,45.20,1.11
55,142.50,42.00,135.00,42.20,0.07
56,144.00,42.00,139.00,42.20,0.20
57,145.50,42.00,144.00,41.20,0.80
58,147.00,42.00,149.00,40.20,1.80
59,148.50,42.00,154.00,40.20,1.80
60,150.00,42.00,156.00,41.20,0.80
61,151.50,42.00,158.00,42.20,0.20
62,153.00,42.00,159.00,45.20,2.35
63,154.50,42.00,160.00,49.20,2.23
64,156.00,42.00,161.00,52.20,1.58
65,157.50,42.00,163.00,56.20,0.04
66,159.00,42.00,164.00,61.20,0.40
67,160.50,42.00,166.00,66.20,1.86
68,162.00,47.02,166.00,71.20,1.34
69,163.50,60.30,166.00,73.20,1.13
70,165.00,74.47,166.00,77.20,0.72
71,166.50,89.39,166.00,81.20,0.32
72,168.00,104.91,166.00,84.20,0.02
73,169.50,120.89,166.00,86.20,0.18
74,171.00,137.17,166.00,90.20,0.58
75,172.50,153.58,166.00,94.20,0.96
76,174.00,169.97,167.00,104.20,0.93
77,175.50,186.19,168.00,108.20,0.31
78,177.00,202.09,169.00,114.20,0.13
79,178.50,217.52,169.00,118.20,0.25
80,180.00,232.35,169.00,124.20,0.80
81,181.50,246.45,169.00,131.20,1.44
82,183.00,259.72,170.00,140.20,1.27
83,184.50,272.05,172.00,151.20,0.28
84,186.00,283.37,172.00,155.20,0.65
85,187.50,293.60,173.00,161.20,0.20
86,189.00,302.70,173.00,167.20,0.74
87,190.50,310.62,174.00,174.20,0.39
88,192.00,317.35,174.00,177.20,0.67
89,193.50,322.89,174.00,181.20,1.03
90,195.00,327.24,175.00,185.20,0.41
91,196.50,330.45,176.00,191.20,0.03
92,198.00,332.55,177.00,199.20,0.27
93,199.50,333.60,177.00,203.20,0.11
94,201.00,333.68,177.00,211.20,0.88
95,202.50,332.85,178.00,217.20,0.47
96,204.00,331.22,178.00,223.20,1.07
97,205.50,328.88,179.00,231.20,0.88
98,207.00,325.93,181.00,244.20,0.26
99,208.50,322.47,181.00,250.20,0.92
100,210.00,318.62,181.00,253.20,1.25
101,211.50,314.48,182.00,259.20,0.94
102,213.00,310.15,182.00,263.20,1.41
103,214.50,305.73,183.00,270.20,1.27
104,216.00,301.33,185.00,277.20,0.18
105,217.50,297.02,186.00,285.20,0.27
106,219.00,292.88,187.00,291.20,0.15
107,220.50,288.98,187.00,295.20,0.75
108,222.00,285.37,188.00,305.20,1.45
109,223.50,282.10,190.00,309.20,0.23
110,225.00,279.19,191.00,315.20,0.51
111,226.50,276.66,192.00,320.20,0.75
112,228.00,274.52,194.00,324.20,0.04
113,229.50,272.75,196.00,329.20,0.08
114,231.00,271.33,200.00,331.20,2.25
115,232.50,270.23,202.00,333.20,0.06
116,234.00,269.38,204.00,332.20,0.66
117,235.50,268.75,207.00,327.20,0.58
118,237.00,268.25,208.00,323.20,0.17
119,238.50,267.81,212.00,313.20,0.05
120,240.00,267.35,214.00,307.20,0.00
121,241.50,266.78,215.00,299.20,1.64
122,243.00,266.01,220.00,293.20,1.05
123,244.50,264.96,224.00,285.20,1.75
124,246.00,263.52,225.00,281.20,0.92
125,247.50,261.62,227.00,275.20,0.43
126,249.00,259.18,230.00,272.20,0.06
127,250.50,256.10,235.00,270.20,1.14
128,252.00,252.34,239.00,267.20,0.44
129,253.50,247.83,242.00,266.20,0.29
130,255.00,242.52,245.00,263.20,0.93
131,256.50,236.39,248.00,259.20,0.84
132,258.00,229.40,249.00,254.20,2.10
133,259.50,221.57,252.00,246.20,1.89
134,261.00,212.88,254.00,241.20,1.29
135,262.50,203.38,257.00,236.20,0.45
136,264.00,193.09,258.00,226.20,0.60
137,265.50,182.08,260.00,220.20,0.26
138,267.00,170.41,262.00,217.20,1.72
139,268.50,158.17,262.00,211.20,0.73
140,270.00,145.45,264.00,200.20,1.03
141,271.50,132.35,265.00,195.20,1.29
142,273.00,119.01,265.00,191.20,0.74
143,274.50,105.55,266.00,184.20,0.78
144,276.00,92.09,267.00,178.20,0.99
145,277.50,78.79,267.00,171.20,0.10
146,279.00,65.78,267.00,162.20,1.00
147,280.50,53.21,267.00,159.20,1.36
148,282.00,42.00,269.00,155.20,0.15
149,283.50,42.00,270.00,152.20,0.79
150,285.00,42.00,270.00,147.20,0.21
151,286.50,42.00,270.00,140.20,0.60
152,288.00,42.00,271.00,136.20,0.06
153,289.50,42.00,272.00,130.20,0.26
154,291.00,42.00,272.00,125.20,0.30
155,292.50,42.00,273.00,120.20,0.13
156,294.00,42.00,273.00,117.20,0.20
157,295.50,42.00,273.00,113.20,0.64
158,297.00,42.00,273.00,107.20,1.31
159,298.50,42.00,275.00,100.20,0.10
160,300.00,42.00,275.00,93.20,0.87
161,301.50,42.00,276.00,89.20,0.32
162,303.00,42.00,279.00,80.20,1.65
163,304.50,42.00,279.00,77.20,1.31
164,306.00,42.00,279.00,72.20,0.74
165,307.50,42.00,280.00,68.20,1.27
166,309.00,42.00,280.00,59.20,0.21
167,310.50,46.82,281.00,55.20,0.73
168,312.00,60.21,281.00,51.20,0.23
169,313.50,74.37,282.00,47.20,0.69
170,315.00,89.18,282.00,43.20,0.16
171,316.50,104.47,285.00,42.20,0.20
172,318.00,120.09,289.00,42.20,0.20
173,319.50,135.88,293.00,41.20,0.80
174,321.00,151.69,296.00,41.20,0.80
175,322.50,167.38,300.00,41.20,0.80
176,324.00,182.79,303.00,40.20,1.80
177,325.50,197.78,305.00,40.20,1.80
178,327.00,212.23,307.00,41.20,0.80
179,328.50,226.01,309.00,45.20,0.95
180,330.00,239.02,310.00,48.20,0.65
181,331.50,251.17,311.00,53.20,0.21
182,333.00,262.37,312.00,59.20,0.11
183,334.50,272.57,313.00,66.20,0.36
184,336.00,281.70,313.00,73.20,0.37
185,337.50,289.76,313.00,83.20,1.39
186,339.00,296.70,313.00,89.20,1.99
187,340.50,302.55,315.00,99.20,0.98
188,342.00,307.31,317.00,105.20,0.43
189,343.50,311.02,317.00,111.20,0.15
190,345.00,313.71,318.00,119.20,0.08
191,346.50,315.46,319.00,126.20,0.42
192,348.00,316.32,319.00,130.20,0.04
193,349.50,316.38,319.00,134.20,0.34
194,351.00,315.72,320.00,138.20,0.28
195,352.50,314.45,320.00,144.20,0.29
196,354.00,312.65,320.00,147.20,0.57
197,355.50,310.43,321.00,157.20,0.52
198,357.00,307.89,322.00,163.20,0.10
199,358.50,305.13,323.00,170.20,0.22
200,360.00,302.25,324.00,176.20,0.64
201,361.50,299.34,324.00,183.20,0.04
202,363.00,296.49,326.00,194.20,0.85
203,364.50,293.77,326.00,202.20,0.04
204,366.00,291.25,327.00,213.20,0.11
205,367.50,288.99,328.00,218.20,0.35
206,369.00,287.03,328.00,222.20,0.08
207,370.50,285.41,329.00,232.20,0.21
208,372.00,284.14,330.00,238.20,0.09
209,373.50,283.24,331.00,243.20,0.48
210,375.00,282.69,332.00,248.20,0.86
211,376.50,282.47,332.00,254.20,0.09
212,378.00,282.55,331.00,259.20,1.56
213,379.50,282.88,331.00,269.20,2.97
214,381.00,283.41,333.00,273.20,1.58
215,382.50,284.07,335.00,277.20,0.26
216,384.00,284.78,337.00,284.20,0.53
217,385.50,285.46,338.00,288.20,0.78
218,387.00,286.02,340.00,293.20,1.72
219,388.50,286.37,340.00,297.20,0.85
220,390.00,286.41,342.00,305.20,0.63
221,391.50,286.06,345.00,310.20,1.70
222,393.00,285.21,348.00,314.20,1.84
223,394.50,283.79,350.00,314.20,1.80
224,396.00,281.70,353.00,314.20,0.22
225,397.50,278.87,355.00,311.20,0.02
226,399.00,275.24,357.00,304.20,1.76
227,400.50,270.75,360.00,300.20,0.94
228,402.00,265.35,365.00,293.20,0.14
229,403.50,259.03,369.00,288.20,0.71
230,405.00,251.75,374.00,285.20,1.94
231,406.50,243.52,380.00,284.20,1.08
232,408.00,234.36,385.00,284.20,0.94
233,409.50,224.29,390.00,285.20,1.18
234,411.00,213.36,393.00,286.20,0.86
235,412.50,201.63,397.00,283.20,1.69
236,414.00,189.18,399.00,279.20,1.51
237,415.50,176.09,400.00,275.20,0.94
238,417.00,162.47,400.00,272.20,0.01
239,418.50,148.44,403.00,265.20,0.94
240,420.00,134.12,404.00,260.20,0.76
241,421.50,119.64,406.00,254.20,1.47
242,423.00,105.14,408.00,249.20,2.49
243,424.50,90.78,409.00,246.20,2.94
244,426.00,76.69,410.00,240.20,2.92
245,427.50,63.02,410.00,237.20,2.43
246,429.00,49.93,410.00,230.20,1.37
247,430.50,42.00,409.00,222.20,0.78
248,432.00,42.00,409.00,217.20,1.46
249,433.50,42.00,410.00,212.20,1.14
250,435.00,42.00,414.00,197.20,0.96
251,436.50,42.00,414.00,194.20,0.60
252,438.00,42.00,417.00,179.20,1.84
253,439.50,42.00,418.00,173.20,2.17
254,441.00,42.00,418.00,160.20,0.75
255,442.50,42.00,418.00,153.20,0.01
256,444.00,42.00,418.00,143.20,1.04
257,445.50,42.00,418.00,136.20,1.77
258,447.00,42.00,420.00,129.20,0.51
259,448.50,42.00,422.00,125.20,1.07
260,450.00,42.00,423.00,113.20,0.83
261,451.50,42.00,424.00,106.20,1.10
262,453.00,42.00,424.00,99.20,0.38
263,454.50,42.00,424.00,94.20,0.14
264,456.00,42.00,425.00,85.20,0.09
265,457.50,42.00,426.00,74.20,0.27
266,459.00,48.13,426.00,70.20,0.71
267,460.50,61.40,428.00,62.20,0.40
268,462.00,75.32,429.00,56.20,0.71
269,463.50,89.75,430.00,51.20,1.14
270,465.00,104.54,430.00,47.20,0.48
271,466.50,119.53,431.00,43.20,0.71
272,468.00,134.58,433.00,41.20,0.80
273,469.50,149.54,436.00,42.20,0.20
274,471.00,164.26,440.00,42.20,0.20
275,472.50,178.63,446.00,42.20,0.20
276,474.00,192.50,450.00,42.20,0.20
277,475.50,205.76,452.00,42.20,0.20
278,477.00,218.32,455.00,42.20,0.20
279,478.50,230.08,457.00,45.20,1.25
280,480.00,240.98,459.00,48.20,0.01
281,481.50,250.94,460.00,53.20,0.42
282,483.00,259.94,461.00,60.20,0.63
283,484.50,267.94,461.00,67.20,0.12
284,486.00,274.93,461.00,72.20,0.66
285,487.50,280.91,462.00,78.20,0.30
286,489.00,285.90,463.00,84.20,0.08
287,490.50,289.95,463.00,88.20,0.34
288,492.00,293.09,463.00,94.20,0.95
289,493.50,295.38,464.00,100.20,0.56
290,495.00,296.89,465.00,109.20,0.46
291,496.50,297.71,465.00,115.20,1.06
292,498.00,297.91,466.00,119.20,0.46
293,499.50,297.59,467.00,123.20,0.13
294,501.00,296.85,468.00,132.20,0.24
295,502.50,295.77,469.00,138.20,0.63
296,504.00,294.47,469.00,147.20,0.26
297,505.50,293.02,470.00,155.20,0.08
298,507.00,291.53,470.00,160.20,0.58
299,508.50,290.07,471.00,165.20,0.10
300,510.00,288.73,471.00,171.20,0.72
301,511.50,287.57,471.00,176.20,1.24
302,513.00,286.66,472.00,182.20,0.88
303,514.50,286.03,473.00,187.20,0.42
304,516.00,285.73,473.00,193.20,1.07
305,517.50,285.77,474.00,197.20,0.53
306,519.00,286.17,475.00,201.20,0.02
307,520.50,286.92,477.00,210.20,0.96
308,522.00,288.01,479.00,219.20,1.87
309,523.50,289.39,479.00,226.20,0.99
310,525.00,291.03,479.00,233.20,0.07
311,526.50,292.88,480.00,242.20,0.18
312,528.00,294.86,481.00,249.20,0.23
313,529.50,296.91,483.00,259.20,0.12
314,531.00,298.93,484.00,264.20,0.20
315,532.50,300.84,485.00,269.20,0.22
316,534.00,302.54,487.00,278.20,0.17
317,535.50,303.93,491.00,287.20,1.42
318,537.00,304.92,493.00,293.20,0.78
319,538.50,305.41,496.00,295.20,1.90
320,540.00,305.30,499.00,296.20,1.47
321,541.50,304.51,503.00,295.20,0.10
322,543.00,302.94,509.00,292.20,1.88
323,544.50,300.53,513.00,289.20,2.17
324,546.00,297.20,516.00,288.20,2.42
325,547.50,292.91,519.00,289.20,2.71
326,549.00,287.61,523.00,291.20,1.59
327,550.50,281.27,529.00,296.20,0.01
328,552.00,273.89,532.00,299.20,0.62
329,553.50,265.46,536.00,301.20,2.34
330,555.00,256.01,539.00,303.20,2.17
331,556.50,245.56,542.00,299.20,2.82
332,558.00,234.18,544.00,295.20,2.55
333,559.50,221.92,547.00,284.20,2.73
334,561.00,208.88,551.00,272.20,1.28
335,562.50,195.14,554.00,261.20,0.17
336,564.00,180.81,556.00,251.20,0.31
337,565.50,166.01,556.00,248.20,0.12
338,567.00,150.88,556.00,238.20,1.46
339,568.50,135.55,557.00,233.20,1.11
340,570.00,120.17,559.00,224.20,0.22
341,571.50,104.89,560.00,218.20,0.07
342,573.00,89.87,562.00,209.20,1.03
343,574.50,75.24,563.00,200.20,1.05
344,576.00,61.17,563.00,188.20,0.22
345,577.50,47.81,563.00,182.20,0.85
346,579.00,42.00,564.00,173.20,0.77
347,580.50,42.00,565.00,169.20,0.18
348,582.00,42.00,566.00,165.20,0.42
349,583.50,42.00,567.00,152.20,0.13
350,585.00,42.00,568.00,145.20,0.44
351,586.50,42.00,568.00,137.20,0.34
352,588.00,42.00,568.00,128.20,1.21
353,589.50,42.00,568.00,124.20,1.60
354,591.00,42.00,570.00,113.20,0.68
355,592.50,42.00,571.00,106.20,0.37
356,594.00,42.00,572.00,98.20,0.17
357,595.50,42.00,573.00,89.20,0.07
358,597.00,42.00,574.00,79.20,0.09
359,598.50,42.00,575.00,68.20,0.25
360,600.00,42.00,576.00,61.20,0.00
361,601.50,42.00,577.00,54.20,0.22
362,603.00,42.00,577.00,49.20,0.34
363,604.50,42.00,578.00,45.20,0.17
364,606.00,42.00,580.00,42.20,0.20
365,607.50,50.76,582.00,41.20,0.80
366,609.00,63.65,586.00,41.20,0.80
367,610.50,77.07,594.00,40.20,1.80
368,612.00,90.87,601.00,39.20,2.80
369,613.50,104.90,602.00,40.20,1.80
370,615.00,119.01,604.00,43.20,1.20
371,616.50,133.06,605.00,46.20,1.69
372,618.00,146.93,606.00,50.20,1.38
373,619.50,160.47,610.00,59.20,1.51
374,621.00,173.57,611.00,67.20,1.59
375,622.50,186.13,611.00,71.20,1.15
376,624.00,198.04,612.00,77.20,1.48
377,625.50,209.23,612.00,87.20,0.40
378,627.00,219.62,614.00,97.20,1.32
379,628.50,229.17,614.00,105.20,0.47
380,630.00,237.83,614.00,111.20,0.17
381,631.50,245.59,615.00,121.20,0.23
382,633.00,252.43,617.00,126.20,1.23
383,634.50,258.37,618.00,131.20,1.69
384,636.00,263.42,619.00,141.20,1.61
385,637.50,267.64,620.00,151.20,1.52
386,639.00,271.05,620.00,157.20,0.86
387,640.50,273.73,620.00,165.20,0.04
388,642.00,275.75,622.00,175.20,0.80
389,643.50,277.17,623.00,180.20,1.20
390,645.00,278.10,625.00,190.20,1.97
391,646.50,278.61,625.00,204.20,0.17
392,648.00,278.79,627.00,212.20,1.06
393,649.50,278.75,627.00,217.20,0.35
394,651.00,278.58,628.00,222.20,0.59
395,652.50,278.35,629.00,232.20,0.02
396,654.00,278.16,632.00,246.20,0.36
397,655.50,278.08,633.00,253.20,0.19
398,657.00,278.19,636.00,259.20,1.20
399,658.50,278.54,639.00,270.20,0.34
400,660.00,279.18,641.00,273.20,0.70
